"","acceptedScientificName","acceptedTaxonKey","adm1","adm2","associatedReferences","basisOfRecord","catalogNumber","class","classKey","cloc","collectionCode","collectionKey","continent","coordinateUncertaintyInMeters","country","crawlId","datasetID","datasetKey","datasetName","dateIdentified","day","depth","depthAccuracy","dynamicProperties","endDayOfYear","eventDate","eventID","eventRemarks","eventTime","family","familyKey","fieldNumber","footprintSRS","footprintWKT","fullCountry","gbifID","gbifRegion","genericName","genus","genusKey","geodeticDatum","georeferenceRemarks","georeferenceSources","georeferenceVerificationStatus","habitat","higherClassification","higherGeography","hostingOrganizationKey","http://unknown.org/captive_cultivated","http://unknown.org/georeferenceRemarks","http://unknown.org/language","http://unknown.org/license","http://unknown.org/nick","http://unknown.org/rightsHolder","identificationID","identificationQualifier","identificationRemarks","identificationVerificationStatus","identifiedBy","identifier","individualCount","installationKey","institutionCode","institutionID","institutionKey","isInCluster","islandGroup","ISO2","isSequenced","iucnRedListCategory","key","kingdom","kingdomKey","language","lastCrawled","lastInterpreted","lastParsed","lat","license","lifeStage","locality","locationID","locationRemarks","lon","modified","month","municipality","nameAccordingTo","occurrenceID","occurrenceRemarks","occurrenceStatus","order","orderKey","organismQuantity","organismQuantityType","organismRemarks","originalNameUsage","otherCatalogNumbers","ownerInstitutionCode","parentEventID","phylum","phylumKey","preparations","previousIdentifications","projectId","protocol","publishedByGbifRegion","publishingCountry","publishingOrgKey","recordedBy","recordNumber","references","rightsHolder","samplingProtocol","scientificName","scientificNameID","sex","species","speciesKey","specificEpithet","startDayOfYear","taxonConceptID","taxonID","taxonKey","taxonomicStatus","taxonRank","type","typeStatus","verbatimDepth","verbatimEventDate","verbatimIdentification","verbatimLocality","vernacularName","vitality","waterBody","year","downloadDate"
"1","Chthamalus montagui Southward, 1976",2115617,"England",NA,NA,"HUMAN_OBSERVATION","261720485","Maxillopoda",203,"United Kingdom, EUROPE","Observations",NA,"EUROPE",7,"United Kingdom",548,NA,"50c9509d-22c7-4a22-a47d-8c48425ef4a7","iNaturalist research-grade observations","2025-02-15T13:01:33",15,NA,NA,NA,46,"2025-02-15T13:00:54Z",NA,NA,"13:00:54+00:00","Chthamalidae",5104,NA,NA,NA,"United Kingdom of Great Britain and Northern Ireland","5070074400","EUROPE","Chthamalus","Chthamalus",2115612,"WGS84",NA,NA,NA,NA,NA,NA,"28eb1a3f-1c15-4a95-931a-4af90ecb574d","wild",NA,NA,NA,"aliceyypoo",NA,"592590268",NA,NA,NA,"aliceyypoo","261720485",NA,"997448a8-f762-11e1-a439-00145eb45e9a","iNaturalist",NA,NA,FALSE,NA,"GB",FALSE,"NE",5070074400,"Animalia",1,NA,"2025-06-06T14:41:08.836+00:00","2025-06-07T00:12:40.510+00:00","2025-06-07T00:12:40.510+00:00",50.14787,"http://creativecommons.org/licenses/by-nc/4.0/legalcode",NA,NA,NA,NA,-5.056665,"2025-04-15T19:07:06.000+00:00",2,NA,NA,"https://www.inaturalist.org/observations/261720485",NA,"PRESENT","Sessilia",1426,NA,NA,NA,NA,NA,NA,NA,"Arthropoda",54,NA,NA,NA,"DWC_ARCHIVE","NORTH_AMERICA","US","28eb1a3f-1c15-4a95-931a-4af90ecb574d","aliceyypoo",NA,"https://www.inaturalist.org/observations/261720485","aliceyypoo",NA,"Chthamalus montagui Southward, 1976",NA,NA,"Chthamalus montagui",2115617,"montagui",46,NA,"197140",2115617,"ACCEPTED","SPECIES",NA,NA,NA,"2025-02-15 13:00:54",NA,"Falmouth TR11 4NZ, UK",NA,NA,NA,2025,2025-06-17
"2","Chthamalus montagui Southward, 1976",2115617,"England",NA,NA,"HUMAN_OBSERVATION","261757468","Maxillopoda",203,"United Kingdom, EUROPE","Observations",NA,"EUROPE",NA,"United Kingdom",548,NA,"50c9509d-22c7-4a22-a47d-8c48425ef4a7","iNaturalist research-grade observations","2025-02-15T19:44:53",15,NA,NA,NA,46,"2025-02-15T14:44:40Z",NA,NA,"14:44:40+00:00","Chthamalidae",5104,NA,NA,NA,"United Kingdom of Great Britain and Northern Ireland","5069930507","EUROPE","Chthamalus","Chthamalus",2115612,"WGS84",NA,NA,NA,NA,NA,NA,"28eb1a3f-1c15-4a95-931a-4af90ecb574d","wild",NA,NA,NA,"bellaallan",NA,"592690904",NA,NA,NA,"Bella","261757468",NA,"997448a8-f762-11e1-a439-00145eb45e9a","iNaturalist",NA,NA,FALSE,NA,"GB",FALSE,"NE",5069930507,"Animalia",1,NA,"2025-06-06T14:41:08.836+00:00","2025-06-07T00:56:37.699+00:00","2025-06-07T00:56:37.699+00:00",50.356961,"http://creativecommons.org/licenses/by-nc/4.0/legalcode",NA,NA,NA,NA,-4.126014,"2025-04-15T21:06:57.000+00:00",2,NA,NA,"https://www.inaturalist.org/observations/261757468",NA,"PRESENT","Sessilia",1426,NA,NA,NA,NA,NA,NA,NA,"Arthropoda",54,NA,NA,NA,"DWC_ARCHIVE","NORTH_AMERICA","US","28eb1a3f-1c15-4a95-931a-4af90ecb574d","Bella",NA,"https://www.inaturalist.org/observations/261757468","Bella",NA,"Chthamalus montagui Southward, 1976",NA,NA,"Chthamalus montagui",2115617,"montagui",46,NA,"197140",2115617,"ACCEPTED","SPECIES",NA,NA,NA,"2025-02-15 14:44:40",NA,"Mount Batten Water Sports Centre, Mount Batten, Plymouth PL9 9XH, UK",NA,NA,NA,2025,2025-06-17
"3","Chthamalus montagui Southward, 1976",2115617,"England",NA,NA,"HUMAN_OBSERVATION","265036324","Maxillopoda",203,"United Kingdom, EUROPE","Observations",NA,"EUROPE",504,"United Kingdom",548,NA,"50c9509d-22c7-4a22-a47d-8c48425ef4a7","iNaturalist research-grade observations","2025-03-12T12:31:00",12,NA,NA,NA,71,"2025-03-12T11:13:41Z",NA,NA,"11:13:41+00:00","Chthamalidae",5104,NA,NA,NA,"United Kingdom of Great Britain and Northern Ireland","5087957920","EUROPE","Chthamalus","Chthamalus",2115612,"WGS84",NA,NA,NA,NA,NA,NA,"28eb1a3f-1c15-4a95-931a-4af90ecb574d","wild",NA,NA,NA,"mark_a5",NA,"600730002",NA,NA,NA,"Zak Russell","265036324",NA,"997448a8-f762-11e1-a439-00145eb45e9a","iNaturalist",NA,NA,FALSE,NA,"GB",FALSE,"NE",5087957920,"Animalia",1,NA,"2025-06-06T14:41:08.836+00:00","2025-06-07T01:52:01.692+00:00","2025-06-07T01:52:01.692+00:00",50.357487,"http://creativecommons.org/licenses/by-nc/4.0/legalcode",NA,NA,NA,NA,-4.125193,"2025-03-17T17:20:48.000+00:00",3,NA,NA,"https://www.inaturalist.org/observations/265036324",NA,"PRESENT","Sessilia",1426,NA,NA,NA,NA,NA,NA,NA,"Arthropoda",54,NA,NA,NA,"DWC_ARCHIVE","NORTH_AMERICA","US","28eb1a3f-1c15-4a95-931a-4af90ecb574d","mark_a5",NA,"https://www.inaturalist.org/observations/265036324","mark_a5",NA,"Chthamalus montagui Southward, 1976",NA,NA,"Chthamalus montagui",2115617,"montagui",71,NA,"197140",2115617,"ACCEPTED","SPECIES",NA,NA,NA,"2025-03-12 11:13:41",NA,"Mount Batten, Plymouth PL9, UK",NA,NA,NA,2025,2025-06-17
"4","Chthamalus montagui Southward, 1976",2115617,"England",NA,NA,"HUMAN_OBSERVATION","265390504","Maxillopoda",203,"United Kingdom, EUROPE","Observations",NA,"EUROPE",3,"United Kingdom",548,NA,"50c9509d-22c7-4a22-a47d-8c48425ef4a7","iNaturalist research-grade observations","2025-03-15T11:57:38",15,NA,NA,NA,74,"2025-03-15T11:57:07Z",NA,NA,"11:57:07+00:00","Chthamalidae",5104,NA,NA,NA,"United Kingdom of Great Britain and Northern Ireland","5087987075","EUROPE","Chthamalus","Chthamalus",2115612,"WGS84",NA,NA,NA,NA,NA,NA,"28eb1a3f-1c15-4a95-931a-4af90ecb574d","wild",NA,NA,NA,"chapmanbeth",NA,"601625200",NA,NA,NA,"chapmanbeth","265390504",NA,"997448a8-f762-11e1-a439-00145eb45e9a","iNaturalist",NA,NA,FALSE,NA,"GB",FALSE,"NE",5087987075,"Animalia",1,NA,"2025-06-06T14:41:08.836+00:00","2025-06-07T00:02:38.945+00:00","2025-06-07T00:02:38.945+00:00",50.14746,"http://creativecommons.org/licenses/by-nc/4.0/legalcode",NA,NA,NA,NA,-5.057869,"2025-04-12T15:28:19.000+00:00",3,NA,NA,"https://www.inaturalist.org/observations/265390504",NA,"PRESENT","Sessilia",1426,NA,NA,NA,NA,NA,NA,NA,"Arthropoda",54,NA,NA,NA,"DWC_ARCHIVE","NORTH_AMERICA","US","28eb1a3f-1c15-4a95-931a-4af90ecb574d","chapmanbeth",NA,"https://www.inaturalist.org/observations/265390504","chapmanbeth",NA,"Chthamalus montagui Southward, 1976",NA,NA,"Chthamalus montagui",2115617,"montagui",74,NA,"197140",2115617,"ACCEPTED","SPECIES",NA,NA,NA,"2025-03-15 11:57:07Z",NA,"Cliff Road, Falmouth, England, GB",NA,NA,NA,2025,2025-06-17
"5","Chthamalus montagui Southward, 1976",2115617,"England",NA,NA,"HUMAN_OBSERVATION","265393325","Maxillopoda",203,"United Kingdom, EUROPE","Observations",NA,"EUROPE",32,"United Kingdom",548,NA,"50c9509d-22c7-4a22-a47d-8c48425ef4a7","iNaturalist research-grade observations","2025-03-15T21:33:56",15,NA,NA,NA,74,"2025-03-15T12:26:11Z",NA,NA,"12:26:11+00:00","Chthamalidae",5104,NA,NA,NA,"United Kingdom of Great Britain and Northern Ireland","5088068981","EUROPE","Chthamalus","Chthamalus",2115612,"WGS84",NA,NA,NA,NA,NA,NA,"28eb1a3f-1c15-4a95-931a-4af90ecb574d","wild",NA,NA,NA,"kw24",NA,"601779148",NA,NA,NA,"Ben Holt","265393325",NA,"997448a8-f762-11e1-a439-00145eb45e9a","iNaturalist",NA,NA,FALSE,NA,"GB",FALSE,"NE",5088068981,"Animalia",1,NA,"2025-06-06T14:41:08.836+00:00","2025-06-07T01:33:36.249+00:00","2025-06-07T01:33:36.249+00:00",50.148239,"http://creativecommons.org/licenses/by-nc/4.0/legalcode",NA,NA,NA,NA,-5.056822,"2025-03-15T22:17:06.000+00:00",3,NA,NA,"https://www.inaturalist.org/observations/265393325",NA,"PRESENT","Sessilia",1426,NA,NA,NA,NA,NA,NA,NA,"Arthropoda",54,NA,NA,NA,"DWC_ARCHIVE","EUROPE","GB","28eb1a3f-1c15-4a95-931a-4af90ecb574d","KW",NA,"https://www.inaturalist.org/observations/265393325","KW",NA,"Chthamalus montagui Southward, 1976",NA,NA,"Chthamalus montagui",2115617,"montagui",74,NA,"197140",2115617,"ACCEPTED","SPECIES",NA,NA,NA,"2025-03-15 12:26:11Z",NA,"Cliff Road, Falmouth, England, GB",NA,NA,NA,2025,2025-06-17
"6","Chthamalus montagui Southward, 1976",2115617,"England",NA,NA,"HUMAN_OBSERVATION","265427905","Maxillopoda",203,"United Kingdom, EUROPE","Observations",NA,"EUROPE",NA,"United Kingdom",548,NA,"50c9509d-22c7-4a22-a47d-8c48425ef4a7","iNaturalist research-grade observations","2025-03-18T16:01:38",15,NA,NA,NA,74,"2025-03-15T13:26:35Z",NA,NA,"13:26:35+00:00","Chthamalidae",5104,NA,NA,NA,"United Kingdom of Great Britain and Northern Ireland","5088013257","EUROPE","Chthamalus","Chthamalus",2115612,"WGS84",NA,NA,NA,NA,NA,NA,"28eb1a3f-1c15-4a95-931a-4af90ecb574d","wild",NA,NA,NA,"oftd",NA,"602724130",NA,NA,NA,"Zak Russell","265427905",NA,"997448a8-f762-11e1-a439-00145eb45e9a","iNaturalist",NA,NA,FALSE,NA,"GB",FALSE,"NE",5088013257,"Animalia",1,NA,"2025-06-06T14:41:08.836+00:00","2025-06-07T02:04:57.182+00:00","2025-06-07T02:04:57.182+00:00",50.356458,"http://creativecommons.org/publicdomain/zero/1.0/legalcode",NA,NA,NA,NA,-4.127133,"2025-03-19T12:56:32.000+00:00",3,NA,NA,"https://www.inaturalist.org/observations/265427905",NA,"PRESENT","Sessilia",1426,NA,NA,NA,NA,NA,NA,NA,"Arthropoda",54,NA,NA,NA,"DWC_ARCHIVE","EUROPE","GB","28eb1a3f-1c15-4a95-931a-4af90ecb574d","Gavin Jones",NA,"https://www.inaturalist.org/observations/265427905","Gavin Jones",NA,"Chthamalus montagui Southward, 1976",NA,NA,"Chthamalus montagui",2115617,"montagui",74,NA,"197140",2115617,"ACCEPTED","SPECIES",NA,NA,NA,"2025-03-15 13:26:35",NA,"Mount Batten Water Sports Centre, Mount Batten, Plymouth PL9 9XH, UK",NA,NA,NA,2025,2025-06-17
"7","Chthamalus montagui Southward, 1976",2115617,"England",NA,NA,"HUMAN_OBSERVATION","265447178","Maxillopoda",203,"United Kingdom, EUROPE","Observations",NA,"EUROPE",5,"United Kingdom",548,NA,"50c9509d-22c7-4a22-a47d-8c48425ef4a7","iNaturalist research-grade observations","2025-03-15T23:38:33",15,NA,NA,NA,74,"2025-03-15T13:30:03Z",NA,NA,"13:30:03+00:00","Chthamalidae",5104,NA,NA,NA,"United Kingdom of Great Britain and Northern Ireland","5088054319","EUROPE","Chthamalus","Chthamalus",2115612,"WGS84",NA,NA,NA,NA,NA,NA,"28eb1a3f-1c15-4a95-931a-4af90ecb574d","wild",NA,NA,NA,"pixnaturalist",NA,"601811242",NA,NA,NA,"Zak Russell","265447178",NA,"997448a8-f762-11e1-a439-00145eb45e9a","iNaturalist",NA,NA,FALSE,NA,"GB",FALSE,"NE",5088054319,"Animalia",1,NA,"2025-06-06T14:41:08.836+00:00","2025-06-07T03:10:53.153+00:00","2025-06-07T03:10:53.153+00:00",50.35645,"http://creativecommons.org/licenses/by-nc/4.0/legalcode",NA,NA,NA,NA,-4.126405,"2025-03-17T17:59:12.000+00:00",3,NA,NA,"https://www.inaturalist.org/observations/265447178",NA,"PRESENT","Sessilia",1426,NA,NA,NA,NA,NA,NA,NA,"Arthropoda",54,NA,NA,NA,"DWC_ARCHIVE","NORTH_AMERICA","US","28eb1a3f-1c15-4a95-931a-4af90ecb574d","pixnaturalist",NA,"https://www.inaturalist.org/observations/265447178","pixnaturalist",NA,"Chthamalus montagui Southward, 1976",NA,NA,"Chthamalus montagui",2115617,"montagui",74,NA,"197140",2115617,"ACCEPTED","SPECIES",NA,NA,NA,"2025-03-15 13:30:03Z",NA,"Batten Bay, Plymouth, England, GB",NA,NA,NA,2025,2025-06-17
"8","Chthamalus montagui Southward, 1976",2115617,"England",NA,NA,"HUMAN_OBSERVATION","269947657","Maxillopoda",203,"United Kingdom, EUROPE","Observations",NA,"EUROPE",8,"United Kingdom",548,NA,"50c9509d-22c7-4a22-a47d-8c48425ef4a7","iNaturalist research-grade observations","2025-04-12T12:06:37",12,NA,NA,NA,102,"2025-04-12T13:06:14",NA,NA,"13:06:14+01:00","Chthamalidae",5104,NA,NA,NA,"United Kingdom of Great Britain and Northern Ireland","5133279560","EUROPE","Chthamalus","Chthamalus",2115612,"WGS84",NA,NA,NA,NA,NA,NA,"28eb1a3f-1c15-4a95-931a-4af90ecb574d","wild",NA,NA,NA,"adrian45461",NA,"611860466",NA,NA,NA,"Adrian Seymour","269947657",NA,"997448a8-f762-11e1-a439-00145eb45e9a","iNaturalist",NA,NA,FALSE,NA,"GB",FALSE,"NE",5133279560,"Animalia",1,NA,"2025-06-06T14:41:08.836+00:00","2025-06-07T02:18:23.518+00:00","2025-06-07T02:18:23.518+00:00",50.146737,"http://creativecommons.org/licenses/by-nc/4.0/legalcode",NA,NA,NA,NA,-5.05866,"2025-04-12T18:59:25.000+00:00",4,NA,NA,"https://www.inaturalist.org/observations/269947657",NA,"PRESENT","Sessilia",1426,NA,NA,NA,NA,NA,NA,NA,"Arthropoda",54,NA,NA,NA,"DWC_ARCHIVE","NORTH_AMERICA","US","28eb1a3f-1c15-4a95-931a-4af90ecb574d","Adrian Seymour",NA,"https://www.inaturalist.org/observations/269947657","Adrian Seymour",NA,"Chthamalus montagui Southward, 1976",NA,NA,"Chthamalus montagui",2115617,"montagui",102,NA,"197140",2115617,"ACCEPTED","SPECIES",NA,NA,NA,"2025-04-12 13:06:14",NA,"Falmouth, UK",NA,NA,NA,2025,2025-06-17
"9","Chthamalus montagui Southward, 1976",2115617,"England",NA,NA,"HUMAN_OBSERVATION","269948473","Maxillopoda",203,"United Kingdom, EUROPE","Observations",NA,"EUROPE",NA,"United Kingdom",548,NA,"50c9509d-22c7-4a22-a47d-8c48425ef4a7","iNaturalist research-grade observations","2025-04-15T21:44:02",12,NA,NA,NA,102,"2025-04-12T12:01:28",NA,NA,"12:01:28+01:00","Chthamalidae",5104,NA,NA,NA,"United Kingdom of Great Britain and Northern Ireland","5133260523","EUROPE","Chthamalus","Chthamalus",2115612,"WGS84",NA,NA,NA,NA,NA,NA,"28eb1a3f-1c15-4a95-931a-4af90ecb574d","wild",NA,NA,NA,"sarhumphreys",NA,"613414385",NA,NA,NA,"Zak Russell","269948473",NA,"997448a8-f762-11e1-a439-00145eb45e9a","iNaturalist",NA,NA,FALSE,NA,"GB",FALSE,"NE",5133260523,"Animalia",1,NA,"2025-06-06T14:41:08.836+00:00","2025-06-07T02:56:56.133+00:00","2025-06-07T02:56:56.133+00:00",50.363701,"http://creativecommons.org/licenses/by-nc/4.0/legalcode",NA,NA,NA,NA,-4.164098,"2025-04-17T19:07:24.000+00:00",4,NA,NA,"https://www.inaturalist.org/observations/269948473",NA,"PRESENT","Sessilia",1426,NA,NA,NA,NA,NA,NA,NA,"Arthropoda",54,NA,NA,NA,"DWC_ARCHIVE","EUROPE","GB","28eb1a3f-1c15-4a95-931a-4af90ecb574d","Sophie",NA,"https://www.inaturalist.org/observations/269948473","Sophie",NA,"Chthamalus montagui Southward, 1976",NA,NA,"Chthamalus montagui",2115617,"montagui",102,NA,"197140",2115617,"ACCEPTED","SPECIES",NA,NA,NA,"2025-04-12 12:01:28",NA,"United Kingdom",NA,NA,NA,2025,2025-06-17
"10","Chthamalus montagui Southward, 1976",2115617,"England",NA,NA,"HUMAN_OBSERVATION","281751238","Maxillopoda",203,"United Kingdom, EUROPE","Observations",NA,"EUROPE",16,"United Kingdom",548,NA,"50c9509d-22c7-4a22-a47d-8c48425ef4a7","iNaturalist research-grade observations","2025-05-17T13:30:41",17,NA,NA,NA,137,"2025-05-17T14:30:09",NA,NA,"14:30:09+01:00","Chthamalidae",5104,NA,NA,NA,"United Kingdom of Great Britain and Northern Ireland","5168008982","EUROPE","Chthamalus","Chthamalus",2115612,"WGS84",NA,NA,NA,NA,NA,NA,"28eb1a3f-1c15-4a95-931a-4af90ecb574d","wild",NA,NA,NA,"adrian45461",NA,"633441609",NA,NA,NA,"Adrian Seymour","281751238",NA,"997448a8-f762-11e1-a439-00145eb45e9a","iNaturalist",NA,NA,FALSE,NA,"GB",FALSE,"NE",5168008982,"Animalia",1,NA,"2025-06-06T14:41:08.836+00:00","2025-06-07T01:41:29.024+00:00","2025-06-07T01:41:29.024+00:00",50.147372,"http://creativecommons.org/licenses/by-nc/4.0/legalcode",NA,NA,NA,NA,-5.057806,"2025-05-17T17:44:11.000+00:00",5,NA,NA,"https://www.inaturalist.org/observations/281751238",NA,"PRESENT","Sessilia",1426,NA,NA,NA,NA,NA,NA,NA,"Arthropoda",54,NA,NA,NA,"DWC_ARCHIVE","NORTH_AMERICA","US","28eb1a3f-1c15-4a95-931a-4af90ecb574d","Adrian Seymour",NA,"https://www.inaturalist.org/observations/281751238","Adrian Seymour",NA,"Chthamalus montagui Southward, 1976",NA,NA,"Chthamalus montagui",2115617,"montagui",137,NA,"197140",2115617,"ACCEPTED","SPECIES",NA,NA,NA,"2025-05-17 14:30:09",NA,"Falmouth TR11 4NZ, UK",NA,NA,NA,2025,2025-06-17
"11","Chthamalus montagui Southward, 1976",2115617,"England",NA,NA,"HUMAN_OBSERVATION","281758318","Maxillopoda",203,"United Kingdom, EUROPE","Observations",NA,"EUROPE",4,"United Kingdom",548,NA,"50c9509d-22c7-4a22-a47d-8c48425ef4a7","iNaturalist research-grade observations","2025-05-17T17:28:29",17,NA,NA,NA,137,"2025-05-17T14:57:43",NA,NA,"14:57:43+01:00","Chthamalidae",5104,NA,NA,NA,"United Kingdom of Great Britain and Northern Ireland","5167389633","EUROPE","Chthamalus","Chthamalus",2115612,"WGS84",NA,NA,NA,NA,NA,NA,"28eb1a3f-1c15-4a95-931a-4af90ecb574d","wild",NA,NA,NA,"dellk",NA,"633554819",NA,NA,NA,"Ben Holt","281758318",NA,"997448a8-f762-11e1-a439-00145eb45e9a","iNaturalist",NA,NA,FALSE,NA,"GB",FALSE,"NE",5167389633,"Animalia",1,NA,"2025-06-06T14:41:08.836+00:00","2025-06-07T02:09:29.172+00:00","2025-06-07T02:09:29.172+00:00",50.147375,"http://creativecommons.org/licenses/by-nc/4.0/legalcode",NA,NA,NA,NA,-5.057528,"2025-05-17T18:09:58.000+00:00",5,NA,NA,"https://www.inaturalist.org/observations/281758318",NA,"PRESENT","Sessilia",1426,NA,NA,NA,NA,NA,NA,NA,"Arthropoda",54,NA,NA,NA,"DWC_ARCHIVE","NORTH_AMERICA","US","28eb1a3f-1c15-4a95-931a-4af90ecb574d","dellk",NA,"https://www.inaturalist.org/observations/281758318","dellk",NA,"Chthamalus montagui Southward, 1976",NA,NA,"Chthamalus montagui",2115617,"montagui",137,NA,"197140",2115617,"ACCEPTED","SPECIES",NA,NA,NA,"2025-05-17 14:57:43",NA,"Falmouth TR11 4NZ, UK",NA,NA,NA,2025,2025-06-17
"12","Chthamalus montagui Southward, 1976",2115617,"England",NA,NA,"HUMAN_OBSERVATION","281887366","Maxillopoda",203,"United Kingdom, EUROPE","Observations",NA,"EUROPE",8,"United Kingdom",548,NA,"50c9509d-22c7-4a22-a47d-8c48425ef4a7","iNaturalist research-grade observations",NA,17,NA,NA,NA,137,"2025-05-17T14:50:40",NA,NA,"14:50:40+01:00","Chthamalidae",5104,NA,NA,NA,"United Kingdom of Great Britain and Northern Ireland","5167099523","EUROPE","Chthamalus","Chthamalus",2115612,"WGS84",NA,NA,NA,NA,NA,NA,"28eb1a3f-1c15-4a95-931a-4af90ecb574d","wild",NA,NA,NA,"felixk22",NA,NA,NA,NA,NA,NA,"281887366",NA,"997448a8-f762-11e1-a439-00145eb45e9a","iNaturalist",NA,NA,FALSE,NA,"GB",FALSE,"NE",5167099523,"Animalia",1,NA,"2025-06-06T14:41:08.836+00:00","2025-06-07T00:45:21.287+00:00","2025-06-07T00:45:21.287+00:00",50.356562,"http://creativecommons.org/licenses/by-nc/4.0/legalcode",NA,NA,NA,NA,-4.126146,"2025-05-18T22:09:32.000+00:00",5,NA,NA,"https://www.inaturalist.org/observations/281887366",NA,"PRESENT","Sessilia",1426,NA,NA,NA,NA,NA,NA,NA,"Arthropoda",54,NA,NA,NA,"DWC_ARCHIVE","NORTH_AMERICA","US","28eb1a3f-1c15-4a95-931a-4af90ecb574d","felixk22",NA,"https://www.inaturalist.org/observations/281887366","felixk22",NA,"Chthamalus montagui Southward, 1976",NA,NA,"Chthamalus montagui",2115617,"montagui",137,NA,"197140",2115617,"ACCEPTED","SPECIES",NA,NA,NA,"2025-05-17 14:50:40",NA,"Mount Batten Water Sports Centre, Mount Batten, Plymouth PL9 9XH, UK",NA,NA,NA,2025,2025-06-17
"13","Chthamalus montagui Southward, 1976",2115617,"England",NA,NA,"HUMAN_OBSERVATION","196507825","Maxillopoda",203,"United Kingdom, EUROPE","Observations",NA,"EUROPE",67,"United Kingdom",548,NA,"50c9509d-22c7-4a22-a47d-8c48425ef4a7","iNaturalist research-grade observations","2024-01-13T13:56:27",13,NA,NA,NA,13,"2024-01-13T12:52:13Z",NA,NA,"12:52:13+00:00","Chthamalidae",5104,NA,NA,NA,"United Kingdom of Great Britain and Northern Ireland","4512303527","EUROPE","Chthamalus","Chthamalus",2115612,"WGS84",NA,NA,NA,NA,NA,NA,"28eb1a3f-1c15-4a95-931a-4af90ecb574d","wild",NA,NA,NA,"vicky_rpp",NA,"442802555",NA,NA,NA,"Victoria Barlow","196507825",NA,"997448a8-f762-11e1-a439-00145eb45e9a","iNaturalist",NA,NA,FALSE,NA,"GB",FALSE,"NE",4512303527,"Animalia",1,NA,"2025-06-06T14:41:08.836+00:00","2025-06-07T01:43:48.902+00:00","2025-06-07T01:43:48.902+00:00",50.147739,"http://creativecommons.org/licenses/by-nc/4.0/legalcode",NA,NA,NA,NA,-5.057057,"2024-01-14T21:10:19.000+00:00",1,NA,NA,"https://www.inaturalist.org/observations/196507825",NA,"PRESENT","Sessilia",1426,NA,NA,NA,NA,NA,NA,NA,"Arthropoda",54,NA,NA,NA,"DWC_ARCHIVE","NORTH_AMERICA","US","28eb1a3f-1c15-4a95-931a-4af90ecb574d","Victoria Barlow",NA,"https://www.inaturalist.org/observations/196507825","Victoria Barlow",NA,"Chthamalus montagui Southward, 1976",NA,NA,"Chthamalus montagui",2115617,"montagui",13,NA,"197140",2115617,"ACCEPTED","SPECIES",NA,NA,NA,"2024-01-13 12:52:13Z",NA,"Cliff Road, Falmouth, England, GB",NA,NA,NA,2024,2025-06-17
"14","Chthamalus montagui Southward, 1976",2115617,NA,NA,NA,"HUMAN_OBSERVATION","100761119785767606","Maxillopoda",203,"kilmore quay, Ireland, EUROPE","ExploreYourShore",NA,"EUROPE",100,"Ireland",263,"ExploreYourShore","17057301-35d8-4e33-b24f-13da5fe2d265",NA,NA,11,NA,NA,"County=Wexford;Type of sighting=Alive",42,"2024-02-11",NA,NA,NA,"Chthamalidae",5104,NA,NA,NA,"Ireland","4601904472","EUROPE","Chthamalus","Chthamalus",2115612,"WGS84",NA,NA,"verified by contributor",NA,NA,NA,"d2b97690-bfd6-11de-b279-d52977ace833",NA,"Data has been captured using a grid reference system. Provided location represents cell’s centre point and uncertainty represents cell’s size",NA,NA,NA,NA,NA,NA,NA,NA,NA,"115202496",NA,"99672740-f762-11e1-a439-00145eb45e9a","NBDC",NA,NA,FALSE,NA,"IE",FALSE,"NE",4601904472,"Animalia",1,NA,"2025-06-04T15:56:28.195+00:00","2025-06-04T15:56:57.169+00:00","2025-06-04T15:56:57.169+00:00",52.17398,"http://creativecommons.org/licenses/by/4.0/legalcode",NA,"kilmore quay",NA,NA,-6.586506,"2025-02-25T09:09:31.000+00:00",2,NA,NA,"ie.nbdc.dataset.ExploreYourShore.100761119785767606",NA,"PRESENT","Sessilia",1426,NA,NA,NA,NA,NA,NA,NA,"Arthropoda",54,NA,NA,NA,"DWC_ARCHIVE","EUROPE","IE","d2b97690-bfd6-11de-b279-d52977ace833","Seashore Explore - Therese Maddock",NA,NA,NA,NA,"Chthamalus montagui Southward, 1976",NA,NA,"Chthamalus montagui",2115617,"montagui",42,NA,NA,2115617,"ACCEPTED","SPECIES","Occurrence",NA,NA,NA,NA,NA,"Montagu's Stellate Barnacle",NA,NA,2024,2025-06-17
"15","Chthamalus montagui Southward, 1976",2115617,"England",NA,NA,"HUMAN_OBSERVATION","198802211","Maxillopoda",203,"United Kingdom, EUROPE","Observations",NA,"EUROPE",4,"United Kingdom",548,NA,"50c9509d-22c7-4a22-a47d-8c48425ef4a7","iNaturalist research-grade observations","2024-02-09T12:11:45",9,NA,NA,NA,40,"2024-02-09T12:11:26Z",NA,NA,"12:11:26+00:00","Chthamalidae",5104,NA,NA,NA,"United Kingdom of Great Britain and Northern Ireland","4522662607","EUROPE","Chthamalus","Chthamalus",2115612,"WGS84",NA,NA,NA,NA,NA,NA,"28eb1a3f-1c15-4a95-931a-4af90ecb574d","wild",NA,NA,NA,"beastmaster7000",NA,"449979576",NA,NA,NA,"beastmaster7000","198802211",NA,"997448a8-f762-11e1-a439-00145eb45e9a","iNaturalist",NA,NA,FALSE,NA,"GB",FALSE,"NE",4522662607,"Animalia",1,NA,"2025-06-06T14:41:08.836+00:00","2025-06-07T02:02:02.232+00:00","2025-06-07T02:02:02.232+00:00",50.141947,"http://creativecommons.org/licenses/by-nc/4.0/legalcode",NA,NA,NA,NA,-5.068923,"2024-02-12T11:51:11.000+00:00",2,NA,NA,"https://www.inaturalist.org/observations/198802211",NA,"PRESENT","Sessilia",1426,NA,NA,NA,NA,NA,NA,NA,"Arthropoda",54,NA,NA,NA,"DWC_ARCHIVE","EUROPE","GB","28eb1a3f-1c15-4a95-931a-4af90ecb574d","beastmaster7000",NA,"https://www.inaturalist.org/observations/198802211","beastmaster7000",NA,"Chthamalus montagui Southward, 1976",NA,NA,"Chthamalus montagui",2115617,"montagui",40,NA,"197140",2115617,"ACCEPTED","SPECIES",NA,NA,NA,"2024-02-09 12:11:26Z",NA,"Falmouth Bay, Falmouth, England, GB",NA,NA,NA,2024,2025-06-17
"16","Chthamalus montagui Southward, 1976",2115617,NA,NA,NA,"HUMAN_OBSERVATION","100956379266680282","Maxillopoda",203,"kilmore quay, Ireland, EUROPE","ExploreYourShore",NA,"EUROPE",100,"Ireland",263,"ExploreYourShore","17057301-35d8-4e33-b24f-13da5fe2d265",NA,NA,21,NA,NA,"County=Wexford;Type of sighting=Alive",112,"2024-04-21",NA,NA,NA,"Chthamalidae",5104,NA,NA,NA,"Ireland","4921050477","EUROPE","Chthamalus","Chthamalus",2115612,"WGS84",NA,NA,"verified by contributor",NA,NA,NA,"d2b97690-bfd6-11de-b279-d52977ace833",NA,"Data has been captured using a grid reference system. Provided location represents cell’s centre point and uncertainty represents cell’s size",NA,NA,NA,NA,NA,NA,NA,NA,NA,"115203816",NA,"99672740-f762-11e1-a439-00145eb45e9a","NBDC",NA,NA,FALSE,NA,"IE",FALSE,"NE",4921050477,"Animalia",1,NA,"2025-06-04T15:56:28.195+00:00","2025-06-04T15:56:52.015+00:00","2025-06-04T15:56:52.015+00:00",52.173082,"http://creativecommons.org/licenses/by/4.0/legalcode",NA,"kilmore quay",NA,NA,-6.586534,"2025-02-25T09:09:31.000+00:00",4,NA,NA,"ie.nbdc.dataset.ExploreYourShore.100956379266680282",NA,"PRESENT","Sessilia",1426,NA,NA,NA,NA,NA,NA,NA,"Arthropoda",54,NA,NA,NA,"DWC_ARCHIVE","EUROPE","IE","d2b97690-bfd6-11de-b279-d52977ace833","Seashore Explore  - Therese Maddock",NA,NA,NA,NA,"Chthamalus montagui Southward, 1976",NA,NA,"Chthamalus montagui",2115617,"montagui",112,NA,NA,2115617,"ACCEPTED","SPECIES","Occurrence",NA,NA,NA,NA,NA,"Montagu's Stellate Barnacle",NA,NA,2024,2025-06-17
"17","Chthamalus montagui Southward, 1976",2115617,NA,NA,NA,"HUMAN_OBSERVATION","101117785798612240","Maxillopoda",203,"Skerries Lifeboat Station, Ireland, EUROPE","ExploreYourShore",NA,"EUROPE",100,"Ireland",263,"ExploreYourShore","17057301-35d8-4e33-b24f-13da5fe2d265",NA,NA,12,NA,NA,"County=Dublin;Abundance=1;Type of sighting=Alive",256,"2024-09-12",NA,NA,NA,"Chthamalidae",5104,NA,NA,NA,"Ireland","4986881752","EUROPE","Chthamalus","Chthamalus",2115612,"WGS84",NA,NA,"verified by contributor",NA,NA,NA,"d2b97690-bfd6-11de-b279-d52977ace833",NA,"Data has been captured using a grid reference system. Provided location represents cell’s centre point and uncertainty represents cell’s size",NA,NA,NA,NA,NA,NA,NA,NA,NA,"115207763",NA,"99672740-f762-11e1-a439-00145eb45e9a","NBDC",NA,NA,FALSE,NA,"IE",FALSE,"NE",4986881752,"Animalia",1,NA,"2025-06-04T15:56:28.195+00:00","2025-06-04T15:56:50.351+00:00","2025-06-04T15:56:50.351+00:00",53.586432,"http://creativecommons.org/licenses/by/4.0/legalcode",NA,"Skerries Lifeboat Station",NA,NA,-6.106582,"2025-02-25T09:09:31.000+00:00",9,NA,NA,"ie.nbdc.dataset.ExploreYourShore.101117785798612240",NA,"PRESENT","Sessilia",1426,NA,NA,NA,NA,NA,NA,NA,"Arthropoda",54,NA,NA,NA,"DWC_ARCHIVE","EUROPE","IE","d2b97690-bfd6-11de-b279-d52977ace833","Dave Wall",NA,NA,NA,NA,"Chthamalus montagui Southward, 1976",NA,NA,"Chthamalus montagui",2115617,"montagui",256,NA,NA,2115617,"ACCEPTED","SPECIES","Occurrence",NA,NA,NA,NA,NA,"Montagu's Stellate Barnacle",NA,NA,2024,2025-06-17
"18","Chthamalus montagui Southward, 1976",2115617,NA,NA,NA,"HUMAN_OBSERVATION","101117785798612385","Maxillopoda",203,"Kilgalligan, Ireland, EUROPE","ExploreYourShore",NA,"EUROPE",100,"Ireland",263,"ExploreYourShore","17057301-35d8-4e33-b24f-13da5fe2d265",NA,NA,20,NA,NA,"County=Mayo;Abundance=500;Type of sighting=Alive",264,"2024-09-20",NA,NA,NA,"Chthamalidae",5104,NA,NA,NA,"Ireland","4986882112","EUROPE","Chthamalus","Chthamalus",2115612,"WGS84",NA,NA,"verified by contributor",NA,NA,NA,"d2b97690-bfd6-11de-b279-d52977ace833",NA,"Data has been captured using a grid reference system. Provided location represents cell’s centre point and uncertainty represents cell’s size",NA,NA,NA,NA,NA,NA,NA,NA,NA,"115207908",NA,"99672740-f762-11e1-a439-00145eb45e9a","NBDC",NA,NA,FALSE,NA,"IE",FALSE,"NE",4986882112,"Animalia",1,NA,"2025-06-04T15:56:28.195+00:00","2025-06-04T15:56:49.969+00:00","2025-06-04T15:56:49.969+00:00",54.30363,"http://creativecommons.org/licenses/by/4.0/legalcode",NA,"Kilgalligan",NA,NA,-9.846656,"2025-02-25T09:09:31.000+00:00",9,NA,NA,"ie.nbdc.dataset.ExploreYourShore.101117785798612385",NA,"PRESENT","Sessilia",1426,NA,NA,NA,NA,NA,NA,NA,"Arthropoda",54,NA,NA,NA,"DWC_ARCHIVE","EUROPE","IE","d2b97690-bfd6-11de-b279-d52977ace833","Geraldine Nee",NA,NA,NA,NA,"Chthamalus montagui Southward, 1976",NA,NA,"Chthamalus montagui",2115617,"montagui",264,NA,NA,2115617,"ACCEPTED","SPECIES","Occurrence",NA,NA,NA,NA,NA,"Montagu's Stellate Barnacle",NA,NA,2024,2025-06-17
"19","Chthamalus montagui Southward, 1976",2115617,"England",NA,NA,"HUMAN_OBSERVATION","243075880","Maxillopoda",203,"United Kingdom, EUROPE","Observations",NA,"EUROPE",6,"United Kingdom",548,NA,"50c9509d-22c7-4a22-a47d-8c48425ef4a7","iNaturalist research-grade observations","2024-09-21T13:18:42",21,NA,NA,NA,265,"2024-09-21T14:17:46",NA,NA,"14:17:46+01:00","Chthamalidae",5104,NA,NA,NA,"United Kingdom of Great Britain and Northern Ireland","4949859526","EUROPE","Chthamalus","Chthamalus",2115612,"WGS84",NA,NA,NA,NA,NA,NA,"28eb1a3f-1c15-4a95-931a-4af90ecb574d","wild",NA,NA,NA,"squirrelx",NA,"543180610",NA,NA,NA,"squirrelx","243075880",NA,"997448a8-f762-11e1-a439-00145eb45e9a","iNaturalist",NA,NA,FALSE,NA,"GB",FALSE,"NE",4949859526,"Animalia",1,NA,"2025-06-06T14:41:08.836+00:00","2025-06-07T02:13:27.423+00:00","2025-06-07T02:13:27.423+00:00",50.357477,"http://creativecommons.org/licenses/by-nc/4.0/legalcode",NA,NA,NA,NA,-4.12688,"2024-09-22T16:02:30.000+00:00",9,NA,NA,"https://www.inaturalist.org/observations/243075880",NA,"PRESENT","Sessilia",1426,NA,NA,NA,NA,NA,NA,NA,"Arthropoda",54,NA,NA,NA,"DWC_ARCHIVE","NORTH_AMERICA","US","28eb1a3f-1c15-4a95-931a-4af90ecb574d","squirrelx",NA,"https://www.inaturalist.org/observations/243075880","squirrelx",NA,"Chthamalus montagui Southward, 1976",NA,NA,"Chthamalus montagui",2115617,"montagui",265,NA,"197140",2115617,"ACCEPTED","SPECIES",NA,NA,NA,"2024-09-21 14:17:46",NA,"Mount Batten Water Sports Centre, Mount Batten, Plymouth PL9 9XH, UK",NA,NA,NA,2024,2025-06-17
"20","Chthamalus montagui Southward, 1976",2115617,"England",NA,NA,"HUMAN_OBSERVATION","248046463","Maxillopoda",203,"United Kingdom, EUROPE","Observations",NA,"EUROPE",6,"United Kingdom",548,NA,"50c9509d-22c7-4a22-a47d-8c48425ef4a7","iNaturalist research-grade observations","2024-10-19T11:10:04",19,NA,NA,NA,293,"2024-10-19T12:09:42",NA,NA,"12:09:42+01:00","Chthamalidae",5104,NA,NA,NA,"United Kingdom of Great Britain and Northern Ireland","4973846452","EUROPE","Chthamalus","Chthamalus",2115612,"WGS84",NA,NA,NA,NA,NA,NA,"28eb1a3f-1c15-4a95-931a-4af90ecb574d","wild",NA,NA,NA,"laurad05",NA,"554151533",NA,NA,NA,"laurad05","248046463",NA,"997448a8-f762-11e1-a439-00145eb45e9a","iNaturalist",NA,NA,FALSE,NA,"GB",FALSE,"NE",4973846452,"Animalia",1,NA,"2025-06-06T14:41:08.836+00:00","2025-06-07T03:07:14.145+00:00","2025-06-07T03:07:14.145+00:00",50.145818,"http://creativecommons.org/licenses/by-nc/4.0/legalcode",NA,NA,NA,NA,-5.062194,"2025-04-06T08:38:48.000+00:00",10,NA,NA,"https://www.inaturalist.org/observations/248046463",NA,"PRESENT","Sessilia",1426,NA,NA,NA,NA,NA,NA,NA,"Arthropoda",54,NA,NA,NA,"DWC_ARCHIVE","EUROPE","GB","28eb1a3f-1c15-4a95-931a-4af90ecb574d","laurad05",NA,"https://www.inaturalist.org/observations/248046463","laurad05",NA,"Chthamalus montagui Southward, 1976",NA,NA,"Chthamalus montagui",2115617,"montagui",293,NA,"197140",2115617,"ACCEPTED","SPECIES",NA,NA,NA,"2024-10-19 12:09:42+01:00",NA,"Falmouth Bay, Falmouth, England, GB",NA,NA,NA,2024,2025-06-17
"21","Chthamalus montagui Southward, 1976",2115617,"England",NA,NA,"HUMAN_OBSERVATION","248051638","Maxillopoda",203,"United Kingdom, EUROPE","Observations",NA,"EUROPE",775,"United Kingdom",548,NA,"50c9509d-22c7-4a22-a47d-8c48425ef4a7","iNaturalist research-grade observations","2024-10-19T11:59:17",19,NA,NA,NA,293,"2024-10-19T12:57:15",NA,NA,"12:57:15+01:00","Chthamalidae",5104,NA,NA,NA,"United Kingdom of Great Britain and Northern Ireland","4974044626","EUROPE","Chthamalus","Chthamalus",2115612,"WGS84",NA,NA,NA,NA,NA,NA,"28eb1a3f-1c15-4a95-931a-4af90ecb574d","wild",NA,NA,NA,"polardanielm",NA,"554161378",NA,NA,NA,"Daniel Moore","248051638",NA,"997448a8-f762-11e1-a439-00145eb45e9a","iNaturalist",NA,NA,FALSE,NA,"GB",FALSE,"NE",4974044626,"Animalia",1,NA,"2025-06-06T14:41:08.836+00:00","2025-06-07T01:21:19.058+00:00","2025-06-07T01:21:19.058+00:00",50.149506,"http://creativecommons.org/licenses/by-nc/4.0/legalcode",NA,NA,NA,NA,-5.064019,"2025-04-06T08:44:38.000+00:00",10,NA,NA,"https://www.inaturalist.org/observations/248051638",NA,"PRESENT","Sessilia",1426,NA,NA,NA,NA,NA,NA,NA,"Arthropoda",54,NA,NA,NA,"DWC_ARCHIVE","EUROPE","GB","28eb1a3f-1c15-4a95-931a-4af90ecb574d","Daniel Moore",NA,"https://www.inaturalist.org/observations/248051638","Daniel Moore",NA,"Chthamalus montagui Southward, 1976",NA,NA,"Chthamalus montagui",2115617,"montagui",293,NA,"197140",2115617,"ACCEPTED","SPECIES",NA,NA,NA,"2024-10-19 12:57:15",NA,"The Dell Car Park, Falmouth TR11 3HP, UK",NA,NA,NA,2024,2025-06-17
"22","Chthamalus montagui Southward, 1976",2115617,"England",NA,NA,"HUMAN_OBSERVATION","251869369","Maxillopoda",203,"United Kingdom, EUROPE","Observations",NA,"EUROPE",12,"United Kingdom",548,NA,"50c9509d-22c7-4a22-a47d-8c48425ef4a7","iNaturalist research-grade observations","2024-11-16T11:02:19",16,NA,NA,NA,321,"2024-11-16T11:01:46Z",NA,NA,"11:01:46+00:00","Chthamalidae",5104,NA,NA,NA,"United Kingdom of Great Britain and Northern Ireland","4982319175","EUROPE","Chthamalus","Chthamalus",2115612,"WGS84",NA,NA,NA,NA,NA,NA,"28eb1a3f-1c15-4a95-931a-4af90ecb574d","wild",NA,NA,NA,"aliceyypoo",NA,"564666814",NA,NA,NA,"aliceyypoo","251869369",NA,"997448a8-f762-11e1-a439-00145eb45e9a","iNaturalist",NA,NA,FALSE,NA,"GB",FALSE,"NE",4982319175,"Animalia",1,NA,"2025-06-06T14:41:08.836+00:00","2025-06-07T00:36:02.049+00:00","2025-06-07T00:36:02.049+00:00",50.147955,"http://creativecommons.org/licenses/by-nc/4.0/legalcode",NA,NA,NA,NA,-5.055596,"2025-04-12T00:03:01.000+00:00",11,NA,NA,"https://www.inaturalist.org/observations/251869369",NA,"PRESENT","Sessilia",1426,NA,NA,NA,NA,NA,NA,NA,"Arthropoda",54,NA,NA,NA,"DWC_ARCHIVE","NORTH_AMERICA","US","28eb1a3f-1c15-4a95-931a-4af90ecb574d","aliceyypoo",NA,"https://www.inaturalist.org/observations/251869369","aliceyypoo",NA,"Chthamalus montagui Southward, 1976",NA,NA,"Chthamalus montagui",2115617,"montagui",321,NA,"197140",2115617,"ACCEPTED","SPECIES",NA,NA,NA,"2024-11-16 11:01:46",NA,"Castle Drive, Falmouth TR11 4NF, UK",NA,NA,NA,2024,2025-06-17
"23","Chthamalus montagui Southward, 1976",2115617,"England",NA,NA,"HUMAN_OBSERVATION","251872839","Maxillopoda",203,"United Kingdom, EUROPE","Observations",NA,"EUROPE",NA,"United Kingdom",548,NA,"50c9509d-22c7-4a22-a47d-8c48425ef4a7","iNaturalist research-grade observations","2024-11-16T11:47:21",16,NA,NA,NA,321,"2024-11-16T11:06:13Z",NA,NA,"11:06:13+00:00","Chthamalidae",5104,NA,NA,NA,"United Kingdom of Great Britain and Northern Ireland","4981939268","EUROPE","Chthamalus","Chthamalus",2115612,"WGS84",NA,NA,NA,NA,NA,NA,"28eb1a3f-1c15-4a95-931a-4af90ecb574d","wild",NA,NA,NA,"oftd",NA,"564675968",NA,NA,NA,"Gavin Jones","251872839",NA,"997448a8-f762-11e1-a439-00145eb45e9a","iNaturalist",NA,NA,FALSE,NA,"GB",FALSE,"NE",4981939268,"Animalia",1,NA,"2025-06-06T14:41:08.836+00:00","2025-06-07T02:58:05.672+00:00","2025-06-07T02:58:05.672+00:00",50.357331,"http://creativecommons.org/licenses/by-nc/4.0/legalcode",NA,NA,NA,NA,-4.126897,"2025-04-12T00:07:22.000+00:00",11,NA,NA,"https://www.inaturalist.org/observations/251872839",NA,"PRESENT","Sessilia",1426,NA,NA,NA,NA,NA,NA,NA,"Arthropoda",54,NA,NA,NA,"DWC_ARCHIVE","EUROPE","GB","28eb1a3f-1c15-4a95-931a-4af90ecb574d","Gavin Jones",NA,"https://www.inaturalist.org/observations/251872839","Gavin Jones",NA,"Chthamalus montagui Southward, 1976",NA,NA,"Chthamalus montagui",2115617,"montagui",321,NA,"197140",2115617,"ACCEPTED","SPECIES",NA,NA,NA,"2024-11-16 11:06:13",NA,"Mount Batten Water Sports Centre, Mount Batten, Plymouth PL9 9XH, UK",NA,NA,NA,2024,2025-06-17
"24","Chthamalus montagui Southward, 1976",2115617,"England",NA,NA,"HUMAN_OBSERVATION","255061015","Maxillopoda",203,"United Kingdom, EUROPE","Observations",NA,"EUROPE",4,"United Kingdom",548,NA,"50c9509d-22c7-4a22-a47d-8c48425ef4a7","iNaturalist research-grade observations","2024-12-14T10:04:51",14,NA,NA,NA,349,"2024-12-14T10:03:58Z",NA,NA,"10:03:58+00:00","Chthamalidae",5104,NA,NA,NA,"United Kingdom of Great Britain and Northern Ireland","5007052284","EUROPE","Chthamalus","Chthamalus",2115612,"WGS84",NA,NA,NA,NA,NA,NA,"28eb1a3f-1c15-4a95-931a-4af90ecb574d","wild",NA,NA,NA,"aliceyypoo",NA,"573830390",NA,NA,NA,"aliceyypoo","255061015",NA,"997448a8-f762-11e1-a439-00145eb45e9a","iNaturalist",NA,NA,FALSE,NA,"GB",FALSE,"NE",5007052284,"Animalia",1,NA,"2025-06-06T14:41:08.836+00:00","2025-06-07T00:43:44.699+00:00","2025-06-07T00:43:44.699+00:00",50.148039,"http://creativecommons.org/licenses/by-nc/4.0/legalcode",NA,NA,NA,NA,-5.056033,"2025-04-15T05:57:17.000+00:00",12,NA,NA,"https://www.inaturalist.org/observations/255061015",NA,"PRESENT","Sessilia",1426,NA,NA,NA,NA,NA,NA,NA,"Arthropoda",54,NA,NA,NA,"DWC_ARCHIVE","NORTH_AMERICA","US","28eb1a3f-1c15-4a95-931a-4af90ecb574d","aliceyypoo",NA,"https://www.inaturalist.org/observations/255061015","aliceyypoo",NA,"Chthamalus montagui Southward, 1976",NA,NA,"Chthamalus montagui",2115617,"montagui",349,NA,"197140",2115617,"ACCEPTED","SPECIES",NA,NA,NA,"2024-12-14 10:03:58",NA,"Castle Drive, Falmouth TR11 4NF, UK",NA,NA,NA,2024,2025-06-17
"25","Chthamalus montagui Southward, 1976",2115617,NA,NA,NA,"HUMAN_OBSERVATION","100356061654942881","Maxillopoda",203,"Pollock Holes, Ireland, EUROPE","ExploreYourShore",NA,"EUROPE",100,"Ireland",263,"ExploreYourShore","17057301-35d8-4e33-b24f-13da5fe2d265",NA,NA,28,NA,NA,"County=Clare;Abundance=20",28,"2023-01-28",NA,NA,NA,"Chthamalidae",5104,NA,NA,NA,"Ireland","4466049267","EUROPE","Chthamalus","Chthamalus",2115612,"WGS84",NA,NA,"verified by contributor",NA,NA,NA,"d2b97690-bfd6-11de-b279-d52977ace833",NA,"Data has been captured using a grid reference system. Provided location represents cell’s centre point and uncertainty represents cell’s size",NA,NA,NA,NA,NA,NA,NA,NA,NA,"115197804",NA,"99672740-f762-11e1-a439-00145eb45e9a","NBDC",NA,NA,FALSE,NA,"IE",FALSE,"NE",4466049267,"Animalia",1,NA,"2025-06-04T15:56:28.195+00:00","2025-06-04T15:56:50.287+00:00","2025-06-04T15:56:50.287+00:00",52.683886,"http://creativecommons.org/licenses/by/4.0/legalcode",NA,"Pollock Holes",NA,NA,-9.665022,"2025-02-25T09:09:31.000+00:00",1,NA,NA,"ie.nbdc.dataset.ExploreYourShore.100356061654942881",NA,"PRESENT","Sessilia",1426,NA,NA,NA,NA,NA,NA,NA,"Arthropoda",54,NA,NA,NA,"DWC_ARCHIVE","EUROPE","IE","d2b97690-bfd6-11de-b279-d52977ace833","Eabha Hughes",NA,NA,NA,NA,"Chthamalus montagui Southward, 1976",NA,NA,"Chthamalus montagui",2115617,"montagui",28,NA,NA,2115617,"ACCEPTED","SPECIES","Occurrence",NA,NA,NA,NA,NA,"Montagu's Stellate Barnacle",NA,NA,2023,2025-06-17
"26","Chthamalus montagui Southward, 1976",2115617,"England",NA,NA,"HUMAN_OBSERVATION",NA,"Maxillopoda",203,"Tunnel Beach North, United Kingdom, EUROPE","The Rockpool Project | Imported records",NA,"EUROPE",50,"United Kingdom",367,NA,"97d01261-0027-4e89-a0d2-4a7d700f5fdb",NA,NA,21,NA,NA,NA,21,"2023-01-21","24664105",NA,NA,"Chthamalidae",5104,NA,NA,NA,"United Kingdom of Great Britain and Northern Ireland","4595997310","EUROPE","Chthamalus","Chthamalus",2115612,"WGS84",NA,NA,NA,NA,NA,NA,"07f617d0-c688-11d8-bf62-b8a03c50a862",NA,NA,NA,"https://creativecommons.org/licenses/by/4.0/legalcode",NA,"Marine Biological Association, and Biological Records Centre",NA,NA,NA,"Accepted",NA,"670a6eba-dcec-4fb1-9972-d802a61e84a5",NA,"99552c70-f762-11e1-a439-00145eb45e9a",NA,NA,NA,FALSE,NA,"GB",FALSE,"NE",4595997310,"Animalia",1,NA,"2025-06-12T23:10:37.497+00:00","2025-06-12T23:11:22.462+00:00","2025-06-12T23:11:22.462+00:00",50.145796,"http://creativecommons.org/licenses/by/4.0/legalcode",NA,"Tunnel Beach North",NA,NA,-5.061596,NA,1,NA,NA,"34393922",NA,"PRESENT","Sessilia",1426,NA,NA,NA,NA,NA,NA,NA,"Arthropoda",54,NA,NA,NA,"DWC_ARCHIVE","EUROPE","GB","f6b48504-1651-4a49-a88d-c2bc6178694d","Holt, B. Ben|Simpson, L. Lynne|Bowyer, R. Rebecca|Ruben|Cabasse, L. Laure|Heffer, A. Amelia|Ullmann, C. Clemens|Tee, L. Louise|Cooper, B. Barry|Jiang, M. Mengjie",NA,NA,NA,NA,"Chthamalus montagui Southward, 1976",NA,NA,"Chthamalus montagui",2115617,"montagui",21,"NBNSYS0000174547","NBNSYS0000174547",2115617,"ACCEPTED","SPECIES",NA,NA,NA,NA,NA,NA,"Montagu's Stellate Barnacle",NA,NA,2023,2025-06-17
"27","Chthamalus montagui Southward, 1976",2115617,"England",NA,NA,"HUMAN_OBSERVATION",NA,"Maxillopoda",203,"Newtrain East, United Kingdom, EUROPE","The Rockpool Project | Imported records",NA,"EUROPE",50,"United Kingdom",367,NA,"97d01261-0027-4e89-a0d2-4a7d700f5fdb",NA,NA,2,NA,NA,NA,33,"2023-02-02","24664131",NA,NA,"Chthamalidae",5104,NA,NA,NA,"United Kingdom of Great Britain and Northern Ireland","4596000895","EUROPE","Chthamalus","Chthamalus",2115612,"WGS84",NA,NA,NA,NA,NA,NA,"07f617d0-c688-11d8-bf62-b8a03c50a862",NA,NA,NA,"https://creativecommons.org/licenses/by/4.0/legalcode",NA,"Marine Biological Association, and Biological Records Centre",NA,NA,NA,"Accepted",NA,"e2fb0516-9ced-49c7-b15f-8743aa555b9d",NA,"99552c70-f762-11e1-a439-00145eb45e9a",NA,NA,NA,FALSE,NA,"GB",FALSE,"NE",4596000895,"Animalia",1,NA,"2025-06-12T23:10:37.497+00:00","2025-06-12T23:11:21.751+00:00","2025-06-12T23:11:21.751+00:00",50.545,"http://creativecommons.org/licenses/by/4.0/legalcode",NA,"Newtrain East",NA,NA,-4.982151,NA,2,NA,NA,"34394037",NA,"PRESENT","Sessilia",1426,NA,NA,NA,NA,NA,NA,NA,"Arthropoda",54,NA,NA,NA,"DWC_ARCHIVE","EUROPE","GB","f6b48504-1651-4a49-a88d-c2bc6178694d","Holt, B. Ben",NA,NA,NA,NA,"Chthamalus montagui Southward, 1976",NA,NA,"Chthamalus montagui",2115617,"montagui",33,"NBNSYS0000174547","NBNSYS0000174547",2115617,"ACCEPTED","SPECIES",NA,NA,NA,NA,NA,NA,"Montagu's Stellate Barnacle",NA,NA,2023,2025-06-17
"28","Chthamalus montagui Southward, 1976",2115617,"England",NA,NA,"HUMAN_OBSERVATION",NA,"Maxillopoda",203,"Castle Beach North, United Kingdom, EUROPE","The Rockpool Project | Imported records",NA,"EUROPE",50,"United Kingdom",367,NA,"97d01261-0027-4e89-a0d2-4a7d700f5fdb",NA,NA,12,NA,NA,NA,43,"2023-02-12","24664135",NA,NA,"Chthamalidae",5104,NA,NA,NA,"United Kingdom of Great Britain and Northern Ireland","4595999061","EUROPE","Chthamalus","Chthamalus",2115612,"WGS84",NA,NA,NA,NA,NA,NA,"07f617d0-c688-11d8-bf62-b8a03c50a862",NA,NA,NA,"https://creativecommons.org/licenses/by/4.0/legalcode",NA,"Marine Biological Association, and Biological Records Centre",NA,NA,NA,"Accepted",NA,"e782dfc7-a798-487f-a946-49ce3980ef32",NA,"99552c70-f762-11e1-a439-00145eb45e9a",NA,NA,NA,FALSE,NA,"GB",FALSE,"NE",4595999061,"Animalia",1,NA,"2025-06-12T23:10:37.497+00:00","2025-06-12T23:11:16.611+00:00","2025-06-12T23:11:16.611+00:00",50.147914,"http://creativecommons.org/licenses/by/4.0/legalcode",NA,"Castle Beach North",NA,NA,-5.056024,NA,2,NA,NA,"34394138",NA,"PRESENT","Sessilia",1426,NA,NA,NA,NA,NA,NA,NA,"Arthropoda",54,NA,NA,NA,"DWC_ARCHIVE","EUROPE","GB","f6b48504-1651-4a49-a88d-c2bc6178694d","Patterson, C. Christophe",NA,NA,NA,NA,"Chthamalus montagui Southward, 1976",NA,NA,"Chthamalus montagui",2115617,"montagui",43,"NBNSYS0000174547","NBNSYS0000174547",2115617,"ACCEPTED","SPECIES",NA,NA,NA,NA,NA,NA,"Montagu's Stellate Barnacle",NA,NA,2023,2025-06-17
"30","Chthamalus montagui Southward, 1976",2115617,NA,NA,NA,"HUMAN_OBSERVATION","100356061654942041","Maxillopoda",203,"St. Helen's Bay, Ireland, EUROPE","ExploreYourShore",NA,"EUROPE",100,"Ireland",263,"ExploreYourShore","17057301-35d8-4e33-b24f-13da5fe2d265",NA,NA,5,NA,NA,"County=Wexford;Abundance=1",64,"2023-03-05",NA,NA,NA,"Chthamalidae",5104,NA,NA,NA,"Ireland","4466049710","EUROPE","Chthamalus","Chthamalus",2115612,"WGS84",NA,NA,"verified by contributor",NA,NA,NA,"d2b97690-bfd6-11de-b279-d52977ace833",NA,"Data has been captured using a grid reference system. Provided location represents cell’s centre point and uncertainty represents cell’s size",NA,NA,NA,NA,NA,NA,NA,NA,NA,"115196966",NA,"99672740-f762-11e1-a439-00145eb45e9a","NBDC",NA,NA,FALSE,NA,"IE",FALSE,"NE",4466049710,"Animalia",1,NA,"2025-06-04T15:56:28.195+00:00","2025-06-04T15:56:55.842+00:00","2025-06-04T15:56:55.842+00:00",52.225798,"http://creativecommons.org/licenses/by/4.0/legalcode",NA,"St. Helen's Bay",NA,NA,-6.325469,"2025-02-25T09:09:31.000+00:00",3,NA,NA,"ie.nbdc.dataset.ExploreYourShore.100356061654942041",NA,"PRESENT","Sessilia",1426,NA,NA,NA,NA,NA,NA,NA,"Arthropoda",54,NA,NA,NA,"DWC_ARCHIVE","EUROPE","IE","d2b97690-bfd6-11de-b279-d52977ace833","Dave Wall",NA,NA,NA,NA,"Chthamalus montagui Southward, 1976",NA,NA,"Chthamalus montagui",2115617,"montagui",64,NA,NA,2115617,"ACCEPTED","SPECIES","Occurrence",NA,NA,NA,NA,NA,"Montagu's Stellate Barnacle",NA,NA,2023,2025-06-17
"31","Chthamalus montagui Southward, 1976",2115617,NA,NA,NA,"HUMAN_OBSERVATION","100356061654942319","Maxillopoda",203,"Isle of Doagh, Ireland, EUROPE","ExploreYourShore",NA,"EUROPE",100,"Ireland",263,"ExploreYourShore","17057301-35d8-4e33-b24f-13da5fe2d265",NA,NA,23,NA,NA,"County=Donegal",82,"2023-03-23",NA,NA,NA,"Chthamalidae",5104,NA,NA,NA,"Ireland","4466056084","EUROPE","Chthamalus","Chthamalus",2115612,"WGS84",NA,NA,"verified by contributor",NA,NA,NA,"d2b97690-bfd6-11de-b279-d52977ace833",NA,"Data has been captured using a grid reference system. Provided location represents cell’s centre point and uncertainty represents cell’s size",NA,NA,NA,NA,NA,NA,NA,NA,NA,"115197243",NA,"99672740-f762-11e1-a439-00145eb45e9a","NBDC",NA,NA,FALSE,NA,"IE",FALSE,"NE",4466056084,"Animalia",1,NA,"2025-06-04T15:56:28.195+00:00","2025-06-04T15:56:48.344+00:00","2025-06-04T15:56:48.344+00:00",55.313508,"http://creativecommons.org/licenses/by/4.0/legalcode",NA,"Isle of Doagh",NA,NA,-7.336933,"2025-02-25T09:09:31.000+00:00",3,NA,NA,"ie.nbdc.dataset.ExploreYourShore.100356061654942319",NA,"PRESENT","Sessilia",1426,NA,NA,NA,NA,NA,NA,NA,"Arthropoda",54,NA,NA,NA,"DWC_ARCHIVE","EUROPE","IE","d2b97690-bfd6-11de-b279-d52977ace833","Carol Gilroy",NA,NA,NA,NA,"Chthamalus montagui Southward, 1976",NA,NA,"Chthamalus montagui",2115617,"montagui",82,NA,NA,2115617,"ACCEPTED","SPECIES","Occurrence",NA,NA,NA,NA,NA,"Montagu's Stellate Barnacle",NA,NA,2023,2025-06-17
"38","Chthamalus montagui Southward, 1976",2115617,NA,NA,NA,"HUMAN_OBSERVATION","100356061654942543","Maxillopoda",203,"Myrtleville Beach, Ireland, EUROPE","ExploreYourShore",NA,"EUROPE",100,"Ireland",263,"ExploreYourShore","17057301-35d8-4e33-b24f-13da5fe2d265",NA,NA,29,NA,NA,"County=Cork;Abundance=1",88,"2023-03-29",NA,NA,NA,"Chthamalidae",5104,NA,NA,NA,"Ireland","4466051766","EUROPE","Chthamalus","Chthamalus",2115612,"WGS84",NA,NA,"verified by contributor",NA,NA,NA,"d2b97690-bfd6-11de-b279-d52977ace833",NA,"Data has been captured using a grid reference system. Provided location represents cell’s centre point and uncertainty represents cell’s size",NA,NA,NA,NA,NA,NA,NA,NA,NA,"115197467",NA,"99672740-f762-11e1-a439-00145eb45e9a","NBDC",NA,NA,FALSE,NA,"IE",FALSE,"NE",4466051766,"Animalia",1,NA,"2025-06-04T15:56:28.195+00:00","2025-06-04T15:56:49.622+00:00","2025-06-04T15:56:49.622+00:00",51.783517,"http://creativecommons.org/licenses/by/4.0/legalcode",NA,"Myrtleville Beach",NA,NA,-8.294001,"2025-02-25T09:09:31.000+00:00",3,NA,NA,"ie.nbdc.dataset.ExploreYourShore.100356061654942543",NA,"PRESENT","Sessilia",1426,NA,NA,NA,NA,NA,NA,NA,"Arthropoda",54,NA,NA,NA,"DWC_ARCHIVE","EUROPE","IE","d2b97690-bfd6-11de-b279-d52977ace833","Dave Wall",NA,NA,NA,NA,"Chthamalus montagui Southward, 1976",NA,NA,"Chthamalus montagui",2115617,"montagui",88,NA,NA,2115617,"ACCEPTED","SPECIES","Occurrence",NA,NA,NA,NA,NA,"Montagu's Stellate Barnacle",NA,NA,2023,2025-06-17
"40","Chthamalus montagui Southward, 1976",2115617,"England",NA,NA,"HUMAN_OBSERVATION",NA,"Maxillopoda",203,"Castle Beach South, United Kingdom, EUROPE","The Rockpool Project | Imported records",NA,"EUROPE",50,"United Kingdom",367,NA,"97d01261-0027-4e89-a0d2-4a7d700f5fdb",NA,NA,22,NA,NA,NA,81,"2023-03-22","24664185",NA,NA,"Chthamalidae",5104,NA,NA,NA,"United Kingdom of Great Britain and Northern Ireland","4596004094","EUROPE","Chthamalus","Chthamalus",2115612,"WGS84",NA,NA,NA,NA,NA,NA,"07f617d0-c688-11d8-bf62-b8a03c50a862",NA,NA,NA,"https://creativecommons.org/licenses/by/4.0/legalcode",NA,"Marine Biological Association, and Biological Records Centre",NA,NA,NA,"Accepted",NA,"597639fc-05d5-4f09-b4a3-f0b1c83d5b36",NA,"99552c70-f762-11e1-a439-00145eb45e9a",NA,NA,NA,FALSE,NA,"GB",FALSE,"NE",4596004094,"Animalia",1,NA,"2025-06-12T23:10:37.497+00:00","2025-06-12T23:11:21.947+00:00","2025-06-12T23:11:21.947+00:00",50.147299,"http://creativecommons.org/licenses/by/4.0/legalcode",NA,"Castle Beach South",NA,NA,-5.057851,NA,3,NA,NA,"34394820",NA,"PRESENT","Sessilia",1426,NA,NA,NA,NA,NA,NA,NA,"Arthropoda",54,NA,NA,NA,"DWC_ARCHIVE","EUROPE","GB","f6b48504-1651-4a49-a88d-c2bc6178694d","Farquharson, E. Emily|Bowyer, R. Rebecca|Aggie|Tossell, R. Rebecca|Pope, E. Evalyn",NA,NA,NA,NA,"Chthamalus montagui Southward, 1976",NA,NA,"Chthamalus montagui",2115617,"montagui",81,"NBNSYS0000174547","NBNSYS0000174547",2115617,"ACCEPTED","SPECIES",NA,NA,NA,NA,NA,NA,"Montagu's Stellate Barnacle",NA,NA,2023,2025-06-17
"42","Chthamalus montagui Southward, 1976",2115617,NA,NA,NA,"HUMAN_OBSERVATION","100356061654943145","Maxillopoda",203,"Inish Oirr, An Tra, Ireland, EUROPE","ExploreYourShore",NA,"EUROPE",100,"Ireland",263,"ExploreYourShore","17057301-35d8-4e33-b24f-13da5fe2d265",NA,NA,23,NA,NA,"County=Galway;Abundance=1000",113,"2023-04-23",NA,NA,NA,"Chthamalidae",5104,NA,NA,NA,"Ireland","4466059561","EUROPE","Chthamalus","Chthamalus",2115612,"WGS84",NA,NA,"verified by contributor",NA,NA,NA,"d2b97690-bfd6-11de-b279-d52977ace833",NA,"Data has been captured using a grid reference system. Provided location represents cell’s centre point and uncertainty represents cell’s size",NA,NA,NA,NA,NA,NA,NA,NA,NA,"115198068",NA,"99672740-f762-11e1-a439-00145eb45e9a","NBDC",NA,NA,FALSE,NA,"IE",FALSE,"NE",4466059561,"Animalia",1,NA,"2025-06-04T15:56:28.195+00:00","2025-06-04T15:56:52.627+00:00","2025-06-04T15:56:52.627+00:00",53.066595,"http://creativecommons.org/licenses/by/4.0/legalcode",NA,"Inish Oirr, An Tra",NA,NA,-9.515628,"2025-02-25T09:09:31.000+00:00",4,NA,NA,"ie.nbdc.dataset.ExploreYourShore.100356061654943145",NA,"PRESENT","Sessilia",1426,NA,NA,NA,NA,NA,NA,NA,"Arthropoda",54,NA,NA,NA,"DWC_ARCHIVE","EUROPE","IE","d2b97690-bfd6-11de-b279-d52977ace833","Dave Wall",NA,NA,NA,NA,"Chthamalus montagui Southward, 1976",NA,NA,"Chthamalus montagui",2115617,"montagui",113,NA,NA,2115617,"ACCEPTED","SPECIES","Occurrence",NA,NA,NA,NA,NA,"Montagu's Stellate Barnacle",NA,NA,2023,2025-06-17
"43","Chthamalus montagui Southward, 1976",2115617,"England",NA,NA,"HUMAN_OBSERVATION",NA,"Maxillopoda",203,"Tunnel Beach South, United Kingdom, EUROPE","The Rockpool Project | Imported records",NA,"EUROPE",50,"United Kingdom",367,NA,"97d01261-0027-4e89-a0d2-4a7d700f5fdb",NA,NA,8,NA,NA,NA,98,"2023-04-08","24664206",NA,NA,"Chthamalidae",5104,NA,NA,NA,"United Kingdom of Great Britain and Northern Ireland","4595997364","EUROPE","Chthamalus","Chthamalus",2115612,"WGS84",NA,NA,NA,NA,NA,NA,"07f617d0-c688-11d8-bf62-b8a03c50a862",NA,NA,NA,"https://creativecommons.org/licenses/by/4.0/legalcode",NA,"Marine Biological Association, and Biological Records Centre",NA,NA,NA,"Accepted",NA,"ffe1b62f-944c-41e1-a47f-6ea57ee74cb7",NA,"99552c70-f762-11e1-a439-00145eb45e9a",NA,NA,NA,FALSE,NA,"GB",FALSE,"NE",4595997364,"Animalia",1,NA,"2025-06-12T23:10:37.497+00:00","2025-06-12T23:11:19.729+00:00","2025-06-12T23:11:19.729+00:00",50.14545,"http://creativecommons.org/licenses/by/4.0/legalcode",NA,"Tunnel Beach South",NA,NA,-5.062843,NA,4,NA,NA,"34395035",NA,"PRESENT","Sessilia",1426,NA,NA,NA,NA,NA,NA,NA,"Arthropoda",54,NA,NA,NA,"DWC_ARCHIVE","EUROPE","GB","f6b48504-1651-4a49-a88d-c2bc6178694d","Carter, M. Megan|Stevens, E. Eden|Curtis, L. Lamorna",NA,NA,NA,NA,"Chthamalus montagui Southward, 1976",NA,NA,"Chthamalus montagui",2115617,"montagui",98,"NBNSYS0000174547","NBNSYS0000174547",2115617,"ACCEPTED","SPECIES",NA,NA,NA,NA,NA,NA,"Montagu's Stellate Barnacle",NA,NA,2023,2025-06-17
"44","Chthamalus montagui Southward, 1976",2115617,"England",NA,NA,"HUMAN_OBSERVATION","195482624","Maxillopoda",203,"United Kingdom, EUROPE","Observations",NA,"EUROPE",132,"United Kingdom",548,NA,"50c9509d-22c7-4a22-a47d-8c48425ef4a7","iNaturalist research-grade observations","2024-01-02T13:19:17",7,NA,NA,NA,127,"2023-05-07T11:42:17",NA,NA,"11:42:17+01:00","Chthamalidae",5104,NA,NA,NA,"United Kingdom of Great Britain and Northern Ireland","4507694080","EUROPE","Chthamalus","Chthamalus",2115612,"WGS84",NA,NA,NA,NA,NA,NA,"28eb1a3f-1c15-4a95-931a-4af90ecb574d","wild",NA,NA,NA,"rsee",NA,"439876678",NA,"Kite-shaped opercular opening helps differentiate from C. stellatus",NA,"Fiona Boston","195482624",NA,"997448a8-f762-11e1-a439-00145eb45e9a","iNaturalist",NA,NA,FALSE,NA,"GB",FALSE,"NE",4507694080,"Animalia",1,NA,"2025-06-06T14:41:08.836+00:00","2025-06-07T00:38:26.499+00:00","2025-06-07T00:38:26.499+00:00",51.1836,"http://creativecommons.org/licenses/by-nc/4.0/legalcode",NA,NA,NA,NA,-3.309933,"2024-01-03T14:22:15.000+00:00",5,NA,NA,"https://www.inaturalist.org/observations/195482624",NA,"PRESENT","Sessilia",1426,NA,NA,NA,NA,NA,NA,NA,"Arthropoda",54,NA,NA,NA,"DWC_ARCHIVE","NORTH_AMERICA","US","28eb1a3f-1c15-4a95-931a-4af90ecb574d","rsee",NA,"https://www.inaturalist.org/observations/195482624","rsee",NA,"Chthamalus montagui Southward, 1976",NA,NA,"Chthamalus montagui",2115617,"montagui",127,NA,"197140",2115617,"ACCEPTED","SPECIES",NA,NA,NA,"2023-05-07 11:42:17",NA,"Doniford, Watchet TA23 0TQ, UK",NA,NA,NA,2023,2025-06-17
"49","Chthamalus montagui Southward, 1976",2115617,NA,NA,NA,"HUMAN_OBSERVATION","100510282421382328","Maxillopoda",203,"Inis Sionnaigh, Ireland, EUROPE","ExploreYourShore",NA,"EUROPE",100,"Ireland",263,"ExploreYourShore","17057301-35d8-4e33-b24f-13da5fe2d265",NA,NA,22,NA,NA,"County=Donegal;Abundance=100",173,"2023-06-22",NA,NA,NA,"Chthamalidae",5104,NA,NA,NA,"Ireland","4466059808","EUROPE","Chthamalus","Chthamalus",2115612,"WGS84",NA,NA,"verified by contributor",NA,NA,NA,"d2b97690-bfd6-11de-b279-d52977ace833",NA,"Data has been captured using a grid reference system. Provided location represents cell’s centre point and uncertainty represents cell’s size",NA,NA,NA,NA,NA,NA,NA,NA,NA,"115199532",NA,"99672740-f762-11e1-a439-00145eb45e9a","NBDC",NA,NA,FALSE,NA,"IE",FALSE,"NE",4466059808,"Animalia",1,NA,"2025-06-04T15:56:28.195+00:00","2025-06-04T15:56:49.089+00:00","2025-06-04T15:56:49.089+00:00",55.074998,"http://creativecommons.org/licenses/by/4.0/legalcode",NA,"Inis Sionnaigh",NA,NA,-8.344383,"2025-02-25T09:09:31.000+00:00",6,NA,NA,"ie.nbdc.dataset.ExploreYourShore.100510282421382328",NA,"PRESENT","Sessilia",1426,NA,NA,NA,NA,NA,NA,NA,"Arthropoda",54,NA,NA,NA,"DWC_ARCHIVE","EUROPE","IE","d2b97690-bfd6-11de-b279-d52977ace833","David McCann",NA,NA,NA,NA,"Chthamalus montagui Southward, 1976",NA,NA,"Chthamalus montagui",2115617,"montagui",173,NA,NA,2115617,"ACCEPTED","SPECIES","Occurrence",NA,NA,NA,NA,NA,"Montagu's Stellate Barnacle",NA,NA,2023,2025-06-17
"52","Chthamalus montagui Southward, 1976",2115617,NA,NA,NA,"HUMAN_OBSERVATION","100510282421381778","Maxillopoda",203,"Furbo, Ireland, EUROPE","ExploreYourShore",NA,"EUROPE",100,"Ireland",263,"ExploreYourShore","17057301-35d8-4e33-b24f-13da5fe2d265",NA,NA,24,NA,NA,"County=Galway",205,"2023-07-24",NA,NA,NA,"Chthamalidae",5104,NA,NA,NA,"Ireland","4466061859","EUROPE","Chthamalus","Chthamalus",2115612,"WGS84",NA,NA,"verified by contributor",NA,NA,NA,"d2b97690-bfd6-11de-b279-d52977ace833",NA,"Data has been captured using a grid reference system. Provided location represents cell’s centre point and uncertainty represents cell’s size",NA,NA,NA,NA,NA,NA,NA,NA,NA,"115198982",NA,"99672740-f762-11e1-a439-00145eb45e9a","NBDC",NA,NA,FALSE,NA,"IE",FALSE,"NE",4466061859,"Animalia",1,NA,"2025-06-04T15:56:28.195+00:00","2025-06-04T15:56:54.201+00:00","2025-06-04T15:56:54.201+00:00",53.249963,"http://creativecommons.org/licenses/by/4.0/legalcode",NA,"Furbo",NA,NA,-9.226958,"2025-02-25T09:09:31.000+00:00",7,NA,NA,"ie.nbdc.dataset.ExploreYourShore.100510282421381778",NA,"PRESENT","Sessilia",1426,NA,NA,NA,NA,NA,NA,NA,"Arthropoda",54,NA,NA,NA,"DWC_ARCHIVE","EUROPE","IE","d2b97690-bfd6-11de-b279-d52977ace833","Norma Mc Cambridge",NA,NA,NA,NA,"Chthamalus montagui Southward, 1976",NA,NA,"Chthamalus montagui",2115617,"montagui",205,NA,NA,2115617,"ACCEPTED","SPECIES","Occurrence",NA,NA,NA,NA,NA,"Montagu's Stellate Barnacle",NA,NA,2023,2025-06-17
"59","Chthamalus montagui Southward, 1976",2115617,"England",NA,NA,"HUMAN_OBSERVATION",NA,"Maxillopoda",203,"Perranporth South, United Kingdom, EUROPE","The Rockpool Project | Imported records",NA,"EUROPE",50,"United Kingdom",367,NA,"97d01261-0027-4e89-a0d2-4a7d700f5fdb",NA,NA,19,NA,NA,NA,200,"2023-07-19","24664358",NA,NA,"Chthamalidae",5104,NA,NA,NA,"United Kingdom of Great Britain and Northern Ireland","4595995468","EUROPE","Chthamalus","Chthamalus",2115612,"WGS84",NA,NA,NA,NA,NA,NA,"07f617d0-c688-11d8-bf62-b8a03c50a862",NA,NA,NA,"https://creativecommons.org/licenses/by/4.0/legalcode",NA,"Marine Biological Association, and Biological Records Centre",NA,NA,NA,"Accepted",NA,"a1d25e20-509e-45e3-82b7-8cf549147888",NA,"99552c70-f762-11e1-a439-00145eb45e9a",NA,NA,NA,FALSE,NA,"GB",FALSE,"NE",4595995468,"Animalia",1,NA,"2025-06-12T23:10:37.497+00:00","2025-06-12T23:11:23.504+00:00","2025-06-12T23:11:23.504+00:00",50.347914,"http://creativecommons.org/licenses/by/4.0/legalcode",NA,"Perranporth South",NA,NA,-5.159388,NA,7,NA,NA,"34397075",NA,"PRESENT","Sessilia",1426,NA,NA,NA,NA,NA,NA,NA,"Arthropoda",54,NA,NA,NA,"DWC_ARCHIVE","EUROPE","GB","f6b48504-1651-4a49-a88d-c2bc6178694d","Wright, J. Joey|Ruben",NA,NA,NA,NA,"Chthamalus montagui Southward, 1976",NA,NA,"Chthamalus montagui",2115617,"montagui",200,"NBNSYS0000174547","NBNSYS0000174547",2115617,"ACCEPTED","SPECIES",NA,NA,NA,NA,NA,NA,"Montagu's Stellate Barnacle",NA,NA,2023,2025-06-17
"62","Chthamalus montagui Southward, 1976",2115617,NA,NA,NA,"HUMAN_OBSERVATION","100510282421382242","Maxillopoda",203,"Gerahies, Bantry, Ireland, EUROPE","ExploreYourShore",NA,"EUROPE",100,"Ireland",263,"ExploreYourShore","17057301-35d8-4e33-b24f-13da5fe2d265",NA,NA,15,NA,NA,"County=Cork;Abundance=1",227,"2023-08-15",NA,NA,NA,"Chthamalidae",5104,NA,NA,NA,"Ireland","4466060180","EUROPE","Chthamalus","Chthamalus",2115612,"WGS84",NA,NA,"verified by contributor",NA,NA,NA,"d2b97690-bfd6-11de-b279-d52977ace833",NA,"Data has been captured using a grid reference system. Provided location represents cell’s centre point and uncertainty represents cell’s size",NA,NA,NA,NA,NA,NA,NA,NA,NA,"115199446",NA,"99672740-f762-11e1-a439-00145eb45e9a","NBDC",NA,NA,FALSE,NA,"IE",FALSE,"NE",4466060180,"Animalia",1,NA,"2025-06-04T15:56:28.195+00:00","2025-06-04T15:56:58.274+00:00","2025-06-04T15:56:58.274+00:00",51.647068,"http://creativecommons.org/licenses/by/4.0/legalcode",NA,"Gerahies, Bantry",NA,NA,-9.580042,"2025-02-25T09:09:31.000+00:00",8,NA,NA,"ie.nbdc.dataset.ExploreYourShore.100510282421382242",NA,"PRESENT","Sessilia",1426,NA,NA,NA,NA,NA,NA,NA,"Arthropoda",54,NA,NA,NA,"DWC_ARCHIVE","EUROPE","IE","d2b97690-bfd6-11de-b279-d52977ace833","Dave Wall",NA,NA,NA,NA,"Chthamalus montagui Southward, 1976",NA,NA,"Chthamalus montagui",2115617,"montagui",227,NA,NA,2115617,"ACCEPTED","SPECIES","Occurrence",NA,NA,NA,NA,NA,"Montagu's Stellate Barnacle",NA,NA,2023,2025-06-17
"65","Chthamalus montagui Southward, 1976",2115617,"England",NA,NA,"HUMAN_OBSERVATION",NA,"Maxillopoda",203,"Battery Rocks, United Kingdom, EUROPE","The Rockpool Project | Imported records",NA,"EUROPE",50,"United Kingdom",367,NA,"97d01261-0027-4e89-a0d2-4a7d700f5fdb",NA,NA,3,NA,NA,NA,215,"2023-08-03","24664384",NA,NA,"Chthamalidae",5104,NA,NA,NA,"United Kingdom of Great Britain and Northern Ireland","4596005436","EUROPE","Chthamalus","Chthamalus",2115612,"WGS84",NA,NA,NA,NA,NA,NA,"07f617d0-c688-11d8-bf62-b8a03c50a862",NA,NA,NA,"https://creativecommons.org/licenses/by/4.0/legalcode",NA,"Marine Biological Association, and Biological Records Centre",NA,NA,NA,"Accepted",NA,"d7d1f8b4-32bb-4e5d-bd2b-7d0d33d52e55",NA,"99552c70-f762-11e1-a439-00145eb45e9a",NA,NA,NA,FALSE,NA,"GB",FALSE,"NE",4596005436,"Animalia",1,NA,"2025-06-12T23:10:37.497+00:00","2025-06-12T23:11:18.976+00:00","2025-06-12T23:11:18.976+00:00",50.114283,"http://creativecommons.org/licenses/by/4.0/legalcode",NA,"Battery Rocks",NA,NA,-5.530237,NA,8,NA,NA,"34397576",NA,"PRESENT","Sessilia",1426,NA,NA,NA,NA,NA,NA,NA,"Arthropoda",54,NA,NA,NA,"DWC_ARCHIVE","EUROPE","GB","f6b48504-1651-4a49-a88d-c2bc6178694d","Roberts, I.N.D.Y.",NA,NA,NA,NA,"Chthamalus montagui Southward, 1976",NA,NA,"Chthamalus montagui",2115617,"montagui",215,"NBNSYS0000174547","NBNSYS0000174547",2115617,"ACCEPTED","SPECIES",NA,NA,NA,NA,NA,NA,"Montagu's Stellate Barnacle",NA,NA,2023,2025-06-17
"68","Chthamalus montagui Southward, 1976",2115617,NA,NA,NA,"HUMAN_OBSERVATION","100588520250278687","Maxillopoda",203,"Kilmore Quay- Forlorn Point, Ireland, EUROPE","ExploreYourShore",NA,"EUROPE",100,"Ireland",263,"ExploreYourShore","17057301-35d8-4e33-b24f-13da5fe2d265",NA,NA,13,NA,NA,"County=Wexford;Type of sighting=Alive",256,"2023-09-13",NA,NA,NA,"Chthamalidae",5104,NA,NA,NA,"Ireland","4466061647","EUROPE","Chthamalus","Chthamalus",2115612,"WGS84",NA,NA,"verified by contributor",NA,NA,NA,"d2b97690-bfd6-11de-b279-d52977ace833",NA,"Data has been captured using a grid reference system. Provided location represents cell’s centre point and uncertainty represents cell’s size",NA,NA,NA,NA,NA,NA,NA,NA,NA,"115200229",NA,"99672740-f762-11e1-a439-00145eb45e9a","NBDC",NA,NA,FALSE,NA,"IE",FALSE,"NE",4466061647,"Animalia",1,NA,"2025-06-04T15:56:28.195+00:00","2025-06-04T15:56:57.993+00:00","2025-06-04T15:56:57.993+00:00",52.170509,"http://creativecommons.org/licenses/by/4.0/legalcode",NA,"Kilmore Quay- Forlorn Point",NA,NA,-6.596848,"2025-02-25T09:09:31.000+00:00",9,NA,NA,"ie.nbdc.dataset.ExploreYourShore.100588520250278687",NA,"PRESENT","Sessilia",1426,NA,NA,NA,NA,NA,NA,NA,"Arthropoda",54,NA,NA,NA,"DWC_ARCHIVE","EUROPE","IE","d2b97690-bfd6-11de-b279-d52977ace833","Thérèse Maddock",NA,NA,NA,NA,"Chthamalus montagui Southward, 1976",NA,NA,"Chthamalus montagui",2115617,"montagui",256,NA,NA,2115617,"ACCEPTED","SPECIES","Occurrence",NA,NA,NA,NA,NA,"Montagu's Stellate Barnacle",NA,NA,2023,2025-06-17
"69","Chthamalus montagui Southward, 1976",2115617,"Wales",NA,NA,"HUMAN_OBSERVATION","182848317","Maxillopoda",203,"United Kingdom, EUROPE","Observations",NA,"EUROPE",NA,"United Kingdom",548,NA,"50c9509d-22c7-4a22-a47d-8c48425ef4a7","iNaturalist research-grade observations","2023-09-11T19:26:46",10,NA,NA,NA,253,"2023-09-10T11:42:11",NA,NA,"11:42:11+01:00","Chthamalidae",5104,NA,NA,NA,"United Kingdom of Great Britain and Northern Ireland","4440621049","EUROPE","Chthamalus","Chthamalus",2115612,"WGS84",NA,NA,NA,NA,NA,NA,"28eb1a3f-1c15-4a95-931a-4af90ecb574d","wild",NA,NA,NA,"stephen54",NA,"407196532",NA,NA,NA,"Stephen Moores","182848317",NA,"997448a8-f762-11e1-a439-00145eb45e9a","iNaturalist",NA,NA,FALSE,NA,"GB",FALSE,"NE",4440621049,"Animalia",1,NA,"2025-06-06T14:41:08.836+00:00","2025-06-07T01:04:42.625+00:00","2025-06-07T01:04:42.625+00:00",52.579948,"http://creativecommons.org/licenses/by-nc/4.0/legalcode",NA,NA,NA,NA,-4.099888,"2023-11-10T22:07:52.000+00:00",9,NA,NA,"https://www.inaturalist.org/observations/182848317",NA,"PRESENT","Sessilia",1426,NA,NA,NA,NA,NA,NA,NA,"Arthropoda",54,NA,NA,NA,"DWC_ARCHIVE","EUROPE","GB","28eb1a3f-1c15-4a95-931a-4af90ecb574d","Stephen Moores",NA,"https://www.inaturalist.org/observations/182848317","Stephen Moores",NA,"Chthamalus montagui Southward, 1976",NA,NA,"Chthamalus montagui",2115617,"montagui",253,NA,"197140",2115617,"ACCEPTED","SPECIES",NA,NA,NA,"2023-09-10 11:42:11",NA,"Tywyn, UK",NA,NA,NA,2023,2025-06-17
"70","Chthamalus montagui Southward, 1976",2115617,"England",NA,NA,"HUMAN_OBSERVATION","185873185","Maxillopoda",203,"United Kingdom, EUROPE","Observations",NA,"EUROPE",4,"United Kingdom",548,NA,"50c9509d-22c7-4a22-a47d-8c48425ef4a7","iNaturalist research-grade observations","2023-10-02T07:37:46",30,NA,NA,NA,273,"2023-09-30T10:48",NA,NA,"10:48:00+01:00","Chthamalidae",5104,NA,NA,NA,"United Kingdom of Great Britain and Northern Ireland","4420886732","EUROPE","Chthamalus","Chthamalus",2115612,"WGS84",NA,NA,NA,NA,NA,NA,"28eb1a3f-1c15-4a95-931a-4af90ecb574d","wild",NA,NA,NA,"kitcathfrancis",NA,"413789669",NA,NA,NA,"CL Francis","185873185",NA,"997448a8-f762-11e1-a439-00145eb45e9a","iNaturalist",NA,NA,FALSE,NA,"GB",FALSE,"NE",4420886732,"Animalia",1,NA,"2025-06-06T14:41:08.836+00:00","2025-06-07T02:50:47.591+00:00","2025-06-07T02:50:47.591+00:00",50.322515,"http://creativecommons.org/licenses/by-nc/4.0/legalcode",NA,NA,NA,NA,-5.200742,"2023-10-03T08:02:20.000+00:00",9,NA,NA,"https://www.inaturalist.org/observations/185873185",NA,"PRESENT","Sessilia",1426,NA,NA,NA,NA,NA,NA,NA,"Arthropoda",54,NA,NA,NA,"DWC_ARCHIVE","EUROPE","GB","28eb1a3f-1c15-4a95-931a-4af90ecb574d","CL Francis",NA,"https://www.inaturalist.org/observations/185873185","CL Francis",NA,"Chthamalus montagui Southward, 1976",NA,NA,"Chthamalus montagui",2115617,"montagui",273,NA,"197140",2115617,"ACCEPTED","SPECIES",NA,NA,NA,"2023/09/30 10:48 AM",NA,"Trevaunance Cove, St Agnes,Cornwall, UK",NA,NA,NA,2023,2025-06-17
"71","Chthamalus montagui Southward, 1976",2115617,"Wales",NA,NA,"HUMAN_OBSERVATION",NA,"Maxillopoda",203,"Freshwater West Rocky Shore, United Kingdom, EUROPE",NA,NA,"EUROPE",7071.1,"United Kingdom",12,NA,"78aedfda-7343-47de-9c19-20339eb756fc",NA,NA,25,NA,NA,NA,268,"2023-09-25",NA,NA,NA,"Chthamalidae",5104,NA,NA,"POLYGON((-5.17569 51.56585,-5.17569 51.65945,-5.03762 51.65945,-5.03762 51.56585,-5.17569 51.56585))","United Kingdom of Great Britain and Northern Ireland","5105608131","EUROPE","Chthamalus","Chthamalus",2115612,"WGS84",NA,NA,NA,NA,NA,NA,"07f617d0-c688-11d8-bf62-b8a03c50a862",NA,NA,NA,"https://creativecommons.org/licenses/by-nc/4.0/legalcode",NA,"West Wales Biodiversity Information Centre",NA,NA,NA,"Unconfirmed - not reviewed","Sandy Hill","9e66be40-dcca-46a1-9da2-669af14a94af",NA,"99552c70-f762-11e1-a439-00145eb45e9a","WWBIC",NA,NA,FALSE,NA,"GB",FALSE,"NE",5105608131,"Animalia",1,NA,"2025-06-16T15:45:33.250+00:00","2025-06-16T15:46:07.137+00:00","2025-06-16T15:46:07.137+00:00",51.612667,"http://creativecommons.org/licenses/by-nc/4.0/legalcode",NA,"Freshwater West Rocky Shore",NA,NA,-5.106729,NA,9,NA,NA,"SR0004070002SKAG","Adult; Biotope: Rock cliffs, ledges and shores, including the splash zone; Image: http://warehouse1.indicia.org.uk/upload/o_1hb8vtncd16belpe1h8e1cqrs642.jpg","PRESENT","Sessilia",1426,NA,NA,NA,NA,NA,NA,NA,"Arthropoda",54,NA,NA,NA,"DWC_ARCHIVE","EUROPE","GB","29753c63-7ff1-455b-92ee-120bcfe9bce3","Hill, S. Sandy",NA,NA,NA,NA,"Chthamalus montagui Southward, 1976",NA,NA,"Chthamalus montagui",2115617,"montagui",268,"NBNSYS0000174547","NBNSYS0000174547",2115617,"ACCEPTED","SPECIES",NA,NA,NA,NA,NA,NA,"Montagu's Stellate Barnacle",NA,NA,2023,2025-06-17
"72","Chthamalus montagui Southward, 1976",2115617,"England",NA,NA,"HUMAN_OBSERVATION",NA,"Maxillopoda",203,"Gylly Extreme South, United Kingdom, EUROPE","The Rockpool Project | Imported records",NA,"EUROPE",50,"United Kingdom",367,NA,"97d01261-0027-4e89-a0d2-4a7d700f5fdb",NA,NA,19,NA,NA,NA,262,"2023-09-19","24664495",NA,NA,"Chthamalidae",5104,NA,NA,NA,"United Kingdom of Great Britain and Northern Ireland","4595995938","EUROPE","Chthamalus","Chthamalus",2115612,"WGS84",NA,NA,NA,NA,NA,NA,"07f617d0-c688-11d8-bf62-b8a03c50a862",NA,NA,NA,"https://creativecommons.org/licenses/by/4.0/legalcode",NA,"Marine Biological Association, and Biological Records Centre",NA,NA,NA,"Accepted",NA,"e9013da0-f47a-40ce-82c7-99f1caf53b77",NA,"99552c70-f762-11e1-a439-00145eb45e9a",NA,NA,NA,FALSE,NA,"GB",FALSE,"NE",4595995938,"Animalia",1,NA,"2025-06-12T23:10:37.497+00:00","2025-06-12T23:11:14.068+00:00","2025-06-12T23:11:14.068+00:00",50.141977,"http://creativecommons.org/licenses/by/4.0/legalcode",NA,"Gylly Extreme South",NA,NA,-5.069311,NA,9,NA,NA,"34399435",NA,"PRESENT","Sessilia",1426,NA,NA,NA,NA,NA,NA,NA,"Arthropoda",54,NA,NA,NA,"DWC_ARCHIVE","EUROPE","GB","f6b48504-1651-4a49-a88d-c2bc6178694d","Holt, B. Ben|Jen",NA,NA,NA,NA,"Chthamalus montagui Southward, 1976",NA,NA,"Chthamalus montagui",2115617,"montagui",262,"NBNSYS0000174547","NBNSYS0000174547",2115617,"ACCEPTED","SPECIES",NA,NA,NA,NA,NA,NA,"Montagu's Stellate Barnacle",NA,NA,2023,2025-06-17
"73","Chthamalus montagui Southward, 1976",2115617,"England",NA,NA,"HUMAN_OBSERVATION","189210345","Maxillopoda",203,"United Kingdom, EUROPE","Observations",NA,"EUROPE",288,"United Kingdom",548,NA,"50c9509d-22c7-4a22-a47d-8c48425ef4a7","iNaturalist research-grade observations","2023-10-28T11:13:41",28,NA,NA,NA,301,"2023-10-28T12:11:28",NA,NA,"12:11:28+01:00","Chthamalidae",5104,NA,NA,NA,"United Kingdom of Great Britain and Northern Ireland","4436399806","EUROPE","Chthamalus","Chthamalus",2115612,"WGS84",NA,NA,NA,NA,NA,NA,"28eb1a3f-1c15-4a95-931a-4af90ecb574d","wild",NA,NA,NA,"christophepatterson",NA,"421920848",NA,NA,NA,"christophepatterson","189210345",NA,"997448a8-f762-11e1-a439-00145eb45e9a","iNaturalist",NA,NA,FALSE,NA,"GB",FALSE,"NE",4436399806,"Animalia",1,NA,"2025-06-06T14:41:08.836+00:00","2025-06-07T00:40:45.535+00:00","2025-06-07T00:40:45.535+00:00",50.145864,"http://creativecommons.org/licenses/by-nc/4.0/legalcode",NA,NA,NA,NA,-5.062023,"2024-10-22T08:24:39.000+00:00",10,NA,NA,"https://www.inaturalist.org/observations/189210345",NA,"PRESENT","Sessilia",1426,NA,NA,NA,NA,NA,NA,NA,"Arthropoda",54,NA,NA,NA,"DWC_ARCHIVE","EUROPE","GB","28eb1a3f-1c15-4a95-931a-4af90ecb574d","christophepatterson",NA,"https://www.inaturalist.org/observations/189210345","christophepatterson",NA,"Chthamalus montagui Southward, 1976",NA,NA,"Chthamalus montagui",2115617,"montagui",301,NA,"197140",2115617,"ACCEPTED","SPECIES",NA,NA,NA,"2023-10-28 12:11:28",NA,"Falmouth TR11 4NP, UK",NA,NA,NA,2023,2025-06-17
"74","Chthamalus montagui Southward, 1976",2115617,"England",NA,NA,"HUMAN_OBSERVATION","190989734","Maxillopoda",203,"United Kingdom, EUROPE","Observations",NA,"EUROPE",7,"United Kingdom",548,NA,"50c9509d-22c7-4a22-a47d-8c48425ef4a7","iNaturalist research-grade observations","2023-11-14T11:27:28",14,NA,NA,NA,318,"2023-11-14T11:27:07Z",NA,NA,"11:27:07+00:00","Chthamalidae",5104,NA,NA,NA,"United Kingdom of Great Britain and Northern Ireland","4440686034","EUROPE","Chthamalus","Chthamalus",2115612,"WGS84",NA,NA,NA,NA,NA,NA,"28eb1a3f-1c15-4a95-931a-4af90ecb574d","wild",NA,NA,NA,"samadler",NA,"426787148",NA,NA,NA,"samadler","190989734",NA,"997448a8-f762-11e1-a439-00145eb45e9a","iNaturalist",NA,NA,FALSE,NA,"GB",FALSE,"NE",4440686034,"Animalia",1,NA,"2025-06-06T14:41:08.836+00:00","2025-06-07T01:19:38.040+00:00","2025-06-07T01:19:38.040+00:00",50.361172,"http://creativecommons.org/licenses/by-nc/4.0/legalcode",NA,NA,NA,NA,-4.161024,"2023-11-14T15:42:17.000+00:00",11,NA,NA,"https://www.inaturalist.org/observations/190989734",NA,"PRESENT","Sessilia",1426,NA,NA,NA,NA,NA,NA,NA,"Arthropoda",54,NA,NA,NA,"DWC_ARCHIVE","NORTH_AMERICA","US","28eb1a3f-1c15-4a95-931a-4af90ecb574d","samadler",NA,"https://www.inaturalist.org/observations/190989734","samadler",NA,"Chthamalus montagui Southward, 1976",NA,NA,"Chthamalus montagui",2115617,"montagui",318,NA,"197140",2115617,"ACCEPTED","SPECIES",NA,NA,NA,"2023-11-14 11:27:07Z",NA,"Firestone Bay, Plymouth, England, GB",NA,NA,NA,2023,2025-06-17
"75","Chthamalus montagui Southward, 1976",2115617,"England",NA,NA,"HUMAN_OBSERVATION","191381611","Maxillopoda",203,"United Kingdom, EUROPE","Observations",NA,"EUROPE",150,"United Kingdom",548,NA,"50c9509d-22c7-4a22-a47d-8c48425ef4a7","iNaturalist research-grade observations","2023-11-18T17:29:00",18,NA,NA,NA,322,"2023-11-18T14:47:01Z",NA,NA,"14:47:01+00:00","Chthamalidae",5104,NA,NA,NA,"United Kingdom of Great Britain and Northern Ireland","4442731829","EUROPE","Chthamalus","Chthamalus",2115612,"WGS84",NA,NA,NA,NA,NA,NA,"28eb1a3f-1c15-4a95-931a-4af90ecb574d","wild",NA,NA,NA,"rebeccabowyerrpp",NA,"427853631",NA,NA,NA,"Rebecca Bowyer","191381611",NA,"997448a8-f762-11e1-a439-00145eb45e9a","iNaturalist",NA,NA,FALSE,NA,"GB",FALSE,"NE",4442731829,"Animalia",1,NA,"2025-06-06T14:41:08.836+00:00","2025-06-07T01:33:07.916+00:00","2025-06-07T01:33:07.916+00:00",50.147066,"http://creativecommons.org/licenses/by-nc/4.0/legalcode",NA,NA,NA,NA,-5.0593,"2023-11-29T09:27:48.000+00:00",11,NA,NA,"https://www.inaturalist.org/observations/191381611",NA,"PRESENT","Sessilia",1426,NA,NA,NA,NA,NA,NA,NA,"Arthropoda",54,NA,NA,NA,"DWC_ARCHIVE","EUROPE","GB","28eb1a3f-1c15-4a95-931a-4af90ecb574d","Rebecca Bowyer",NA,"https://www.inaturalist.org/observations/191381611","Rebecca Bowyer",NA,"Chthamalus montagui Southward, 1976",NA,NA,"Chthamalus montagui",2115617,"montagui",322,NA,"197140",2115617,"ACCEPTED","SPECIES",NA,NA,NA,"2023-11-18 14:47:01Z",NA,"Cliff Road, Falmouth, England, GB",NA,NA,NA,2023,2025-06-17
"76","Chthamalus montagui Southward, 1976",2115617,"England",NA,NA,"HUMAN_OBSERVATION","191475470","Maxillopoda",203,"United Kingdom, EUROPE","Observations",NA,"EUROPE",3,"United Kingdom",548,NA,"50c9509d-22c7-4a22-a47d-8c48425ef4a7","iNaturalist research-grade observations","2023-11-19T15:10:06",19,NA,NA,NA,323,"2023-11-19T15:09:05Z",NA,NA,"15:09:05+00:00","Chthamalidae",5104,NA,NA,NA,"United Kingdom of Great Britain and Northern Ireland","4442561595","EUROPE","Chthamalus","Chthamalus",2115612,"WGS84",NA,NA,NA,NA,NA,NA,"28eb1a3f-1c15-4a95-931a-4af90ecb574d","wild",NA,NA,NA,"nellis1",NA,"428127858",NA,NA,NA,"nellis1","191475470",NA,"997448a8-f762-11e1-a439-00145eb45e9a","iNaturalist",NA,NA,FALSE,NA,"GB",FALSE,"NE",4442561595,"Animalia",1,NA,"2025-06-06T14:41:08.836+00:00","2025-06-07T00:33:06.290+00:00","2025-06-07T00:33:06.290+00:00",50.361182,"http://creativecommons.org/licenses/by-nc/4.0/legalcode",NA,NA,NA,NA,-4.160183,"2023-11-21T20:46:57.000+00:00",11,NA,NA,"https://www.inaturalist.org/observations/191475470",NA,"PRESENT","Sessilia",1426,NA,NA,NA,NA,NA,NA,NA,"Arthropoda",54,NA,NA,NA,"DWC_ARCHIVE","NORTH_AMERICA","US","28eb1a3f-1c15-4a95-931a-4af90ecb574d","nellis1",NA,"https://www.inaturalist.org/observations/191475470","nellis1",NA,"Chthamalus montagui Southward, 1976",NA,NA,"Chthamalus montagui",2115617,"montagui",323,NA,"197140",2115617,"ACCEPTED","SPECIES",NA,NA,NA,"2023-11-19 15:09:05",NA,"Plymouth, UK",NA,NA,NA,2023,2025-06-17
"77","Chthamalus montagui Southward, 1976",2115617,NA,NA,NA,"HUMAN_OBSERVATION","100761119785767138","Maxillopoda",203,"Killybegs, Ireland, EUROPE","ExploreYourShore",NA,"EUROPE",100,"Ireland",263,"ExploreYourShore","17057301-35d8-4e33-b24f-13da5fe2d265",NA,NA,26,NA,NA,"County=Donegal;Abundance=10;Type of sighting=Alive",360,"2023-12-26",NA,NA,NA,"Chthamalidae",5104,NA,NA,NA,"Ireland","4601903678","EUROPE","Chthamalus","Chthamalus",2115612,"WGS84",NA,NA,"verified by contributor",NA,NA,NA,"d2b97690-bfd6-11de-b279-d52977ace833",NA,"Data has been captured using a grid reference system. Provided location represents cell’s centre point and uncertainty represents cell’s size",NA,NA,NA,NA,NA,NA,NA,NA,NA,"115202119",NA,"99672740-f762-11e1-a439-00145eb45e9a","NBDC",NA,NA,FALSE,NA,"IE",FALSE,"NE",4601903678,"Animalia",1,NA,"2025-06-04T15:56:28.195+00:00","2025-06-04T15:56:56.416+00:00","2025-06-04T15:56:56.416+00:00",54.635248,"http://creativecommons.org/licenses/by/4.0/legalcode",NA,"Killybegs",NA,NA,-8.487776,"2025-02-25T09:09:31.000+00:00",12,NA,NA,"ie.nbdc.dataset.ExploreYourShore.100761119785767138",NA,"PRESENT","Sessilia",1426,NA,NA,NA,NA,NA,NA,NA,"Arthropoda",54,NA,NA,NA,"DWC_ARCHIVE","EUROPE","IE","d2b97690-bfd6-11de-b279-d52977ace833","Marie Muirhead",NA,NA,NA,NA,"Chthamalus montagui Southward, 1976",NA,NA,"Chthamalus montagui",2115617,"montagui",360,NA,NA,2115617,"ACCEPTED","SPECIES","Occurrence",NA,NA,NA,NA,NA,"Montagu's Stellate Barnacle",NA,NA,2023,2025-06-17
"78","Chthamalus montagui Southward, 1976",2115617,"England",NA,NA,"HUMAN_OBSERVATION","192815746","Maxillopoda",203,"United Kingdom, EUROPE","Observations",NA,"EUROPE",4,"United Kingdom",548,NA,"50c9509d-22c7-4a22-a47d-8c48425ef4a7","iNaturalist research-grade observations","2023-12-02T13:49:26",2,NA,NA,NA,336,"2023-12-02T13:47:26Z",NA,NA,"13:47:26+00:00","Chthamalidae",5104,NA,NA,NA,"United Kingdom of Great Britain and Northern Ireland","4458688667","EUROPE","Chthamalus","Chthamalus",2115612,"WGS84",NA,NA,NA,NA,NA,NA,"28eb1a3f-1c15-4a95-931a-4af90ecb574d","wild",NA,NA,NA,"nellis1",NA,"431667439",NA,NA,NA,"nellis1","192815746",NA,"997448a8-f762-11e1-a439-00145eb45e9a","iNaturalist",NA,NA,FALSE,NA,"GB",FALSE,"NE",4458688667,"Animalia",1,NA,"2025-06-06T14:41:08.836+00:00","2025-06-07T00:43:10.262+00:00","2025-06-07T00:43:10.262+00:00",50.356972,"http://creativecommons.org/licenses/by-nc/4.0/legalcode",NA,NA,NA,NA,-4.125878,"2023-12-05T22:19:02.000+00:00",12,NA,NA,"https://www.inaturalist.org/observations/192815746",NA,"PRESENT","Sessilia",1426,NA,NA,NA,NA,NA,NA,NA,"Arthropoda",54,NA,NA,NA,"DWC_ARCHIVE","NORTH_AMERICA","US","28eb1a3f-1c15-4a95-931a-4af90ecb574d","nellis1",NA,"https://www.inaturalist.org/observations/192815746","nellis1",NA,"Chthamalus montagui Southward, 1976",NA,NA,"Chthamalus montagui",2115617,"montagui",336,NA,"197140",2115617,"ACCEPTED","SPECIES",NA,NA,NA,"2023-12-02 13:47:26",NA,"Mount Batten Water Sports Centre, Mount Batten, Plymouth PL9 9XH, UK",NA,NA,NA,2023,2025-06-17
"79","Chthamalus montagui Southward, 1976",2115617,"Northern Ireland",NA,NA,"HUMAN_OBSERVATION","193886638","Maxillopoda",203,"United Kingdom, EUROPE","Observations",NA,"EUROPE",8,"United Kingdom",548,NA,"50c9509d-22c7-4a22-a47d-8c48425ef4a7","iNaturalist research-grade observations","2023-12-13T17:50:44",13,NA,NA,NA,347,"2023-12-13T15:49Z",NA,NA,"15:49:00+00:00","Chthamalidae",5104,NA,NA,NA,"United Kingdom of Great Britain and Northern Ireland","4500762986","EUROPE","Chthamalus","Chthamalus",2115612,"WGS84",NA,NA,NA,NA,NA,NA,"28eb1a3f-1c15-4a95-931a-4af90ecb574d","wild",NA,NA,NA,"brigid_nature",NA,"434812092",NA,NA,NA,"Brigid O'Connor","193886638",NA,"997448a8-f762-11e1-a439-00145eb45e9a","iNaturalist",NA,NA,FALSE,NA,"GB",FALSE,"NE",4500762986,"Animalia",1,NA,"2025-06-06T14:41:08.836+00:00","2025-06-07T02:05:55.647+00:00","2025-06-07T02:05:55.647+00:00",55.173161,"http://creativecommons.org/licenses/by-nc/4.0/legalcode",NA,NA,NA,NA,-6.725478,"2023-12-17T23:01:32.000+00:00",12,NA,NA,"https://www.inaturalist.org/observations/193886638",NA,"PRESENT","Sessilia",1426,NA,NA,NA,NA,NA,NA,NA,"Arthropoda",54,NA,NA,NA,"DWC_ARCHIVE","NORTH_AMERICA","US","28eb1a3f-1c15-4a95-931a-4af90ecb574d","Brigid O'Connor",NA,"https://www.inaturalist.org/observations/193886638","Brigid O'Connor",NA,"Chthamalus montagui Southward, 1976",NA,NA,"Chthamalus montagui",2115617,"montagui",347,NA,"197140",2115617,"ACCEPTED","SPECIES",NA,NA,NA,"2023/12/13 3:49 PM",NA,"Portstewart, UK",NA,NA,NA,2023,2025-06-17
"80","Chthamalus montagui Southward, 1976",2115617,"England",NA,NA,"HUMAN_OBSERVATION","194213765","Maxillopoda",203,"United Kingdom, EUROPE","Observations",NA,"EUROPE",50,"United Kingdom",548,NA,"50c9509d-22c7-4a22-a47d-8c48425ef4a7","iNaturalist research-grade observations","2023-12-17T21:08:00",17,NA,NA,"{""evidenceOfPresence"":""organism""}",351,"2023-12-17T11:44:21Z",NA,NA,"11:44:21+00:00","Chthamalidae",5104,NA,NA,NA,"United Kingdom of Great Britain and Northern Ireland","4599971243","EUROPE","Chthamalus","Chthamalus",2115612,"WGS84",NA,NA,NA,NA,NA,NA,"28eb1a3f-1c15-4a95-931a-4af90ecb574d","wild",NA,NA,NA,"josscarr",NA,"435819186",NA,NA,NA,"jannmann","194213765",NA,"997448a8-f762-11e1-a439-00145eb45e9a","iNaturalist",NA,NA,FALSE,NA,"GB",FALSE,"NE",4599971243,"Animalia",1,NA,"2025-06-06T14:41:08.836+00:00","2025-06-07T01:06:21.254+00:00","2025-06-07T01:06:21.254+00:00",49.921142,"http://creativecommons.org/licenses/by/4.0/legalcode",NA,NA,NA,NA,-6.312042,"2025-04-02T15:30:41.000+00:00",12,NA,NA,"https://www.inaturalist.org/observations/194213765",NA,"PRESENT","Sessilia",1426,NA,NA,NA,NA,NA,NA,NA,"Arthropoda",54,NA,NA,NA,"DWC_ARCHIVE","EUROPE","GB","28eb1a3f-1c15-4a95-931a-4af90ecb574d","Joss Carr",NA,"https://www.inaturalist.org/observations/194213765","Joss Carr",NA,"Chthamalus montagui Southward, 1976",NA,NA,"Chthamalus montagui",2115617,"montagui",351,NA,"197140",2115617,"ACCEPTED","SPECIES",NA,NA,NA,"2023-12-17 11:44:21Z",NA,"St Mary's Pool, Isles Of Scilly, England, GB",NA,"alive",NA,2023,2025-06-17
"81","Chthamalus montagui Southward, 1976",2115617,"England",NA,NA,"HUMAN_OBSERVATION",NA,"Maxillopoda",203,"Gylly South, United Kingdom, EUROPE","The Rockpool Project | Imported records",NA,"EUROPE",50,"United Kingdom",367,NA,"97d01261-0027-4e89-a0d2-4a7d700f5fdb",NA,NA,17,NA,NA,NA,17,"2022-01-17","24663698",NA,NA,"Chthamalidae",5104,NA,NA,NA,"United Kingdom of Great Britain and Northern Ireland","4595999111","EUROPE","Chthamalus","Chthamalus",2115612,"WGS84",NA,NA,NA,NA,NA,NA,"07f617d0-c688-11d8-bf62-b8a03c50a862",NA,NA,NA,"https://creativecommons.org/licenses/by/4.0/legalcode",NA,"Marine Biological Association, and Biological Records Centre",NA,NA,NA,"Accepted",NA,"e7bdc91a-8a7d-4e4a-8d91-9ec5ce2f0987",NA,"99552c70-f762-11e1-a439-00145eb45e9a",NA,NA,NA,FALSE,NA,"GB",FALSE,"NE",4595999111,"Animalia",1,NA,"2025-06-12T23:10:37.497+00:00","2025-06-12T23:11:22.791+00:00","2025-06-12T23:11:22.791+00:00",50.142879,"http://creativecommons.org/licenses/by/4.0/legalcode",NA,"Gylly South",NA,NA,-5.06855,NA,1,NA,NA,"34387748",NA,"PRESENT","Sessilia",1426,NA,NA,NA,NA,NA,NA,NA,"Arthropoda",54,NA,NA,NA,"DWC_ARCHIVE","EUROPE","GB","f6b48504-1651-4a49-a88d-c2bc6178694d","Holt, B. Ben|Humphries, S. Samuel",NA,NA,NA,NA,"Chthamalus montagui Southward, 1976",NA,NA,"Chthamalus montagui",2115617,"montagui",17,"NBNSYS0000174547","NBNSYS0000174547",2115617,"ACCEPTED","SPECIES",NA,NA,NA,NA,NA,NA,"Montagu's Stellate Barnacle",NA,NA,2022,2025-06-17
"82","Chthamalus montagui Southward, 1976",2115617,NA,NA,NA,"HUMAN_OBSERVATION","99928969553390484","Maxillopoda",203,"Carrickadda, Clare, Ireland, EUROPE","ExploreYourShore",NA,"EUROPE",100,"Ireland",263,"ExploreYourShore","17057301-35d8-4e33-b24f-13da5fe2d265",NA,NA,17,NA,NA,"County=Clare;Abundance=100",48,"2022-02-17",NA,NA,NA,"Chthamalidae",5104,NA,NA,NA,"Ireland","4466063317","EUROPE","Chthamalus","Chthamalus",2115612,"WGS84",NA,NA,"verified by contributor",NA,NA,NA,"d2b97690-bfd6-11de-b279-d52977ace833",NA,"Data has been captured using a grid reference system. Provided location represents cell’s centre point and uncertainty represents cell’s size",NA,NA,NA,NA,NA,NA,NA,NA,NA,"115191753",NA,"99672740-f762-11e1-a439-00145eb45e9a","NBDC",NA,NA,FALSE,NA,"IE",FALSE,"NE",4466063317,"Animalia",1,NA,"2025-06-04T15:56:28.195+00:00","2025-06-04T15:56:52.554+00:00","2025-06-04T15:56:52.554+00:00",53.155799,"http://creativecommons.org/licenses/by/4.0/legalcode",NA,"Carrickadda, Clare",NA,NA,-9.116639,"2025-02-25T09:09:31.000+00:00",2,NA,NA,"ie.nbdc.dataset.ExploreYourShore.99928969553390484",NA,"PRESENT","Sessilia",1426,NA,NA,NA,NA,NA,NA,NA,"Arthropoda",54,NA,NA,NA,"DWC_ARCHIVE","EUROPE","IE","d2b97690-bfd6-11de-b279-d52977ace833","Jamie O'Neill",NA,NA,NA,NA,"Chthamalus montagui Southward, 1976",NA,NA,"Chthamalus montagui",2115617,"montagui",48,NA,NA,2115617,"ACCEPTED","SPECIES","Occurrence",NA,NA,NA,NA,NA,"Montagu's Stellate Barnacle",NA,NA,2022,2025-06-17
"83","Chthamalus montagui Southward, 1976",2115617,NA,NA,NA,"HUMAN_OBSERVATION","99928969553391948","Maxillopoda",203,"Portnoo, Ireland, EUROPE","ExploreYourShore",NA,"EUROPE",100,"Ireland",263,"ExploreYourShore","17057301-35d8-4e33-b24f-13da5fe2d265",NA,NA,19,NA,NA,"County=Donegal;Abundance=F = 100+",78,"2022-03-19",NA,NA,NA,"Chthamalidae",5104,NA,NA,NA,"Ireland","4466050971","EUROPE","Chthamalus","Chthamalus",2115612,"WGS84",NA,NA,"verified by contributor",NA,NA,NA,"d2b97690-bfd6-11de-b279-d52977ace833",NA,"Data has been captured using a grid reference system. Provided location represents cell’s centre point and uncertainty represents cell’s size",NA,NA,NA,NA,NA,NA,NA,NA,NA,"115192204",NA,"99672740-f762-11e1-a439-00145eb45e9a","NBDC",NA,NA,FALSE,NA,"IE",FALSE,"NE",4466050971,"Animalia",1,NA,"2025-06-04T15:56:28.195+00:00","2025-06-04T15:56:56.450+00:00","2025-06-04T15:56:56.450+00:00",54.841814,"http://creativecommons.org/licenses/by/4.0/legalcode",NA,"Portnoo",NA,NA,-8.464868,"2025-02-25T09:09:31.000+00:00",3,NA,NA,"ie.nbdc.dataset.ExploreYourShore.99928969553391948",NA,"PRESENT","Sessilia",1426,NA,NA,NA,NA,NA,NA,NA,"Arthropoda",54,NA,NA,NA,"DWC_ARCHIVE","EUROPE","IE","d2b97690-bfd6-11de-b279-d52977ace833","Dave Wall",NA,NA,NA,NA,"Chthamalus montagui Southward, 1976",NA,NA,"Chthamalus montagui",2115617,"montagui",78,NA,NA,2115617,"ACCEPTED","SPECIES","Occurrence",NA,NA,NA,NA,NA,"Montagu's Stellate Barnacle",NA,NA,2022,2025-06-17
"84","Chthamalus montagui Southward, 1976",2115617,NA,NA,NA,"HUMAN_OBSERVATION","99928969553390766","Maxillopoda",203,"Doolin Point, Clare, Ireland, EUROPE","ExploreYourShore",NA,"EUROPE",100,"Ireland",263,"ExploreYourShore","17057301-35d8-4e33-b24f-13da5fe2d265",NA,NA,15,NA,NA,"County=Clare;Abundance=100",74,"2022-03-15",NA,NA,NA,"Chthamalidae",5104,NA,NA,NA,"Ireland","4466047754","EUROPE","Chthamalus","Chthamalus",2115612,"WGS84",NA,NA,"verified by contributor",NA,NA,NA,"d2b97690-bfd6-11de-b279-d52977ace833",NA,"Data has been captured using a grid reference system. Provided location represents cell’s centre point and uncertainty represents cell’s size",NA,NA,NA,NA,NA,NA,NA,NA,NA,"115192235",NA,"99672740-f762-11e1-a439-00145eb45e9a","NBDC",NA,NA,FALSE,NA,"IE",FALSE,"NE",4466047754,"Animalia",1,NA,"2025-06-04T15:56:28.195+00:00","2025-06-04T15:56:56.407+00:00","2025-06-04T15:56:56.407+00:00",53.017055,"http://creativecommons.org/licenses/by/4.0/legalcode",NA,"Doolin Point, Clare",NA,NA,-9.405118,"2025-02-25T09:09:31.000+00:00",3,NA,NA,"ie.nbdc.dataset.ExploreYourShore.99928969553390766",NA,"PRESENT","Sessilia",1426,NA,NA,NA,NA,NA,NA,NA,"Arthropoda",54,NA,NA,NA,"DWC_ARCHIVE","EUROPE","IE","d2b97690-bfd6-11de-b279-d52977ace833","Jamie O'Neill",NA,NA,NA,NA,"Chthamalus montagui Southward, 1976",NA,NA,"Chthamalus montagui",2115617,"montagui",74,NA,NA,2115617,"ACCEPTED","SPECIES","Occurrence",NA,NA,NA,NA,NA,"Montagu's Stellate Barnacle",NA,NA,2022,2025-06-17
"85","Chthamalus montagui Southward, 1976",2115617,NA,NA,NA,"HUMAN_OBSERVATION","99928969553392985","Maxillopoda",203,"Isle of Doagh, Ireland, EUROPE","ExploreYourShore",NA,"EUROPE",100,"Ireland",263,"ExploreYourShore","17057301-35d8-4e33-b24f-13da5fe2d265",NA,NA,27,NA,NA,"County=Donegal",86,"2022-03-27",NA,NA,NA,"Chthamalidae",5104,NA,NA,NA,"Ireland","4466049520","EUROPE","Chthamalus","Chthamalus",2115612,"WGS84",NA,NA,"verified by contributor",NA,NA,NA,"d2b97690-bfd6-11de-b279-d52977ace833",NA,"Data has been captured using a grid reference system. Provided location represents cell’s centre point and uncertainty represents cell’s size",NA,NA,NA,NA,NA,NA,NA,NA,NA,"115192419",NA,"99672740-f762-11e1-a439-00145eb45e9a","NBDC",NA,NA,FALSE,NA,"IE",FALSE,"NE",4466049520,"Animalia",1,NA,"2025-06-04T15:56:28.195+00:00","2025-06-04T15:56:57.320+00:00","2025-06-04T15:56:57.320+00:00",55.310805,"http://creativecommons.org/licenses/by/4.0/legalcode",NA,"Isle of Doagh",NA,NA,-7.335403,"2025-02-25T09:09:31.000+00:00",3,NA,NA,"ie.nbdc.dataset.ExploreYourShore.99928969553392985",NA,"PRESENT","Sessilia",1426,NA,NA,NA,NA,NA,NA,NA,"Arthropoda",54,NA,NA,NA,"DWC_ARCHIVE","EUROPE","IE","d2b97690-bfd6-11de-b279-d52977ace833","Carol Gilroy",NA,NA,NA,NA,"Chthamalus montagui Southward, 1976",NA,NA,"Chthamalus montagui",2115617,"montagui",86,NA,NA,2115617,"ACCEPTED","SPECIES","Occurrence",NA,NA,NA,NA,NA,"Montagu's Stellate Barnacle",NA,NA,2022,2025-06-17
"86","Chthamalus montagui Southward, 1976",2115617,"Clare",NA,NA,"HUMAN_OBSERVATION","199909592","Maxillopoda",203,"Ireland, EUROPE","Observations",NA,"EUROPE",2,"Ireland",548,NA,"50c9509d-22c7-4a22-a47d-8c48425ef4a7","iNaturalist research-grade observations","2024-02-20T17:09:28",15,NA,NA,NA,74,"2022-03-15T11:08Z",NA,NA,"11:08:00+00:00","Chthamalidae",5104,NA,NA,NA,"Ireland","4525271272","EUROPE","Chthamalus","Chthamalus",2115612,"WGS84",NA,NA,NA,NA,NA,NA,"28eb1a3f-1c15-4a95-931a-4af90ecb574d","wild",NA,NA,NA,"swimjamie",NA,"453064678",NA,NA,NA,"Jamie O'Neill","199909592",NA,"997448a8-f762-11e1-a439-00145eb45e9a","iNaturalist",NA,NA,FALSE,NA,"IE",FALSE,"NE",4525271272,"Animalia",1,NA,"2025-06-06T14:41:08.836+00:00","2025-06-07T01:57:19.932+00:00","2025-06-07T01:57:19.932+00:00",53.016992,"http://creativecommons.org/licenses/by-nc/4.0/legalcode",NA,NA,NA,NA,-9.405701,"2024-09-21T11:23:29.000+00:00",3,NA,NA,"https://www.inaturalist.org/observations/199909592",NA,"PRESENT","Sessilia",1426,NA,NA,NA,NA,NA,NA,NA,"Arthropoda",54,NA,NA,NA,"DWC_ARCHIVE","NORTH_AMERICA","US","28eb1a3f-1c15-4a95-931a-4af90ecb574d","Jamie O'Neill",NA,"https://www.inaturalist.org/observations/199909592","Jamie O'Neill",NA,"Chthamalus montagui Southward, 1976",NA,NA,"Chthamalus montagui",2115617,"montagui",74,NA,"197140",2115617,"ACCEPTED","SPECIES",NA,NA,NA,"2022/03/15 11:08 AM",NA,"Doolin Point, Clare, Ireland",NA,NA,NA,2022,2025-06-17
"91","Chthamalus montagui Southward, 1976",2115617,"Basse-Normandie",NA,NA,"HUMAN_OBSERVATION","111350788","Maxillopoda",203,"France, EUROPE","Observations",NA,"EUROPE",15,"France",548,NA,"50c9509d-22c7-4a22-a47d-8c48425ef4a7","iNaturalist research-grade observations","2022-04-13T21:18:40",13,NA,NA,NA,103,"2022-04-13T13:39",NA,NA,"13:39:00+02:00","Chthamalidae",5104,NA,NA,NA,"France","4413937409","EUROPE","Chthamalus","Chthamalus",2115612,"WGS84",NA,NA,NA,NA,NA,NA,"28eb1a3f-1c15-4a95-931a-4af90ecb574d","wild",NA,NA,NA,"guillaume_lemonnier",NA,"249073016",NA,NA,NA,"Guillaume Lemonnier","111350788",NA,"997448a8-f762-11e1-a439-00145eb45e9a","iNaturalist",NA,NA,FALSE,NA,"FR",FALSE,"NE",4413937409,"Animalia",1,NA,"2025-06-06T14:41:08.836+00:00","2025-06-07T01:14:43.228+00:00","2025-06-07T01:14:43.228+00:00",49.690225,"http://creativecommons.org/licenses/by-nc/4.0/legalcode",NA,NA,NA,NA,-1.936837,"2024-03-15T16:44:09.000+00:00",4,NA,NA,"https://www.inaturalist.org/observations/111350788",NA,"PRESENT","Sessilia",1426,NA,NA,NA,NA,NA,NA,NA,"Arthropoda",54,NA,NA,"https://www.inaturalist.org/projects/estrans-de-france-intertidal-zones-of-france|https://www.inaturalist.org/projects/abiome-plantes-et-animaux-sauvages-de-nos-contrees-wild-plants-and-animals-of-our-regions|https://www.inaturalist.org/projects/estrans-de-normandie","DWC_ARCHIVE","NORTH_AMERICA","US","28eb1a3f-1c15-4a95-931a-4af90ecb574d","Guillaume Lemonnier",NA,"https://www.inaturalist.org/observations/111350788","Guillaume Lemonnier",NA,"Chthamalus montagui Southward, 1976",NA,NA,"Chthamalus montagui",2115617,"montagui",103,NA,"197140",2115617,"ACCEPTED","SPECIES",NA,NA,NA,"2022/04/13 1:39 PM CEST",NA,"Manche, Basse-Normandie, FR",NA,NA,NA,2022,2025-06-17
"95","Chthamalus montagui Southward, 1976",2115617,"England",NA,NA,"HUMAN_OBSERVATION",NA,"Maxillopoda",203,"Maenporth Bay South, United Kingdom, EUROPE","The Rockpool Project | Imported records",NA,"EUROPE",50,"United Kingdom",367,NA,"97d01261-0027-4e89-a0d2-4a7d700f5fdb",NA,NA,2,NA,NA,NA,122,"2022-05-02","24663818",NA,NA,"Chthamalidae",5104,NA,NA,NA,"United Kingdom of Great Britain and Northern Ireland","4596008071","EUROPE","Chthamalus","Chthamalus",2115612,"WGS84",NA,NA,NA,NA,NA,NA,"07f617d0-c688-11d8-bf62-b8a03c50a862",NA,NA,NA,"https://creativecommons.org/licenses/by/4.0/legalcode",NA,"Marine Biological Association, and Biological Records Centre",NA,NA,NA,"Accepted",NA,"09205c27-2f82-4b6e-bd15-4bce87a000bd",NA,"99552c70-f762-11e1-a439-00145eb45e9a",NA,NA,NA,FALSE,NA,"GB",FALSE,"NE",4596008071,"Animalia",1,NA,"2025-06-12T23:10:37.497+00:00","2025-06-12T23:11:13.859+00:00","2025-06-12T23:11:13.859+00:00",50.124731,"http://creativecommons.org/licenses/by/4.0/legalcode",NA,"Maenporth Bay South",NA,NA,-5.091034,NA,5,NA,NA,"34389648",NA,"PRESENT","Sessilia",1426,NA,NA,NA,NA,NA,NA,NA,"Arthropoda",54,NA,NA,NA,"DWC_ARCHIVE","EUROPE","GB","f6b48504-1651-4a49-a88d-c2bc6178694d","Sarah|Wheeler, E. Emma",NA,NA,NA,NA,"Chthamalus montagui Southward, 1976",NA,NA,"Chthamalus montagui",2115617,"montagui",122,"NBNSYS0000174547","NBNSYS0000174547",2115617,"ACCEPTED","SPECIES",NA,NA,NA,NA,NA,NA,"Montagu's Stellate Barnacle",NA,NA,2022,2025-06-17
"96","Chthamalus montagui Southward, 1976",2115617,"Northern Ireland",NA,NA,"HUMAN_OBSERVATION","117766257","Maxillopoda",203,"United Kingdom, EUROPE","Observations",NA,"EUROPE",15,"United Kingdom",548,NA,"50c9509d-22c7-4a22-a47d-8c48425ef4a7","iNaturalist research-grade observations","2022-05-19T19:11:22",18,NA,NA,NA,138,"2022-05-18T15:25",NA,NA,"15:25:00+01:00","Chthamalidae",5104,NA,NA,NA,"United Kingdom of Great Britain and Northern Ireland","3785151488","EUROPE","Chthamalus","Chthamalus",2115612,"WGS84",NA,NA,NA,NA,NA,NA,"28eb1a3f-1c15-4a95-931a-4af90ecb574d","wild",NA,NA,NA,"brigid_nature",NA,"261926176",NA,NA,NA,"Brigid O'Connor","117766257",NA,"997448a8-f762-11e1-a439-00145eb45e9a","iNaturalist",NA,NA,FALSE,NA,"GB",FALSE,"NE",3785151488,"Animalia",1,NA,"2025-06-06T14:41:08.836+00:00","2025-06-07T01:12:03.994+00:00","2025-06-07T01:12:03.994+00:00",55.190736,"http://creativecommons.org/licenses/by-nc/4.0/legalcode",NA,NA,NA,NA,-6.711097,"2022-05-21T08:29:22.000+00:00",5,NA,NA,"https://www.inaturalist.org/observations/117766257",NA,"PRESENT","Sessilia",1426,NA,NA,NA,NA,NA,NA,NA,"Arthropoda",54,NA,NA,NA,"DWC_ARCHIVE","NORTH_AMERICA","US","28eb1a3f-1c15-4a95-931a-4af90ecb574d","Brigid O'Connor",NA,"https://www.inaturalist.org/observations/117766257","Brigid O'Connor",NA,"Chthamalus montagui Southward, 1976",NA,NA,"Chthamalus montagui",2115617,"montagui",138,NA,"197140",2115617,"ACCEPTED","SPECIES",NA,NA,NA,"2022/05/18 3:25 PM",NA,"Portstewart, UK",NA,NA,NA,2022,2025-06-17
"98","Chthamalus montagui Southward, 1976",2115617,NA,NA,NA,"HUMAN_OBSERVATION",NA,"Maxillopoda",203,"United Kingdom, EUROPE",NA,NA,"EUROPE",200,"United Kingdom",1,NA,"35d8478e-06b3-4851-a55a-bb166fa53832",NA,NA,14,NA,NA,NA,134,"2022-05-14","QUADS_CW_2022EN_Hol_L",NA,NA,"Chthamalidae",5104,NA,NA,NA,"United Kingdom of Great Britain and Northern Ireland","5106984604","EUROPE","Chthamalus","Chthamalus",2115612,"WGS84",NA,NA,NA,NA,NA,NA,"cdcc4ce1-7f6e-4ed2-b47c-eb451925b038",NA,NA,NA,NA,NA,NA,NA,NA,NA,NA,NA,"CIBIO_CW_2022EN_Hol_QL_153",NA,"06d75b22-fc7a-42ff-a14f-65a25cd0f3ab",NA,NA,NA,FALSE,NA,"GB",FALSE,"NE",5106984604,"Animalia",1,NA,"2025-04-14T08:40:40.760+00:00","2025-04-14T08:42:13.326+00:00","2025-04-14T08:42:13.326+00:00",53.319644,"http://creativecommons.org/licenses/by/4.0/legalcode",NA,NA,NA,"flat surface in low-intertidal zone",-4.660771,NA,5,NA,NA,"CIBIO_CW_2022EN_Hol_QL_153",NA,"ABSENT","Sessilia",1426,NA,NA,NA,NA,NA,NA,"QUADS_CW_2022-23","Arthropoda",54,NA,NA,NA,"EML","EUROPE","PT","37560003-ae75-43c3-95aa-48c98797aa2a",NA,NA,NA,NA,NA,"Chthamalus montagui Southward, 1976","urn:lsid:marinespecies.org:taxname:106230",NA,"Chthamalus montagui",2115617,"montagui",134,NA,NA,2115617,"ACCEPTED","SPECIES",NA,NA,NA,NA,"Chthamalus montagui",NA,NA,NA,NA,2022,2025-06-17
"102","Chthamalus montagui Southward, 1976",2115617,NA,NA,NA,"HUMAN_OBSERVATION",NA,"Maxillopoda",203,"Ireland, EUROPE",NA,NA,"EUROPE",200,"Ireland",1,NA,"35d8478e-06b3-4851-a55a-bb166fa53832",NA,NA,16,NA,NA,NA,136,"2022-05-16","QUADS_CW_2022IE_Eml_L",NA,NA,"Chthamalidae",5104,NA,NA,NA,"Ireland","5106994517","EUROPE","Chthamalus","Chthamalus",2115612,"WGS84",NA,NA,NA,NA,NA,NA,"cdcc4ce1-7f6e-4ed2-b47c-eb451925b038",NA,NA,NA,NA,NA,NA,NA,NA,NA,NA,NA,"CIBIO_CW_2022IE_Eml_QL_152",NA,"06d75b22-fc7a-42ff-a14f-65a25cd0f3ab",NA,NA,NA,FALSE,NA,"IE",FALSE,"NE",5106994517,"Animalia",1,NA,"2025-04-14T08:40:40.760+00:00","2025-04-14T08:42:16.073+00:00","2025-04-14T08:42:16.073+00:00",53.750704,"http://creativecommons.org/licenses/by/4.0/legalcode",NA,NA,NA,"flat surface in low-intertidal zone",-9.904551,NA,5,NA,NA,"CIBIO_CW_2022IE_Eml_QL_152",NA,"ABSENT","Sessilia",1426,NA,NA,NA,NA,NA,NA,"QUADS_CW_2022-23","Arthropoda",54,NA,NA,NA,"EML","EUROPE","PT","37560003-ae75-43c3-95aa-48c98797aa2a",NA,NA,NA,NA,NA,"Chthamalus montagui Southward, 1976","urn:lsid:marinespecies.org:taxname:106230",NA,"Chthamalus montagui",2115617,"montagui",136,NA,NA,2115617,"ACCEPTED","SPECIES",NA,NA,NA,NA,"Chthamalus montagui",NA,NA,NA,NA,2022,2025-06-17
"106","Chthamalus montagui Southward, 1976",2115617,NA,NA,NA,"HUMAN_OBSERVATION",NA,"Maxillopoda",203,"Ireland, EUROPE",NA,NA,"EUROPE",200,"Ireland",1,NA,"35d8478e-06b3-4851-a55a-bb166fa53832",NA,NA,15,NA,NA,NA,135,"2022-05-15","QUADS_CW_2022IE_MCa_L",NA,NA,"Chthamalidae",5104,NA,NA,NA,"Ireland","5106994774","EUROPE","Chthamalus","Chthamalus",2115612,"WGS84",NA,NA,NA,NA,NA,NA,"cdcc4ce1-7f6e-4ed2-b47c-eb451925b038",NA,NA,NA,NA,NA,NA,NA,NA,NA,NA,NA,"CIBIO_CW_2022IE_MCa_QL_152",NA,"06d75b22-fc7a-42ff-a14f-65a25cd0f3ab",NA,NA,NA,FALSE,NA,"IE",FALSE,"NE",5106994774,"Animalia",1,NA,"2025-04-14T08:40:40.760+00:00","2025-04-14T08:42:16.087+00:00","2025-04-14T08:42:16.087+00:00",52.125869,"http://creativecommons.org/licenses/by/4.0/legalcode",NA,NA,NA,"flat surface in low-intertidal zone",-10.109911,NA,5,NA,NA,"CIBIO_CW_2022IE_MCa_QL_152",NA,"ABSENT","Sessilia",1426,NA,NA,NA,NA,NA,NA,"QUADS_CW_2022-23","Arthropoda",54,NA,NA,NA,"EML","EUROPE","PT","37560003-ae75-43c3-95aa-48c98797aa2a",NA,NA,NA,NA,NA,"Chthamalus montagui Southward, 1976","urn:lsid:marinespecies.org:taxname:106230",NA,"Chthamalus montagui",2115617,"montagui",135,NA,NA,2115617,"ACCEPTED","SPECIES",NA,NA,NA,NA,"Chthamalus montagui",NA,NA,NA,NA,2022,2025-06-17
"110","Chthamalus montagui Southward, 1976",2115617,NA,NA,NA,"HUMAN_OBSERVATION",NA,"Maxillopoda",203,"United Kingdom, EUROPE",NA,NA,"EUROPE",200,"United Kingdom",1,NA,"35d8478e-06b3-4851-a55a-bb166fa53832",NA,NA,18,NA,NA,NA,138,"2022-05-18","QUADS_CW_2022SC_SCa_L",NA,NA,"Chthamalidae",5104,NA,NA,NA,"United Kingdom of Great Britain and Northern Ireland","5106999870","EUROPE","Chthamalus","Chthamalus",2115612,"WGS84",NA,NA,NA,NA,NA,NA,"cdcc4ce1-7f6e-4ed2-b47c-eb451925b038",NA,NA,NA,NA,NA,NA,NA,NA,NA,NA,NA,"CIBIO_CW_2022SC_SCa_QL_152",NA,"06d75b22-fc7a-42ff-a14f-65a25cd0f3ab",NA,NA,NA,FALSE,NA,"GB",FALSE,"NE",5106999870,"Animalia",1,NA,"2025-04-14T08:40:40.760+00:00","2025-04-14T08:42:16.400+00:00","2025-04-14T08:42:16.400+00:00",54.972346,"http://creativecommons.org/licenses/by/4.0/legalcode",NA,NA,NA,"flat surface in low-intertidal zone",-5.179356,NA,5,NA,NA,"CIBIO_CW_2022SC_SCa_QL_152",NA,"ABSENT","Sessilia",1426,NA,NA,NA,NA,NA,NA,"QUADS_CW_2022-23","Arthropoda",54,NA,NA,NA,"EML","EUROPE","PT","37560003-ae75-43c3-95aa-48c98797aa2a",NA,NA,NA,NA,NA,"Chthamalus montagui Southward, 1976","urn:lsid:marinespecies.org:taxname:106230",NA,"Chthamalus montagui",2115617,"montagui",138,NA,NA,2115617,"ACCEPTED","SPECIES",NA,NA,NA,NA,"Chthamalus montagui",NA,NA,NA,NA,2022,2025-06-17
"116","Chthamalus montagui Southward, 1976",2115617,NA,NA,NA,"HUMAN_OBSERVATION",NA,"Maxillopoda",203,"United Kingdom, EUROPE",NA,NA,"EUROPE",200,"United Kingdom",1,NA,"35d8478e-06b3-4851-a55a-bb166fa53832",NA,NA,16,NA,NA,NA,197,"2022-07-16","QUADS_CW_2022EN_Wem_L",NA,NA,"Chthamalidae",5104,NA,NA,NA,"United Kingdom of Great Britain and Northern Ireland","5106999608","EUROPE","Chthamalus","Chthamalus",2115612,"WGS84",NA,NA,NA,NA,NA,NA,"cdcc4ce1-7f6e-4ed2-b47c-eb451925b038",NA,NA,NA,NA,NA,NA,NA,NA,NA,NA,NA,"CIBIO_CW_2022EN_Wem_QL_152",NA,"06d75b22-fc7a-42ff-a14f-65a25cd0f3ab",NA,NA,NA,FALSE,NA,"GB",FALSE,"NE",5106999608,"Animalia",1,NA,"2025-04-14T08:40:40.760+00:00","2025-04-14T08:42:16.383+00:00","2025-04-14T08:42:16.383+00:00",50.314965,"http://creativecommons.org/licenses/by/4.0/legalcode",NA,NA,NA,"flat surface in low-intertidal zone",-4.108999,NA,7,NA,NA,"CIBIO_CW_2022EN_Wem_QL_152",NA,"ABSENT","Sessilia",1426,NA,NA,NA,NA,NA,NA,"QUADS_CW_2022-23","Arthropoda",54,NA,NA,NA,"EML","EUROPE","PT","37560003-ae75-43c3-95aa-48c98797aa2a",NA,NA,NA,NA,NA,"Chthamalus montagui Southward, 1976","urn:lsid:marinespecies.org:taxname:106230",NA,"Chthamalus montagui",2115617,"montagui",197,NA,NA,2115617,"ACCEPTED","SPECIES",NA,NA,NA,NA,"Chthamalus montagui",NA,NA,NA,NA,2022,2025-06-17
"121","Chthamalus montagui Southward, 1976",2115617,"England",NA,NA,"HUMAN_OBSERVATION",NA,"Maxillopoda",203,"Castle Drive North, United Kingdom, EUROPE","The Rockpool Project | Imported records",NA,"EUROPE",50,"United Kingdom",367,NA,"97d01261-0027-4e89-a0d2-4a7d700f5fdb",NA,NA,1,NA,NA,NA,213,"2022-08-01","24663971",NA,NA,"Chthamalidae",5104,NA,NA,NA,"United Kingdom of Great Britain and Northern Ireland","4596007523","EUROPE","Chthamalus","Chthamalus",2115612,"WGS84",NA,NA,NA,NA,NA,NA,"07f617d0-c688-11d8-bf62-b8a03c50a862",NA,NA,NA,"https://creativecommons.org/licenses/by/4.0/legalcode",NA,"Marine Biological Association, and Biological Records Centre",NA,NA,NA,"Accepted",NA,"50ada806-bc4d-410b-b90b-6e146a159f4f",NA,"99552c70-f762-11e1-a439-00145eb45e9a",NA,NA,NA,FALSE,NA,"GB",FALSE,"NE",4596007523,"Animalia",1,NA,"2025-06-12T23:10:37.497+00:00","2025-06-12T23:11:22.198+00:00","2025-06-12T23:11:22.198+00:00",50.146726,"http://creativecommons.org/licenses/by/4.0/legalcode",NA,"Castle Drive North",NA,NA,-5.05093,NA,8,NA,NA,"34391532",NA,"PRESENT","Sessilia",1426,NA,NA,NA,NA,NA,NA,NA,"Arthropoda",54,NA,NA,NA,"DWC_ARCHIVE","EUROPE","GB","f6b48504-1651-4a49-a88d-c2bc6178694d","Holt, B. Ben|Austin, K. Karen",NA,NA,NA,NA,"Chthamalus montagui Southward, 1976",NA,NA,"Chthamalus montagui",2115617,"montagui",213,"NBNSYS0000174547","NBNSYS0000174547",2115617,"ACCEPTED","SPECIES",NA,NA,NA,NA,NA,NA,"Montagu's Stellate Barnacle",NA,NA,2022,2025-06-17
"124","Chthamalus montagui Southward, 1976",2115617,"England",NA,NA,"HUMAN_OBSERVATION",NA,"Maxillopoda",203,"Gylly North, United Kingdom, EUROPE","The Rockpool Project | Imported records",NA,"EUROPE",50,"United Kingdom",367,NA,"97d01261-0027-4e89-a0d2-4a7d700f5fdb",NA,NA,25,NA,NA,NA,237,"2022-08-25","24664011",NA,NA,"Chthamalidae",5104,NA,NA,NA,"United Kingdom of Great Britain and Northern Ireland","4595995811","EUROPE","Chthamalus","Chthamalus",2115612,"WGS84",NA,NA,NA,NA,NA,NA,"07f617d0-c688-11d8-bf62-b8a03c50a862",NA,NA,NA,"https://creativecommons.org/licenses/by/4.0/legalcode",NA,"Marine Biological Association, and Biological Records Centre",NA,NA,NA,"Accepted",NA,"a24dfa3f-b49d-4667-8de2-91ab4bcd0eb0",NA,"99552c70-f762-11e1-a439-00145eb45e9a",NA,NA,NA,FALSE,NA,"GB",FALSE,"NE",4595995811,"Animalia",1,NA,"2025-06-12T23:10:37.497+00:00","2025-06-12T23:11:16.120+00:00","2025-06-12T23:11:16.120+00:00",50.145015,"http://creativecommons.org/licenses/by/4.0/legalcode",NA,"Gylly North",NA,NA,-5.064832,NA,8,NA,NA,"34392195",NA,"PRESENT","Sessilia",1426,NA,NA,NA,NA,NA,NA,NA,"Arthropoda",54,NA,NA,NA,"DWC_ARCHIVE","EUROPE","GB","f6b48504-1651-4a49-a88d-c2bc6178694d","Ireland, C. Callum|Allen, Z. Zoe|Wildman, R. Rebecca",NA,NA,NA,NA,"Chthamalus montagui Southward, 1976",NA,NA,"Chthamalus montagui",2115617,"montagui",237,"NBNSYS0000174547","NBNSYS0000174547",2115617,"ACCEPTED","SPECIES",NA,NA,NA,NA,NA,NA,"Montagu's Stellate Barnacle",NA,NA,2022,2025-06-17
