"","acceptedScientificName","acceptedTaxonKey","adm1","adm2","associatedReferences","basisOfRecord","bibliographicCitation","catalogNumber","class","classKey","cloc","collectionCode","collectionID","collectionKey","continent","coordinatePrecision","coordinateUncertaintyInMeters","country","crawlId","datasetID","datasetKey","datasetName","dateIdentified","day","depth","depthAccuracy","disposition","distanceFromCentroidInMeters","dynamicProperties","endDayOfYear","eventDate","eventID","eventRemarks","eventTime","family","familyKey","fieldNotes","fieldNumber","footprintSRS","footprintWKT","fullCountry","gbifID","gbifRegion","genericName","genus","genusKey","geodeticDatum","georeferencedBy","georeferenceRemarks","georeferenceVerificationStatus","habitat","higherClassification","higherGeography","hostingOrganizationKey","http://unknown.org/captive_cultivated","http://unknown.org/georeferenceRemarks","http://unknown.org/language","http://unknown.org/license","http://unknown.org/modified","http://unknown.org/nick","http://unknown.org/rightsHolder","identificationID","identificationQualifier","identificationRemarks","identificationVerificationStatus","identifiedBy","identifier","individualCount","installationKey","institutionCode","institutionID","institutionKey","isInCluster","islandGroup","ISO2","isSequenced","iucnRedListCategory","key","kingdom","kingdomKey","language","lastCrawled","lastInterpreted","lastParsed","lat","license","lifeStage","locality","locationID","locationRemarks","lon","materialEntityID","modified","month","municipality","nameAccordingTo","nomenclaturalCode","occurrenceID","occurrenceRemarks","occurrenceStatus","order","orderKey","organismQuantity","organismQuantityType","organismRemarks","originalNameUsage","otherCatalogNumbers","ownerInstitutionCode","parentEventID","parentNameUsage","phylum","phylumKey","preparations","previousIdentifications","projectId","protocol","publishedByGbifRegion","publishingCountry","publishingOrgKey","recordedBy","recordNumber","references","rightsHolder","samplingProtocol","scientificName","scientificNameID","sex","species","speciesKey","specificEpithet","startDayOfYear","taxonConceptID","taxonID","taxonKey","taxonomicStatus","taxonRank","type","typeStatus","verbatimDepth","verbatimEventDate","verbatimIdentification","verbatimLocality","vernacularName","vitality","waterBody","year","downloadDate"
"1","Semibalanus balanoides (Linnaeus, 1767)",2115784,"Scotland",NA,NA,"HUMAN_OBSERVATION",NA,"257355458","Maxillopoda",203,"United Kingdom, EUROPE","Observations",NA,NA,"EUROPE",NA,9,"United Kingdom",548,NA,"50c9509d-22c7-4a22-a47d-8c48425ef4a7","iNaturalist research-grade observations","2025-01-04T14:29:13",4,NA,NA,NA,NA,NA,4,"2025-01-04T14:28:22Z",NA,NA,"14:28:22+00:00","Archaeobalanidae",5103,NA,NA,NA,NA,"United Kingdom of Great Britain and Northern Ireland","5007599776","EUROPE","Semibalanus","Semibalanus",2115783,"WGS84",NA,NA,NA,NA,NA,NA,"28eb1a3f-1c15-4a95-931a-4af90ecb574d","wild",NA,NA,NA,NA,"sugarsnap_t",NA,"580165120",NA,NA,NA,"sugarsnap_t","257355458",NA,"997448a8-f762-11e1-a439-00145eb45e9a","iNaturalist",NA,NA,FALSE,NA,"GB",FALSE,"NE",5007599776,"Animalia",1,NA,"2025-06-06T14:41:08.836+00:00","2025-06-07T03:01:02.867+00:00","2025-06-07T03:01:02.867+00:00",56.102792,"http://creativecommons.org/licenses/by/4.0/legalcode",NA,NA,NA,NA,-3.158872,NA,"2025-04-11T03:48:49.000+00:00",1,NA,NA,NA,"https://www.inaturalist.org/observations/257355458",NA,"PRESENT","Sessilia",1426,NA,NA,NA,NA,NA,NA,NA,NA,"Arthropoda",54,NA,NA,NA,"DWC_ARCHIVE","NORTH_AMERICA","US","28eb1a3f-1c15-4a95-931a-4af90ecb574d","sugarsnap_t",NA,"https://www.inaturalist.org/observations/257355458","sugarsnap_t",NA,"Semibalanus balanoides (Linnaeus, 1767)",NA,NA,"Semibalanus balanoides",2115784,"balanoides",4,NA,"118832",2115784,"ACCEPTED","SPECIES",NA,NA,NA,"2025-01-04 14:28:22",NA,"Kirkcaldy West, UK",NA,NA,NA,2025,2025-06-17
"2","Semibalanus balanoides (Linnaeus, 1767)",2115784,"England",NA,NA,"HUMAN_OBSERVATION",NA,NA,"Maxillopoda",203,"Adur Estuary, Shoreham-By-Sea, near railway bridge, United Kingdom, EUROPE","iRecord | General data",NA,NA,"EUROPE",NA,50,"United Kingdom",367,NA,"97d01261-0027-4e89-a0d2-4a7d700f5fdb",NA,NA,10,NA,NA,NA,NA,NA,10,"2025-01-10","28462261","Tidal river estuary",NA,"Archaeobalanidae",5103,NA,NA,NA,NA,"United Kingdom of Great Britain and Northern Ireland","5151927862","EUROPE","Semibalanus","Semibalanus",2115783,"WGS84",NA,NA,NA,NA,NA,NA,"07f617d0-c688-11d8-bf62-b8a03c50a862",NA,NA,NA,"https://creativecommons.org/licenses/by/4.0/legalcode",NA,NA,"Marine Biological Association, and Biological Records Centre",NA,NA,NA,"Accepted - correct","Phillips, Nick","40c6b7a7-2662-4410-a720-e5a80866c28d",NA,"99552c70-f762-11e1-a439-00145eb45e9a",NA,NA,NA,FALSE,NA,"GB",FALSE,"NE",5151927862,"Animalia",1,NA,"2025-06-12T23:10:37.497+00:00","2025-06-12T23:11:15.106+00:00","2025-06-12T23:11:15.106+00:00",50.833619,"http://creativecommons.org/licenses/by/4.0/legalcode","Adult","Adur Estuary, Shoreham-By-Sea, near railway bridge",NA,NA,-0.284075,NA,NA,1,NA,NA,NA,"40070710","Observed incidental to an algal survey","PRESENT","Sessilia",1426,NA,NA,NA,NA,NA,NA,NA,NA,"Arthropoda",54,NA,NA,NA,"DWC_ARCHIVE","EUROPE","GB","f6b48504-1651-4a49-a88d-c2bc6178694d","Phillips, N. Nick",NA,NA,NA,NA,"Semibalanus balanoides (Linnaeus, 1767)",NA,"Indeterminate","Semibalanus balanoides",2115784,"balanoides",10,"NBNSYS0000042568","NBNSYS0000042568",2115784,"ACCEPTED","SPECIES",NA,NA,NA,NA,NA,NA,"Acorn Barnacle",NA,NA,2025,2025-06-17
"3","Semibalanus balanoides (Linnaeus, 1767)",2115784,"England",NA,NA,"HUMAN_OBSERVATION",NA,NA,"Maxillopoda",203,"Adur Estuary, Shoreham-By-Sea, below A259 bridge, United Kingdom, EUROPE","iRecord | General data",NA,NA,"EUROPE",NA,50,"United Kingdom",367,NA,"97d01261-0027-4e89-a0d2-4a7d700f5fdb",NA,NA,10,NA,NA,NA,NA,NA,10,"2025-01-10","28462493","Tidal river, algae in shallow pools",NA,"Archaeobalanidae",5103,NA,NA,NA,NA,"United Kingdom of Great Britain and Northern Ireland","5151927336","EUROPE","Semibalanus","Semibalanus",2115783,"WGS84",NA,NA,NA,NA,NA,NA,"07f617d0-c688-11d8-bf62-b8a03c50a862",NA,NA,NA,"https://creativecommons.org/licenses/by/4.0/legalcode",NA,NA,"Marine Biological Association, and Biological Records Centre",NA,NA,NA,"Accepted - correct","Phillips, Nick","444259c9-d71a-41ac-aa8d-a906bda63ef4",NA,"99552c70-f762-11e1-a439-00145eb45e9a",NA,NA,NA,FALSE,NA,"GB",FALSE,"NE",5151927336,"Animalia",1,NA,"2025-06-12T23:10:37.497+00:00","2025-06-12T23:11:18.457+00:00","2025-06-12T23:11:18.457+00:00",50.831754,"http://creativecommons.org/licenses/by/4.0/legalcode","Adult","Adur Estuary, Shoreham-By-Sea, below A259 bridge",NA,NA,-0.279984,NA,NA,1,NA,NA,NA,"40071030","Observed incidental to an algal survey","PRESENT","Sessilia",1426,NA,NA,NA,NA,NA,NA,NA,NA,"Arthropoda",54,NA,NA,NA,"DWC_ARCHIVE","EUROPE","GB","f6b48504-1651-4a49-a88d-c2bc6178694d","Phillips, N. Nick",NA,NA,NA,NA,"Semibalanus balanoides (Linnaeus, 1767)",NA,"Indeterminate","Semibalanus balanoides",2115784,"balanoides",10,"NBNSYS0000042568","NBNSYS0000042568",2115784,"ACCEPTED","SPECIES",NA,NA,NA,NA,NA,NA,"Acorn Barnacle",NA,NA,2025,2025-06-17
"4","Semibalanus balanoides (Linnaeus, 1767)",2115784,"Wales",NA,NA,"HUMAN_OBSERVATION",NA,"260539302","Maxillopoda",203,"United Kingdom, EUROPE","Observations",NA,NA,"EUROPE",NA,NA,"United Kingdom",548,NA,"50c9509d-22c7-4a22-a47d-8c48425ef4a7","iNaturalist research-grade observations","2025-02-03T21:53:51",3,NA,NA,NA,NA,NA,34,"2025-02-03T21:25:37Z",NA,NA,"21:25:37+00:00","Archaeobalanidae",5103,NA,NA,NA,NA,"United Kingdom of Great Britain and Northern Ireland","5063803419","EUROPE","Semibalanus","Semibalanus",2115783,"WGS84",NA,NA,NA,NA,NA,NA,"28eb1a3f-1c15-4a95-931a-4af90ecb574d","wild",NA,NA,NA,NA,"yolandave_24",NA,"589240296",NA,NA,NA,"Yolanda Evans","260539302",NA,"997448a8-f762-11e1-a439-00145eb45e9a","iNaturalist",NA,NA,FALSE,NA,"GB",FALSE,"NE",5063803419,"Animalia",1,NA,"2025-06-06T14:41:08.836+00:00","2025-06-07T01:03:05.474+00:00","2025-06-07T01:03:05.474+00:00",53.220833,"http://creativecommons.org/licenses/by-nc/4.0/legalcode",NA,NA,NA,NA,-4.164458,NA,"2025-04-14T07:18:57.000+00:00",2,NA,NA,NA,"https://www.inaturalist.org/observations/260539302",NA,"PRESENT","Sessilia",1426,NA,NA,NA,NA,NA,NA,NA,NA,"Arthropoda",54,NA,NA,NA,"DWC_ARCHIVE","NORTH_AMERICA","US","28eb1a3f-1c15-4a95-931a-4af90ecb574d","Yolanda Evans",NA,"https://www.inaturalist.org/observations/260539302","Yolanda Evans",NA,"Semibalanus balanoides (Linnaeus, 1767)",NA,NA,"Semibalanus balanoides",2115784,"balanoides",34,NA,"118832",2115784,"ACCEPTED","SPECIES",NA,NA,NA,"2025-02-03 21:25:37",NA,"Menai Bridge, UK",NA,NA,NA,2025,2025-06-17
"5","Semibalanus balanoides (Linnaeus, 1767)",2115784,"England",NA,NA,"HUMAN_OBSERVATION",NA,"261668786","Maxillopoda",203,"United Kingdom, EUROPE","Observations",NA,NA,"EUROPE",NA,4,"United Kingdom",548,NA,"50c9509d-22c7-4a22-a47d-8c48425ef4a7","iNaturalist research-grade observations","2025-02-14T23:05:36",14,NA,NA,NA,NA,"{""evidenceOfPresence"":""organism""}",45,"2025-02-14T12:33:20Z",NA,NA,"12:33:20+00:00","Archaeobalanidae",5103,NA,NA,NA,NA,"United Kingdom of Great Britain and Northern Ireland","5087177229","EUROPE","Semibalanus","Semibalanus",2115783,"WGS84",NA,NA,NA,NA,NA,NA,"28eb1a3f-1c15-4a95-931a-4af90ecb574d","wild",NA,NA,NA,NA,"campbellfmh",NA,"592463125",NA,NA,NA,"campbellfmh","261668786",NA,"997448a8-f762-11e1-a439-00145eb45e9a","iNaturalist",NA,NA,FALSE,NA,"GB",FALSE,"NE",5087177229,"Animalia",1,NA,"2025-06-06T14:41:08.836+00:00","2025-06-07T01:21:02.620+00:00","2025-06-07T01:21:02.620+00:00",54.274022,"http://creativecommons.org/licenses/by-nc/4.0/legalcode",NA,NA,NA,NA,-0.394078,NA,"2025-04-15T15:38:54.000+00:00",2,NA,NA,NA,"https://www.inaturalist.org/observations/261668786",NA,"PRESENT","Sessilia",1426,NA,NA,NA,NA,NA,NA,NA,NA,"Arthropoda",54,NA,NA,NA,"DWC_ARCHIVE","NORTH_AMERICA","US","28eb1a3f-1c15-4a95-931a-4af90ecb574d","campbellfmh",NA,"https://www.inaturalist.org/observations/261668786","campbellfmh",NA,"Semibalanus balanoides (Linnaeus, 1767)",NA,NA,"Semibalanus balanoides",2115784,"balanoides",45,NA,"118832",2115784,"ACCEPTED","SPECIES",NA,NA,NA,"2025-02-14 12:33:20Z",NA,"South Bay, Scarborough, England, GB",NA,"alive",NA,2025,2025-06-17
"6","Semibalanus balanoides (Linnaeus, 1767)",2115784,"England",NA,NA,"HUMAN_OBSERVATION",NA,"261721131","Maxillopoda",203,"United Kingdom, EUROPE","Observations",NA,NA,"EUROPE",NA,NA,"United Kingdom",548,NA,"50c9509d-22c7-4a22-a47d-8c48425ef4a7","iNaturalist research-grade observations","2025-02-15T13:27:05",15,NA,NA,NA,NA,NA,46,"2025-02-15T13:07:59Z",NA,NA,"13:07:59+00:00","Archaeobalanidae",5103,NA,NA,NA,NA,"United Kingdom of Great Britain and Northern Ireland","5069956355","EUROPE","Semibalanus","Semibalanus",2115783,"WGS84",NA,NA,NA,NA,NA,NA,"28eb1a3f-1c15-4a95-931a-4af90ecb574d","wild",NA,NA,NA,NA,"oftd",NA,"592594714",NA,NA,NA,"shas319","261721131",NA,"997448a8-f762-11e1-a439-00145eb45e9a","iNaturalist",NA,NA,FALSE,NA,"GB",FALSE,"NE",5069956355,"Animalia",1,NA,"2025-06-06T14:41:08.836+00:00","2025-06-07T01:44:25.860+00:00","2025-06-07T01:44:25.860+00:00",50.356986,"http://creativecommons.org/publicdomain/zero/1.0/legalcode",NA,NA,NA,NA,-4.124903,NA,"2025-02-15T14:44:17.000+00:00",2,NA,NA,NA,"https://www.inaturalist.org/observations/261721131",NA,"PRESENT","Sessilia",1426,NA,NA,NA,NA,NA,NA,NA,NA,"Arthropoda",54,NA,NA,NA,"DWC_ARCHIVE","EUROPE","GB","28eb1a3f-1c15-4a95-931a-4af90ecb574d","Gavin Jones",NA,"https://www.inaturalist.org/observations/261721131","Gavin Jones",NA,"Semibalanus balanoides (Linnaeus, 1767)",NA,NA,"Semibalanus balanoides",2115784,"balanoides",46,NA,"118832",2115784,"ACCEPTED","SPECIES",NA,NA,NA,"2025-02-15 13:07:59",NA,"Mt Batten House, Mount Batten, Plymouth PL9 9SS, UK",NA,NA,NA,2025,2025-06-17
"7","Semibalanus balanoides (Linnaeus, 1767)",2115784,"England",NA,NA,"HUMAN_OBSERVATION",NA,"261758802","Maxillopoda",203,"United Kingdom, EUROPE","Observations",NA,NA,"EUROPE",NA,NA,"United Kingdom",548,NA,"50c9509d-22c7-4a22-a47d-8c48425ef4a7","iNaturalist research-grade observations","2025-02-15T19:56:03",15,NA,NA,NA,NA,NA,46,"2025-02-15T14:37:35Z",NA,NA,"14:37:35+00:00","Archaeobalanidae",5103,NA,NA,NA,NA,"United Kingdom of Great Britain and Northern Ireland","5070087572","EUROPE","Semibalanus","Semibalanus",2115783,"WGS84",NA,NA,NA,NA,NA,NA,"28eb1a3f-1c15-4a95-931a-4af90ecb574d","wild",NA,NA,NA,NA,"bellaallan",NA,"592694377",NA,NA,NA,"Bella","261758802",NA,"997448a8-f762-11e1-a439-00145eb45e9a","iNaturalist",NA,NA,FALSE,NA,"GB",FALSE,"NE",5070087572,"Animalia",1,NA,"2025-06-06T14:41:08.836+00:00","2025-06-07T00:21:45.319+00:00","2025-06-07T00:21:45.319+00:00",50.356633,"http://creativecommons.org/licenses/by-nc/4.0/legalcode",NA,NA,NA,NA,-4.127114,NA,"2025-04-15T21:08:49.000+00:00",2,NA,NA,NA,"https://www.inaturalist.org/observations/261758802",NA,"PRESENT","Sessilia",1426,NA,NA,NA,NA,NA,NA,NA,NA,"Arthropoda",54,NA,NA,NA,"DWC_ARCHIVE","NORTH_AMERICA","US","28eb1a3f-1c15-4a95-931a-4af90ecb574d","Bella",NA,"https://www.inaturalist.org/observations/261758802","Bella",NA,"Semibalanus balanoides (Linnaeus, 1767)",NA,NA,"Semibalanus balanoides",2115784,"balanoides",46,NA,"118832",2115784,"ACCEPTED","SPECIES",NA,NA,NA,"2025-02-15 14:37:35",NA,"Mount Batten Water Sports Centre, Mount Batten, Plymouth PL9 9XH, UK",NA,NA,NA,2025,2025-06-17
"8","Semibalanus balanoides (Linnaeus, 1767)",2115784,"Northern Ireland",NA,NA,"HUMAN_OBSERVATION",NA,"269310694","Maxillopoda",203,"United Kingdom, EUROPE","Observations",NA,NA,"EUROPE",NA,10,"United Kingdom",548,NA,"50c9509d-22c7-4a22-a47d-8c48425ef4a7","iNaturalist research-grade observations","2025-04-08T16:53:44",8,NA,NA,NA,NA,NA,98,"2025-04-08T17:53:33",NA,NA,"17:53:33+01:00","Archaeobalanidae",5103,NA,NA,NA,NA,"United Kingdom of Great Britain and Northern Ireland","5134659608","EUROPE","Semibalanus","Semibalanus",2115783,"WGS84",NA,NA,NA,NA,NA,NA,"28eb1a3f-1c15-4a95-931a-4af90ecb574d","wild",NA,NA,NA,NA,"rduff05",NA,"610462839",NA,NA,NA,"rduff05","269310694",NA,"997448a8-f762-11e1-a439-00145eb45e9a","iNaturalist",NA,NA,FALSE,NA,"GB",FALSE,"NE",5134659608,"Animalia",1,NA,"2025-06-06T14:41:08.836+00:00","2025-06-07T01:02:13.950+00:00","2025-06-07T01:02:13.950+00:00",54.394088,"http://creativecommons.org/licenses/by-nc/4.0/legalcode",NA,NA,NA,NA,-5.575158,NA,"2025-04-08T17:03:25.000+00:00",4,NA,NA,NA,"https://www.inaturalist.org/observations/269310694",NA,"PRESENT","Sessilia",1426,NA,NA,NA,NA,NA,NA,NA,NA,"Arthropoda",54,NA,NA,NA,"DWC_ARCHIVE","NORTH_AMERICA","US","28eb1a3f-1c15-4a95-931a-4af90ecb574d","rduff05",NA,"https://www.inaturalist.org/observations/269310694","rduff05",NA,"Semibalanus balanoides (Linnaeus, 1767)",NA,NA,"Semibalanus balanoides",2115784,"balanoides",98,NA,"118832",2115784,"ACCEPTED","SPECIES",NA,NA,NA,"2025-04-08 17:53:33+01:00",NA,"Strangford Lough, Ards and North Down, Northern Ireland, GB",NA,NA,NA,2025,2025-06-17
"9","Semibalanus balanoides (Linnaeus, 1767)",2115784,"Basse-Normandie",NA,NA,"HUMAN_OBSERVATION",NA,"275634874","Maxillopoda",203,"France, EUROPE","Observations",NA,NA,"EUROPE",NA,4,"France",548,NA,"50c9509d-22c7-4a22-a47d-8c48425ef4a7","iNaturalist research-grade observations","2025-04-28T13:34:49",28,NA,NA,NA,NA,NA,118,"2025-04-28T15:34:30",NA,NA,"15:34:30+02:00","Archaeobalanidae",5103,NA,NA,NA,NA,"France","5166834116","EUROPE","Semibalanus","Semibalanus",2115783,"WGS84",NA,NA,NA,NA,NA,NA,"28eb1a3f-1c15-4a95-931a-4af90ecb574d","wild",NA,NA,NA,NA,"gael-grf",NA,"621516659",NA,NA,NA,"gael-grf","275634874",NA,"997448a8-f762-11e1-a439-00145eb45e9a","iNaturalist",NA,NA,FALSE,NA,"FR",FALSE,"NE",5166834116,"Animalia",1,NA,"2025-06-06T14:41:08.836+00:00","2025-06-07T01:36:58.281+00:00","2025-06-07T01:36:58.281+00:00",49.702612,"http://creativecommons.org/licenses/by-nc/4.0/legalcode",NA,NA,NA,NA,-1.350985,NA,"2025-05-21T16:50:59.000+00:00",4,NA,NA,NA,"https://www.inaturalist.org/observations/275634874",NA,"PRESENT","Sessilia",1426,NA,NA,NA,NA,NA,NA,NA,NA,"Arthropoda",54,NA,NA,"https://www.inaturalist.org/projects/estrans-de-normandie","DWC_ARCHIVE","NORTH_AMERICA","US","28eb1a3f-1c15-4a95-931a-4af90ecb574d","gael-grf",NA,"https://www.inaturalist.org/observations/275634874","gael-grf",NA,"Semibalanus balanoides (Linnaeus, 1767)",NA,NA,"Semibalanus balanoides",2115784,"balanoides",118,NA,"118832",2115784,"ACCEPTED","SPECIES",NA,NA,NA,"2025-04-28 15:34:30+02:00",NA,"Manche, Vicq-sur-Mer, FR",NA,NA,NA,2025,2025-06-17
"10","Semibalanus balanoides (Linnaeus, 1767)",2115784,"England",NA,NA,"HUMAN_OBSERVATION",NA,"280994951","Maxillopoda",203,"United Kingdom, EUROPE","Observations",NA,NA,"EUROPE",NA,5,"United Kingdom",548,NA,"50c9509d-22c7-4a22-a47d-8c48425ef4a7","iNaturalist research-grade observations","2025-05-14T12:25:53",14,NA,NA,NA,NA,NA,134,"2025-05-14T13:25:42",NA,NA,"13:25:42+01:00","Archaeobalanidae",5103,NA,NA,NA,NA,"United Kingdom of Great Britain and Northern Ireland","5167545386","EUROPE","Semibalanus","Semibalanus",2115783,"WGS84",NA,NA,NA,NA,NA,NA,"28eb1a3f-1c15-4a95-931a-4af90ecb574d","wild",NA,NA,NA,NA,"ejc28",NA,"631738789",NA,NA,NA,"ejc28","280994951",NA,"997448a8-f762-11e1-a439-00145eb45e9a","iNaturalist",NA,NA,FALSE,NA,"GB",FALSE,"NE",5167545386,"Animalia",1,NA,"2025-06-06T14:41:08.836+00:00","2025-06-07T03:06:10.520+00:00","2025-06-07T03:06:10.520+00:00",50.240321,"http://creativecommons.org/licenses/by-nc/4.0/legalcode",NA,NA,NA,NA,-5.395743,NA,"2025-05-14T13:53:57.000+00:00",5,NA,NA,NA,"https://www.inaturalist.org/observations/280994951",NA,"PRESENT","Sessilia",1426,NA,NA,NA,NA,NA,NA,NA,NA,"Arthropoda",54,NA,NA,NA,"DWC_ARCHIVE","NORTH_AMERICA","US","28eb1a3f-1c15-4a95-931a-4af90ecb574d","ejc28",NA,"https://www.inaturalist.org/observations/280994951","ejc28",NA,"Semibalanus balanoides (Linnaeus, 1767)",NA,NA,"Semibalanus balanoides",2115784,"balanoides",134,NA,"118832",2115784,"ACCEPTED","SPECIES",NA,NA,NA,"2025-05-14 13:25:42+01:00",NA,"North Atlantic Ocean, Hayle, England, GB",NA,NA,NA,2025,2025-06-17
"11","Semibalanus balanoides (Linnaeus, 1767)",2115784,"Scotland",NA,NA,"HUMAN_OBSERVATION",NA,"282435725","Maxillopoda",203,"United Kingdom, EUROPE","Observations",NA,NA,"EUROPE",NA,NA,"United Kingdom",548,NA,"50c9509d-22c7-4a22-a47d-8c48425ef4a7","iNaturalist research-grade observations","2025-05-19T18:27:34",19,NA,NA,NA,NA,NA,139,"2025-05-19T18:39:09",NA,NA,"18:39:09+01:00","Archaeobalanidae",5103,NA,NA,NA,NA,"United Kingdom of Great Britain and Northern Ireland","5168244746","EUROPE","Semibalanus","Semibalanus",2115783,"WGS84",NA,NA,NA,NA,NA,NA,"28eb1a3f-1c15-4a95-931a-4af90ecb574d","wild",NA,NA,NA,NA,"hamlet_ben",NA,"634728145",NA,NA,NA,"Ben Holt","282435725",NA,"997448a8-f762-11e1-a439-00145eb45e9a","iNaturalist",NA,NA,FALSE,NA,"GB",FALSE,"NE",5168244746,"Animalia",1,NA,"2025-06-06T14:41:08.836+00:00","2025-06-07T03:17:54.247+00:00","2025-06-07T03:17:54.247+00:00",56.330267,"http://creativecommons.org/publicdomain/zero/1.0/legalcode",NA,NA,NA,NA,-2.747798,NA,"2025-05-20T01:07:15.000+00:00",5,NA,NA,NA,"https://www.inaturalist.org/observations/282435725",NA,"PRESENT","Sessilia",1426,NA,NA,NA,NA,NA,NA,NA,NA,"Arthropoda",54,NA,NA,NA,"DWC_ARCHIVE","EUROPE","GB","28eb1a3f-1c15-4a95-931a-4af90ecb574d","Ben Holt",NA,"https://www.inaturalist.org/observations/282435725","Ben Holt",NA,"Semibalanus balanoides (Linnaeus, 1767)",NA,NA,"Semibalanus balanoides",2115784,"balanoides",139,NA,"118832",2115784,"ACCEPTED","SPECIES",NA,NA,NA,"2025-05-19 18:39:09",NA,"Fife, St Andrews KY16 8PL, UK",NA,NA,NA,2025,2025-06-17
"12","Semibalanus balanoides (Linnaeus, 1767)",2115784,"Scotland",NA,NA,"HUMAN_OBSERVATION",NA,"282621195","Maxillopoda",203,"United Kingdom, EUROPE","Observations",NA,NA,"EUROPE",NA,10,"United Kingdom",548,NA,"50c9509d-22c7-4a22-a47d-8c48425ef4a7","iNaturalist research-grade observations","2025-05-20T13:06:13",20,NA,NA,NA,NA,NA,140,"2025-05-20T14:05:07",NA,NA,"14:05:07+01:00","Archaeobalanidae",5103,NA,NA,NA,NA,"United Kingdom of Great Britain and Northern Ireland","5166896690","EUROPE","Semibalanus","Semibalanus",2115783,"WGS84",NA,NA,NA,NA,NA,NA,"28eb1a3f-1c15-4a95-931a-4af90ecb574d","wild",NA,NA,NA,NA,"leonie48597",NA,"635114317",NA,NA,NA,"Leonie MacMillan","282621195",NA,"997448a8-f762-11e1-a439-00145eb45e9a","iNaturalist",NA,NA,FALSE,NA,"GB",FALSE,"NE",5166896690,"Animalia",1,NA,"2025-06-06T14:41:08.836+00:00","2025-06-07T00:37:18.755+00:00","2025-06-07T00:37:18.755+00:00",56.333033,"http://creativecommons.org/licenses/by-nc/4.0/legalcode",NA,NA,NA,NA,-2.776537,NA,"2025-05-24T20:29:21.000+00:00",5,NA,NA,NA,"https://www.inaturalist.org/observations/282621195",NA,"PRESENT","Sessilia",1426,NA,NA,NA,NA,NA,NA,NA,NA,"Arthropoda",54,NA,NA,NA,"DWC_ARCHIVE","NORTH_AMERICA","US","28eb1a3f-1c15-4a95-931a-4af90ecb574d","Leonie MacMillan",NA,"https://www.inaturalist.org/observations/282621195","Leonie MacMillan",NA,"Semibalanus balanoides (Linnaeus, 1767)",NA,NA,"Semibalanus balanoides",2115784,"balanoides",140,NA,"118832",2115784,"ACCEPTED","SPECIES",NA,NA,NA,"2025-05-20 14:05:07",NA,"St Andrews KY16 8TU, UK",NA,"alive",NA,2025,2025-06-17
"13","Semibalanus balanoides (Linnaeus, 1767)",2115784,"Scotland",NA,NA,"HUMAN_OBSERVATION",NA,"282622446","Maxillopoda",203,"United Kingdom, EUROPE","Observations",NA,NA,"EUROPE",NA,149,"United Kingdom",548,NA,"50c9509d-22c7-4a22-a47d-8c48425ef4a7","iNaturalist research-grade observations","2025-05-20T13:13:20",20,NA,NA,NA,NA,NA,140,"2025-05-20T14:11:39",NA,NA,"14:11:39+01:00","Archaeobalanidae",5103,NA,NA,NA,NA,"United Kingdom of Great Britain and Northern Ireland","5168355272","EUROPE","Semibalanus","Semibalanus",2115783,"WGS84",NA,NA,NA,NA,NA,NA,"28eb1a3f-1c15-4a95-931a-4af90ecb574d","wild",NA,NA,NA,NA,"annaed93",NA,"635116909",NA,NA,NA,"annaed93","282622446",NA,"997448a8-f762-11e1-a439-00145eb45e9a","iNaturalist",NA,NA,FALSE,NA,"GB",FALSE,"NE",5168355272,"Animalia",1,NA,"2025-06-06T14:41:08.836+00:00","2025-06-07T00:23:49.862+00:00","2025-06-07T00:23:49.862+00:00",56.333896,"http://creativecommons.org/licenses/by-nc/4.0/legalcode",NA,NA,NA,NA,-2.780255,NA,"2025-05-24T20:28:15.000+00:00",5,NA,NA,NA,"https://www.inaturalist.org/observations/282622446",NA,"PRESENT","Sessilia",1426,NA,NA,NA,NA,NA,NA,NA,NA,"Arthropoda",54,NA,NA,NA,"DWC_ARCHIVE","NORTH_AMERICA","US","28eb1a3f-1c15-4a95-931a-4af90ecb574d","annaed93",NA,"https://www.inaturalist.org/observations/282622446","annaed93",NA,"Semibalanus balanoides (Linnaeus, 1767)",NA,NA,"Semibalanus balanoides",2115784,"balanoides",140,NA,"118832",2115784,"ACCEPTED","SPECIES",NA,NA,NA,"2025-05-20 14:11:39",NA,"St Andrews KY16, UK",NA,NA,NA,2025,2025-06-17
"14","Semibalanus balanoides (Linnaeus, 1767)",2115784,"Scotland",NA,NA,"HUMAN_OBSERVATION",NA,"283131749","Maxillopoda",203,"United Kingdom, EUROPE","Observations",NA,NA,"EUROPE",NA,55,"United Kingdom",548,NA,"50c9509d-22c7-4a22-a47d-8c48425ef4a7","iNaturalist research-grade observations","2025-05-22T14:05:59",20,NA,NA,NA,NA,NA,140,"2025-05-20T16:52",NA,NA,"16:52:00+01:00","Archaeobalanidae",5103,NA,NA,NA,NA,"United Kingdom of Great Britain and Northern Ireland","5176369558","EUROPE","Semibalanus","Semibalanus",2115783,"WGS84",NA,NA,NA,NA,NA,NA,"28eb1a3f-1c15-4a95-931a-4af90ecb574d","wild",NA,NA,NA,NA,"ruthwrightinns",NA,"636143699",NA,NA,NA,"ruthwrightinns","283131749",NA,"997448a8-f762-11e1-a439-00145eb45e9a","iNaturalist",NA,NA,FALSE,NA,"GB",FALSE,"NE",5176369558,"Animalia",1,NA,"2025-06-06T14:41:08.836+00:00","2025-06-07T01:42:45.213+00:00","2025-06-07T01:42:45.213+00:00",56.333657,"http://creativecommons.org/licenses/by-nc/4.0/legalcode",NA,NA,NA,NA,-2.774849,NA,"2025-05-29T19:21:34.000+00:00",5,NA,NA,NA,"https://www.inaturalist.org/observations/283131749",NA,"PRESENT","Sessilia",1426,NA,NA,NA,NA,NA,NA,NA,NA,"Arthropoda",54,NA,NA,NA,"DWC_ARCHIVE","NORTH_AMERICA","US","28eb1a3f-1c15-4a95-931a-4af90ecb574d","ruthwrightinns",NA,"https://www.inaturalist.org/observations/283131749","ruthwrightinns",NA,"Semibalanus balanoides (Linnaeus, 1767)",NA,NA,"Semibalanus balanoides",2115784,"balanoides",140,NA,"118832",2115784,"ACCEPTED","SPECIES",NA,NA,NA,"2025-05-20 16:52:00",NA,"St Andrews KY16 8TU, UK",NA,NA,NA,2025,2025-06-17
"15","Semibalanus balanoides (Linnaeus, 1767)",2115784,NA,NA,NA,"HUMAN_OBSERVATION",NA,"100761119785767472","Maxillopoda",203,"Browns Bay, United Kingdom, EUROPE","ExploreYourShore",NA,NA,"EUROPE",NA,100,"United Kingdom",263,"ExploreYourShore","17057301-35d8-4e33-b24f-13da5fe2d265",NA,NA,20,NA,NA,NA,NA,"County=Antrim;Type of sighting=Alive",20,"2024-01-20",NA,NA,NA,"Archaeobalanidae",5103,NA,NA,NA,NA,"United Kingdom of Great Britain and Northern Ireland","4601903740","EUROPE","Semibalanus","Semibalanus",2115783,"WGS84",NA,NA,"verified by contributor",NA,NA,NA,"d2b97690-bfd6-11de-b279-d52977ace833",NA,"Data has been captured using a grid reference system. Provided location represents cell’s centre point and uncertainty represents cell’s size",NA,NA,NA,NA,NA,NA,NA,NA,NA,NA,"115202697",NA,"99672740-f762-11e1-a439-00145eb45e9a","NBDC",NA,NA,FALSE,NA,"GB",FALSE,"NE",4601903740,"Animalia",1,NA,"2025-06-04T15:56:28.195+00:00","2025-06-04T15:56:56.952+00:00","2025-06-04T15:56:56.952+00:00",54.851935,"http://creativecommons.org/licenses/by/4.0/legalcode",NA,"Browns Bay",NA,NA,-5.768504,NA,"2025-02-25T09:09:31.000+00:00",1,NA,NA,NA,"ie.nbdc.dataset.ExploreYourShore.100761119785767472",NA,"PRESENT","Sessilia",1426,NA,NA,NA,NA,NA,NA,NA,NA,"Arthropoda",54,NA,NA,NA,"DWC_ARCHIVE","EUROPE","IE","d2b97690-bfd6-11de-b279-d52977ace833","David Craig",NA,NA,NA,NA,"Semibalanus balanoides (Linnaeus, 1767)",NA,NA,"Semibalanus balanoides",2115784,"balanoides",20,NA,NA,2115784,"ACCEPTED","SPECIES","Occurrence",NA,NA,NA,NA,NA,"Acorn Barnacle",NA,NA,2024,2025-06-17
"16","Semibalanus balanoides (Linnaeus, 1767)",2115784,"Scotland",NA,NA,"HUMAN_OBSERVATION",NA,"196129349","Maxillopoda",203,"United Kingdom, EUROPE","Observations",NA,NA,"EUROPE",NA,NA,"United Kingdom",548,NA,"50c9509d-22c7-4a22-a47d-8c48425ef4a7","iNaturalist research-grade observations","2024-01-08T16:08:27",8,NA,NA,NA,NA,NA,8,"2024-01-08T12:51:37Z",NA,NA,"12:51:37+00:00","Archaeobalanidae",5103,NA,NA,NA,NA,"United Kingdom of Great Britain and Northern Ireland","4599839332","EUROPE","Semibalanus","Semibalanus",2115783,"WGS84",NA,NA,NA,NA,NA,NA,"28eb1a3f-1c15-4a95-931a-4af90ecb574d","wild",NA,NA,NA,NA,"ikelman",NA,"441561213",NA,NA,NA,"ikelman","196129349",NA,"997448a8-f762-11e1-a439-00145eb45e9a","iNaturalist",NA,NA,FALSE,NA,"GB",FALSE,"NE",4599839332,"Animalia",1,NA,"2025-06-06T14:41:08.836+00:00","2025-06-07T01:54:17.038+00:00","2025-06-07T01:54:17.038+00:00",57.142674,"http://creativecommons.org/publicdomain/zero/1.0/legalcode",NA,NA,NA,NA,-2.056737,NA,"2024-03-21T13:40:05.000+00:00",1,NA,NA,NA,"https://www.inaturalist.org/observations/196129349",NA,"PRESENT","Sessilia",1426,NA,NA,NA,NA,NA,NA,NA,NA,"Arthropoda",54,NA,NA,NA,"DWC_ARCHIVE","EUROPE","GB","28eb1a3f-1c15-4a95-931a-4af90ecb574d","ikelman",NA,"https://www.inaturalist.org/observations/196129349","ikelman",NA,"Semibalanus balanoides (Linnaeus, 1767)",NA,NA,"Semibalanus balanoides",2115784,"balanoides",8,NA,"118832",2115784,"ACCEPTED","SPECIES",NA,NA,NA,"2024-01-08 12:51:37",NA,"Aberdeen, UK",NA,NA,NA,2024,2025-06-17
"17","Semibalanus balanoides (Linnaeus, 1767)",2115784,"Scotland",NA,NA,"HUMAN_OBSERVATION",NA,"198527352","Maxillopoda",203,"United Kingdom, EUROPE","Observations",NA,NA,"EUROPE",NA,NA,"United Kingdom",548,NA,"50c9509d-22c7-4a22-a47d-8c48425ef4a7","iNaturalist research-grade observations","2024-02-05T23:53:53",2,NA,NA,NA,NA,NA,33,"2024-02-02T16:36:15Z",NA,NA,"16:36:15+00:00","Archaeobalanidae",5103,NA,NA,NA,NA,"United Kingdom of Great Britain and Northern Ireland","4596864659","EUROPE","Semibalanus","Semibalanus",2115783,"WGS84",NA,NA,NA,NA,NA,NA,"28eb1a3f-1c15-4a95-931a-4af90ecb574d","wild",NA,NA,NA,NA,"krogulec",NA,"449039291",NA,NA,NA,"Jarosław Krogulec","198527352",NA,"997448a8-f762-11e1-a439-00145eb45e9a","iNaturalist",NA,NA,FALSE,NA,"GB",FALSE,"NE",4596864659,"Animalia",1,NA,"2025-06-06T14:41:08.836+00:00","2025-06-07T03:26:21.708+00:00","2025-06-07T03:26:21.708+00:00",58.559372,"http://creativecommons.org/licenses/by-nc/4.0/legalcode",NA,NA,NA,NA,-3.908486,NA,"2024-03-09T23:10:22.000+00:00",2,NA,NA,NA,"https://www.inaturalist.org/observations/198527352",NA,"PRESENT","Sessilia",1426,NA,NA,NA,NA,NA,NA,NA,NA,"Arthropoda",54,NA,NA,NA,"DWC_ARCHIVE","NORTH_AMERICA","US","28eb1a3f-1c15-4a95-931a-4af90ecb574d","Jarosław Krogulec",NA,"https://www.inaturalist.org/observations/198527352","Jarosław Krogulec",NA,"Semibalanus balanoides (Linnaeus, 1767)",NA,NA,"Semibalanus balanoides",2115784,"balanoides",33,NA,"118832",2115784,"ACCEPTED","SPECIES",NA,NA,NA,"2024-02-02 16:36:15",NA,"Melvich, Thurso KW14 7YJ, Wielka Brytania",NA,NA,NA,2024,2025-06-17
"18","Semibalanus balanoides (Linnaeus, 1767)",2115784,"England",NA,NA,"HUMAN_OBSERVATION",NA,NA,"Maxillopoda",203,"Bexhill E of Sea Angling Club, United Kingdom, EUROPE","iRecord | General data",NA,NA,"EUROPE",NA,50,"United Kingdom",367,NA,"97d01261-0027-4e89-a0d2-4a7d700f5fdb",NA,NA,5,NA,NA,NA,NA,NA,36,"2024-02-05","24926590","List of other species observed and photographed during a search for a specific invasive species.",NA,"Archaeobalanidae",5103,NA,NA,NA,NA,"United Kingdom of Great Britain and Northern Ireland","4900336333","EUROPE","Semibalanus","Semibalanus",2115783,"WGS84",NA,NA,NA,NA,NA,NA,"07f617d0-c688-11d8-bf62-b8a03c50a862",NA,NA,NA,"https://creativecommons.org/licenses/by/4.0/legalcode",NA,NA,"Marine Biological Association, and Biological Records Centre",NA,NA,NA,"Accepted - correct",NA,"72c00a18-98df-470d-9f5c-c91cbe9d4b7c",NA,"99552c70-f762-11e1-a439-00145eb45e9a",NA,NA,NA,FALSE,NA,"GB",FALSE,"NE",4900336333,"Animalia",1,NA,"2025-06-12T23:10:37.497+00:00","2025-06-12T23:11:21.284+00:00","2025-06-12T23:11:21.284+00:00",50.84137,"http://creativecommons.org/licenses/by/4.0/legalcode","Adult","Bexhill E of Sea Angling Club",NA,NA,0.499859,NA,NA,2,NA,NA,NA,"34864953",NA,"PRESENT","Sessilia",1426,NA,NA,NA,NA,NA,NA,NA,NA,"Arthropoda",54,NA,NA,NA,"DWC_ARCHIVE","EUROPE","GB","f6b48504-1651-4a49-a88d-c2bc6178694d","Phillips, N. Nick",NA,NA,NA,NA,"Semibalanus balanoides (Linnaeus, 1767)",NA,"Indeterminate","Semibalanus balanoides",2115784,"balanoides",36,"NBNSYS0000042568","NBNSYS0000042568",2115784,"ACCEPTED","SPECIES",NA,NA,NA,NA,NA,NA,"Acorn Barnacle",NA,NA,2024,2025-06-17
"19","Semibalanus balanoides (Linnaeus, 1767)",2115784,NA,NA,NA,"HUMAN_OBSERVATION",NA,"100956379266679242","Maxillopoda",203,"kilmore quay, Ireland, EUROPE","ExploreYourShore",NA,NA,"EUROPE",NA,100,"Ireland",263,"ExploreYourShore","17057301-35d8-4e33-b24f-13da5fe2d265",NA,NA,3,NA,NA,NA,NA,"County=Wexford;Type of sighting=Alive",63,"2024-03-03",NA,NA,NA,"Archaeobalanidae",5103,NA,NA,NA,NA,"Ireland","4921052044","EUROPE","Semibalanus","Semibalanus",2115783,"WGS84",NA,NA,"verified by contributor",NA,NA,NA,"d2b97690-bfd6-11de-b279-d52977ace833",NA,"Data has been captured using a grid reference system. Provided location represents cell’s centre point and uncertainty represents cell’s size",NA,NA,NA,NA,NA,NA,NA,NA,NA,NA,"115202776",NA,"99672740-f762-11e1-a439-00145eb45e9a","NBDC",NA,NA,FALSE,NA,"IE",FALSE,"NE",4921052044,"Animalia",1,NA,"2025-06-04T15:56:28.195+00:00","2025-06-04T15:56:58.178+00:00","2025-06-04T15:56:58.178+00:00",52.175689,"http://creativecommons.org/licenses/by/4.0/legalcode",NA,"kilmore quay",NA,NA,-6.579142,NA,"2025-02-25T09:09:31.000+00:00",3,NA,NA,NA,"ie.nbdc.dataset.ExploreYourShore.100956379266679242",NA,"PRESENT","Sessilia",1426,NA,NA,NA,NA,NA,NA,NA,NA,"Arthropoda",54,NA,NA,NA,"DWC_ARCHIVE","EUROPE","IE","d2b97690-bfd6-11de-b279-d52977ace833","Seashore Explore  - Therese Maddock",NA,NA,NA,NA,"Semibalanus balanoides (Linnaeus, 1767)",NA,NA,"Semibalanus balanoides",2115784,"balanoides",63,NA,NA,2115784,"ACCEPTED","SPECIES","Occurrence",NA,NA,NA,NA,NA,"Acorn Barnacle",NA,NA,2024,2025-06-17
"20","Semibalanus balanoides (Linnaeus, 1767)",2115784,NA,NA,NA,"HUMAN_OBSERVATION",NA,"100956379266680604","Maxillopoda",203,"Glasthule, Ireland, EUROPE","ExploreYourShore",NA,NA,"EUROPE",NA,100,"Ireland",263,"ExploreYourShore","17057301-35d8-4e33-b24f-13da5fe2d265",NA,NA,11,NA,NA,NA,NA,"County=Dublin;Abundance=1;Type of sighting=Alive",71,"2024-03-11",NA,NA,NA,"Archaeobalanidae",5103,NA,NA,NA,NA,"Ireland","4921050940","EUROPE","Semibalanus","Semibalanus",2115783,"WGS84",NA,NA,"verified by contributor",NA,NA,NA,"d2b97690-bfd6-11de-b279-d52977ace833",NA,"Data has been captured using a grid reference system. Provided location represents cell’s centre point and uncertainty represents cell’s size",NA,NA,NA,NA,NA,NA,NA,NA,NA,NA,"115204137",NA,"99672740-f762-11e1-a439-00145eb45e9a","NBDC",NA,NA,FALSE,NA,"IE",FALSE,"NE",4921050940,"Animalia",1,NA,"2025-06-04T15:56:28.195+00:00","2025-06-04T15:56:56.108+00:00","2025-06-04T15:56:56.108+00:00",53.289063,"http://creativecommons.org/licenses/by/4.0/legalcode",NA,"Glasthule",NA,NA,-6.119558,NA,"2025-02-25T09:09:31.000+00:00",3,NA,NA,NA,"ie.nbdc.dataset.ExploreYourShore.100956379266680604",NA,"PRESENT","Sessilia",1426,NA,NA,NA,NA,NA,NA,NA,NA,"Arthropoda",54,NA,NA,NA,"DWC_ARCHIVE","EUROPE","IE","d2b97690-bfd6-11de-b279-d52977ace833","Marie-Helene Sheeran",NA,NA,NA,NA,"Semibalanus balanoides (Linnaeus, 1767)",NA,NA,"Semibalanus balanoides",2115784,"balanoides",71,NA,NA,2115784,"ACCEPTED","SPECIES","Occurrence",NA,NA,NA,NA,NA,"Acorn Barnacle",NA,NA,2024,2025-06-17
"22","Semibalanus balanoides (Linnaeus, 1767)",2115784,NA,NA,NA,"HUMAN_OBSERVATION",NA,"100956379266680808","Maxillopoda",203,"Seapoint Monkstown, Ireland, EUROPE","ExploreYourShore",NA,NA,"EUROPE",NA,100,"Ireland",263,"ExploreYourShore","17057301-35d8-4e33-b24f-13da5fe2d265",NA,NA,12,NA,NA,NA,NA,"County=Dublin;Abundance=100;Type of sighting=Dead/Stranded",72,"2024-03-12",NA,NA,NA,"Archaeobalanidae",5103,NA,NA,NA,NA,"Ireland","4921050825","EUROPE","Semibalanus","Semibalanus",2115783,"WGS84",NA,NA,"verified by contributor",NA,NA,NA,"d2b97690-bfd6-11de-b279-d52977ace833",NA,"Data has been captured using a grid reference system. Provided location represents cell’s centre point and uncertainty represents cell’s size",NA,NA,NA,NA,NA,NA,NA,NA,NA,NA,"115204341",NA,"99672740-f762-11e1-a439-00145eb45e9a","NBDC",NA,NA,FALSE,NA,"IE",FALSE,"NE",4921050825,"Animalia",1,NA,"2025-06-04T15:56:28.195+00:00","2025-06-04T15:56:55.623+00:00","2025-06-04T15:56:55.623+00:00",53.296833,"http://creativecommons.org/licenses/by/4.0/legalcode",NA,"Seapoint Monkstown",NA,NA,-6.156716,NA,"2025-02-25T09:09:31.000+00:00",3,NA,NA,NA,"ie.nbdc.dataset.ExploreYourShore.100956379266680808",NA,"PRESENT","Sessilia",1426,NA,NA,NA,NA,NA,NA,NA,NA,"Arthropoda",54,NA,NA,NA,"DWC_ARCHIVE","EUROPE","IE","d2b97690-bfd6-11de-b279-d52977ace833","Marie-Helene Sheeran",NA,NA,NA,NA,"Semibalanus balanoides (Linnaeus, 1767)",NA,NA,"Semibalanus balanoides",2115784,"balanoides",72,NA,NA,2115784,"ACCEPTED","SPECIES","Occurrence",NA,NA,NA,NA,NA,"Acorn Barnacle",NA,NA,2024,2025-06-17
"23","Semibalanus balanoides (Linnaeus, 1767)",2115784,"Northern Ireland",NA,NA,"HUMAN_OBSERVATION",NA,"203275972","Maxillopoda",203,"United Kingdom, EUROPE","Observations",NA,NA,"EUROPE",NA,NA,"United Kingdom",548,NA,"50c9509d-22c7-4a22-a47d-8c48425ef4a7","iNaturalist research-grade observations","2024-03-21T10:21:19",20,NA,NA,NA,NA,NA,80,"2024-03-20T16:35:05Z",NA,NA,"16:35:05+00:00","Archaeobalanidae",5103,NA,NA,NA,NA,"United Kingdom of Great Britain and Northern Ireland","4599772943","EUROPE","Semibalanus","Semibalanus",2115783,"WGS84",NA,NA,NA,NA,NA,NA,"28eb1a3f-1c15-4a95-931a-4af90ecb574d","wild",NA,NA,NA,NA,"clare241",NA,"461899993",NA,NA,NA,"ffnaturalist","203275972",NA,"997448a8-f762-11e1-a439-00145eb45e9a","iNaturalist",NA,NA,FALSE,NA,"GB",FALSE,"NE",4599772943,"Animalia",1,NA,"2025-06-06T14:41:08.836+00:00","2025-06-07T00:45:56.836+00:00","2025-06-07T00:45:56.836+00:00",54.648442,"http://creativecommons.org/publicdomain/zero/1.0/legalcode",NA,NA,NA,NA,-5.826658,NA,"2024-04-08T18:46:47.000+00:00",3,NA,NA,NA,"https://www.inaturalist.org/observations/203275972",NA,"PRESENT","Sessilia",1426,NA,NA,NA,NA,NA,NA,NA,NA,"Arthropoda",54,NA,NA,NA,"DWC_ARCHIVE","EUROPE","GB","28eb1a3f-1c15-4a95-931a-4af90ecb574d","Clare Hutchinson",NA,"https://www.inaturalist.org/observations/203275972","Clare Hutchinson",NA,"Semibalanus balanoides (Linnaeus, 1767)",NA,NA,"Semibalanus balanoides",2115784,"balanoides",80,NA,"118832",2115784,"ACCEPTED","SPECIES",NA,NA,NA,"2024-03-20 16:35:05",NA,"Ards and North Down, UK",NA,NA,NA,2024,2025-06-17
"24","Semibalanus balanoides (Linnaeus, 1767)",2115784,NA,NA,NA,"HUMAN_OBSERVATION",NA,"100956379266680219","Maxillopoda",203,"Ballygarrett, Ireland, EUROPE","ExploreYourShore",NA,NA,"EUROPE",NA,100,"Ireland",263,"ExploreYourShore","17057301-35d8-4e33-b24f-13da5fe2d265",NA,NA,16,NA,NA,NA,NA,"County=Wexford;Type of sighting=Alive",107,"2024-04-16",NA,NA,NA,"Archaeobalanidae",5103,NA,NA,NA,NA,"Ireland","4921051144","EUROPE","Semibalanus","Semibalanus",2115783,"WGS84",NA,NA,"verified by contributor",NA,NA,NA,"d2b97690-bfd6-11de-b279-d52977ace833",NA,"Data has been captured using a grid reference system. Provided location represents cell’s centre point and uncertainty represents cell’s size",NA,NA,NA,NA,NA,NA,NA,NA,NA,NA,"115203753",NA,"99672740-f762-11e1-a439-00145eb45e9a","NBDC",NA,NA,FALSE,NA,"IE",FALSE,"NE",4921051144,"Animalia",1,NA,"2025-06-04T15:56:28.195+00:00","2025-06-04T15:56:52.186+00:00","2025-06-04T15:56:52.186+00:00",52.569571,"http://creativecommons.org/licenses/by/4.0/legalcode",NA,"Ballygarrett",NA,NA,-6.200649,NA,"2025-02-25T09:09:31.000+00:00",4,NA,NA,NA,"ie.nbdc.dataset.ExploreYourShore.100956379266680219",NA,"PRESENT","Sessilia",1426,NA,NA,NA,NA,NA,NA,NA,NA,"Arthropoda",54,NA,NA,NA,"DWC_ARCHIVE","EUROPE","IE","d2b97690-bfd6-11de-b279-d52977ace833","Ballygarrett N.S.",NA,NA,NA,NA,"Semibalanus balanoides (Linnaeus, 1767)",NA,NA,"Semibalanus balanoides",2115784,"balanoides",107,NA,NA,2115784,"ACCEPTED","SPECIES","Occurrence",NA,NA,NA,NA,NA,"Acorn Barnacle",NA,NA,2024,2025-06-17
"25","Semibalanus balanoides (Linnaeus, 1767)",2115784,NA,NA,NA,"HUMAN_OBSERVATION",NA,"100956379266680528","Maxillopoda",203,"kilmore quay, Ireland, EUROPE","ExploreYourShore",NA,NA,"EUROPE",NA,100,"Ireland",263,"ExploreYourShore","17057301-35d8-4e33-b24f-13da5fe2d265",NA,NA,28,NA,NA,NA,NA,"County=Wexford;Type of sighting=Alive",119,"2024-04-28",NA,NA,NA,"Archaeobalanidae",5103,NA,NA,NA,NA,"Ireland","4921051962","EUROPE","Semibalanus","Semibalanus",2115783,"WGS84",NA,NA,"verified by contributor",NA,NA,NA,"d2b97690-bfd6-11de-b279-d52977ace833",NA,"Data has been captured using a grid reference system. Provided location represents cell’s centre point and uncertainty represents cell’s size",NA,NA,NA,NA,NA,NA,NA,NA,NA,NA,"115204061",NA,"99672740-f762-11e1-a439-00145eb45e9a","NBDC",NA,NA,FALSE,NA,"IE",FALSE,"NE",4921051962,"Animalia",1,NA,"2025-06-04T15:56:28.195+00:00","2025-06-04T15:56:54.991+00:00","2025-06-04T15:56:54.991+00:00",52.176552,"http://creativecommons.org/licenses/by/4.0/legalcode",NA,"kilmore quay",NA,NA,-6.576191,NA,"2025-02-25T09:09:31.000+00:00",4,NA,NA,NA,"ie.nbdc.dataset.ExploreYourShore.100956379266680528",NA,"PRESENT","Sessilia",1426,NA,NA,NA,NA,NA,NA,NA,NA,"Arthropoda",54,NA,NA,NA,"DWC_ARCHIVE","EUROPE","IE","d2b97690-bfd6-11de-b279-d52977ace833","Seashore Explore  - Therese Maddock",NA,NA,NA,NA,"Semibalanus balanoides (Linnaeus, 1767)",NA,NA,"Semibalanus balanoides",2115784,"balanoides",119,NA,NA,2115784,"ACCEPTED","SPECIES","Occurrence",NA,NA,NA,NA,NA,"Acorn Barnacle",NA,NA,2024,2025-06-17
"26","Semibalanus balanoides (Linnaeus, 1767)",2115784,NA,NA,NA,"HUMAN_OBSERVATION",NA,"101117785798610488","Maxillopoda",203,"Sandycove, Ireland, EUROPE","ExploreYourShore",NA,NA,"EUROPE",NA,100,"Ireland",263,"ExploreYourShore","17057301-35d8-4e33-b24f-13da5fe2d265",NA,NA,10,NA,NA,NA,NA,"County=Dublin;Abundance=50;Type of sighting=Alive",101,"2024-04-10",NA,NA,NA,"Archaeobalanidae",5103,NA,NA,NA,NA,"Ireland","4986879865","EUROPE","Semibalanus","Semibalanus",2115783,"WGS84",NA,NA,"verified by contributor",NA,NA,NA,"d2b97690-bfd6-11de-b279-d52977ace833",NA,"Data has been captured using a grid reference system. Provided location represents cell’s centre point and uncertainty represents cell’s size",NA,NA,NA,NA,NA,NA,NA,NA,NA,NA,"115206012",NA,"99672740-f762-11e1-a439-00145eb45e9a","NBDC",NA,NA,FALSE,NA,"IE",FALSE,"NE",4986879865,"Animalia",1,NA,"2025-06-04T15:56:28.195+00:00","2025-06-04T15:56:54.538+00:00","2025-06-04T15:56:54.538+00:00",53.288945,"http://creativecommons.org/licenses/by/4.0/legalcode",NA,"Sandycove",NA,NA,-6.112065,NA,"2025-02-25T09:09:31.000+00:00",4,NA,NA,NA,"ie.nbdc.dataset.ExploreYourShore.101117785798610488",NA,"PRESENT","Sessilia",1426,NA,NA,NA,NA,NA,NA,NA,NA,"Arthropoda",54,NA,NA,NA,"DWC_ARCHIVE","EUROPE","IE","d2b97690-bfd6-11de-b279-d52977ace833","Marie-Helene Sheeran",NA,NA,NA,NA,"Semibalanus balanoides (Linnaeus, 1767)",NA,NA,"Semibalanus balanoides",2115784,"balanoides",101,NA,NA,2115784,"ACCEPTED","SPECIES","Occurrence",NA,NA,NA,NA,NA,"Acorn Barnacle",NA,NA,2024,2025-06-17
"27","Semibalanus balanoides (Linnaeus, 1767)",2115784,"England",NA,NA,"HUMAN_OBSERVATION",NA,"205114765","Maxillopoda",203,"United Kingdom, EUROPE","Observations",NA,NA,"EUROPE",NA,NA,"United Kingdom",548,NA,"50c9509d-22c7-4a22-a47d-8c48425ef4a7","iNaturalist research-grade observations","2024-04-02T21:25:58",2,NA,NA,NA,NA,NA,93,"2024-04-02T11:03:39",NA,NA,"11:03:39+01:00","Archaeobalanidae",5103,NA,NA,NA,NA,"United Kingdom of Great Britain and Northern Ireland","4935642770","EUROPE","Semibalanus","Semibalanus",2115783,"WGS84",NA,NA,NA,NA,NA,NA,"28eb1a3f-1c15-4a95-931a-4af90ecb574d","wild",NA,NA,NA,NA,"robertdmartin",NA,"466169655",NA,"http://www.beachstuff.uk/barnaclesinrockpools.html with the straight-across line with square angles (I think crenatus has sharp angles). also the two prongs in the plate at the pointier end of the opening. if any of that makes sense :)",NA,"ffnaturalist","205114765",NA,"997448a8-f762-11e1-a439-00145eb45e9a","iNaturalist",NA,NA,FALSE,NA,"GB",FALSE,"NE",4935642770,"Animalia",1,NA,"2025-06-06T14:41:08.836+00:00","2025-06-07T01:32:22.490+00:00","2025-06-07T01:32:22.490+00:00",51.964249,"http://creativecommons.org/licenses/by/4.0/legalcode",NA,NA,NA,NA,1.178138,NA,"2024-09-06T04:55:40.000+00:00",4,NA,NA,NA,"https://www.inaturalist.org/observations/205114765",NA,"PRESENT","Sessilia",1426,NA,NA,NA,NA,NA,NA,NA,NA,"Arthropoda",54,NA,NA,NA,"DWC_ARCHIVE","NORTH_AMERICA","US","28eb1a3f-1c15-4a95-931a-4af90ecb574d","Robert Martin",NA,"https://www.inaturalist.org/observations/205114765","Robert Martin",NA,"Semibalanus balanoides (Linnaeus, 1767)",NA,NA,"Semibalanus balanoides",2115784,"balanoides",93,NA,"118832",2115784,"ACCEPTED","SPECIES",NA,NA,NA,"2024-04-02 11:03:39",NA,"Harkstead IP9, UK",NA,NA,NA,2024,2025-06-17
"28","Semibalanus balanoides (Linnaeus, 1767)",2115784,"Scotland",NA,NA,"HUMAN_OBSERVATION",NA,"205115691","Maxillopoda",203,"United Kingdom, EUROPE","Observations",NA,NA,"EUROPE",NA,NA,"United Kingdom",548,NA,"50c9509d-22c7-4a22-a47d-8c48425ef4a7","iNaturalist research-grade observations","2024-04-02T21:21:06",2,NA,NA,NA,NA,NA,93,"2024-04-02T12:31:01",NA,NA,"12:31:01+01:00","Archaeobalanidae",5103,NA,NA,NA,NA,"United Kingdom of Great Britain and Northern Ireland","4606949144","EUROPE","Semibalanus","Semibalanus",2115783,"WGS84",NA,NA,NA,NA,NA,NA,"28eb1a3f-1c15-4a95-931a-4af90ecb574d","wild",NA,NA,NA,NA,"minazaki",NA,"466168279",NA,"http://www.beachstuff.uk/barnaclesinrockpools.html",NA,"ffnaturalist","205115691",NA,"997448a8-f762-11e1-a439-00145eb45e9a","iNaturalist",NA,NA,FALSE,NA,"GB",FALSE,"NE",4606949144,"Animalia",1,NA,"2025-06-06T14:41:08.836+00:00","2025-06-07T02:11:08.741+00:00","2025-06-07T02:11:08.741+00:00",56.535446,"http://creativecommons.org/licenses/by-nc/4.0/legalcode",NA,NA,NA,NA,-5.414977,NA,"2024-04-03T14:30:47.000+00:00",4,NA,NA,NA,"https://www.inaturalist.org/observations/205115691",NA,"PRESENT","Sessilia",1426,NA,NA,NA,NA,NA,NA,NA,NA,"Arthropoda",54,NA,NA,NA,"DWC_ARCHIVE","NORTH_AMERICA","US","28eb1a3f-1c15-4a95-931a-4af90ecb574d","Mina Zaki",NA,"https://www.inaturalist.org/observations/205115691","Mina Zaki",NA,"Semibalanus balanoides (Linnaeus, 1767)",NA,NA,"Semibalanus balanoides",2115784,"balanoides",93,NA,"118832",2115784,"ACCEPTED","SPECIES",NA,NA,NA,"2024-04-02 12:31:01",NA,"Ardchattan, UK",NA,NA,NA,2024,2025-06-17
"29","Semibalanus balanoides (Linnaeus, 1767)",2115784,"Galway",NA,NA,"HUMAN_OBSERVATION",NA,"208890602","Maxillopoda",203,"Ireland, EUROPE","Observations",NA,NA,"EUROPE",NA,4,"Ireland",548,NA,"50c9509d-22c7-4a22-a47d-8c48425ef4a7","iNaturalist research-grade observations","2024-05-05T22:37:28",23,NA,NA,NA,NA,NA,114,"2024-04-23T13:59",NA,NA,"13:59:00+01:00","Archaeobalanidae",5103,NA,NA,NA,NA,"Ireland","4855330642","EUROPE","Semibalanus","Semibalanus",2115783,"WGS84",NA,NA,NA,NA,NA,NA,"28eb1a3f-1c15-4a95-931a-4af90ecb574d","wild",NA,NA,NA,NA,"vruno_roman",NA,"482918047",NA,NA,NA,"Austin Smith","208890602",NA,"997448a8-f762-11e1-a439-00145eb45e9a","iNaturalist",NA,NA,FALSE,NA,"IE",FALSE,"NE",4855330642,"Animalia",1,NA,"2025-06-06T14:41:08.836+00:00","2025-06-07T01:58:24.102+00:00","2025-06-07T01:58:24.102+00:00",53.266047,"http://creativecommons.org/licenses/by-nc/4.0/legalcode",NA,NA,NA,NA,-9.049783,NA,"2024-05-06T05:22:14.000+00:00",4,NA,NA,NA,"https://www.inaturalist.org/observations/208890602",NA,"PRESENT","Sessilia",1426,NA,NA,NA,NA,NA,NA,NA,NA,"Arthropoda",54,NA,NA,NA,"DWC_ARCHIVE","NORTH_AMERICA","US","28eb1a3f-1c15-4a95-931a-4af90ecb574d","Bruno Román",NA,"https://www.inaturalist.org/observations/208890602","Bruno Román",NA,"Semibalanus balanoides (Linnaeus, 1767)",NA,NA,"Semibalanus balanoides",2115784,"balanoides",114,NA,"118832",2115784,"ACCEPTED","SPECIES",NA,NA,NA,"2024/04/23 1:59 PM",NA,"Galway, Ireland",NA,NA,NA,2024,2025-06-17
"30","Semibalanus balanoides (Linnaeus, 1767)",2115784,NA,NA,NA,"HUMAN_OBSERVATION",NA,"100956379266681211","Maxillopoda",203,"Carlingford North Beach, Ireland, EUROPE","ExploreYourShore",NA,NA,"EUROPE",NA,100,"Ireland",263,"ExploreYourShore","17057301-35d8-4e33-b24f-13da5fe2d265",NA,NA,19,NA,NA,NA,NA,"County=Louth;Abundance=1;Type of sighting=Alive",140,"2024-05-19",NA,NA,NA,"Archaeobalanidae",5103,NA,NA,NA,NA,"Ireland","4921050550","EUROPE","Semibalanus","Semibalanus",2115783,"WGS84",NA,NA,"verified by contributor",NA,NA,NA,"d2b97690-bfd6-11de-b279-d52977ace833",NA,"Data has been captured using a grid reference system. Provided location represents cell’s centre point and uncertainty represents cell’s size",NA,NA,NA,NA,NA,NA,NA,NA,NA,NA,"115204744",NA,"99672740-f762-11e1-a439-00145eb45e9a","NBDC",NA,NA,FALSE,NA,"IE",FALSE,"NE",4921050550,"Animalia",1,NA,"2025-06-04T15:56:28.195+00:00","2025-06-04T15:56:56.485+00:00","2025-06-04T15:56:56.485+00:00",54.044806,"http://creativecommons.org/licenses/by/4.0/legalcode",NA,"Carlingford North Beach",NA,NA,-6.187612,NA,"2025-02-25T09:09:31.000+00:00",5,NA,NA,NA,"ie.nbdc.dataset.ExploreYourShore.100956379266681211",NA,"PRESENT","Sessilia",1426,NA,NA,NA,NA,NA,NA,NA,NA,"Arthropoda",54,NA,NA,NA,"DWC_ARCHIVE","EUROPE","IE","d2b97690-bfd6-11de-b279-d52977ace833","Dave Wall",NA,NA,NA,NA,"Semibalanus balanoides (Linnaeus, 1767)",NA,NA,"Semibalanus balanoides",2115784,"balanoides",140,NA,NA,2115784,"ACCEPTED","SPECIES","Occurrence",NA,NA,NA,NA,NA,"Acorn Barnacle",NA,NA,2024,2025-06-17
"32","Semibalanus balanoides (Linnaeus, 1767)",2115784,NA,NA,NA,"HUMAN_OBSERVATION",NA,"101117785798609730","Maxillopoda",203,"Ennereilly Bay Beach, Ireland, EUROPE","ExploreYourShore",NA,NA,"EUROPE",NA,100,"Ireland",263,"ExploreYourShore","17057301-35d8-4e33-b24f-13da5fe2d265",NA,NA,31,NA,NA,NA,NA,"County=Wicklow;Abundance=100;Type of sighting=Alive",152,"2024-05-31",NA,NA,NA,"Archaeobalanidae",5103,NA,NA,NA,NA,"Ireland","4986881069","EUROPE","Semibalanus","Semibalanus",2115783,"WGS84",NA,NA,"verified by contributor",NA,NA,NA,"d2b97690-bfd6-11de-b279-d52977ace833",NA,"Data has been captured using a grid reference system. Provided location represents cell’s centre point and uncertainty represents cell’s size",NA,NA,NA,NA,NA,NA,NA,NA,NA,NA,"115205254",NA,"99672740-f762-11e1-a439-00145eb45e9a","NBDC",NA,NA,FALSE,NA,"IE",FALSE,"NE",4986881069,"Animalia",1,NA,"2025-06-04T15:56:28.195+00:00","2025-06-04T15:56:50.136+00:00","2025-06-04T15:56:50.136+00:00",52.838594,"http://creativecommons.org/licenses/by/4.0/legalcode",NA,"Ennereilly Bay Beach",NA,NA,-6.10495,NA,"2025-02-25T09:09:31.000+00:00",5,NA,NA,NA,"ie.nbdc.dataset.ExploreYourShore.101117785798609730",NA,"PRESENT","Sessilia",1426,NA,NA,NA,NA,NA,NA,NA,NA,"Arthropoda",54,NA,NA,NA,"DWC_ARCHIVE","EUROPE","IE","d2b97690-bfd6-11de-b279-d52977ace833","Marie-Helene Sheeran",NA,NA,NA,NA,"Semibalanus balanoides (Linnaeus, 1767)",NA,NA,"Semibalanus balanoides",2115784,"balanoides",152,NA,NA,2115784,"ACCEPTED","SPECIES","Occurrence",NA,NA,NA,NA,NA,"Acorn Barnacle",NA,NA,2024,2025-06-17
"33","Semibalanus balanoides (Linnaeus, 1767)",2115784,NA,NA,NA,"HUMAN_OBSERVATION",NA,"101117785798609862","Maxillopoda",203,"Whitechurch, United Kingdom, EUROPE","ExploreYourShore",NA,NA,"EUROPE",NA,100,"United Kingdom",263,"ExploreYourShore","17057301-35d8-4e33-b24f-13da5fe2d265",NA,NA,2,NA,NA,NA,NA,"County=Down;Type of sighting=Alive",123,"2024-05-02",NA,NA,NA,"Archaeobalanidae",5103,NA,NA,NA,NA,"United Kingdom of Great Britain and Northern Ireland","4986881471","EUROPE","Semibalanus","Semibalanus",2115783,"WGS84",NA,NA,"verified by contributor",NA,NA,NA,"d2b97690-bfd6-11de-b279-d52977ace833",NA,"Data has been captured using a grid reference system. Provided location represents cell’s centre point and uncertainty represents cell’s size",NA,NA,NA,NA,NA,NA,NA,NA,NA,NA,"115205386",NA,"99672740-f762-11e1-a439-00145eb45e9a","NBDC",NA,NA,FALSE,NA,"GB",FALSE,"NE",4986881471,"Animalia",1,NA,"2025-06-04T15:56:28.195+00:00","2025-06-04T15:56:49.950+00:00","2025-06-04T15:56:49.950+00:00",54.556214,"http://creativecommons.org/licenses/by/4.0/legalcode",NA,"Whitechurch",NA,NA,-5.476989,NA,"2025-02-25T09:09:31.000+00:00",5,NA,NA,NA,"ie.nbdc.dataset.ExploreYourShore.101117785798609862",NA,"PRESENT","Sessilia",1426,NA,NA,NA,NA,NA,NA,NA,NA,"Arthropoda",54,NA,NA,NA,"DWC_ARCHIVE","EUROPE","IE","d2b97690-bfd6-11de-b279-d52977ace833","Sam Clawson",NA,NA,NA,NA,"Semibalanus balanoides (Linnaeus, 1767)",NA,NA,"Semibalanus balanoides",2115784,"balanoides",123,NA,NA,2115784,"ACCEPTED","SPECIES","Occurrence",NA,NA,NA,NA,NA,"Acorn Barnacle",NA,NA,2024,2025-06-17
"34","Semibalanus balanoides (Linnaeus, 1767)",2115784,"Scotland",NA,NA,"HUMAN_OBSERVATION",NA,NA,"Maxillopoda",203,"Scallastle Bay, Mull, United Kingdom, EUROPE",NA,NA,NA,"EUROPE",NA,7.1,"United Kingdom",369,NA,"1c736f5f-18d4-40d3-b25a-ec9d3c3500c7",NA,NA,31,NA,NA,NA,NA,NA,152,"2024-05-31",NA,NA,NA,"Archaeobalanidae",5103,NA,NA,NA,"POLYGON((-5.74147 56.48186,-5.74147 56.48195,-5.74132 56.48195,-5.74132 56.48186,-5.74147 56.48186))","United Kingdom of Great Britain and Northern Ireland","4981477800","EUROPE","Semibalanus","Semibalanus",2115783,"WGS84",NA,NA,"Accepted - considered correct",NA,NA,NA,"07f617d0-c688-11d8-bf62-b8a03c50a862",NA,NA,NA,"https://creativecommons.org/licenses/by/4.0/legalcode",NA,NA,"Argyll Biological Records Centre",NA,NA,NA,"Accepted - considered correct","Carl Farmer","9c86fcf2-04f4-47ae-837c-b093c9e9b4d0",NA,"99552c70-f762-11e1-a439-00145eb45e9a","ABReC",NA,NA,FALSE,NA,"GB",FALSE,"NE",4981477800,"Animalia",1,NA,"2025-06-12T23:20:53.853+00:00","2025-06-12T23:37:31.470+00:00","2025-06-12T23:37:31.470+00:00",56.481906,"http://creativecommons.org/licenses/by/4.0/legalcode","Unknown","Scallastle Bay, Mull",NA,NA,-5.741395,NA,NA,5,NA,NA,NA,"jcqkd6v5",NA,"PRESENT","Sessilia",1426,NA,NA,NA,NA,NA,NA,NA,NA,"Arthropoda",54,NA,NA,NA,"DWC_ARCHIVE","EUROPE","GB","241606e5-090d-4d96-853b-73ac0790e5ea","Farmer, C. Carl",NA,NA,NA,"Field record / observation","Semibalanus balanoides (Linnaeus, 1767)",NA,NA,"Semibalanus balanoides",2115784,"balanoides",152,"NBNSYS0000042568","NBNSYS0000042568",2115784,"ACCEPTED","SPECIES",NA,NA,NA,NA,NA,NA,"Acorn Barnacle",NA,NA,2024,2025-06-17
"35","Semibalanus balanoides (Linnaeus, 1767)",2115784,NA,NA,NA,"HUMAN_OBSERVATION",NA,"101117785798609894","Maxillopoda",203,"Kilmurray, Ireland, EUROPE","ExploreYourShore",NA,NA,"EUROPE",NA,100,"Ireland",263,"ExploreYourShore","17057301-35d8-4e33-b24f-13da5fe2d265",NA,NA,7,NA,NA,NA,NA,"County=Wicklow;Abundance=100;Type of sighting=Alive",159,"2024-06-07",NA,NA,NA,"Archaeobalanidae",5103,NA,NA,NA,NA,"Ireland","4986881379","EUROPE","Semibalanus","Semibalanus",2115783,"WGS84",NA,NA,"verified by contributor",NA,NA,NA,"d2b97690-bfd6-11de-b279-d52977ace833",NA,"Data has been captured using a grid reference system. Provided location represents cell’s centre point and uncertainty represents cell’s size",NA,NA,NA,NA,NA,NA,NA,NA,NA,NA,"115205418",NA,"99672740-f762-11e1-a439-00145eb45e9a","NBDC",NA,NA,FALSE,NA,"IE",FALSE,"NE",4986881379,"Animalia",1,NA,"2025-06-04T15:56:28.195+00:00","2025-06-04T15:56:51.197+00:00","2025-06-04T15:56:51.197+00:00",52.739467,"http://creativecommons.org/licenses/by/4.0/legalcode",NA,"Kilmurray",NA,NA,-6.144793,NA,"2025-02-25T09:09:31.000+00:00",6,NA,NA,NA,"ie.nbdc.dataset.ExploreYourShore.101117785798609894",NA,"PRESENT","Sessilia",1426,NA,NA,NA,NA,NA,NA,NA,NA,"Arthropoda",54,NA,NA,NA,"DWC_ARCHIVE","EUROPE","IE","d2b97690-bfd6-11de-b279-d52977ace833","Marie-Helene Sheeran",NA,NA,NA,NA,"Semibalanus balanoides (Linnaeus, 1767)",NA,NA,"Semibalanus balanoides",2115784,"balanoides",159,NA,NA,2115784,"ACCEPTED","SPECIES","Occurrence",NA,NA,NA,NA,NA,"Acorn Barnacle",NA,NA,2024,2025-06-17
"36","Semibalanus balanoides (Linnaeus, 1767)",2115784,NA,NA,NA,"HUMAN_OBSERVATION",NA,"101117785798609983","Maxillopoda",203,"Culdaff, Ireland, EUROPE","ExploreYourShore",NA,NA,"EUROPE",NA,100,"Ireland",263,"ExploreYourShore","17057301-35d8-4e33-b24f-13da5fe2d265",NA,NA,10,NA,NA,NA,NA,"County=Donegal;Type of sighting=Alive",162,"2024-06-10",NA,NA,NA,"Archaeobalanidae",5103,NA,NA,NA,NA,"Ireland","4986881901","EUROPE","Semibalanus","Semibalanus",2115783,"WGS84",NA,NA,"verified by contributor",NA,NA,NA,"d2b97690-bfd6-11de-b279-d52977ace833",NA,"Data has been captured using a grid reference system. Provided location represents cell’s centre point and uncertainty represents cell’s size",NA,NA,NA,NA,NA,NA,NA,NA,NA,NA,"115205507",NA,"99672740-f762-11e1-a439-00145eb45e9a","NBDC",NA,NA,FALSE,NA,"IE",FALSE,"NE",4986881901,"Animalia",1,NA,"2025-06-04T15:56:28.195+00:00","2025-06-04T15:56:51.093+00:00","2025-06-04T15:56:51.093+00:00",55.29158,"http://creativecommons.org/licenses/by/4.0/legalcode",NA,"Culdaff",NA,NA,-7.134418,NA,"2025-02-25T09:09:31.000+00:00",6,NA,NA,NA,"ie.nbdc.dataset.ExploreYourShore.101117785798609983",NA,"PRESENT","Sessilia",1426,NA,NA,NA,NA,NA,NA,NA,NA,"Arthropoda",54,NA,NA,NA,"DWC_ARCHIVE","EUROPE","IE","d2b97690-bfd6-11de-b279-d52977ace833","Carol Gilroy",NA,NA,NA,NA,"Semibalanus balanoides (Linnaeus, 1767)",NA,NA,"Semibalanus balanoides",2115784,"balanoides",162,NA,NA,2115784,"ACCEPTED","SPECIES","Occurrence",NA,NA,NA,NA,NA,"Acorn Barnacle",NA,NA,2024,2025-06-17
"37","Semibalanus balanoides (Linnaeus, 1767)",2115784,NA,NA,NA,"HUMAN_OBSERVATION",NA,"101117785798610112","Maxillopoda",203,"Clogga, Ireland, EUROPE","ExploreYourShore",NA,NA,"EUROPE",NA,100,"Ireland",263,"ExploreYourShore","17057301-35d8-4e33-b24f-13da5fe2d265",NA,NA,8,NA,NA,NA,NA,"County=Wicklow;Abundance=100;Type of sighting=Alive",160,"2024-06-08",NA,NA,NA,"Archaeobalanidae",5103,NA,NA,NA,NA,"Ireland","4986882272","EUROPE","Semibalanus","Semibalanus",2115783,"WGS84",NA,NA,"verified by contributor",NA,NA,NA,"d2b97690-bfd6-11de-b279-d52977ace833",NA,"Data has been captured using a grid reference system. Provided location represents cell’s centre point and uncertainty represents cell’s size",NA,NA,NA,NA,NA,NA,NA,NA,NA,NA,"115205636",NA,"99672740-f762-11e1-a439-00145eb45e9a","NBDC",NA,NA,FALSE,NA,"IE",FALSE,"NE",4986882272,"Animalia",1,NA,"2025-06-04T15:56:28.195+00:00","2025-06-04T15:56:50.883+00:00","2025-06-04T15:56:50.883+00:00",52.761943,"http://creativecommons.org/licenses/by/4.0/legalcode",NA,"Clogga",NA,NA,-6.145319,NA,"2025-02-25T09:09:31.000+00:00",6,NA,NA,NA,"ie.nbdc.dataset.ExploreYourShore.101117785798610112",NA,"PRESENT","Sessilia",1426,NA,NA,NA,NA,NA,NA,NA,NA,"Arthropoda",54,NA,NA,NA,"DWC_ARCHIVE","EUROPE","IE","d2b97690-bfd6-11de-b279-d52977ace833","Marie-Helene Sheeran",NA,NA,NA,NA,"Semibalanus balanoides (Linnaeus, 1767)",NA,NA,"Semibalanus balanoides",2115784,"balanoides",160,NA,NA,2115784,"ACCEPTED","SPECIES","Occurrence",NA,NA,NA,NA,NA,"Acorn Barnacle",NA,NA,2024,2025-06-17
"38","Semibalanus balanoides (Linnaeus, 1767)",2115784,NA,NA,NA,"HUMAN_OBSERVATION",NA,"101117785798610215","Maxillopoda",203,"Leenan, Ireland, EUROPE","ExploreYourShore",NA,NA,"EUROPE",NA,100,"Ireland",263,"ExploreYourShore","17057301-35d8-4e33-b24f-13da5fe2d265",NA,NA,14,NA,NA,NA,NA,"County=Donegal;Type of sighting=Alive",166,"2024-06-14",NA,NA,NA,"Archaeobalanidae",5103,NA,NA,NA,NA,"Ireland","4986879489","EUROPE","Semibalanus","Semibalanus",2115783,"WGS84",NA,NA,"verified by contributor",NA,NA,NA,"d2b97690-bfd6-11de-b279-d52977ace833",NA,"Data has been captured using a grid reference system. Provided location represents cell’s centre point and uncertainty represents cell’s size",NA,NA,NA,NA,NA,NA,NA,NA,NA,NA,"115205739",NA,"99672740-f762-11e1-a439-00145eb45e9a","NBDC",NA,NA,FALSE,NA,"IE",FALSE,"NE",4986879489,"Animalia",1,NA,"2025-06-04T15:56:28.195+00:00","2025-06-04T15:56:50.724+00:00","2025-06-04T15:56:50.724+00:00",55.241273,"http://creativecommons.org/licenses/by/4.0/legalcode",NA,"Leenan",NA,NA,-7.522127,NA,"2025-02-25T09:09:31.000+00:00",6,NA,NA,NA,"ie.nbdc.dataset.ExploreYourShore.101117785798610215",NA,"PRESENT","Sessilia",1426,NA,NA,NA,NA,NA,NA,NA,NA,"Arthropoda",54,NA,NA,NA,"DWC_ARCHIVE","EUROPE","IE","d2b97690-bfd6-11de-b279-d52977ace833","Carol Gilroy",NA,NA,NA,NA,"Semibalanus balanoides (Linnaeus, 1767)",NA,NA,"Semibalanus balanoides",2115784,"balanoides",166,NA,NA,2115784,"ACCEPTED","SPECIES","Occurrence",NA,NA,NA,NA,NA,"Acorn Barnacle",NA,NA,2024,2025-06-17
"39","Semibalanus balanoides (Linnaeus, 1767)",2115784,"England",NA,NA,"HUMAN_OBSERVATION",NA,"221767870","Maxillopoda",203,"United Kingdom, EUROPE","Observations",NA,NA,"EUROPE",NA,337,"United Kingdom",548,NA,"50c9509d-22c7-4a22-a47d-8c48425ef4a7","iNaturalist research-grade observations","2024-06-10T07:56:35",7,NA,NA,NA,NA,NA,159,"2024-06-07T12:07:42",NA,NA,"12:07:42+01:00","Archaeobalanidae",5103,NA,NA,NA,NA,"United Kingdom of Great Britain and Northern Ireland","4901848912","EUROPE","Semibalanus","Semibalanus",2115783,"WGS84",NA,NA,NA,NA,NA,NA,"28eb1a3f-1c15-4a95-931a-4af90ecb574d","wild",NA,NA,NA,NA,"k_wheatley",NA,"499066055",NA,NA,NA,"Kaila Wheatley Kornblum","221767870",NA,"997448a8-f762-11e1-a439-00145eb45e9a","iNaturalist",NA,NA,FALSE,NA,"GB",FALSE,"NE",4901848912,"Animalia",1,NA,"2025-06-06T14:41:08.836+00:00","2025-06-07T02:57:42.830+00:00","2025-06-07T02:57:42.830+00:00",50.459089,"http://creativecommons.org/licenses/by-nc/4.0/legalcode",NA,NA,NA,NA,-3.539253,NA,"2024-06-14T10:33:11.000+00:00",6,NA,NA,NA,"https://www.inaturalist.org/observations/221767870",NA,"PRESENT","Sessilia",1426,NA,NA,NA,NA,NA,NA,NA,NA,"Arthropoda",54,NA,NA,NA,"DWC_ARCHIVE","NORTH_AMERICA","US","28eb1a3f-1c15-4a95-931a-4af90ecb574d","Kaila Wheatley Kornblum",NA,"https://www.inaturalist.org/observations/221767870","Kaila Wheatley Kornblum",NA,"Semibalanus balanoides (Linnaeus, 1767)",NA,NA,"Semibalanus balanoides",2115784,"balanoides",159,NA,"118832",2115784,"ACCEPTED","SPECIES",NA,NA,NA,"2024-06-07 12:07:42",NA,"Grand Hotel, Torquay TQ2 6NT, UK",NA,NA,NA,2024,2025-06-17
"40","Semibalanus balanoides (Linnaeus, 1767)",2115784,"Scotland",NA,NA,"HUMAN_OBSERVATION",NA,"223592105","Maxillopoda",203,"United Kingdom, EUROPE","Observations",NA,NA,"EUROPE",NA,9,"United Kingdom",548,NA,"50c9509d-22c7-4a22-a47d-8c48425ef4a7","iNaturalist research-grade observations","2024-06-18T18:13:54",18,NA,NA,NA,NA,NA,170,"2024-06-18T08:55:37",NA,NA,"08:55:37+01:00","Archaeobalanidae",5103,NA,NA,NA,NA,"United Kingdom of Great Britain and Northern Ireland","5087017240","EUROPE","Semibalanus","Semibalanus",2115783,"WGS84",NA,NA,NA,NA,NA,NA,"28eb1a3f-1c15-4a95-931a-4af90ecb574d","wild",NA,NA,NA,NA,"lopdog",NA,"502712421",NA,NA,NA,"lopdog","223592105",NA,"997448a8-f762-11e1-a439-00145eb45e9a","iNaturalist",NA,NA,FALSE,NA,"GB",FALSE,"NE",5087017240,"Animalia",1,NA,"2025-06-06T14:41:08.836+00:00","2025-06-07T00:20:27.149+00:00","2025-06-07T00:20:27.149+00:00",57.934211,"http://creativecommons.org/licenses/by-nc/4.0/legalcode",NA,NA,NA,NA,-4.014702,NA,"2025-04-05T13:07:41.000+00:00",6,NA,NA,NA,"https://www.inaturalist.org/observations/223592105",NA,"PRESENT","Sessilia",1426,NA,NA,NA,NA,NA,NA,NA,NA,"Arthropoda",54,NA,NA,NA,"DWC_ARCHIVE","EUROPE","GB","28eb1a3f-1c15-4a95-931a-4af90ecb574d","lopdog",NA,"https://www.inaturalist.org/observations/223592105","lopdog",NA,"Semibalanus balanoides (Linnaeus, 1767)",NA,NA,"Semibalanus balanoides",2115784,"balanoides",170,NA,"118832",2115784,"ACCEPTED","SPECIES",NA,NA,NA,"2024-06-18 08:55:37+01:00",NA,"Dornoch Firth, Golspie, Scotland, GB",NA,NA,NA,2024,2025-06-17
"41","Semibalanus balanoides (Linnaeus, 1767)",2115784,"Scotland",NA,NA,"HUMAN_OBSERVATION",NA,"223612244","Maxillopoda",203,"United Kingdom, EUROPE","Observations",NA,NA,"EUROPE",NA,3,"United Kingdom",548,NA,"50c9509d-22c7-4a22-a47d-8c48425ef4a7","iNaturalist research-grade observations","2024-06-18T19:54:47",18,NA,NA,NA,NA,"{""evidenceOfPresence"":""organism""}",170,"2024-06-18T08:57:22",NA,NA,"08:57:22+01:00","Archaeobalanidae",5103,NA,NA,NA,NA,"United Kingdom of Great Britain and Northern Ireland","4904302334","EUROPE","Semibalanus","Semibalanus",2115783,"WGS84",NA,NA,NA,NA,NA,NA,"28eb1a3f-1c15-4a95-931a-4af90ecb574d","wild",NA,NA,NA,NA,"bacchusrock",NA,"502751280",NA,NA,NA,"Jo Roberts","223612244",NA,"997448a8-f762-11e1-a439-00145eb45e9a","iNaturalist",NA,NA,FALSE,NA,"GB",FALSE,"NE",4904302334,"Animalia",1,NA,"2025-06-06T14:41:08.836+00:00","2025-06-07T01:12:25.470+00:00","2025-06-07T01:12:25.470+00:00",57.934236,"http://creativecommons.org/publicdomain/zero/1.0/legalcode",NA,NA,NA,NA,-4.014463,NA,"2025-03-10T14:32:30.000+00:00",6,NA,NA,NA,"https://www.inaturalist.org/observations/223612244",NA,"PRESENT","Sessilia",1426,NA,NA,NA,NA,NA,NA,NA,NA,"Arthropoda",54,NA,NA,NA,"DWC_ARCHIVE","NORTH_AMERICA","US","28eb1a3f-1c15-4a95-931a-4af90ecb574d","Jo Roberts",NA,"https://www.inaturalist.org/observations/223612244","Jo Roberts",NA,"Semibalanus balanoides (Linnaeus, 1767)",NA,NA,"Semibalanus balanoides",2115784,"balanoides",170,NA,"118832",2115784,"ACCEPTED","SPECIES",NA,NA,NA,"2024-06-18 08:57:22",NA,"Highland, Scotland, GB",NA,"alive",NA,2024,2025-06-17
"42","Semibalanus balanoides (Linnaeus, 1767)",2115784,"England",NA,NA,"HUMAN_OBSERVATION",NA,"225694214","Maxillopoda",203,"United Kingdom, EUROPE","Observations",NA,NA,"EUROPE",NA,NA,"United Kingdom",548,NA,"50c9509d-22c7-4a22-a47d-8c48425ef4a7","iNaturalist research-grade observations","2024-06-28T11:20:23",28,NA,NA,NA,NA,NA,180,"2024-06-28T11:07:10",NA,NA,"11:07:10+01:00","Archaeobalanidae",5103,NA,NA,NA,NA,"United Kingdom of Great Britain and Northern Ireland","4904044007","EUROPE","Semibalanus","Semibalanus",2115783,"WGS84",NA,NA,NA,NA,NA,NA,"28eb1a3f-1c15-4a95-931a-4af90ecb574d","wild",NA,NA,NA,NA,"someone-who",NA,"507059075",NA,NA,NA,"Benjamin (Ben) Ross","225694214",NA,"997448a8-f762-11e1-a439-00145eb45e9a","iNaturalist",NA,NA,FALSE,NA,"GB",FALSE,"NE",4904044007,"Animalia",1,NA,"2025-06-06T14:41:08.836+00:00","2025-06-07T02:01:42.883+00:00","2025-06-07T02:01:42.883+00:00",50.783619,"http://creativecommons.org/licenses/by-nc/4.0/legalcode",NA,NA,NA,NA,-1.3545,NA,"2024-06-29T11:46:02.000+00:00",6,NA,NA,NA,"https://www.inaturalist.org/observations/225694214",NA,"PRESENT","Sessilia",1426,NA,NA,NA,NA,NA,NA,NA,NA,"Arthropoda",54,NA,NA,"https://www.inaturalist.org/projects/wildlife-of-the-new-forest","DWC_ARCHIVE","EUROPE","GB","28eb1a3f-1c15-4a95-931a-4af90ecb574d","Benjamin (Ben) Ross",NA,"https://www.inaturalist.org/observations/225694214","Benjamin (Ben) Ross",NA,"Semibalanus balanoides (Linnaeus, 1767)",NA,NA,"Semibalanus balanoides",2115784,"balanoides",180,NA,"118832",2115784,"ACCEPTED","SPECIES",NA,NA,NA,"2024-06-28 11:07:10",NA,"Hampshire, England, GB",NA,NA,NA,2024,2025-06-17
"43","Semibalanus balanoides (Linnaeus, 1767)",2115784,"England",NA,NA,"HUMAN_OBSERVATION",NA,"230360126","Maxillopoda",203,"United Kingdom, EUROPE","Observations",NA,NA,"EUROPE",NA,NA,"United Kingdom",548,NA,"50c9509d-22c7-4a22-a47d-8c48425ef4a7","iNaturalist research-grade observations","2024-07-19T20:05:09",19,NA,NA,NA,NA,NA,201,"2024-07-19T17:44:02",NA,NA,"17:44:02+01:00","Archaeobalanidae",5103,NA,NA,NA,NA,"United Kingdom of Great Britain and Northern Ireland","4949889078","EUROPE","Semibalanus","Semibalanus",2115783,"WGS84",NA,NA,NA,NA,NA,NA,"28eb1a3f-1c15-4a95-931a-4af90ecb574d","wild",NA,NA,NA,NA,"stephen6309",NA,"516524638",NA,NA,NA,"Stephen Gasson","230360126",NA,"997448a8-f762-11e1-a439-00145eb45e9a","iNaturalist",NA,NA,FALSE,NA,"GB",FALSE,"NE",4949889078,"Animalia",1,NA,"2025-06-06T14:41:08.836+00:00","2025-06-07T02:05:05.330+00:00","2025-06-07T02:05:05.330+00:00",50.886571,"http://creativecommons.org/publicdomain/zero/1.0/legalcode",NA,NA,NA,NA,0.684544,NA,"2024-09-21T18:42:22.000+00:00",7,NA,NA,NA,"https://www.inaturalist.org/observations/230360126",NA,"PRESENT","Sessilia",1426,NA,NA,NA,NA,NA,NA,NA,NA,"Arthropoda",54,NA,NA,NA,"DWC_ARCHIVE","EUROPE","GB","28eb1a3f-1c15-4a95-931a-4af90ecb574d","Stephen Gasson",NA,"https://www.inaturalist.org/observations/230360126","Stephen Gasson",NA,"Semibalanus balanoides (Linnaeus, 1767)",NA,NA,"Semibalanus balanoides",2115784,"balanoides",201,NA,"118832",2115784,"ACCEPTED","SPECIES",NA,NA,NA,"2024-07-19 17:44:02",NA,"Canal Bank, Hastings TN35 4EH, UK",NA,NA,NA,2024,2025-06-17
"44","Semibalanus balanoides (Linnaeus, 1767)",2115784,"England",NA,NA,"HUMAN_OBSERVATION",NA,"232646598","Maxillopoda",203,"United Kingdom, EUROPE","Observations",NA,NA,"EUROPE",NA,391,"United Kingdom",548,NA,"50c9509d-22c7-4a22-a47d-8c48425ef4a7","iNaturalist research-grade observations","2024-07-30T06:21:42",30,NA,NA,NA,NA,NA,212,"2024-07-30T07:21:21",NA,NA,"07:21:21+01:00","Archaeobalanidae",5103,NA,NA,NA,NA,"United Kingdom of Great Britain and Northern Ireland","4919657213","EUROPE","Semibalanus","Semibalanus",2115783,"WGS84",NA,NA,NA,NA,NA,NA,"28eb1a3f-1c15-4a95-931a-4af90ecb574d","wild",NA,NA,NA,NA,"italahill",NA,"521152192",NA,NA,NA,"italahill","232646598",NA,"997448a8-f762-11e1-a439-00145eb45e9a","iNaturalist",NA,NA,FALSE,NA,"GB",FALSE,"NE",4919657213,"Animalia",1,NA,"2025-06-06T14:41:08.836+00:00","2025-06-07T01:00:05.397+00:00","2025-06-07T01:00:05.397+00:00",54.619114,"http://creativecommons.org/licenses/by-nc/4.0/legalcode",NA,NA,NA,NA,-1.062679,NA,"2024-07-30T08:47:32.000+00:00",7,NA,NA,NA,"https://www.inaturalist.org/observations/232646598",NA,"PRESENT","Sessilia",1426,NA,NA,NA,NA,NA,NA,NA,NA,"Arthropoda",54,NA,NA,NA,"DWC_ARCHIVE","EUROPE","GB","28eb1a3f-1c15-4a95-931a-4af90ecb574d","italahill",NA,"https://www.inaturalist.org/observations/232646598","italahill",NA,"Semibalanus balanoides (Linnaeus, 1767)",NA,NA,"Semibalanus balanoides",2115784,"balanoides",212,NA,"118832",2115784,"ACCEPTED","SPECIES",NA,NA,NA,"2024-07-30 07:21:21+01:00",NA,"North Atlantic Ocean, Redcar, England, GB",NA,NA,NA,2024,2025-06-17
"45","Semibalanus balanoides (Linnaeus, 1767)",2115784,NA,NA,NA,"HUMAN_OBSERVATION",NA,"101117785798611370","Maxillopoda",203,"Glassagh Lower, Ireland, EUROPE","ExploreYourShore",NA,NA,"EUROPE",NA,100,"Ireland",263,"ExploreYourShore","17057301-35d8-4e33-b24f-13da5fe2d265",NA,NA,6,NA,NA,NA,NA,"County=Donegal;Type of sighting=Alive",219,"2024-08-06",NA,NA,NA,"Archaeobalanidae",5103,NA,NA,NA,NA,"Ireland","4986880152","EUROPE","Semibalanus","Semibalanus",2115783,"WGS84",NA,NA,"verified by contributor",NA,NA,NA,"d2b97690-bfd6-11de-b279-d52977ace833",NA,"Data has been captured using a grid reference system. Provided location represents cell’s centre point and uncertainty represents cell’s size",NA,NA,NA,NA,NA,NA,NA,NA,NA,NA,"115206893",NA,"99672740-f762-11e1-a439-00145eb45e9a","NBDC",NA,NA,FALSE,NA,"IE",FALSE,"NE",4986880152,"Animalia",1,NA,"2025-06-04T15:56:28.195+00:00","2025-06-04T15:56:55.717+00:00","2025-06-04T15:56:55.717+00:00",55.111852,"http://creativecommons.org/licenses/by/4.0/legalcode",NA,"Glassagh Lower",NA,NA,-8.317031,NA,"2025-02-25T09:09:31.000+00:00",8,NA,NA,NA,"ie.nbdc.dataset.ExploreYourShore.101117785798611370",NA,"PRESENT","Sessilia",1426,NA,NA,NA,NA,NA,NA,NA,NA,"Arthropoda",54,NA,NA,NA,"DWC_ARCHIVE","EUROPE","IE","d2b97690-bfd6-11de-b279-d52977ace833","David McCann",NA,NA,NA,NA,"Semibalanus balanoides (Linnaeus, 1767)",NA,NA,"Semibalanus balanoides",2115784,"balanoides",219,NA,NA,2115784,"ACCEPTED","SPECIES","Occurrence",NA,NA,NA,NA,NA,"Acorn Barnacle",NA,NA,2024,2025-06-17
"46","Semibalanus balanoides (Linnaeus, 1767)",2115784,NA,NA,NA,"HUMAN_OBSERVATION",NA,"101117785798611593","Maxillopoda",203,"Donaghadee, United Kingdom, EUROPE","ExploreYourShore",NA,NA,"EUROPE",NA,100,"United Kingdom",263,"ExploreYourShore","17057301-35d8-4e33-b24f-13da5fe2d265",NA,NA,11,NA,NA,NA,NA,"County=Down;Type of sighting=Alive",224,"2024-08-11",NA,NA,NA,"Archaeobalanidae",5103,NA,NA,NA,NA,"United Kingdom of Great Britain and Northern Ireland","4986882375","EUROPE","Semibalanus","Semibalanus",2115783,"WGS84",NA,NA,"verified by contributor",NA,NA,NA,"d2b97690-bfd6-11de-b279-d52977ace833",NA,"Data has been captured using a grid reference system. Provided location represents cell’s centre point and uncertainty represents cell’s size",NA,NA,NA,NA,NA,NA,NA,NA,NA,NA,"115207116",NA,"99672740-f762-11e1-a439-00145eb45e9a","NBDC",NA,NA,FALSE,NA,"GB",FALSE,"NE",4986882375,"Animalia",1,NA,"2025-06-04T15:56:28.195+00:00","2025-06-04T15:56:49.743+00:00","2025-06-04T15:56:49.743+00:00",54.644287,"http://creativecommons.org/licenses/by/4.0/legalcode",NA,"Donaghadee",NA,NA,-5.530751,NA,"2025-02-25T09:09:31.000+00:00",8,NA,NA,NA,"ie.nbdc.dataset.ExploreYourShore.101117785798611593",NA,"PRESENT","Sessilia",1426,NA,NA,NA,NA,NA,NA,NA,NA,"Arthropoda",54,NA,NA,NA,"DWC_ARCHIVE","EUROPE","IE","d2b97690-bfd6-11de-b279-d52977ace833","Sam Clawson",NA,NA,NA,NA,"Semibalanus balanoides (Linnaeus, 1767)",NA,NA,"Semibalanus balanoides",2115784,"balanoides",224,NA,NA,2115784,"ACCEPTED","SPECIES","Occurrence",NA,NA,NA,NA,NA,"Acorn Barnacle",NA,NA,2024,2025-06-17
"47","Semibalanus balanoides (Linnaeus, 1767)",2115784,NA,NA,NA,"HUMAN_OBSERVATION",NA,"101117785798611699","Maxillopoda",203,"kilmore quay, Ireland, EUROPE","ExploreYourShore",NA,NA,"EUROPE",NA,100,"Ireland",263,"ExploreYourShore","17057301-35d8-4e33-b24f-13da5fe2d265",NA,NA,18,NA,NA,NA,NA,"County=Wexford;Type of sighting=Alive",231,"2024-08-18",NA,NA,NA,"Archaeobalanidae",5103,NA,NA,NA,NA,"Ireland","4986879533","EUROPE","Semibalanus","Semibalanus",2115783,"WGS84",NA,NA,"verified by contributor",NA,NA,NA,"d2b97690-bfd6-11de-b279-d52977ace833",NA,"Data has been captured using a grid reference system. Provided location represents cell’s centre point and uncertainty represents cell’s size",NA,NA,NA,NA,NA,NA,NA,NA,NA,NA,"115207222",NA,"99672740-f762-11e1-a439-00145eb45e9a","NBDC",NA,NA,FALSE,NA,"IE",FALSE,"NE",4986879533,"Animalia",1,NA,"2025-06-04T15:56:28.195+00:00","2025-06-04T15:56:49.673+00:00","2025-06-04T15:56:49.673+00:00",52.172855,"http://creativecommons.org/licenses/by/4.0/legalcode",NA,"kilmore quay",NA,NA,-6.586449,NA,"2025-02-25T09:09:31.000+00:00",8,NA,NA,NA,"ie.nbdc.dataset.ExploreYourShore.101117785798611699",NA,"PRESENT","Sessilia",1426,NA,NA,NA,NA,NA,NA,NA,NA,"Arthropoda",54,NA,NA,NA,"DWC_ARCHIVE","EUROPE","IE","d2b97690-bfd6-11de-b279-d52977ace833","Seashore Explore - Therese Maddock",NA,NA,NA,NA,"Semibalanus balanoides (Linnaeus, 1767)",NA,NA,"Semibalanus balanoides",2115784,"balanoides",231,NA,NA,2115784,"ACCEPTED","SPECIES","Occurrence",NA,NA,NA,NA,NA,"Acorn Barnacle",NA,NA,2024,2025-06-17
"48","Semibalanus balanoides (Linnaeus, 1767)",2115784,NA,NA,NA,"HUMAN_OBSERVATION",NA,"101117785798612031","Maxillopoda",203,"Isle of Doagh, Ireland, EUROPE","ExploreYourShore",NA,NA,"EUROPE",NA,100,"Ireland",263,"ExploreYourShore","17057301-35d8-4e33-b24f-13da5fe2d265",NA,NA,25,NA,NA,NA,NA,"County=Donegal;Type of sighting=Alive",238,"2024-08-25",NA,NA,NA,"Archaeobalanidae",5103,NA,NA,NA,NA,"Ireland","4986880871","EUROPE","Semibalanus","Semibalanus",2115783,"WGS84",NA,NA,"verified by contributor",NA,NA,NA,"d2b97690-bfd6-11de-b279-d52977ace833",NA,"Data has been captured using a grid reference system. Provided location represents cell’s centre point and uncertainty represents cell’s size",NA,NA,NA,NA,NA,NA,NA,NA,NA,NA,"115207554",NA,"99672740-f762-11e1-a439-00145eb45e9a","NBDC",NA,NA,FALSE,NA,"IE",FALSE,"NE",4986880871,"Animalia",1,NA,"2025-06-04T15:56:28.195+00:00","2025-06-04T15:56:49.196+00:00","2025-06-04T15:56:49.196+00:00",55.312052,"http://creativecommons.org/licenses/by/4.0/legalcode",NA,"Isle of Doagh",NA,NA,-7.334747,NA,"2025-02-25T09:09:31.000+00:00",8,NA,NA,NA,"ie.nbdc.dataset.ExploreYourShore.101117785798612031",NA,"PRESENT","Sessilia",1426,NA,NA,NA,NA,NA,NA,NA,NA,"Arthropoda",54,NA,NA,NA,"DWC_ARCHIVE","EUROPE","IE","d2b97690-bfd6-11de-b279-d52977ace833","Carol Gilroy",NA,NA,NA,NA,"Semibalanus balanoides (Linnaeus, 1767)",NA,NA,"Semibalanus balanoides",2115784,"balanoides",238,NA,NA,2115784,"ACCEPTED","SPECIES","Occurrence",NA,NA,NA,NA,NA,"Acorn Barnacle",NA,NA,2024,2025-06-17
"49","Semibalanus balanoides (Linnaeus, 1767)",2115784,NA,NA,NA,"HUMAN_OBSERVATION",NA,"101117785798612040","Maxillopoda",203,"Belgrove, great Island, Ireland, EUROPE","ExploreYourShore",NA,NA,"EUROPE",NA,100,"Ireland",263,"ExploreYourShore","17057301-35d8-4e33-b24f-13da5fe2d265",NA,NA,27,NA,NA,NA,NA,"County=Cork;Abundance=1000;Type of sighting=Alive",240,"2024-08-27",NA,NA,NA,"Archaeobalanidae",5103,NA,NA,NA,NA,"Ireland","4986881084","EUROPE","Semibalanus","Semibalanus",2115783,"WGS84",NA,NA,"verified by contributor",NA,NA,NA,"d2b97690-bfd6-11de-b279-d52977ace833",NA,"Data has been captured using a grid reference system. Provided location represents cell’s centre point and uncertainty represents cell’s size",NA,NA,NA,NA,NA,NA,NA,NA,NA,NA,"115207563",NA,"99672740-f762-11e1-a439-00145eb45e9a","NBDC",NA,NA,FALSE,NA,"IE",FALSE,"NE",4986881084,"Animalia",1,NA,"2025-06-04T15:56:28.195+00:00","2025-06-04T15:56:49.185+00:00","2025-06-04T15:56:49.185+00:00",51.870241,"http://creativecommons.org/licenses/by/4.0/legalcode",NA,"Belgrove, great Island",NA,NA,-8.208207,NA,"2025-02-25T09:09:31.000+00:00",8,NA,NA,NA,"ie.nbdc.dataset.ExploreYourShore.101117785798612040",NA,"PRESENT","Sessilia",1426,NA,NA,NA,NA,NA,NA,NA,NA,"Arthropoda",54,NA,NA,NA,"DWC_ARCHIVE","EUROPE","IE","d2b97690-bfd6-11de-b279-d52977ace833","Ruben Keane",NA,NA,NA,NA,"Semibalanus balanoides (Linnaeus, 1767)",NA,NA,"Semibalanus balanoides",2115784,"balanoides",240,NA,NA,2115784,"ACCEPTED","SPECIES","Occurrence",NA,NA,NA,NA,NA,"Acorn Barnacle",NA,NA,2024,2025-06-17
"50","Semibalanus balanoides (Linnaeus, 1767)",2115784,NA,NA,NA,"HUMAN_OBSERVATION",NA,"101117785798612093","Maxillopoda",203,"kilmore quay, Ireland, EUROPE","ExploreYourShore",NA,NA,"EUROPE",NA,100,"Ireland",263,"ExploreYourShore","17057301-35d8-4e33-b24f-13da5fe2d265",NA,NA,31,NA,NA,NA,NA,"County=Wexford;Type of sighting=Alive",244,"2024-08-31",NA,NA,NA,"Archaeobalanidae",5103,NA,NA,NA,NA,"Ireland","4986880945","EUROPE","Semibalanus","Semibalanus",2115783,"WGS84",NA,NA,"verified by contributor",NA,NA,NA,"d2b97690-bfd6-11de-b279-d52977ace833",NA,"Data has been captured using a grid reference system. Provided location represents cell’s centre point and uncertainty represents cell’s size",NA,NA,NA,NA,NA,NA,NA,NA,NA,NA,"115207616",NA,"99672740-f762-11e1-a439-00145eb45e9a","NBDC",NA,NA,FALSE,NA,"IE",FALSE,"NE",4986880945,"Animalia",1,NA,"2025-06-04T15:56:28.195+00:00","2025-06-04T15:56:50.522+00:00","2025-06-04T15:56:50.522+00:00",52.175777,"http://creativecommons.org/licenses/by/4.0/legalcode",NA,"kilmore quay",NA,NA,-6.573285,NA,"2025-02-25T09:09:31.000+00:00",8,NA,NA,NA,"ie.nbdc.dataset.ExploreYourShore.101117785798612093",NA,"PRESENT","Sessilia",1426,NA,NA,NA,NA,NA,NA,NA,NA,"Arthropoda",54,NA,NA,NA,"DWC_ARCHIVE","EUROPE","IE","d2b97690-bfd6-11de-b279-d52977ace833","Seashore Explore - Therese Maddock",NA,NA,NA,NA,"Semibalanus balanoides (Linnaeus, 1767)",NA,NA,"Semibalanus balanoides",2115784,"balanoides",244,NA,NA,2115784,"ACCEPTED","SPECIES","Occurrence",NA,NA,NA,NA,NA,"Acorn Barnacle",NA,NA,2024,2025-06-17
"51","Semibalanus balanoides (Linnaeus, 1767)",2115784,NA,NA,NA,"HUMAN_OBSERVATION",NA,"101117785798612376","Maxillopoda",203,"Isle of Doagh, Ireland, EUROPE","ExploreYourShore",NA,NA,"EUROPE",NA,100,"Ireland",263,"ExploreYourShore","17057301-35d8-4e33-b24f-13da5fe2d265",NA,NA,25,NA,NA,NA,NA,"County=Donegal;Type of sighting=Alive",238,"2024-08-25",NA,NA,NA,"Archaeobalanidae",5103,NA,NA,NA,NA,"Ireland","4986882133","EUROPE","Semibalanus","Semibalanus",2115783,"WGS84",NA,NA,"verified by contributor",NA,NA,NA,"d2b97690-bfd6-11de-b279-d52977ace833",NA,"Data has been captured using a grid reference system. Provided location represents cell’s centre point and uncertainty represents cell’s size",NA,NA,NA,NA,NA,NA,NA,NA,NA,NA,"115207899",NA,"99672740-f762-11e1-a439-00145eb45e9a","NBDC",NA,NA,FALSE,NA,"IE",FALSE,"NE",4986882133,"Animalia",1,NA,"2025-06-04T15:56:28.195+00:00","2025-06-04T15:56:50.142+00:00","2025-06-04T15:56:50.142+00:00",55.312638,"http://creativecommons.org/licenses/by/4.0/legalcode",NA,"Isle of Doagh",NA,NA,-7.337236,NA,"2025-02-25T09:09:31.000+00:00",8,NA,NA,NA,"ie.nbdc.dataset.ExploreYourShore.101117785798612376",NA,"PRESENT","Sessilia",1426,NA,NA,NA,NA,NA,NA,NA,NA,"Arthropoda",54,NA,NA,NA,"DWC_ARCHIVE","EUROPE","IE","d2b97690-bfd6-11de-b279-d52977ace833","Carol Gilroy",NA,NA,NA,NA,"Semibalanus balanoides (Linnaeus, 1767)",NA,NA,"Semibalanus balanoides",2115784,"balanoides",238,NA,NA,2115784,"ACCEPTED","SPECIES","Occurrence",NA,NA,NA,NA,NA,"Acorn Barnacle",NA,NA,2024,2025-06-17
"52","Semibalanus balanoides (Linnaeus, 1767)",2115784,"Scotland",NA,NA,"HUMAN_OBSERVATION",NA,"234216341","Maxillopoda",203,"United Kingdom, EUROPE","Observations",NA,NA,"EUROPE",NA,112,"United Kingdom",548,NA,"50c9509d-22c7-4a22-a47d-8c48425ef4a7","iNaturalist research-grade observations","2024-08-18T13:13:37",5,NA,NA,NA,NA,NA,218,"2024-08-05T15:47:03",NA,NA,"15:47:03+01:00","Archaeobalanidae",5103,NA,NA,NA,NA,"United Kingdom of Great Britain and Northern Ireland","4926249233","EUROPE","Semibalanus","Semibalanus",2115783,"WGS84",NA,NA,NA,NA,NA,NA,"28eb1a3f-1c15-4a95-931a-4af90ecb574d","wild",NA,NA,NA,NA,"katerina_kolarova",NA,"529176615",NA,NA,NA,"Austin Smith","234216341",NA,"997448a8-f762-11e1-a439-00145eb45e9a","iNaturalist",NA,NA,FALSE,NA,"GB",FALSE,"NE",4926249233,"Animalia",1,NA,"2025-06-06T14:41:08.836+00:00","2025-06-07T00:14:34.718+00:00","2025-06-07T00:14:34.718+00:00",60.220999,"http://creativecommons.org/licenses/by-nc/4.0/legalcode",NA,NA,NA,NA,-1.573731,NA,"2024-08-19T19:13:55.000+00:00",8,NA,NA,NA,"https://www.inaturalist.org/observations/234216341",NA,"PRESENT","Sessilia",1426,NA,NA,NA,NA,NA,NA,NA,NA,"Arthropoda",54,NA,NA,NA,"DWC_ARCHIVE","NORTH_AMERICA","US","28eb1a3f-1c15-4a95-931a-4af90ecb574d","katerina_kolarova",NA,"https://www.inaturalist.org/observations/234216341","katerina_kolarova",NA,"Semibalanus balanoides (Linnaeus, 1767)",NA,NA,"Semibalanus balanoides",2115784,"balanoides",218,NA,"118832",2115784,"ACCEPTED","SPECIES",NA,NA,NA,"2024-08-05 15:47:03",NA,"Pier, Shetland ZE2 9PG, Velká Británie",NA,NA,NA,2024,2025-06-17
"53","Semibalanus balanoides (Linnaeus, 1767)",2115784,"Northern Ireland",NA,NA,"HUMAN_OBSERVATION",NA,"234593818","Maxillopoda",203,"United Kingdom, EUROPE","Observations",NA,NA,"EUROPE",NA,30,"United Kingdom",548,NA,"50c9509d-22c7-4a22-a47d-8c48425ef4a7","iNaturalist research-grade observations","2024-08-08T22:09:15",7,NA,NA,NA,NA,NA,220,"2024-08-07T15:28:32",NA,NA,"15:28:32+01:00","Archaeobalanidae",5103,NA,NA,NA,NA,"United Kingdom of Great Britain and Northern Ireland","4926360492","EUROPE","Semibalanus","Semibalanus",2115783,"WGS84",NA,NA,NA,NA,NA,NA,"28eb1a3f-1c15-4a95-931a-4af90ecb574d","wild",NA,NA,NA,NA,"jonathancampbell",NA,"525170978",NA,NA,NA,"Jonathan Campbell","234593818",NA,"997448a8-f762-11e1-a439-00145eb45e9a","iNaturalist",NA,NA,TRUE,NA,"GB",FALSE,"NE",4926360492,"Animalia",1,NA,"2025-06-06T14:41:08.836+00:00","2025-06-07T01:15:47.085+00:00","2025-06-07T01:15:47.085+00:00",55.208813,"http://creativecommons.org/publicdomain/zero/1.0/legalcode",NA,NA,NA,NA,-6.207934,NA,"2024-08-18T13:09:48.000+00:00",8,NA,NA,NA,"https://www.inaturalist.org/observations/234593818","Shell plate arrangement seems to suggest this?","PRESENT","Sessilia",1426,NA,NA,NA,NA,NA,NA,NA,NA,"Arthropoda",54,NA,NA,NA,"DWC_ARCHIVE","EUROPE","GB","28eb1a3f-1c15-4a95-931a-4af90ecb574d","Jonathan Campbell",NA,"https://www.inaturalist.org/observations/234593818","Jonathan Campbell",NA,"Semibalanus balanoides (Linnaeus, 1767)",NA,NA,"Semibalanus balanoides",2115784,"balanoides",220,NA,"118832",2115784,"ACCEPTED","SPECIES",NA,NA,NA,"2024-08-07 15:28:32+01:00",NA,"Rathlin Sound, Causeway Coast and Glens, Northern Ireland, GB",NA,NA,NA,2024,2025-06-17
"54","Semibalanus balanoides (Linnaeus, 1767)",2115784,"Scotland",NA,NA,"HUMAN_OBSERVATION",NA,"235745370","Maxillopoda",203,"United Kingdom, EUROPE","Observations",NA,NA,"EUROPE",NA,3,"United Kingdom",548,NA,"50c9509d-22c7-4a22-a47d-8c48425ef4a7","iNaturalist research-grade observations","2024-08-14T16:29:09",14,NA,NA,NA,NA,NA,227,"2024-08-14T17:28:56",NA,NA,"17:28:56+01:00","Archaeobalanidae",5103,NA,NA,NA,NA,"United Kingdom of Great Britain and Northern Ireland","4925891642","EUROPE","Semibalanus","Semibalanus",2115783,"WGS84",NA,NA,NA,NA,NA,NA,"28eb1a3f-1c15-4a95-931a-4af90ecb574d","wild",NA,NA,NA,NA,"elegaer",NA,"527625018",NA,NA,NA,"elegaer","235745370",NA,"997448a8-f762-11e1-a439-00145eb45e9a","iNaturalist",NA,NA,FALSE,NA,"GB",FALSE,"NE",4925891642,"Animalia",1,NA,"2025-06-06T14:41:08.836+00:00","2025-06-07T00:32:54.042+00:00","2025-06-07T00:32:54.042+00:00",56.827632,"http://creativecommons.org/licenses/by-nc/4.0/legalcode",NA,NA,NA,NA,-2.279213,NA,"2024-08-18T12:56:29.000+00:00",8,NA,NA,NA,"https://www.inaturalist.org/observations/235745370",NA,"PRESENT","Sessilia",1426,NA,NA,NA,NA,NA,NA,NA,NA,"Arthropoda",54,NA,NA,NA,"DWC_ARCHIVE","EUROPE","GB","28eb1a3f-1c15-4a95-931a-4af90ecb574d","elegaer",NA,"https://www.inaturalist.org/observations/235745370","elegaer",NA,"Semibalanus balanoides (Linnaeus, 1767)",NA,NA,"Semibalanus balanoides",2115784,"balanoides",227,NA,"118832",2115784,"ACCEPTED","SPECIES",NA,NA,NA,"2024-08-14 17:28:56+01:00",NA,"East End, Montrose, Scotland, GB",NA,NA,NA,2024,2025-06-17
"55","Semibalanus balanoides (Linnaeus, 1767)",2115784,"Scotland",NA,NA,"HUMAN_OBSERVATION",NA,"235784986","Maxillopoda",203,"United Kingdom, EUROPE","Observations",NA,NA,"EUROPE",NA,4,"United Kingdom",548,NA,"50c9509d-22c7-4a22-a47d-8c48425ef4a7","iNaturalist research-grade observations","2024-08-14T20:09:16",14,NA,NA,NA,NA,NA,227,"2024-08-14T08:07",NA,NA,"08:07:00+01:00","Archaeobalanidae",5103,NA,NA,NA,NA,"United Kingdom of Great Britain and Northern Ireland","4926049006","EUROPE","Semibalanus","Semibalanus",2115783,"WGS84",NA,NA,NA,NA,NA,NA,"28eb1a3f-1c15-4a95-931a-4af90ecb574d","wild",NA,NA,NA,NA,"andy_thomas",NA,"527700867",NA,NA,NA,"Andrew Thomas","235784986",NA,"997448a8-f762-11e1-a439-00145eb45e9a","iNaturalist",NA,NA,FALSE,NA,"GB",FALSE,"NE",4926049006,"Animalia",1,NA,"2025-06-06T14:41:08.836+00:00","2025-06-07T00:42:38.797+00:00","2025-06-07T00:42:38.797+00:00",56.118438,"http://creativecommons.org/publicdomain/zero/1.0/legalcode",NA,NA,NA,NA,-5.24907,NA,"2024-08-18T12:56:00.000+00:00",8,NA,NA,NA,"https://www.inaturalist.org/observations/235784986",NA,"PRESENT","Sessilia",1426,NA,NA,NA,NA,NA,NA,NA,NA,"Arthropoda",54,NA,NA,NA,"DWC_ARCHIVE","EUROPE","GB","28eb1a3f-1c15-4a95-931a-4af90ecb574d","Andrew Thomas",NA,"https://www.inaturalist.org/observations/235784986","Andrew Thomas",NA,"Semibalanus balanoides (Linnaeus, 1767)",NA,NA,"Semibalanus balanoides",2115784,"balanoides",227,NA,"118832",2115784,"ACCEPTED","SPECIES",NA,NA,NA,"2024/08/14 8:07 AM",NA,"Minard, Argyll",NA,NA,NA,2024,2025-06-17
"56","Semibalanus balanoides (Linnaeus, 1767)",2115784,"Scotland",NA,NA,"HUMAN_OBSERVATION",NA,"235875167","Maxillopoda",203,"United Kingdom, EUROPE","Observations",NA,NA,"EUROPE",NA,174,"United Kingdom",548,NA,"50c9509d-22c7-4a22-a47d-8c48425ef4a7","iNaturalist research-grade observations","2024-08-15T09:36:40",11,NA,NA,NA,NA,NA,224,"2024-08-11T16:29",NA,NA,"16:29:00+01:00","Archaeobalanidae",5103,NA,NA,NA,NA,"United Kingdom of Great Britain and Northern Ireland","4926386771","EUROPE","Semibalanus","Semibalanus",2115783,"WGS84",NA,NA,NA,NA,NA,NA,"28eb1a3f-1c15-4a95-931a-4af90ecb574d","wild",NA,NA,NA,NA,"alexplayford",NA,"527896795",NA,NA,NA,"Alex Playford","235875167",NA,"997448a8-f762-11e1-a439-00145eb45e9a","iNaturalist",NA,NA,FALSE,NA,"GB",FALSE,"NE",4926386771,"Animalia",1,NA,"2025-06-06T14:41:08.836+00:00","2025-06-07T01:00:17.969+00:00","2025-06-07T01:00:17.969+00:00",59.050809,"http://creativecommons.org/licenses/by-nc/4.0/legalcode",NA,NA,NA,NA,-3.012823,NA,"2024-08-16T20:41:29.000+00:00",8,NA,NA,NA,"https://www.inaturalist.org/observations/235875167",NA,"PRESENT","Sessilia",1426,NA,NA,NA,NA,NA,NA,NA,NA,"Arthropoda",54,NA,NA,NA,"DWC_ARCHIVE","NORTH_AMERICA","US","28eb1a3f-1c15-4a95-931a-4af90ecb574d","Alex Playford",NA,"https://www.inaturalist.org/observations/235875167","Alex Playford",NA,"Semibalanus balanoides (Linnaeus, 1767)",NA,NA,"Semibalanus balanoides",2115784,"balanoides",224,NA,"118832",2115784,"ACCEPTED","SPECIES",NA,NA,NA,"2024/08/11 4:29 PM",NA,"Bay of Puldrite, Orkney, UK",NA,NA,NA,2024,2025-06-17
"57","Semibalanus balanoides (Linnaeus, 1767)",2115784,"Scotland",NA,NA,"HUMAN_OBSERVATION",NA,"236108141","Maxillopoda",203,"United Kingdom, EUROPE","Observations",NA,NA,"EUROPE",NA,575,"United Kingdom",548,NA,"50c9509d-22c7-4a22-a47d-8c48425ef4a7","iNaturalist research-grade observations","2024-08-16T16:12:54",16,NA,NA,NA,NA,NA,229,"2024-08-16T11:17",NA,NA,"11:17:00+01:00","Archaeobalanidae",5103,NA,NA,NA,NA,"United Kingdom of Great Britain and Northern Ireland","4925991030","EUROPE","Semibalanus","Semibalanus",2115783,"WGS84",NA,NA,NA,NA,NA,NA,"28eb1a3f-1c15-4a95-931a-4af90ecb574d","wild",NA,NA,NA,NA,"alexplayford",NA,"528401787",NA,NA,NA,"Alex Playford","236108141",NA,"997448a8-f762-11e1-a439-00145eb45e9a","iNaturalist",NA,NA,FALSE,NA,"GB",FALSE,"NE",4925991030,"Animalia",1,NA,"2025-06-06T14:41:08.836+00:00","2025-06-07T02:03:42.875+00:00","2025-06-07T02:03:42.875+00:00",59.136558,"http://creativecommons.org/licenses/by-nc/4.0/legalcode",NA,NA,NA,NA,-3.334656,NA,"2024-08-16T20:39:38.000+00:00",8,NA,NA,NA,"https://www.inaturalist.org/observations/236108141",NA,"PRESENT","Sessilia",1426,NA,NA,NA,NA,NA,NA,NA,NA,"Arthropoda",54,NA,NA,NA,"DWC_ARCHIVE","NORTH_AMERICA","US","28eb1a3f-1c15-4a95-931a-4af90ecb574d","Alex Playford",NA,"https://www.inaturalist.org/observations/236108141","Alex Playford",NA,"Semibalanus balanoides (Linnaeus, 1767)",NA,NA,"Semibalanus balanoides",2115784,"balanoides",229,NA,"118832",2115784,"ACCEPTED","SPECIES",NA,NA,NA,"2024/08/16 11:17 AM",NA,"Brough of Birsay, Orkney, UK",NA,NA,NA,2024,2025-06-17
"58","Semibalanus balanoides (Linnaeus, 1767)",2115784,"Scotland",NA,NA,"HUMAN_OBSERVATION",NA,"237639015","Maxillopoda",203,"United Kingdom, EUROPE","Observations",NA,NA,"EUROPE",NA,123,"United Kingdom",548,NA,"50c9509d-22c7-4a22-a47d-8c48425ef4a7","iNaturalist research-grade observations","2024-08-24T14:11:18",22,NA,NA,NA,NA,NA,235,"2024-08-22T14:35",NA,NA,"14:35:00+01:00","Archaeobalanidae",5103,NA,NA,NA,NA,"United Kingdom of Great Britain and Northern Ireland","4936390553","EUROPE","Semibalanus","Semibalanus",2115783,"WGS84",NA,NA,NA,NA,NA,NA,"28eb1a3f-1c15-4a95-931a-4af90ecb574d","wild",NA,NA,NA,NA,"nicolacrockford",NA,"531690369",NA,NA,NA,"Nicola Crockford","237639015",NA,"997448a8-f762-11e1-a439-00145eb45e9a","iNaturalist",NA,NA,FALSE,NA,"GB",FALSE,"NE",4936390553,"Animalia",1,NA,"2025-06-06T14:41:08.836+00:00","2025-06-07T01:27:45.257+00:00","2025-06-07T01:27:45.257+00:00",56.00535,"http://creativecommons.org/licenses/by-nc/4.0/legalcode",NA,NA,NA,NA,-2.520187,NA,"2025-05-29T20:15:06.000+00:00",8,NA,NA,NA,"https://www.inaturalist.org/observations/237639015",NA,"PRESENT","Sessilia",1426,NA,NA,NA,NA,NA,NA,NA,NA,"Arthropoda",54,NA,NA,NA,"DWC_ARCHIVE","NORTH_AMERICA","US","28eb1a3f-1c15-4a95-931a-4af90ecb574d","Nicola Crockford",NA,"https://www.inaturalist.org/observations/237639015","Nicola Crockford",NA,"Semibalanus balanoides (Linnaeus, 1767)",NA,NA,"Semibalanus balanoides",2115784,"balanoides",235,NA,"118832",2115784,"ACCEPTED","SPECIES",NA,NA,NA,"2024/08/22 2:35 PM",NA,"Dunbar, UK",NA,NA,NA,2024,2025-06-17
"60","Semibalanus balanoides (Linnaeus, 1767)",2115784,NA,NA,NA,"HUMAN_OBSERVATION",NA,"101117785798612245","Maxillopoda",203,"Drumfad, United Kingdom, EUROPE","ExploreYourShore",NA,NA,"EUROPE",NA,100,"United Kingdom",263,"ExploreYourShore","17057301-35d8-4e33-b24f-13da5fe2d265",NA,NA,14,NA,NA,NA,NA,"County=Down;Type of sighting=Alive",258,"2024-09-14",NA,NA,NA,"Archaeobalanidae",5103,NA,NA,NA,NA,"United Kingdom of Great Britain and Northern Ireland","4986881747","EUROPE","Semibalanus","Semibalanus",2115783,"WGS84",NA,NA,"verified by contributor",NA,NA,NA,"d2b97690-bfd6-11de-b279-d52977ace833",NA,"Data has been captured using a grid reference system. Provided location represents cell’s centre point and uncertainty represents cell’s size",NA,NA,NA,NA,NA,NA,NA,NA,NA,NA,"115207768",NA,"99672740-f762-11e1-a439-00145eb45e9a","NBDC",NA,NA,FALSE,NA,"GB",FALSE,"NE",4986881747,"Animalia",1,NA,"2025-06-04T15:56:28.195+00:00","2025-06-04T15:56:50.348+00:00","2025-06-04T15:56:50.348+00:00",54.594451,"http://creativecommons.org/licenses/by/4.0/legalcode",NA,"Drumfad",NA,NA,-5.510557,NA,"2025-02-25T09:09:31.000+00:00",9,NA,NA,NA,"ie.nbdc.dataset.ExploreYourShore.101117785798612245",NA,"PRESENT","Sessilia",1426,NA,NA,NA,NA,NA,NA,NA,NA,"Arthropoda",54,NA,NA,NA,"DWC_ARCHIVE","EUROPE","IE","d2b97690-bfd6-11de-b279-d52977ace833","Sam Clawson",NA,NA,NA,NA,"Semibalanus balanoides (Linnaeus, 1767)",NA,NA,"Semibalanus balanoides",2115784,"balanoides",258,NA,NA,2115784,"ACCEPTED","SPECIES","Occurrence",NA,NA,NA,NA,NA,"Acorn Barnacle",NA,NA,2024,2025-06-17
"61","Semibalanus balanoides (Linnaeus, 1767)",2115784,NA,NA,NA,"HUMAN_OBSERVATION",NA,"101249285047214230","Maxillopoda",203,"Ballywalter, United Kingdom, EUROPE","ExploreYourShore",NA,NA,"EUROPE",NA,100,"United Kingdom",263,"ExploreYourShore","17057301-35d8-4e33-b24f-13da5fe2d265",NA,NA,19,NA,NA,NA,NA,"County=Down;Type of sighting=Alive",263,"2024-09-19",NA,NA,NA,"Archaeobalanidae",5103,NA,NA,NA,NA,"United Kingdom of Great Britain and Northern Ireland","5069246558","EUROPE","Semibalanus","Semibalanus",2115783,"WGS84",NA,NA,"verified by contributor",NA,NA,NA,"d2b97690-bfd6-11de-b279-d52977ace833",NA,"Data has been captured using a grid reference system. Provided location represents cell’s centre point and uncertainty represents cell’s size",NA,NA,NA,NA,NA,NA,NA,NA,NA,NA,"115208448",NA,"99672740-f762-11e1-a439-00145eb45e9a","NBDC",NA,NA,FALSE,NA,"GB",FALSE,"NE",5069246558,"Animalia",1,NA,"2025-06-04T15:56:28.195+00:00","2025-06-04T15:56:54.805+00:00","2025-06-04T15:56:54.805+00:00",54.557874,"http://creativecommons.org/licenses/by/4.0/legalcode",NA,"Ballywalter",NA,NA,-5.478234,NA,"2025-02-25T09:09:31.000+00:00",9,NA,NA,NA,"ie.nbdc.dataset.ExploreYourShore.101249285047214230",NA,"PRESENT","Sessilia",1426,NA,NA,NA,NA,NA,NA,NA,NA,"Arthropoda",54,NA,NA,NA,"DWC_ARCHIVE","EUROPE","IE","d2b97690-bfd6-11de-b279-d52977ace833","David Craig",NA,NA,NA,NA,"Semibalanus balanoides (Linnaeus, 1767)",NA,NA,"Semibalanus balanoides",2115784,"balanoides",263,NA,NA,2115784,"ACCEPTED","SPECIES","Occurrence",NA,NA,NA,NA,NA,"Acorn Barnacle",NA,NA,2024,2025-06-17
"62","Semibalanus balanoides (Linnaeus, 1767)",2115784,NA,NA,NA,"HUMAN_OBSERVATION",NA,"101117785798612670","Maxillopoda",203,"Forlorn Point, Kilmore Quay, Ireland, EUROPE","ExploreYourShore",NA,NA,"EUROPE",NA,100,"Ireland",263,"ExploreYourShore","17057301-35d8-4e33-b24f-13da5fe2d265",NA,NA,21,NA,NA,NA,NA,"County=Wexford;Type of sighting=Alive",295,"2024-10-21",NA,NA,NA,"Archaeobalanidae",5103,NA,NA,NA,NA,"Ireland","4986881555","EUROPE","Semibalanus","Semibalanus",2115783,"WGS84",NA,NA,"verified by contributor",NA,NA,NA,"d2b97690-bfd6-11de-b279-d52977ace833",NA,"Data has been captured using a grid reference system. Provided location represents cell’s centre point and uncertainty represents cell’s size",NA,NA,NA,NA,NA,NA,NA,NA,NA,NA,"115208193",NA,"99672740-f762-11e1-a439-00145eb45e9a","NBDC",NA,NA,FALSE,NA,"IE",FALSE,"NE",4986881555,"Animalia",1,NA,"2025-06-04T15:56:28.195+00:00","2025-06-04T15:56:53.746+00:00","2025-06-04T15:56:53.746+00:00",52.171701,"http://creativecommons.org/licenses/by/4.0/legalcode",NA,"Forlorn Point, Kilmore Quay",NA,NA,-6.594265,NA,"2025-02-25T09:09:31.000+00:00",10,NA,NA,NA,"ie.nbdc.dataset.ExploreYourShore.101117785798612670",NA,"PRESENT","Sessilia",1426,NA,NA,NA,NA,NA,NA,NA,NA,"Arthropoda",54,NA,NA,NA,"DWC_ARCHIVE","EUROPE","IE","d2b97690-bfd6-11de-b279-d52977ace833","Seashore Explore - Therese Maddock",NA,NA,NA,NA,"Semibalanus balanoides (Linnaeus, 1767)",NA,NA,"Semibalanus balanoides",2115784,"balanoides",295,NA,NA,2115784,"ACCEPTED","SPECIES","Occurrence",NA,NA,NA,NA,NA,"Acorn Barnacle",NA,NA,2024,2025-06-17
"63","Semibalanus balanoides (Linnaeus, 1767)",2115784,"Rushen",NA,NA,"HUMAN_OBSERVATION",NA,"249636208","Maxillopoda",203,"Isle of Man, EUROPE","Observations",NA,NA,"EUROPE",NA,4,"Isle of Man",548,NA,"50c9509d-22c7-4a22-a47d-8c48425ef4a7","iNaturalist research-grade observations","2024-10-29T14:53:51",29,NA,NA,NA,NA,NA,303,"2024-10-29T12:47:34Z",NA,NA,"12:47:34+00:00","Archaeobalanidae",5103,NA,NA,NA,NA,"Isle of Man","4976243391","EUROPE","Semibalanus","Semibalanus",2115783,"WGS84",NA,NA,NA,NA,NA,NA,"28eb1a3f-1c15-4a95-931a-4af90ecb574d","wild",NA,NA,NA,NA,"andrew_jacobs",NA,"558359332",NA,NA,NA,"Andrew Jacobs","249636208",NA,"997448a8-f762-11e1-a439-00145eb45e9a","iNaturalist",NA,NA,FALSE,NA,"IM",FALSE,"NE",4976243391,"Animalia",1,NA,"2025-06-06T14:41:08.836+00:00","2025-06-07T00:13:44.004+00:00","2025-06-07T00:13:44.004+00:00",54.06239,"http://creativecommons.org/licenses/by-nc/4.0/legalcode",NA,NA,NA,NA,-4.79599,NA,"2025-04-08T07:12:27.000+00:00",10,NA,NA,NA,"https://www.inaturalist.org/observations/249636208",NA,"PRESENT","Sessilia",1426,NA,NA,NA,NA,NA,NA,NA,NA,"Arthropoda",54,NA,NA,NA,"DWC_ARCHIVE","NORTH_AMERICA","CA","28eb1a3f-1c15-4a95-931a-4af90ecb574d","Andrew Jacobs",NA,"https://www.inaturalist.org/observations/249636208","Andrew Jacobs",NA,"Semibalanus balanoides (Linnaeus, 1767)",NA,NA,"Semibalanus balanoides",2115784,"balanoides",303,NA,"118832",2115784,"ACCEPTED","SPECIES",NA,NA,NA,"2024-10-29 12:47:34Z",NA,"Rushen, IM-RU, IM",NA,NA,NA,2024,2025-06-17
"64","Semibalanus balanoides (Linnaeus, 1767)",2115784,"Scotland",NA,NA,"HUMAN_OBSERVATION",NA,NA,"Maxillopoda",203,"Garmony, United Kingdom, EUROPE",NA,NA,NA,"EUROPE",NA,7.1,"United Kingdom",369,NA,"1c736f5f-18d4-40d3-b25a-ec9d3c3500c7",NA,NA,2,NA,NA,NA,NA,NA,276,"2024-10-02",NA,NA,NA,"Archaeobalanidae",5103,NA,NA,NA,"POLYGON((-5.77704 56.50128,-5.77704 56.50138,-5.77689 56.50138,-5.77689 56.50128,-5.77704 56.50128))","United Kingdom of Great Britain and Northern Ireland","5183712471","EUROPE","Semibalanus","Semibalanus",2115783,"WGS84",NA,NA,"Accepted - considered correct",NA,NA,NA,"07f617d0-c688-11d8-bf62-b8a03c50a862",NA,NA,NA,"https://creativecommons.org/licenses/by/4.0/legalcode",NA,NA,"Argyll Biological Records Centre",NA,NA,NA,"Accepted - considered correct","Carl Farmer","2a5ec0d8-dd6c-4b8e-a790-7dd7b3281bdd",NA,"99552c70-f762-11e1-a439-00145eb45e9a","ABReC",NA,NA,FALSE,NA,"GB",FALSE,"NE",5183712471,"Animalia",1,NA,"2025-06-12T23:20:53.853+00:00","2025-06-12T23:37:34.229+00:00","2025-06-12T23:37:34.229+00:00",56.501329,"http://creativecommons.org/licenses/by/4.0/legalcode","Unknown","Garmony",NA,NA,-5.776964,NA,NA,10,NA,NA,NA,"83pus6v5","Plentiful on shore rocks, also on a limpet","PRESENT","Sessilia",1426,NA,NA,NA,NA,NA,NA,NA,NA,"Arthropoda",54,NA,NA,NA,"DWC_ARCHIVE","EUROPE","GB","241606e5-090d-4d96-853b-73ac0790e5ea","Farmer, C. Carl",NA,NA,NA,"Field record / observation","Semibalanus balanoides (Linnaeus, 1767)",NA,NA,"Semibalanus balanoides",2115784,"balanoides",276,"NBNSYS0000042568","NBNSYS0000042568",2115784,"ACCEPTED","SPECIES",NA,NA,NA,NA,NA,NA,"Acorn Barnacle",NA,NA,2024,2025-06-17
"65","Semibalanus balanoides (Linnaeus, 1767)",2115784,"England",NA,NA,"HUMAN_OBSERVATION",NA,NA,"Maxillopoda",203,"Goring Gap, United Kingdom, EUROPE","iRecord | App",NA,NA,"EUROPE",NA,12,"United Kingdom",367,NA,"97d01261-0027-4e89-a0d2-4a7d700f5fdb",NA,NA,29,NA,NA,NA,NA,NA,334,"2024-11-29","28243568",NA,NA,"Archaeobalanidae",5103,NA,NA,NA,NA,"United Kingdom of Great Britain and Northern Ireland","5151927525","EUROPE","Semibalanus","Semibalanus",2115783,"WGS84",NA,NA,NA,NA,NA,NA,"07f617d0-c688-11d8-bf62-b8a03c50a862",NA,NA,NA,"https://creativecommons.org/licenses/by/4.0/legalcode",NA,NA,"Marine Biological Association, and Biological Records Centre",NA,NA,NA,"Accepted - correct",NA,"39eb6e07-8d6a-4e1b-8b5d-66744d6ef1d4",NA,"99552c70-f762-11e1-a439-00145eb45e9a",NA,NA,NA,FALSE,NA,"GB",FALSE,"NE",5151927525,"Animalia",1,NA,"2025-06-12T23:10:37.497+00:00","2025-06-12T23:11:12.634+00:00","2025-06-12T23:11:12.634+00:00",50.80344,"http://creativecommons.org/licenses/by/4.0/legalcode",NA,"Goring Gap",NA,NA,-0.42468,NA,NA,11,NA,NA,NA,"39635706",NA,"PRESENT","Sessilia",1426,NA,NA,NA,NA,NA,NA,NA,NA,"Arthropoda",54,NA,NA,NA,"DWC_ARCHIVE","EUROPE","GB","f6b48504-1651-4a49-a88d-c2bc6178694d","Casey, L. Leanne",NA,NA,NA,NA,"Semibalanus balanoides (Linnaeus, 1767)",NA,NA,"Semibalanus balanoides",2115784,"balanoides",334,"NBNSYS0000042568","NBNSYS0000042568",2115784,"ACCEPTED","SPECIES",NA,NA,NA,NA,NA,NA,"Acorn Barnacle",NA,NA,2024,2025-06-17
"66","Semibalanus balanoides (Linnaeus, 1767)",2115784,NA,NA,NA,"HUMAN_OBSERVATION",NA,"101249285047214703","Maxillopoda",203,"Ballyvaughan, Ireland, EUROPE","ExploreYourShore",NA,NA,"EUROPE",NA,100,"Ireland",263,"ExploreYourShore","17057301-35d8-4e33-b24f-13da5fe2d265",NA,NA,16,NA,NA,NA,NA,"County=Clare",351,"2024-12-16",NA,NA,NA,"Archaeobalanidae",5103,NA,NA,NA,NA,"Ireland","5069246970","EUROPE","Semibalanus","Semibalanus",2115783,"WGS84",NA,NA,"verified by contributor",NA,NA,NA,"d2b97690-bfd6-11de-b279-d52977ace833",NA,"Data has been captured using a grid reference system. Provided location represents cell’s centre point and uncertainty represents cell’s size",NA,NA,NA,NA,NA,NA,NA,NA,NA,NA,"115208920",NA,"99672740-f762-11e1-a439-00145eb45e9a","NBDC",NA,NA,FALSE,NA,"IE",FALSE,"NE",5069246970,"Animalia",1,NA,"2025-06-04T15:56:28.195+00:00","2025-06-04T15:56:55.408+00:00","2025-06-04T15:56:55.408+00:00",53.121277,"http://creativecommons.org/licenses/by/4.0/legalcode",NA,"Ballyvaughan",NA,NA,-9.156074,NA,"2025-02-25T09:09:31.000+00:00",12,NA,NA,NA,"ie.nbdc.dataset.ExploreYourShore.101249285047214703",NA,"PRESENT","Sessilia",1426,NA,NA,NA,NA,NA,NA,NA,NA,"Arthropoda",54,NA,NA,NA,"DWC_ARCHIVE","EUROPE","IE","d2b97690-bfd6-11de-b279-d52977ace833","Rachel Mc Kenna",NA,NA,NA,NA,"Semibalanus balanoides (Linnaeus, 1767)",NA,NA,"Semibalanus balanoides",2115784,"balanoides",351,NA,NA,2115784,"ACCEPTED","SPECIES","Occurrence",NA,NA,NA,NA,NA,"Acorn Barnacle",NA,NA,2024,2025-06-17
"67","Semibalanus balanoides (Linnaeus, 1767)",2115784,"Scotland",NA,NA,"HUMAN_OBSERVATION",NA,"254838781","Maxillopoda",203,"United Kingdom, EUROPE","Observations",NA,NA,"EUROPE",NA,31,"United Kingdom",548,NA,"50c9509d-22c7-4a22-a47d-8c48425ef4a7","iNaturalist research-grade observations","2024-12-11T20:50:59",11,NA,NA,NA,NA,NA,346,"2024-12-11T14:03Z",NA,NA,"14:03:00+00:00","Archaeobalanidae",5103,NA,NA,NA,NA,"United Kingdom of Great Britain and Northern Ireland","5006768365","EUROPE","Semibalanus","Semibalanus",2115783,"WGS84",NA,NA,NA,NA,NA,NA,"28eb1a3f-1c15-4a95-931a-4af90ecb574d","wild",NA,NA,NA,NA,"bonxie62",NA,"573104107",NA,NA,NA,"Graeme Baxter","254838781",NA,"997448a8-f762-11e1-a439-00145eb45e9a","iNaturalist",NA,NA,FALSE,NA,"GB",FALSE,"NE",5006768365,"Animalia",1,NA,"2025-06-06T14:41:08.836+00:00","2025-06-07T01:38:03.863+00:00","2025-06-07T01:38:03.863+00:00",57.677302,"http://creativecommons.org/publicdomain/zero/1.0/legalcode",NA,NA,NA,NA,-1.951503,NA,"2025-04-15T00:12:25.000+00:00",12,NA,NA,NA,"https://www.inaturalist.org/observations/254838781",NA,"PRESENT","Sessilia",1426,NA,NA,NA,NA,NA,NA,NA,NA,"Arthropoda",54,NA,NA,NA,"DWC_ARCHIVE","NORTH_AMERICA","US","28eb1a3f-1c15-4a95-931a-4af90ecb574d","Graeme Baxter",NA,"https://www.inaturalist.org/observations/254838781","Graeme Baxter",NA,"Semibalanus balanoides (Linnaeus, 1767)",NA,NA,"Semibalanus balanoides",2115784,"balanoides",346,NA,"118832",2115784,"ACCEPTED","SPECIES",NA,NA,NA,"2024/12/11 2:03 PM",NA,"Cairnbulg, Fraserburgh AB43 8WN, UK",NA,NA,NA,2024,2025-06-17
"68","Semibalanus balanoides (Linnaeus, 1767)",2115784,"England",NA,NA,"HUMAN_OBSERVATION",NA,"255057557","Maxillopoda",203,"United Kingdom, EUROPE","Observations",NA,NA,"EUROPE",NA,6,"United Kingdom",548,NA,"50c9509d-22c7-4a22-a47d-8c48425ef4a7","iNaturalist research-grade observations","2024-12-14T08:58:12",14,NA,NA,NA,NA,NA,349,"2024-12-14T08:56:06Z",NA,NA,"08:56:06+00:00","Archaeobalanidae",5103,NA,NA,NA,NA,"United Kingdom of Great Britain and Northern Ireland","5008015572","EUROPE","Semibalanus","Semibalanus",2115783,"WGS84",NA,NA,NA,NA,NA,NA,"28eb1a3f-1c15-4a95-931a-4af90ecb574d","wild",NA,NA,NA,NA,"seasearchnic",NA,"573820755",NA,NA,NA,"seasearchnic","255057557",NA,"997448a8-f762-11e1-a439-00145eb45e9a","iNaturalist",NA,NA,FALSE,NA,"GB",FALSE,"NE",5008015572,"Animalia",1,NA,"2025-06-06T14:41:08.836+00:00","2025-06-07T00:17:07.704+00:00","2025-06-07T00:17:07.704+00:00",55.070088,"http://creativecommons.org/licenses/by-nc/4.0/legalcode",NA,NA,NA,NA,-1.45114,NA,"2024-12-17T20:42:18.000+00:00",12,NA,NA,NA,"https://www.inaturalist.org/observations/255057557",NA,"PRESENT","Sessilia",1426,NA,NA,NA,NA,NA,NA,NA,NA,"Arthropoda",54,NA,NA,NA,"DWC_ARCHIVE","EUROPE","GB","28eb1a3f-1c15-4a95-931a-4af90ecb574d","seasearchnic",NA,"https://www.inaturalist.org/observations/255057557","seasearchnic",NA,"Semibalanus balanoides (Linnaeus, 1767)",NA,NA,"Semibalanus balanoides",2115784,"balanoides",349,NA,"118832",2115784,"ACCEPTED","SPECIES",NA,NA,NA,"2024-12-14 08:56:06",NA,"Whitley Bay NE26 4RS, UK",NA,NA,NA,2024,2025-06-17
"69","Semibalanus balanoides (Linnaeus, 1767)",2115784,"England",NA,NA,"HUMAN_OBSERVATION",NA,"256893516","Maxillopoda",203,"United Kingdom, EUROPE","Observations",NA,NA,"EUROPE",NA,14,"United Kingdom",548,NA,"50c9509d-22c7-4a22-a47d-8c48425ef4a7","iNaturalist research-grade observations","2024-12-31T16:13:57",31,NA,NA,NA,NA,"{""evidenceOfPresence"":""organism""}",366,"2024-12-31T10:02:38Z",NA,NA,"10:02:38+00:00","Archaeobalanidae",5103,NA,NA,NA,NA,"United Kingdom of Great Britain and Northern Ireland","5007494899","EUROPE","Semibalanus","Semibalanus",2115783,"WGS84",NA,NA,NA,NA,NA,NA,"28eb1a3f-1c15-4a95-931a-4af90ecb574d","wild",NA,NA,NA,NA,"campbellfmh",NA,"578931898",NA,NA,NA,"campbellfmh","256893516",NA,"997448a8-f762-11e1-a439-00145eb45e9a","iNaturalist",NA,NA,FALSE,NA,"GB",FALSE,"NE",5007494899,"Animalia",1,NA,"2025-06-06T14:41:08.836+00:00","2025-06-07T00:07:25.656+00:00","2025-06-07T00:07:25.656+00:00",54.294442,"http://creativecommons.org/licenses/by-nc/4.0/legalcode",NA,NA,NA,NA,-0.405967,NA,"2025-04-17T15:25:27.000+00:00",12,NA,NA,NA,"https://www.inaturalist.org/observations/256893516",NA,"PRESENT","Sessilia",1426,NA,NA,NA,NA,NA,NA,NA,NA,"Arthropoda",54,NA,NA,NA,"DWC_ARCHIVE","NORTH_AMERICA","US","28eb1a3f-1c15-4a95-931a-4af90ecb574d","campbellfmh",NA,"https://www.inaturalist.org/observations/256893516","campbellfmh",NA,"Semibalanus balanoides (Linnaeus, 1767)",NA,NA,"Semibalanus balanoides",2115784,"balanoides",366,NA,"118832",2115784,"ACCEPTED","SPECIES",NA,NA,NA,"2024-12-31 10:02:38Z",NA,"North Bay, Scarborough, England, GB",NA,"alive",NA,2024,2025-06-17
"70","Semibalanus balanoides (Linnaeus, 1767)",2115784,NA,NA,NA,"HUMAN_OBSERVATION",NA,"100182717261419735","Maxillopoda",203,"Ballyholme, United Kingdom, EUROPE","ExploreYourShore",NA,NA,"EUROPE",NA,100,"United Kingdom",263,"ExploreYourShore","17057301-35d8-4e33-b24f-13da5fe2d265",NA,NA,13,NA,NA,NA,NA,"County=Down;Type of sighting=Alive",13,"2023-01-13",NA,NA,NA,"Archaeobalanidae",5103,NA,NA,NA,NA,"United Kingdom of Great Britain and Northern Ireland","4466050216","EUROPE","Semibalanus","Semibalanus",2115783,"WGS84",NA,NA,"verified by contributor",NA,NA,NA,"d2b97690-bfd6-11de-b279-d52977ace833",NA,"Data has been captured using a grid reference system. Provided location represents cell’s centre point and uncertainty represents cell’s size",NA,NA,NA,NA,NA,NA,NA,NA,NA,NA,"115195909",NA,"99672740-f762-11e1-a439-00145eb45e9a","NBDC",NA,NA,FALSE,NA,"GB",FALSE,"NE",4466050216,"Animalia",1,NA,"2025-06-04T15:56:28.195+00:00","2025-06-04T15:56:51.744+00:00","2025-06-04T15:56:51.744+00:00",54.666953,"http://creativecommons.org/licenses/by/4.0/legalcode",NA,"Ballyholme",NA,NA,-5.653057,NA,"2025-02-25T09:09:31.000+00:00",1,NA,NA,NA,"ie.nbdc.dataset.ExploreYourShore.100182717261419735",NA,"PRESENT","Sessilia",1426,NA,NA,NA,NA,NA,NA,NA,NA,"Arthropoda",54,NA,NA,NA,"DWC_ARCHIVE","EUROPE","IE","d2b97690-bfd6-11de-b279-d52977ace833","David Craig",NA,NA,NA,NA,"Semibalanus balanoides (Linnaeus, 1767)",NA,NA,"Semibalanus balanoides",2115784,"balanoides",13,NA,NA,2115784,"ACCEPTED","SPECIES","Occurrence",NA,NA,NA,NA,NA,"Acorn Barnacle",NA,NA,2023,2025-06-17
"71","Semibalanus balanoides (Linnaeus, 1767)",2115784,NA,NA,NA,"HUMAN_OBSERVATION",NA,"100182717261419891","Maxillopoda",203,"Groomsport, United Kingdom, EUROPE","ExploreYourShore",NA,NA,"EUROPE",NA,100,"United Kingdom",263,"ExploreYourShore","17057301-35d8-4e33-b24f-13da5fe2d265",NA,NA,13,NA,NA,NA,NA,"County=Down;Type of sighting=Alive",13,"2023-01-13",NA,NA,NA,"Archaeobalanidae",5103,NA,NA,NA,NA,"United Kingdom of Great Britain and Northern Ireland","4466050531","EUROPE","Semibalanus","Semibalanus",2115783,"WGS84",NA,NA,"verified by contributor",NA,NA,NA,"d2b97690-bfd6-11de-b279-d52977ace833",NA,"Data has been captured using a grid reference system. Provided location represents cell’s centre point and uncertainty represents cell’s size",NA,NA,NA,NA,NA,NA,NA,NA,NA,NA,"115195915",NA,"99672740-f762-11e1-a439-00145eb45e9a","NBDC",NA,NA,FALSE,NA,"GB",FALSE,"NE",4466050531,"Animalia",1,NA,"2025-06-04T15:56:28.195+00:00","2025-06-04T15:56:51.758+00:00","2025-06-04T15:56:51.758+00:00",54.675551,"http://creativecommons.org/licenses/by/4.0/legalcode",NA,"Groomsport",NA,NA,-5.611033,NA,"2025-02-25T09:09:31.000+00:00",1,NA,NA,NA,"ie.nbdc.dataset.ExploreYourShore.100182717261419891",NA,"PRESENT","Sessilia",1426,NA,NA,NA,NA,NA,NA,NA,NA,"Arthropoda",54,NA,NA,NA,"DWC_ARCHIVE","EUROPE","IE","d2b97690-bfd6-11de-b279-d52977ace833","David Craig",NA,NA,NA,NA,"Semibalanus balanoides (Linnaeus, 1767)",NA,NA,"Semibalanus balanoides",2115784,"balanoides",13,NA,NA,2115784,"ACCEPTED","SPECIES","Occurrence",NA,NA,NA,NA,NA,"Acorn Barnacle",NA,NA,2023,2025-06-17
"72","Semibalanus balanoides (Linnaeus, 1767)",2115784,NA,NA,NA,"HUMAN_OBSERVATION",NA,"100182717261420038","Maxillopoda",203,"Rhanbuoy, United Kingdom, EUROPE","ExploreYourShore",NA,NA,"EUROPE",NA,100,"United Kingdom",263,"ExploreYourShore","17057301-35d8-4e33-b24f-13da5fe2d265",NA,NA,27,NA,NA,NA,NA,"County=Antrim;Type of sighting=Alive",27,"2023-01-27",NA,NA,NA,"Archaeobalanidae",5103,NA,NA,NA,NA,"United Kingdom of Great Britain and Northern Ireland","4466047943","EUROPE","Semibalanus","Semibalanus",2115783,"WGS84",NA,NA,"verified by contributor",NA,NA,NA,"d2b97690-bfd6-11de-b279-d52977ace833",NA,"Data has been captured using a grid reference system. Provided location represents cell’s centre point and uncertainty represents cell’s size",NA,NA,NA,NA,NA,NA,NA,NA,NA,NA,"115196241",NA,"99672740-f762-11e1-a439-00145eb45e9a","NBDC",NA,NA,FALSE,NA,"GB",FALSE,"NE",4466047943,"Animalia",1,NA,"2025-06-04T15:56:28.195+00:00","2025-06-04T15:56:54.427+00:00","2025-06-04T15:56:54.427+00:00",54.709504,"http://creativecommons.org/licenses/by/4.0/legalcode",NA,"Rhanbuoy",NA,NA,-5.822814,NA,"2025-02-25T09:09:31.000+00:00",1,NA,NA,NA,"ie.nbdc.dataset.ExploreYourShore.100182717261420038",NA,"PRESENT","Sessilia",1426,NA,NA,NA,NA,NA,NA,NA,NA,"Arthropoda",54,NA,NA,NA,"DWC_ARCHIVE","EUROPE","IE","d2b97690-bfd6-11de-b279-d52977ace833","David Craig",NA,NA,NA,NA,"Semibalanus balanoides (Linnaeus, 1767)",NA,NA,"Semibalanus balanoides",2115784,"balanoides",27,NA,NA,2115784,"ACCEPTED","SPECIES","Occurrence",NA,NA,NA,NA,NA,"Acorn Barnacle",NA,NA,2023,2025-06-17
"73","Semibalanus balanoides (Linnaeus, 1767)",2115784,NA,NA,NA,"HUMAN_OBSERVATION",NA,"100182717261419964","Maxillopoda",203,"Millbay, United Kingdom, EUROPE","ExploreYourShore",NA,NA,"EUROPE",NA,100,"United Kingdom",263,"ExploreYourShore","17057301-35d8-4e33-b24f-13da5fe2d265",NA,NA,28,NA,NA,NA,NA,"County=Antrim;Type of sighting=Alive",28,"2023-01-28",NA,NA,NA,"Archaeobalanidae",5103,NA,NA,NA,NA,"United Kingdom of Great Britain and Northern Ireland","4466051175","EUROPE","Semibalanus","Semibalanus",2115783,"WGS84",NA,NA,"verified by contributor",NA,NA,NA,"d2b97690-bfd6-11de-b279-d52977ace833",NA,"Data has been captured using a grid reference system. Provided location represents cell’s centre point and uncertainty represents cell’s size",NA,NA,NA,NA,NA,NA,NA,NA,NA,NA,"115196280",NA,"99672740-f762-11e1-a439-00145eb45e9a","NBDC",NA,NA,FALSE,NA,"GB",FALSE,"NE",4466051175,"Animalia",1,NA,"2025-06-04T15:56:28.195+00:00","2025-06-04T15:56:54.394+00:00","2025-06-04T15:56:54.394+00:00",54.823266,"http://creativecommons.org/licenses/by/4.0/legalcode",NA,"Millbay",NA,NA,-5.752716,NA,"2025-02-25T09:09:31.000+00:00",1,NA,NA,NA,"ie.nbdc.dataset.ExploreYourShore.100182717261419964",NA,"PRESENT","Sessilia",1426,NA,NA,NA,NA,NA,NA,NA,NA,"Arthropoda",54,NA,NA,NA,"DWC_ARCHIVE","EUROPE","IE","d2b97690-bfd6-11de-b279-d52977ace833","David Craig",NA,NA,NA,NA,"Semibalanus balanoides (Linnaeus, 1767)",NA,NA,"Semibalanus balanoides",2115784,"balanoides",28,NA,NA,2115784,"ACCEPTED","SPECIES","Occurrence",NA,NA,NA,NA,NA,"Acorn Barnacle",NA,NA,2023,2025-06-17
"74","Semibalanus balanoides (Linnaeus, 1767)",2115784,NA,NA,NA,"HUMAN_OBSERVATION",NA,"100236024382396870","Maxillopoda",203,"Kinnegar, United Kingdom, EUROPE","ExploreYourShore",NA,NA,"EUROPE",NA,100,"United Kingdom",263,"ExploreYourShore","17057301-35d8-4e33-b24f-13da5fe2d265",NA,NA,31,NA,NA,NA,NA,"County=Down;Type of sighting=Alive",31,"2023-01-31",NA,NA,NA,"Archaeobalanidae",5103,NA,NA,NA,NA,"United Kingdom of Great Britain and Northern Ireland","4466056105","EUROPE","Semibalanus","Semibalanus",2115783,"WGS84",NA,NA,"verified by contributor",NA,NA,NA,"d2b97690-bfd6-11de-b279-d52977ace833",NA,"Data has been captured using a grid reference system. Provided location represents cell’s centre point and uncertainty represents cell’s size",NA,NA,NA,NA,NA,NA,NA,NA,NA,NA,"115196468",NA,"99672740-f762-11e1-a439-00145eb45e9a","NBDC",NA,NA,FALSE,NA,"GB",FALSE,"NE",4466056105,"Animalia",1,NA,"2025-06-04T15:56:28.195+00:00","2025-06-04T15:56:55.515+00:00","2025-06-04T15:56:55.515+00:00",54.638729,"http://creativecommons.org/licenses/by/4.0/legalcode",NA,"Kinnegar",NA,NA,-5.851756,NA,"2025-02-25T09:09:31.000+00:00",1,NA,NA,NA,"ie.nbdc.dataset.ExploreYourShore.100236024382396870",NA,"PRESENT","Sessilia",1426,NA,NA,NA,NA,NA,NA,NA,NA,"Arthropoda",54,NA,NA,NA,"DWC_ARCHIVE","EUROPE","IE","d2b97690-bfd6-11de-b279-d52977ace833","David Craig",NA,NA,NA,NA,"Semibalanus balanoides (Linnaeus, 1767)",NA,NA,"Semibalanus balanoides",2115784,"balanoides",31,NA,NA,2115784,"ACCEPTED","SPECIES","Occurrence",NA,NA,NA,NA,NA,"Acorn Barnacle",NA,NA,2023,2025-06-17
"75","Semibalanus balanoides (Linnaeus, 1767)",2115784,NA,NA,NA,"HUMAN_OBSERVATION",NA,"100236024382396933","Maxillopoda",203,"Ballylumford, United Kingdom, EUROPE","ExploreYourShore",NA,NA,"EUROPE",NA,100,"United Kingdom",263,"ExploreYourShore","17057301-35d8-4e33-b24f-13da5fe2d265",NA,NA,5,NA,NA,NA,NA,"County=Antrim;Type of sighting=Alive",36,"2023-02-05",NA,NA,NA,"Archaeobalanidae",5103,NA,NA,NA,NA,"United Kingdom of Great Britain and Northern Ireland","4466056772","EUROPE","Semibalanus","Semibalanus",2115783,"WGS84",NA,NA,"verified by contributor",NA,NA,NA,"d2b97690-bfd6-11de-b279-d52977ace833",NA,"Data has been captured using a grid reference system. Provided location represents cell’s centre point and uncertainty represents cell’s size",NA,NA,NA,NA,NA,NA,NA,NA,NA,NA,"115196531",NA,"99672740-f762-11e1-a439-00145eb45e9a","NBDC",NA,NA,FALSE,NA,"GB",FALSE,"NE",4466056772,"Animalia",1,NA,"2025-06-04T15:56:28.195+00:00","2025-06-04T15:56:55.287+00:00","2025-06-04T15:56:55.287+00:00",54.846986,"http://creativecommons.org/licenses/by/4.0/legalcode",NA,"Ballylumford",NA,NA,-5.790874,NA,"2025-02-25T09:09:31.000+00:00",2,NA,NA,NA,"ie.nbdc.dataset.ExploreYourShore.100236024382396933",NA,"PRESENT","Sessilia",1426,NA,NA,NA,NA,NA,NA,NA,NA,"Arthropoda",54,NA,NA,NA,"DWC_ARCHIVE","EUROPE","IE","d2b97690-bfd6-11de-b279-d52977ace833","David Craig",NA,NA,NA,NA,"Semibalanus balanoides (Linnaeus, 1767)",NA,NA,"Semibalanus balanoides",2115784,"balanoides",36,NA,NA,2115784,"ACCEPTED","SPECIES","Occurrence",NA,NA,NA,NA,NA,"Acorn Barnacle",NA,NA,2023,2025-06-17
"76","Semibalanus balanoides (Linnaeus, 1767)",2115784,NA,NA,NA,"HUMAN_OBSERVATION",NA,"100236024382397133","Maxillopoda",203,"Culdaff, Ireland, EUROPE","ExploreYourShore",NA,NA,"EUROPE",NA,100,"Ireland",263,"ExploreYourShore","17057301-35d8-4e33-b24f-13da5fe2d265",NA,NA,11,NA,NA,NA,NA,"County=Donegal;Type of sighting=Alive",42,"2023-02-11",NA,NA,NA,"Archaeobalanidae",5103,NA,NA,NA,NA,"Ireland","4466051968","EUROPE","Semibalanus","Semibalanus",2115783,"WGS84",NA,NA,"verified by contributor",NA,NA,NA,"d2b97690-bfd6-11de-b279-d52977ace833",NA,"Data has been captured using a grid reference system. Provided location represents cell’s centre point and uncertainty represents cell’s size",NA,NA,NA,NA,NA,NA,NA,NA,NA,NA,"115196731",NA,"99672740-f762-11e1-a439-00145eb45e9a","NBDC",NA,NA,FALSE,NA,"IE",FALSE,"NE",4466051968,"Animalia",1,NA,"2025-06-04T15:56:28.195+00:00","2025-06-04T15:56:54.993+00:00","2025-06-04T15:56:54.993+00:00",55.292455,"http://creativecommons.org/licenses/by/4.0/legalcode",NA,"Culdaff",NA,NA,-7.131076,NA,"2025-02-25T09:09:31.000+00:00",2,NA,NA,NA,"ie.nbdc.dataset.ExploreYourShore.100236024382397133",NA,"PRESENT","Sessilia",1426,NA,NA,NA,NA,NA,NA,NA,NA,"Arthropoda",54,NA,NA,NA,"DWC_ARCHIVE","EUROPE","IE","d2b97690-bfd6-11de-b279-d52977ace833","Carol Gilroy",NA,NA,NA,NA,"Semibalanus balanoides (Linnaeus, 1767)",NA,NA,"Semibalanus balanoides",2115784,"balanoides",42,NA,NA,2115784,"ACCEPTED","SPECIES","Occurrence",NA,NA,NA,NA,NA,"Acorn Barnacle",NA,NA,2023,2025-06-17
"77","Semibalanus balanoides (Linnaeus, 1767)",2115784,NA,NA,NA,"HUMAN_OBSERVATION",NA,"100236024382397207","Maxillopoda",203,"Boneybefore, United Kingdom, EUROPE","ExploreYourShore",NA,NA,"EUROPE",NA,100,"United Kingdom",263,"ExploreYourShore","17057301-35d8-4e33-b24f-13da5fe2d265",NA,NA,12,NA,NA,NA,NA,"County=Antrim;Type of sighting=Alive",43,"2023-02-12",NA,NA,NA,"Archaeobalanidae",5103,NA,NA,NA,NA,"United Kingdom of Great Britain and Northern Ireland","4466052605","EUROPE","Semibalanus","Semibalanus",2115783,"WGS84",NA,NA,"verified by contributor",NA,NA,NA,"d2b97690-bfd6-11de-b279-d52977ace833",NA,"Data has been captured using a grid reference system. Provided location represents cell’s centre point and uncertainty represents cell’s size",NA,NA,NA,NA,NA,NA,NA,NA,NA,NA,"115196805",NA,"99672740-f762-11e1-a439-00145eb45e9a","NBDC",NA,NA,FALSE,NA,"GB",FALSE,"NE",4466052605,"Animalia",1,NA,"2025-06-04T15:56:28.195+00:00","2025-06-04T15:56:56.097+00:00","2025-06-04T15:56:56.097+00:00",54.720952,"http://creativecommons.org/licenses/by/4.0/legalcode",NA,"Boneybefore",NA,NA,-5.781318,NA,"2025-02-25T09:09:31.000+00:00",2,NA,NA,NA,"ie.nbdc.dataset.ExploreYourShore.100236024382397207",NA,"PRESENT","Sessilia",1426,NA,NA,NA,NA,NA,NA,NA,NA,"Arthropoda",54,NA,NA,NA,"DWC_ARCHIVE","EUROPE","IE","d2b97690-bfd6-11de-b279-d52977ace833","David Craig",NA,NA,NA,NA,"Semibalanus balanoides (Linnaeus, 1767)",NA,NA,"Semibalanus balanoides",2115784,"balanoides",43,NA,NA,2115784,"ACCEPTED","SPECIES","Occurrence",NA,NA,NA,NA,NA,"Acorn Barnacle",NA,NA,2023,2025-06-17
"78","Semibalanus balanoides (Linnaeus, 1767)",2115784,"England",NA,NA,"HUMAN_OBSERVATION",NA,"149355603","Maxillopoda",203,"United Kingdom, EUROPE","Observations",NA,NA,"EUROPE",NA,420,"United Kingdom",548,NA,"50c9509d-22c7-4a22-a47d-8c48425ef4a7","iNaturalist research-grade observations","2023-02-21T21:57:49",20,NA,NA,NA,NA,NA,51,"2023-02-20T16:41:23Z",NA,NA,"16:41:23+00:00","Archaeobalanidae",5103,NA,NA,NA,NA,"United Kingdom of Great Britain and Northern Ireland","4062742581","EUROPE","Semibalanus","Semibalanus",2115783,"WGS84",NA,NA,NA,NA,NA,NA,"28eb1a3f-1c15-4a95-931a-4af90ecb574d","wild",NA,NA,NA,NA,"apricaria",NA,"335797475",NA,NA,NA,"Sean Hartnett","149355603",NA,"997448a8-f762-11e1-a439-00145eb45e9a","iNaturalist",NA,NA,FALSE,NA,"GB",FALSE,"NE",4062742581,"Animalia",1,NA,"2025-06-06T14:41:08.836+00:00","2025-06-07T00:49:42.713+00:00","2025-06-07T00:49:42.713+00:00",53.503891,"http://creativecommons.org/licenses/by/4.0/legalcode",NA,NA,NA,NA,-3.065073,NA,"2023-03-28T21:29:54.000+00:00",2,NA,NA,NA,"https://www.inaturalist.org/observations/149355603",NA,"PRESENT","Sessilia",1426,NA,NA,NA,NA,NA,NA,NA,NA,"Arthropoda",54,NA,NA,NA,"DWC_ARCHIVE","EUROPE","GB","28eb1a3f-1c15-4a95-931a-4af90ecb574d","Sean Hartnett",NA,"https://www.inaturalist.org/observations/149355603","Sean Hartnett",NA,"Semibalanus balanoides (Linnaeus, 1767)",NA,NA,"Semibalanus balanoides",2115784,"balanoides",51,NA,"118832",2115784,"ACCEPTED","SPECIES",NA,NA,NA,"2023-02-20 16:41:23Z",NA,"Liverpool Bay, Liverpool, England, GB",NA,NA,NA,2023,2025-06-17
"79","Semibalanus balanoides (Linnaeus, 1767)",2115784,"England",NA,NA,"HUMAN_OBSERVATION",NA,"149355624","Maxillopoda",203,"United Kingdom, EUROPE","Observations",NA,NA,"EUROPE",NA,435,"United Kingdom",548,NA,"50c9509d-22c7-4a22-a47d-8c48425ef4a7","iNaturalist research-grade observations","2023-02-21T21:58:05",20,NA,NA,NA,NA,NA,51,"2023-02-20T16:42:13Z",NA,NA,"16:42:13+00:00","Archaeobalanidae",5103,NA,NA,NA,NA,"United Kingdom of Great Britain and Northern Ireland","4063102569","EUROPE","Semibalanus","Semibalanus",2115783,"WGS84",NA,NA,NA,NA,NA,NA,"28eb1a3f-1c15-4a95-931a-4af90ecb574d","wild",NA,NA,NA,NA,"apricaria",NA,"335797521",NA,NA,NA,"Sean Hartnett","149355624",NA,"997448a8-f762-11e1-a439-00145eb45e9a","iNaturalist",NA,NA,FALSE,NA,"GB",FALSE,"NE",4063102569,"Animalia",1,NA,"2025-06-06T14:41:08.836+00:00","2025-06-07T01:10:17.111+00:00","2025-06-07T01:10:17.111+00:00",53.505579,"http://creativecommons.org/licenses/by/4.0/legalcode",NA,NA,NA,NA,-3.063928,NA,"2023-03-28T21:29:54.000+00:00",2,NA,NA,NA,"https://www.inaturalist.org/observations/149355624",NA,"PRESENT","Sessilia",1426,NA,NA,NA,NA,NA,NA,NA,NA,"Arthropoda",54,NA,NA,NA,"DWC_ARCHIVE","EUROPE","GB","28eb1a3f-1c15-4a95-931a-4af90ecb574d","Sean Hartnett",NA,"https://www.inaturalist.org/observations/149355624","Sean Hartnett",NA,"Semibalanus balanoides (Linnaeus, 1767)",NA,NA,"Semibalanus balanoides",2115784,"balanoides",51,NA,"118832",2115784,"ACCEPTED","SPECIES",NA,NA,NA,"2023-02-20 16:42:13Z",NA,"Crosby, Liverpool, England, GB",NA,NA,NA,2023,2025-06-17
"80","Semibalanus balanoides (Linnaeus, 1767)",2115784,NA,"Manche (mer territoriale)",NA,"HUMAN_OBSERVATION",NA,NA,"Maxillopoda",203,"France, EUROPE",NA,NA,NA,"EUROPE",NA,NA,"France",271,"4A9DDA1F-B7E7-3E13-E053-2614A8C02B7C","25e3e8f1-86ee-440c-adfc-8e63759a6505",NA,NA,11,NA,NA,NA,NA,NA,42,"2023-02-11","c8a33645-0d88-4c80-b763-9d99d4526a5a",NA,NA,"Archaeobalanidae",5103,NA,NA,NA,"POINT(-1.9464468956 49.71372907979)","France","4540571126","EUROPE","Semibalanus","Semibalanus",2115783,"WGS84",NA,NA,NA,NA,NA,NA,"1928bdf0-f5d2-11dc-8c12-b8a03c50a862",NA,NA,"fr | en",NA,NA,NA,NA,NA,NA,NA,"Probable","François Sichel (Les amis de BioObs)","c8a33645-0d88-4c80-b763-9d99d4526a5a",NA,"e44d0fd7-0edf-477f-aa82-50a81836ab46",NA,NA,NA,FALSE,NA,"FR",FALSE,"NE",4540571126,"Animalia",1,NA,"2025-01-23T19:04:24.190+00:00","2025-02-01T03:40:01.940+00:00","2025-02-01T03:40:01.940+00:00",49.71373,"http://creativecommons.org/licenses/by/4.0/legalcode",NA,NA,NA,NA,-1.94645,NA,NA,2,NA,"Gargominy O (2021). TAXREF. Version 4.7. UMS PatriNat (OFB-CNRS-MNHN), Paris. Checklist dataset https://doi.org/10.15468/vqueam accessed via GBIF.org on 2021-06-28.",NA,"c8a33645-0d88-4c80-b763-9d99d4526a5a",NA,"PRESENT","Sessilia",1426,NA,NA,NA,"Semibalanus balanoides (Linnaeus, 1767)",NA,NA,NA,NA,"Arthropoda",54,NA,NA,NA,"DWC_ARCHIVE","EUROPE","FR","1928bdf0-f5d2-11dc-8c12-b8a03c50a862","François Sichel (Séminaire PNN)",NA,NA,NA,NA,"Semibalanus balanoides (Linnaeus, 1767)",NA,NA,"Semibalanus balanoides",2115784,"balanoides",42,NA,"384664",2115784,"ACCEPTED","SPECIES",NA,NA,NA,NA,NA,NA,NA,NA,NA,2023,2025-06-17
"81","Semibalanus balanoides (Linnaeus, 1767)",2115784,NA,NA,NA,"HUMAN_OBSERVATION",NA,"100356061654942061","Maxillopoda",203,"St. Helen's Bay, Ireland, EUROPE","ExploreYourShore",NA,NA,"EUROPE",NA,100,"Ireland",263,"ExploreYourShore","17057301-35d8-4e33-b24f-13da5fe2d265",NA,NA,5,NA,NA,NA,NA,"County=Wexford;Abundance=1",64,"2023-03-05",NA,NA,NA,"Archaeobalanidae",5103,NA,NA,NA,NA,"Ireland","4466054204","EUROPE","Semibalanus","Semibalanus",2115783,"WGS84",NA,NA,"verified by contributor",NA,NA,NA,"d2b97690-bfd6-11de-b279-d52977ace833",NA,"Data has been captured using a grid reference system. Provided location represents cell’s centre point and uncertainty represents cell’s size",NA,NA,NA,NA,NA,NA,NA,NA,NA,NA,"115196985",NA,"99672740-f762-11e1-a439-00145eb45e9a","NBDC",NA,NA,FALSE,NA,"IE",FALSE,"NE",4466054204,"Animalia",1,NA,"2025-06-04T15:56:28.195+00:00","2025-06-04T15:56:55.800+00:00","2025-06-04T15:56:55.800+00:00",52.225798,"http://creativecommons.org/licenses/by/4.0/legalcode",NA,"St. Helen's Bay",NA,NA,-6.325469,NA,"2025-02-25T09:09:31.000+00:00",3,NA,NA,NA,"ie.nbdc.dataset.ExploreYourShore.100356061654942061",NA,"PRESENT","Sessilia",1426,NA,NA,NA,NA,NA,NA,NA,NA,"Arthropoda",54,NA,NA,NA,"DWC_ARCHIVE","EUROPE","IE","d2b97690-bfd6-11de-b279-d52977ace833","Dave Wall",NA,NA,NA,NA,"Semibalanus balanoides (Linnaeus, 1767)",NA,NA,"Semibalanus balanoides",2115784,"balanoides",64,NA,NA,2115784,"ACCEPTED","SPECIES","Occurrence",NA,NA,NA,NA,NA,"Acorn Barnacle",NA,NA,2023,2025-06-17
"82","Semibalanus balanoides (Linnaeus, 1767)",2115784,NA,NA,NA,"HUMAN_OBSERVATION",NA,"100356061654942322","Maxillopoda",203,"Isle of Doagh, Ireland, EUROPE","ExploreYourShore",NA,NA,"EUROPE",NA,100,"Ireland",263,"ExploreYourShore","17057301-35d8-4e33-b24f-13da5fe2d265",NA,NA,23,NA,NA,NA,NA,"County=Donegal",82,"2023-03-23",NA,NA,NA,"Archaeobalanidae",5103,NA,NA,NA,NA,"Ireland","4466056098","EUROPE","Semibalanus","Semibalanus",2115783,"WGS84",NA,NA,"verified by contributor",NA,NA,NA,"d2b97690-bfd6-11de-b279-d52977ace833",NA,"Data has been captured using a grid reference system. Provided location represents cell’s centre point and uncertainty represents cell’s size",NA,NA,NA,NA,NA,NA,NA,NA,NA,NA,"115197246",NA,"99672740-f762-11e1-a439-00145eb45e9a","NBDC",NA,NA,FALSE,NA,"IE",FALSE,"NE",4466056098,"Animalia",1,NA,"2025-06-04T15:56:28.195+00:00","2025-06-04T15:56:48.363+00:00","2025-06-04T15:56:48.363+00:00",55.313508,"http://creativecommons.org/licenses/by/4.0/legalcode",NA,"Isle of Doagh",NA,NA,-7.336933,NA,"2025-02-25T09:09:31.000+00:00",3,NA,NA,NA,"ie.nbdc.dataset.ExploreYourShore.100356061654942322",NA,"PRESENT","Sessilia",1426,NA,NA,NA,NA,NA,NA,NA,NA,"Arthropoda",54,NA,NA,NA,"DWC_ARCHIVE","EUROPE","IE","d2b97690-bfd6-11de-b279-d52977ace833","Carol Gilroy",NA,NA,NA,NA,"Semibalanus balanoides (Linnaeus, 1767)",NA,NA,"Semibalanus balanoides",2115784,"balanoides",82,NA,NA,2115784,"ACCEPTED","SPECIES","Occurrence",NA,NA,NA,NA,NA,"Acorn Barnacle",NA,NA,2023,2025-06-17
"84","Semibalanus balanoides (Linnaeus, 1767)",2115784,NA,NA,NA,"HUMAN_OBSERVATION",NA,"100356061654942972","Maxillopoda",203,"Whitehead, United Kingdom, EUROPE","ExploreYourShore",NA,NA,"EUROPE",NA,100,"United Kingdom",263,"ExploreYourShore","17057301-35d8-4e33-b24f-13da5fe2d265",NA,NA,25,NA,NA,NA,NA,"County=Antrim",84,"2023-03-25",NA,NA,NA,"Archaeobalanidae",5103,NA,NA,NA,NA,"United Kingdom of Great Britain and Northern Ireland","4466050376","EUROPE","Semibalanus","Semibalanus",2115783,"WGS84",NA,NA,"verified by contributor",NA,NA,NA,"d2b97690-bfd6-11de-b279-d52977ace833",NA,"Data has been captured using a grid reference system. Provided location represents cell’s centre point and uncertainty represents cell’s size",NA,NA,NA,NA,NA,NA,NA,NA,NA,NA,"115197895",NA,"99672740-f762-11e1-a439-00145eb45e9a","NBDC",NA,NA,FALSE,NA,"GB",FALSE,"NE",4466050376,"Animalia",1,NA,"2025-06-04T15:56:28.195+00:00","2025-06-04T15:56:50.422+00:00","2025-06-04T15:56:50.422+00:00",54.746697,"http://creativecommons.org/licenses/by/4.0/legalcode",NA,"Whitehead",NA,NA,-5.709418,NA,"2025-02-25T09:09:31.000+00:00",3,NA,NA,NA,"ie.nbdc.dataset.ExploreYourShore.100356061654942972",NA,"PRESENT","Sessilia",1426,NA,NA,NA,NA,NA,NA,NA,NA,"Arthropoda",54,NA,NA,NA,"DWC_ARCHIVE","EUROPE","IE","d2b97690-bfd6-11de-b279-d52977ace833","David Craig",NA,NA,NA,NA,"Semibalanus balanoides (Linnaeus, 1767)",NA,NA,"Semibalanus balanoides",2115784,"balanoides",84,NA,NA,2115784,"ACCEPTED","SPECIES","Occurrence",NA,NA,NA,NA,NA,"Acorn Barnacle",NA,NA,2023,2025-06-17
"85","Semibalanus balanoides (Linnaeus, 1767)",2115784,"Northern Ireland",NA,NA,"HUMAN_OBSERVATION",NA,"149985559","Maxillopoda",203,"United Kingdom, EUROPE","Observations",NA,NA,"EUROPE",NA,NA,"United Kingdom",548,NA,"50c9509d-22c7-4a22-a47d-8c48425ef4a7","iNaturalist research-grade observations","2023-03-01T16:15:07",1,NA,NA,NA,NA,NA,60,"2023-03-01T11:41:32Z",NA,NA,"11:41:32+00:00","Archaeobalanidae",5103,NA,NA,NA,NA,"United Kingdom of Great Britain and Northern Ireland","4055021677","EUROPE","Semibalanus","Semibalanus",2115783,"WGS84",NA,NA,NA,NA,NA,NA,"28eb1a3f-1c15-4a95-931a-4af90ecb574d","wild",NA,NA,NA,NA,"patricktaggart",NA,"337701892",NA,NA,NA,"Patrick Taggart","149985559",NA,"997448a8-f762-11e1-a439-00145eb45e9a","iNaturalist",NA,NA,TRUE,NA,"GB",FALSE,"NE",4055021677,"Animalia",1,NA,"2025-06-06T14:41:08.836+00:00","2025-06-07T00:20:10.388+00:00","2025-06-07T00:20:10.388+00:00",54.668211,"http://creativecommons.org/licenses/by-nc/4.0/legalcode",NA,NA,NA,NA,-5.684286,NA,"2023-03-08T06:43:49.000+00:00",3,NA,NA,NA,"https://www.inaturalist.org/observations/149985559",NA,"PRESENT","Sessilia",1426,NA,NA,NA,NA,NA,NA,NA,NA,"Arthropoda",54,NA,NA,NA,"DWC_ARCHIVE","EUROPE","GB","28eb1a3f-1c15-4a95-931a-4af90ecb574d","Patrick Taggart",NA,"https://www.inaturalist.org/observations/149985559","Patrick Taggart",NA,"Semibalanus balanoides (Linnaeus, 1767)",NA,NA,"Semibalanus balanoides",2115784,"balanoides",60,NA,"118832",2115784,"ACCEPTED","SPECIES",NA,NA,NA,"2023-03-01 11:41:32",NA,"Ards and North Down, UK",NA,NA,NA,2023,2025-06-17
"86","Semibalanus balanoides (Linnaeus, 1767)",2115784,"England",NA,NA,"HUMAN_OBSERVATION",NA,"151915101","Maxillopoda",203,"United Kingdom, EUROPE","Observations",NA,NA,"EUROPE",NA,109,"United Kingdom",548,NA,"50c9509d-22c7-4a22-a47d-8c48425ef4a7","iNaturalist research-grade observations","2023-03-22T11:19:28",22,NA,NA,NA,NA,NA,81,"2023-03-22T11:19:12Z",NA,NA,"11:19:12+00:00","Archaeobalanidae",5103,NA,NA,NA,NA,"United Kingdom of Great Britain and Northern Ireland","4075641112","EUROPE","Semibalanus","Semibalanus",2115783,"WGS84",NA,NA,NA,NA,NA,NA,"28eb1a3f-1c15-4a95-931a-4af90ecb574d","wild",NA,NA,NA,NA,"drmaward",NA,"343262993",NA,NA,NA,"drmaward","151915101",NA,"997448a8-f762-11e1-a439-00145eb45e9a","iNaturalist",NA,NA,FALSE,NA,"GB",FALSE,"NE",4075641112,"Animalia",1,NA,"2025-06-06T14:41:08.836+00:00","2025-06-07T00:14:05.452+00:00","2025-06-07T00:14:05.452+00:00",51.212749,"http://creativecommons.org/licenses/by-nc/4.0/legalcode",NA,NA,NA,NA,-3.473825,NA,"2024-10-13T08:43:56.000+00:00",3,NA,NA,NA,"https://www.inaturalist.org/observations/151915101",NA,"PRESENT","Sessilia",1426,NA,NA,NA,NA,NA,NA,NA,NA,"Arthropoda",54,NA,NA,NA,"DWC_ARCHIVE","EUROPE","GB","28eb1a3f-1c15-4a95-931a-4af90ecb574d","drmaward",NA,"https://www.inaturalist.org/observations/151915101","drmaward",NA,"Semibalanus balanoides (Linnaeus, 1767)",NA,NA,"Semibalanus balanoides",2115784,"balanoides",81,NA,"118832",2115784,"ACCEPTED","SPECIES",NA,NA,NA,"2023-03-22 11:19:12Z",NA,"Bristol Channel, Minehead, England, GB",NA,NA,NA,2023,2025-06-17
"87","Semibalanus balanoides (Linnaeus, 1767)",2115784,"England",NA,NA,"HUMAN_OBSERVATION",NA,"152233419","Maxillopoda",203,"United Kingdom, EUROPE","Observations",NA,NA,"EUROPE",NA,6,"United Kingdom",548,NA,"50c9509d-22c7-4a22-a47d-8c48425ef4a7","iNaturalist research-grade observations","2023-03-25T12:26:44",25,NA,NA,NA,NA,NA,84,"2023-03-25T12:26:11Z",NA,NA,"12:26:11+00:00","Archaeobalanidae",5103,NA,NA,NA,NA,"United Kingdom of Great Britain and Northern Ireland","4075853395","EUROPE","Semibalanus","Semibalanus",2115783,"WGS84",NA,NA,NA,NA,NA,NA,"28eb1a3f-1c15-4a95-931a-4af90ecb574d","wild",NA,NA,NA,NA,"fjb2021",NA,"344037328",NA,NA,NA,"Fiona Boston","152233419",NA,"997448a8-f762-11e1-a439-00145eb45e9a","iNaturalist",NA,NA,FALSE,NA,"GB",FALSE,"NE",4075853395,"Animalia",1,NA,"2025-06-06T14:41:08.836+00:00","2025-06-07T01:34:45.759+00:00","2025-06-07T01:34:45.759+00:00",51.210761,"http://creativecommons.org/licenses/by/4.0/legalcode",NA,NA,NA,NA,-3.455478,NA,"2023-03-25T12:35:37.000+00:00",3,NA,NA,NA,"https://www.inaturalist.org/observations/152233419",NA,"PRESENT","Sessilia",1426,NA,NA,NA,NA,NA,NA,NA,NA,"Arthropoda",54,NA,NA,NA,"DWC_ARCHIVE","EUROPE","GB","28eb1a3f-1c15-4a95-931a-4af90ecb574d","Fiona Boston",NA,"https://www.inaturalist.org/observations/152233419","Fiona Boston",NA,"Semibalanus balanoides (Linnaeus, 1767)",NA,NA,"Semibalanus balanoides",2115784,"balanoides",84,NA,"118832",2115784,"ACCEPTED","SPECIES",NA,NA,NA,"2023-03-25 12:26:11Z",NA,"Seaward Way, Minehead, England, GB",NA,NA,NA,2023,2025-06-17
"88","Semibalanus balanoides (Linnaeus, 1767)",2115784,NA,"Manche (mer territoriale)",NA,"HUMAN_OBSERVATION",NA,NA,"Maxillopoda",203,"France, EUROPE",NA,NA,NA,"EUROPE",NA,NA,"France",271,"4A9DDA1F-B7E7-3E13-E053-2614A8C02B7C","25e3e8f1-86ee-440c-adfc-8e63759a6505",NA,NA,11,NA,NA,NA,NA,NA,70,"2023-03-11","1954b9a5-ab44-46e2-a77a-badc44c2afc1",NA,NA,"Archaeobalanidae",5103,NA,NA,NA,"POINT(-1.23750686646 49.58540646492)","France","4540515345","EUROPE","Semibalanus","Semibalanus",2115783,"WGS84",NA,NA,NA,NA,NA,NA,"1928bdf0-f5d2-11dc-8c12-b8a03c50a862",NA,NA,"fr | en",NA,NA,NA,NA,NA,NA,NA,"Probable","Benjamin Lefoye (Les amis de BioObs)","1954b9a5-ab44-46e2-a77a-badc44c2afc1",NA,"e44d0fd7-0edf-477f-aa82-50a81836ab46",NA,NA,NA,FALSE,NA,"FR",FALSE,"NE",4540515345,"Animalia",1,NA,"2025-01-23T19:04:24.190+00:00","2025-02-01T03:39:55.181+00:00","2025-02-01T03:39:55.181+00:00",49.58541,"http://creativecommons.org/licenses/by/4.0/legalcode",NA,NA,NA,NA,-1.23751,NA,NA,3,NA,"Gargominy O (2021). TAXREF. Version 4.7. UMS PatriNat (OFB-CNRS-MNHN), Paris. Checklist dataset https://doi.org/10.15468/vqueam accessed via GBIF.org on 2021-06-28.",NA,"1954b9a5-ab44-46e2-a77a-badc44c2afc1",NA,"PRESENT","Sessilia",1426,NA,NA,NA,"Semibalanus balanoides (Linnaeus, 1767)",NA,NA,NA,NA,"Arthropoda",54,NA,NA,NA,"DWC_ARCHIVE","EUROPE","FR","1928bdf0-f5d2-11dc-8c12-b8a03c50a862","Benjamin Lefoye, Sebastien Lehobey (CODEP 14)",NA,NA,NA,NA,"Semibalanus balanoides (Linnaeus, 1767)",NA,NA,"Semibalanus balanoides",2115784,"balanoides",70,NA,"384664",2115784,"ACCEPTED","SPECIES",NA,NA,NA,NA,NA,NA,NA,NA,NA,2023,2025-06-17
"89","Semibalanus balanoides (Linnaeus, 1767)",2115784,"Northern Ireland",NA,NA,"HUMAN_OBSERVATION",NA,NA,"Maxillopoda",203,"Ards and North Down, UK, United Kingdom, EUROPE","iNaturalist | UK and IOM data",NA,NA,"EUROPE",NA,50,"United Kingdom",367,NA,"97d01261-0027-4e89-a0d2-4a7d700f5fdb",NA,NA,1,NA,NA,NA,NA,NA,60,"2023-03-01","21406176",NA,NA,"Archaeobalanidae",5103,NA,NA,NA,NA,"United Kingdom of Great Britain and Northern Ireland","4949069940","EUROPE","Semibalanus","Semibalanus",2115783,"WGS84",NA,NA,NA,NA,NA,NA,"07f617d0-c688-11d8-bf62-b8a03c50a862",NA,NA,NA,"https://creativecommons.org/licenses/by-nc/4.0/legalcode",NA,NA,"Marine Biological Association, and Biological Records Centre",NA,NA,NA,"Accepted - correct",NA,"5abc3a51-3044-4105-a4e8-36b2ecec20bb",NA,"99552c70-f762-11e1-a439-00145eb45e9a",NA,NA,NA,TRUE,NA,"GB",FALSE,"NE",4949069940,"Animalia",1,NA,"2025-06-12T23:10:37.497+00:00","2025-06-12T23:11:24.045+00:00","2025-06-12T23:11:24.045+00:00",54.66821,"http://creativecommons.org/licenses/by/4.0/legalcode",NA,"Ards and North Down, UK",NA,NA,-5.684286,NA,NA,3,NA,NA,NA,"29581878",NA,"PRESENT","Sessilia",1426,NA,NA,NA,NA,NA,NA,NA,NA,"Arthropoda",54,NA,NA,NA,"DWC_ARCHIVE","EUROPE","GB","f6b48504-1651-4a49-a88d-c2bc6178694d","Taggart, P. Patrick",NA,NA,NA,NA,"Semibalanus balanoides (Linnaeus, 1767)",NA,NA,"Semibalanus balanoides",2115784,"balanoides",60,"NBNSYS0000042568","NBNSYS0000042568",2115784,"ACCEPTED","SPECIES",NA,NA,NA,NA,NA,NA,"Acorn Barnacle",NA,NA,2023,2025-06-17
"91","Semibalanus balanoides (Linnaeus, 1767)",2115784,NA,NA,NA,"HUMAN_OBSERVATION",NA,"100356061654942688","Maxillopoda",203,"Monkstown, Ireland, EUROPE","ExploreYourShore",NA,NA,"EUROPE",NA,100,"Ireland",263,"ExploreYourShore","17057301-35d8-4e33-b24f-13da5fe2d265",NA,NA,2,NA,NA,NA,NA,"County=Dublin;Abundance=1",92,"2023-04-02",NA,NA,NA,"Archaeobalanidae",5103,NA,NA,NA,NA,"Ireland","4466052875","EUROPE","Semibalanus","Semibalanus",2115783,"WGS84",NA,NA,"verified by contributor",NA,NA,NA,"d2b97690-bfd6-11de-b279-d52977ace833",NA,"Data has been captured using a grid reference system. Provided location represents cell’s centre point and uncertainty represents cell’s size",NA,NA,NA,NA,NA,NA,NA,NA,NA,NA,"115197612",NA,"99672740-f762-11e1-a439-00145eb45e9a","NBDC",NA,NA,FALSE,NA,"IE",FALSE,"NE",4466052875,"Animalia",1,NA,"2025-06-04T15:56:28.195+00:00","2025-06-04T15:56:49.124+00:00","2025-06-04T15:56:49.124+00:00",53.296423,"http://creativecommons.org/licenses/by/4.0/legalcode",NA,"Monkstown",NA,NA,-6.156296,NA,"2025-02-25T09:09:31.000+00:00",4,NA,NA,NA,"ie.nbdc.dataset.ExploreYourShore.100356061654942688",NA,"PRESENT","Sessilia",1426,NA,NA,NA,NA,NA,NA,NA,NA,"Arthropoda",54,NA,NA,NA,"DWC_ARCHIVE","EUROPE","IE","d2b97690-bfd6-11de-b279-d52977ace833","Dave Wall",NA,NA,NA,NA,"Semibalanus balanoides (Linnaeus, 1767)",NA,NA,"Semibalanus balanoides",2115784,"balanoides",92,NA,NA,2115784,"ACCEPTED","SPECIES","Occurrence",NA,NA,NA,NA,NA,"Acorn Barnacle",NA,NA,2023,2025-06-17
"92","Semibalanus balanoides (Linnaeus, 1767)",2115784,"Haute-Normandie",NA,NA,"HUMAN_OBSERVATION",NA,"155909652","Maxillopoda",203,"France, EUROPE","Observations",NA,NA,"EUROPE",NA,4,"France",548,NA,"50c9509d-22c7-4a22-a47d-8c48425ef4a7","iNaturalist research-grade observations","2023-04-21T16:15:58",21,NA,NA,NA,NA,NA,111,"2023-04-21T18:15:45",NA,NA,"18:15:45+02:00","Archaeobalanidae",5103,NA,NA,NA,NA,"France","4413370455","EUROPE","Semibalanus","Semibalanus",2115783,"WGS84",NA,NA,NA,NA,NA,NA,"28eb1a3f-1c15-4a95-931a-4af90ecb574d","wild",NA,NA,NA,NA,"cdelrio",NA,"352338814",NA,NA,NA,"Cédric DEL RIO","155909652",NA,"997448a8-f762-11e1-a439-00145eb45e9a","iNaturalist",NA,NA,FALSE,NA,"FR",FALSE,"NE",4413370455,"Animalia",1,NA,"2025-06-06T14:41:08.836+00:00","2025-06-06T23:57:41.142+00:00","2025-06-06T23:57:41.142+00:00",49.7075,"http://creativecommons.org/licenses/by-nc/4.0/legalcode",NA,NA,NA,NA,0.198528,NA,"2023-09-12T12:54:22.000+00:00",4,NA,NA,NA,"https://www.inaturalist.org/observations/155909652",NA,"PRESENT","Sessilia",1426,NA,NA,NA,NA,NA,NA,NA,NA,"Arthropoda",54,NA,NA,"https://www.inaturalist.org/projects/estrans-de-france-intertidal-zones-of-france|https://www.inaturalist.org/projects/estrans-de-normandie","DWC_ARCHIVE","NORTH_AMERICA","US","28eb1a3f-1c15-4a95-931a-4af90ecb574d","Cédric DEL RIO",NA,"https://www.inaturalist.org/observations/155909652","Cédric DEL RIO",NA,"Semibalanus balanoides (Linnaeus, 1767)",NA,NA,"Semibalanus balanoides",2115784,"balanoides",111,NA,"118832",2115784,"ACCEPTED","SPECIES",NA,NA,NA,"2023-04-21 18:15:45+02:00",NA,"Manche, Étretat, FR",NA,NA,NA,2023,2025-06-17
"93","Semibalanus balanoides (Linnaeus, 1767)",2115784,"Northern Ireland",NA,NA,"HUMAN_OBSERVATION",NA,NA,"Maxillopoda",203,"Whitehead, United Kingdom, EUROPE","CEDaR Recording | General CEDaR Records",NA,NA,"EUROPE",NA,707.1,"United Kingdom",210,NA,"84f58d09-add5-469b-af6e-f3522a8dac7d",NA,NA,21,NA,NA,NA,NA,NA,111,"2023-04-21","22277082",NA,NA,"Archaeobalanidae",5103,NA,NA,NA,"POLYGON((-5.71797 54.74545,-5.71797 54.75413,-5.70195 54.75413,-5.70195 54.74545,-5.71797 54.74545))","United Kingdom of Great Britain and Northern Ireland","4466362845","EUROPE","Semibalanus","Semibalanus",2115783,"WGS84",NA,NA,NA,NA,NA,NA,"07f617d0-c688-11d8-bf62-b8a03c50a862",NA,NA,NA,"https://creativecommons.org/licenses/by/4.0/legalcode",NA,NA,"CEDaR and Biological Records Centre",NA,NA,NA,"Accepted - considered correct",NA,"4ad7eb68-f431-4d57-ac9b-8b6a63e3ee67",NA,"99552c70-f762-11e1-a439-00145eb45e9a",NA,NA,NA,FALSE,NA,"GB",FALSE,"NE",4466362845,"Animalia",1,NA,"2025-06-11T15:49:24.567+00:00","2025-06-11T15:56:37.915+00:00","2025-06-11T15:56:37.915+00:00",54.749791,"http://creativecommons.org/licenses/by/4.0/legalcode",NA,"Whitehead",NA,NA,-5.709961,NA,NA,4,NA,NA,NA,"30699686",NA,"PRESENT","Sessilia",1426,NA,NA,NA,NA,NA,NA,NA,NA,"Arthropoda",54,NA,NA,NA,"DWC_ARCHIVE","EUROPE","GB","db20bedc-20f1-42dd-9051-a445139f8e51","Monteith, R. Rodney",NA,NA,NA,NA,"Semibalanus balanoides (Linnaeus, 1767)",NA,NA,"Semibalanus balanoides",2115784,"balanoides",111,"NBNSYS0000042568","NBNSYS0000042568",2115784,"ACCEPTED","SPECIES",NA,NA,NA,NA,NA,NA,"Acorn Barnacle",NA,NA,2023,2025-06-17
"94","Semibalanus balanoides (Linnaeus, 1767)",2115784,NA,NA,NA,"HUMAN_OBSERVATION",NA,"100431687221006903","Maxillopoda",203,"Cadogans Strand, Schull, Ireland, EUROPE","ExploreYourShore",NA,NA,"EUROPE",NA,100,"Ireland",263,"ExploreYourShore","17057301-35d8-4e33-b24f-13da5fe2d265",NA,NA,5,NA,NA,NA,NA,"County=Cork;Abundance=100",125,"2023-05-05",NA,NA,NA,"Archaeobalanidae",5103,NA,NA,NA,NA,"Ireland","4466060260","EUROPE","Semibalanus","Semibalanus",2115783,"WGS84",NA,NA,"verified by contributor",NA,NA,NA,"d2b97690-bfd6-11de-b279-d52977ace833",NA,"Data has been captured using a grid reference system. Provided location represents cell’s centre point and uncertainty represents cell’s size",NA,NA,NA,NA,NA,NA,NA,NA,NA,NA,"115198143",NA,"99672740-f762-11e1-a439-00145eb45e9a","NBDC",NA,NA,FALSE,NA,"IE",FALSE,"NE",4466060260,"Animalia",1,NA,"2025-06-04T15:56:28.195+00:00","2025-06-04T15:56:52.663+00:00","2025-06-04T15:56:52.663+00:00",51.531628,"http://creativecommons.org/licenses/by/4.0/legalcode",NA,"Cadogans Strand, Schull",NA,NA,-9.534739,NA,"2025-02-25T09:09:31.000+00:00",5,NA,NA,NA,"ie.nbdc.dataset.ExploreYourShore.100431687221006903",NA,"PRESENT","Sessilia",1426,NA,NA,NA,NA,NA,NA,NA,NA,"Arthropoda",54,NA,NA,NA,"DWC_ARCHIVE","EUROPE","IE","d2b97690-bfd6-11de-b279-d52977ace833","Ann Haigh",NA,NA,NA,NA,"Semibalanus balanoides (Linnaeus, 1767)",NA,NA,"Semibalanus balanoides",2115784,"balanoides",125,NA,NA,2115784,"ACCEPTED","SPECIES","Occurrence",NA,NA,NA,NA,NA,"Acorn Barnacle",NA,NA,2023,2025-06-17
"95","Semibalanus balanoides (Linnaeus, 1767)",2115784,NA,NA,NA,"HUMAN_OBSERVATION",NA,"100431687221007001","Maxillopoda",203,"Clogherhead, Ireland, EUROPE","ExploreYourShore",NA,NA,"EUROPE",NA,100,"Ireland",263,"ExploreYourShore","17057301-35d8-4e33-b24f-13da5fe2d265",NA,NA,13,NA,NA,NA,NA,"County=Louth",133,"2023-05-13",NA,NA,NA,"Archaeobalanidae",5103,NA,NA,NA,NA,"Ireland","4466054452","EUROPE","Semibalanus","Semibalanus",2115783,"WGS84",NA,NA,"verified by contributor",NA,NA,NA,"d2b97690-bfd6-11de-b279-d52977ace833",NA,"Data has been captured using a grid reference system. Provided location represents cell’s centre point and uncertainty represents cell’s size",NA,NA,NA,NA,NA,NA,NA,NA,NA,NA,"115198241",NA,"99672740-f762-11e1-a439-00145eb45e9a","NBDC",NA,NA,FALSE,NA,"IE",FALSE,"NE",4466054452,"Animalia",1,NA,"2025-06-04T15:56:28.195+00:00","2025-06-04T15:56:53.877+00:00","2025-06-04T15:56:53.877+00:00",53.838896,"http://creativecommons.org/licenses/by/4.0/legalcode",NA,"Clogherhead",NA,NA,-6.254277,NA,"2025-02-25T09:09:31.000+00:00",5,NA,NA,NA,"ie.nbdc.dataset.ExploreYourShore.100431687221007001",NA,"PRESENT","Sessilia",1426,NA,NA,NA,NA,NA,NA,NA,NA,"Arthropoda",54,NA,NA,NA,"DWC_ARCHIVE","EUROPE","IE","d2b97690-bfd6-11de-b279-d52977ace833","Liz Flanagan",NA,NA,NA,NA,"Semibalanus balanoides (Linnaeus, 1767)",NA,NA,"Semibalanus balanoides",2115784,"balanoides",133,NA,NA,2115784,"ACCEPTED","SPECIES","Occurrence",NA,NA,NA,NA,NA,"Acorn Barnacle",NA,NA,2023,2025-06-17
"96","Semibalanus balanoides (Linnaeus, 1767)",2115784,NA,NA,NA,"HUMAN_OBSERVATION",NA,"100431687221007044","Maxillopoda",203,"Portmarnock, Ireland, EUROPE","ExploreYourShore",NA,NA,"EUROPE",NA,100,"Ireland",263,"ExploreYourShore","17057301-35d8-4e33-b24f-13da5fe2d265",NA,NA,12,NA,NA,NA,NA,"County=Dublin",132,"2023-05-12",NA,NA,NA,"Archaeobalanidae",5103,NA,NA,NA,NA,"Ireland","4466054039","EUROPE","Semibalanus","Semibalanus",2115783,"WGS84",NA,NA,"verified by contributor",NA,NA,NA,"d2b97690-bfd6-11de-b279-d52977ace833",NA,"Data has been captured using a grid reference system. Provided location represents cell’s centre point and uncertainty represents cell’s size",NA,NA,NA,NA,NA,NA,NA,NA,NA,NA,"115198284",NA,"99672740-f762-11e1-a439-00145eb45e9a","NBDC",NA,NA,FALSE,NA,"IE",FALSE,"NE",4466054039,"Animalia",1,NA,"2025-06-04T15:56:28.195+00:00","2025-06-04T15:56:53.831+00:00","2025-06-04T15:56:53.831+00:00",53.440403,"http://creativecommons.org/licenses/by/4.0/legalcode",NA,"Portmarnock",NA,NA,-6.122764,NA,"2025-02-25T09:09:31.000+00:00",5,NA,NA,NA,"ie.nbdc.dataset.ExploreYourShore.100431687221007044",NA,"PRESENT","Sessilia",1426,NA,NA,NA,NA,NA,NA,NA,NA,"Arthropoda",54,NA,NA,NA,"DWC_ARCHIVE","EUROPE","IE","d2b97690-bfd6-11de-b279-d52977ace833","Janette Kelly",NA,NA,NA,NA,"Semibalanus balanoides (Linnaeus, 1767)",NA,NA,"Semibalanus balanoides",2115784,"balanoides",132,NA,NA,2115784,"ACCEPTED","SPECIES","Occurrence",NA,NA,NA,NA,NA,"Acorn Barnacle",NA,NA,2023,2025-06-17
"97","Semibalanus balanoides (Linnaeus, 1767)",2115784,"Rushen",NA,NA,"HUMAN_OBSERVATION",NA,"164044527","Maxillopoda",203,"Isle of Man, EUROPE","Observations",NA,NA,"EUROPE",NA,NA,"Isle of Man",548,NA,"50c9509d-22c7-4a22-a47d-8c48425ef4a7","iNaturalist research-grade observations","2023-05-27T18:40:22",26,NA,NA,NA,NA,NA,146,"2023-05-26T08:28",NA,NA,"08:28:00+01:00","Archaeobalanidae",5103,NA,NA,NA,NA,"Isle of Man","4126709276","EUROPE","Semibalanus","Semibalanus",2115783,"WGS84",NA,NA,NA,NA,NA,NA,"28eb1a3f-1c15-4a95-931a-4af90ecb574d","wild",NA,NA,NA,NA,"sahalsey",NA,"367960699",NA,NA,NA,"Sheelagh Halsey","164044527",NA,"997448a8-f762-11e1-a439-00145eb45e9a","iNaturalist",NA,NA,FALSE,NA,"IM",FALSE,"NE",4126709276,"Animalia",1,NA,"2025-06-06T14:41:08.836+00:00","2025-06-07T00:04:37.878+00:00","2025-06-07T00:04:37.878+00:00",54.088147,"http://creativecommons.org/licenses/by-nc/4.0/legalcode",NA,NA,NA,NA,-4.760481,NA,"2023-05-27T18:41:34.000+00:00",5,NA,NA,NA,"https://www.inaturalist.org/observations/164044527",NA,"PRESENT","Sessilia",1426,NA,NA,NA,NA,NA,NA,NA,NA,"Arthropoda",54,NA,NA,NA,"DWC_ARCHIVE","NORTH_AMERICA","US","28eb1a3f-1c15-4a95-931a-4af90ecb574d","Sheelagh Halsey",NA,"https://www.inaturalist.org/observations/164044527","Sheelagh Halsey",NA,"Semibalanus balanoides (Linnaeus, 1767)",NA,NA,"Semibalanus balanoides",2115784,"balanoides",146,NA,"118832",2115784,"ACCEPTED","SPECIES",NA,NA,NA,"2023/05/26 8:28 AM",NA,"Port Erin, Rushen, Isle of Man",NA,NA,NA,2023,2025-06-17
"98","Semibalanus balanoides (Linnaeus, 1767)",2115784,"Nord-Pas-de-Calais",NA,NA,"HUMAN_OBSERVATION",NA,"164418889","Maxillopoda",203,"France, EUROPE","Observations",NA,NA,"EUROPE",NA,122,"France",548,NA,"50c9509d-22c7-4a22-a47d-8c48425ef4a7","iNaturalist research-grade observations","2023-05-29T13:51:03",15,NA,NA,NA,NA,NA,135,"2023-05-15T16:47",NA,NA,"16:47:00+02:00","Archaeobalanidae",5103,NA,NA,NA,NA,"France","4413726793","EUROPE","Semibalanus","Semibalanus",2115783,"WGS84",NA,NA,NA,NA,NA,NA,"28eb1a3f-1c15-4a95-931a-4af90ecb574d","wild",NA,NA,NA,NA,"hschillo",NA,"368681158",NA,NA,NA,"Helmut Schillo","164418889",NA,"997448a8-f762-11e1-a439-00145eb45e9a","iNaturalist",NA,NA,FALSE,NA,"FR",FALSE,"NE",4413726793,"Animalia",1,NA,"2025-06-06T14:41:08.836+00:00","2025-06-07T02:54:43.616+00:00","2025-06-07T02:54:43.616+00:00",50.763128,"http://creativecommons.org/licenses/by-nc/4.0/legalcode",NA,NA,NA,NA,1.598212,NA,"2023-09-12T12:52:35.000+00:00",5,NA,NA,NA,"https://www.inaturalist.org/observations/164418889",NA,"PRESENT","Sessilia",1426,NA,NA,NA,NA,NA,NA,NA,NA,"Arthropoda",54,NA,NA,NA,"DWC_ARCHIVE","NORTH_AMERICA","US","28eb1a3f-1c15-4a95-931a-4af90ecb574d","Helmut Schillo",NA,"https://www.inaturalist.org/observations/164418889","Helmut Schillo",NA,"Semibalanus balanoides (Linnaeus, 1767)",NA,NA,"Semibalanus balanoides",2115784,"balanoides",135,NA,"118832",2115784,"ACCEPTED","SPECIES",NA,NA,NA,"2023/05/15 16:47",NA,"Pas-de-Calais, Nord-Pas-de-Calais, FR",NA,NA,NA,2023,2025-06-17
"99","Semibalanus balanoides (Linnaeus, 1767)",2115784,"Wales",NA,NA,"HUMAN_OBSERVATION",NA,"170718745","Maxillopoda",203,"United Kingdom, EUROPE","Observations",NA,NA,"EUROPE",NA,2,"United Kingdom",548,NA,"50c9509d-22c7-4a22-a47d-8c48425ef4a7","iNaturalist research-grade observations","2023-07-02T20:35:43",16,NA,NA,NA,NA,NA,136,"2023-05-16T13:43",NA,NA,"13:43:00+01:00","Archaeobalanidae",5103,NA,NA,NA,NA,"United Kingdom of Great Britain and Northern Ireland","4145216187","EUROPE","Semibalanus","Semibalanus",2115783,"WGS84",NA,NA,NA,NA,NA,NA,"28eb1a3f-1c15-4a95-931a-4af90ecb574d","wild",NA,NA,NA,NA,"steve_mcwilliam",NA,"381345161",NA,NA,NA,"Stephen James McWilliam","170718745",NA,"997448a8-f762-11e1-a439-00145eb45e9a","iNaturalist",NA,NA,FALSE,NA,"GB",FALSE,"NE",4145216187,"Animalia",1,NA,"2025-06-06T14:41:08.836+00:00","2025-06-07T00:30:42.638+00:00","2025-06-07T00:30:42.638+00:00",53.411488,"http://creativecommons.org/publicdomain/zero/1.0/legalcode",NA,NA,NA,NA,-4.512921,NA,"2023-11-26T10:04:44.000+00:00",5,NA,NA,NA,"https://www.inaturalist.org/observations/170718745",NA,"PRESENT","Sessilia",1426,NA,NA,NA,NA,NA,NA,NA,NA,"Arthropoda",54,NA,NA,NA,"DWC_ARCHIVE","NORTH_AMERICA","US","28eb1a3f-1c15-4a95-931a-4af90ecb574d","Stephen James McWilliam",NA,"https://www.inaturalist.org/observations/170718745","Stephen James McWilliam",NA,"Semibalanus balanoides (Linnaeus, 1767)",NA,NA,"Semibalanus balanoides",2115784,"balanoides",136,NA,"118832",2115784,"ACCEPTED","SPECIES",NA,NA,NA,"2023/05/16 1:43 PM",NA,"Cemlyn Bay, Cemlyn, Anglesey, North Wales, UK",NA,NA,NA,2023,2025-06-17
"100","Semibalanus balanoides (Linnaeus, 1767)",2115784,"Wales",NA,NA,"HUMAN_OBSERVATION",NA,"180415095","Maxillopoda",203,"United Kingdom, EUROPE","Observations",NA,NA,"EUROPE",NA,2,"United Kingdom",548,NA,"50c9509d-22c7-4a22-a47d-8c48425ef4a7","iNaturalist research-grade observations","2023-08-27T10:19:36",24,NA,NA,NA,NA,NA,144,"2023-05-24T10:39",NA,NA,"10:39:00+01:00","Archaeobalanidae",5103,NA,NA,NA,NA,"United Kingdom of Great Britain and Northern Ireland","4413380650","EUROPE","Semibalanus","Semibalanus",2115783,"WGS84",NA,NA,NA,NA,NA,NA,"28eb1a3f-1c15-4a95-931a-4af90ecb574d","wild",NA,NA,NA,NA,"steve_mcwilliam",NA,"401860034",NA,NA,NA,"Stephen James McWilliam","180415095",NA,"997448a8-f762-11e1-a439-00145eb45e9a","iNaturalist",NA,NA,FALSE,NA,"GB",FALSE,"NE",4413380650,"Animalia",1,NA,"2025-06-06T14:41:08.836+00:00","2025-06-07T00:57:17.991+00:00","2025-06-07T00:57:17.991+00:00",53.27668,"http://creativecommons.org/publicdomain/zero/1.0/legalcode",NA,NA,NA,NA,-4.617356,NA,"2023-11-26T10:04:44.000+00:00",5,NA,NA,NA,"https://www.inaturalist.org/observations/180415095",NA,"PRESENT","Sessilia",1426,NA,NA,NA,NA,NA,NA,NA,NA,"Arthropoda",54,NA,NA,NA,"DWC_ARCHIVE","NORTH_AMERICA","US","28eb1a3f-1c15-4a95-931a-4af90ecb574d","Stephen James McWilliam",NA,"https://www.inaturalist.org/observations/180415095","Stephen James McWilliam",NA,"Semibalanus balanoides (Linnaeus, 1767)",NA,NA,"Semibalanus balanoides",2115784,"balanoides",144,NA,"118832",2115784,"ACCEPTED","SPECIES",NA,NA,NA,"2023/05/24 10:39 AM",NA,"Trearddur Bay, Lon Isallt, Trearddur, Anglesey, North Wales, UK",NA,NA,NA,2023,2025-06-17
"101","Semibalanus balanoides (Linnaeus, 1767)",2115784,NA,"Seine-Maritime (mer territoriale)",NA,"HUMAN_OBSERVATION",NA,NA,"Maxillopoda",203,"France, EUROPE",NA,NA,NA,"EUROPE",NA,NA,"France",87,"C3DF8966-A775-654C-E053-5514A8C0FA8B","8e9974a4-12e2-475f-9aec-5abdf24a1f50",NA,"2023-05-13T00:00:00",13,NA,NA,NA,NA,NA,133,"2023-05-13","3e28406d-bc5d-450b-a98f-96bb6fb591e4",NA,NA,"Archaeobalanidae",5103,NA,NA,NA,"POINT(0.30800342559814 49.740112748806)","France","4542683695","EUROPE","Semibalanus","Semibalanus",2115783,"WGS84",NA,NA,NA,NA,NA,NA,"1928bdf0-f5d2-11dc-8c12-b8a03c50a862",NA,NA,"fr | en",NA,NA,NA,NA,NA,NA,NA,"Probable","SIMON Bruce (FFESSM)","3e28406d-bc5d-450b-a98f-96bb6fb591e4",NA,"e44d0fd7-0edf-477f-aa82-50a81836ab46",NA,NA,NA,FALSE,NA,"FR",FALSE,"NE",4542683695,"Animalia",1,NA,"2025-01-22T15:04:45.024+00:00","2025-02-02T00:27:42.651+00:00","2025-02-02T00:27:42.651+00:00",49.74011,"http://creativecommons.org/licenses/by/4.0/legalcode",NA,NA,NA,NA,0.308,NA,NA,5,NA,"Gargominy O (2021). TAXREF. Version 4.7. UMS PatriNat (OFB-CNRS-MNHN), Paris. Checklist dataset https://doi.org/10.15468/vqueam accessed via GBIF.org on 2021-06-28.",NA,"3e28406d-bc5d-450b-a98f-96bb6fb591e4",NA,"PRESENT","Sessilia",1426,NA,NA,NA,"Semibalanus balanoides (Linnaeus, 1767)",NA,NA,NA,NA,"Arthropoda",54,NA,NA,NA,"DWC_ARCHIVE","EUROPE","FR","1928bdf0-f5d2-11dc-8c12-b8a03c50a862","Anonymisé RGPD (FFESSM)",NA,NA,NA,NA,"Semibalanus balanoides (Linnaeus, 1767)",NA,NA,"Semibalanus balanoides",2115784,"balanoides",133,NA,"384664",2115784,"ACCEPTED","SPECIES",NA,NA,NA,NA,NA,NA,NA,NA,NA,2023,2025-06-17
"102","Semibalanus balanoides (Linnaeus, 1767)",2115784,NA,NA,NA,"HUMAN_OBSERVATION",NA,"100431687221007174","Maxillopoda",203,"Portmarnock, Ireland, EUROPE","ExploreYourShore",NA,NA,"EUROPE",NA,100,"Ireland",263,"ExploreYourShore","17057301-35d8-4e33-b24f-13da5fe2d265",NA,NA,9,NA,NA,NA,NA,"County=Dublin",160,"2023-06-09",NA,NA,NA,"Archaeobalanidae",5103,NA,NA,NA,NA,"Ireland","4466055171","EUROPE","Semibalanus","Semibalanus",2115783,"WGS84",NA,NA,"verified by contributor",NA,NA,NA,"d2b97690-bfd6-11de-b279-d52977ace833",NA,"Data has been captured using a grid reference system. Provided location represents cell’s centre point and uncertainty represents cell’s size",NA,NA,NA,NA,NA,NA,NA,NA,NA,NA,"115198415",NA,"99672740-f762-11e1-a439-00145eb45e9a","NBDC",NA,NA,FALSE,NA,"IE",FALSE,"NE",4466055171,"Animalia",1,NA,"2025-06-04T15:56:28.195+00:00","2025-06-04T15:56:53.539+00:00","2025-06-04T15:56:53.539+00:00",53.445971,"http://creativecommons.org/licenses/by/4.0/legalcode",NA,"Portmarnock",NA,NA,-6.130284,NA,"2025-02-25T09:09:31.000+00:00",6,NA,NA,NA,"ie.nbdc.dataset.ExploreYourShore.100431687221007174",NA,"PRESENT","Sessilia",1426,NA,NA,NA,NA,NA,NA,NA,NA,"Arthropoda",54,NA,NA,NA,"DWC_ARCHIVE","EUROPE","IE","d2b97690-bfd6-11de-b279-d52977ace833","Janette Kelly",NA,NA,NA,NA,"Semibalanus balanoides (Linnaeus, 1767)",NA,NA,"Semibalanus balanoides",2115784,"balanoides",160,NA,NA,2115784,"ACCEPTED","SPECIES","Occurrence",NA,NA,NA,NA,NA,"Acorn Barnacle",NA,NA,2023,2025-06-17
"109","Semibalanus balanoides (Linnaeus, 1767)",2115784,NA,NA,NA,"HUMAN_OBSERVATION",NA,"100431687221007277","Maxillopoda",203,"Carnalea, United Kingdom, EUROPE","ExploreYourShore",NA,NA,"EUROPE",NA,100,"United Kingdom",263,"ExploreYourShore","17057301-35d8-4e33-b24f-13da5fe2d265",NA,NA,11,NA,NA,NA,NA,"County=Down;Abundance=1",162,"2023-06-11",NA,NA,NA,"Archaeobalanidae",5103,NA,NA,NA,NA,"United Kingdom of Great Britain and Northern Ireland","4466055801","EUROPE","Semibalanus","Semibalanus",2115783,"WGS84",NA,NA,"verified by contributor",NA,NA,NA,"d2b97690-bfd6-11de-b279-d52977ace833",NA,"Data has been captured using a grid reference system. Provided location represents cell’s centre point and uncertainty represents cell’s size",NA,NA,NA,NA,NA,NA,NA,NA,NA,NA,"115198518",NA,"99672740-f762-11e1-a439-00145eb45e9a","NBDC",NA,NA,FALSE,NA,"GB",FALSE,"NE",4466055801,"Animalia",1,NA,"2025-06-04T15:56:28.195+00:00","2025-06-04T15:56:53.432+00:00","2025-06-04T15:56:53.432+00:00",54.667537,"http://creativecommons.org/licenses/by/4.0/legalcode",NA,"Carnalea",NA,NA,-5.704399,NA,"2025-02-25T09:09:31.000+00:00",6,NA,NA,NA,"ie.nbdc.dataset.ExploreYourShore.100431687221007277",NA,"PRESENT","Sessilia",1426,NA,NA,NA,NA,NA,NA,NA,NA,"Arthropoda",54,NA,NA,NA,"DWC_ARCHIVE","EUROPE","IE","d2b97690-bfd6-11de-b279-d52977ace833","Dave Wall",NA,NA,NA,NA,"Semibalanus balanoides (Linnaeus, 1767)",NA,NA,"Semibalanus balanoides",2115784,"balanoides",162,NA,NA,2115784,"ACCEPTED","SPECIES","Occurrence",NA,NA,NA,NA,NA,"Acorn Barnacle",NA,NA,2023,2025-06-17
"110","Semibalanus balanoides (Linnaeus, 1767)",2115784,NA,NA,NA,"HUMAN_OBSERVATION",NA,"100431687221007341","Maxillopoda",203,"Waterville, Ireland, EUROPE","ExploreYourShore",NA,NA,"EUROPE",NA,100,"Ireland",263,"ExploreYourShore","17057301-35d8-4e33-b24f-13da5fe2d265",NA,NA,10,NA,NA,NA,NA,"County=Kerry;Abundance=2000",161,"2023-06-10",NA,NA,NA,"Archaeobalanidae",5103,NA,NA,NA,NA,"Ireland","4466056762","EUROPE","Semibalanus","Semibalanus",2115783,"WGS84",NA,NA,"verified by contributor",NA,NA,NA,"d2b97690-bfd6-11de-b279-d52977ace833",NA,"Data has been captured using a grid reference system. Provided location represents cell’s centre point and uncertainty represents cell’s size",NA,NA,NA,NA,NA,NA,NA,NA,NA,NA,"115198582",NA,"99672740-f762-11e1-a439-00145eb45e9a","NBDC",NA,NA,FALSE,NA,"IE",FALSE,"NE",4466056762,"Animalia",1,NA,"2025-06-04T15:56:28.195+00:00","2025-06-04T15:56:53.331+00:00","2025-06-04T15:56:53.331+00:00",51.832622,"http://creativecommons.org/licenses/by/4.0/legalcode",NA,"Waterville",NA,NA,-10.187502,NA,"2025-02-25T09:09:31.000+00:00",6,NA,NA,NA,"ie.nbdc.dataset.ExploreYourShore.100431687221007341",NA,"PRESENT","Sessilia",1426,NA,NA,NA,NA,NA,NA,NA,NA,"Arthropoda",54,NA,NA,NA,"DWC_ARCHIVE","EUROPE","IE","d2b97690-bfd6-11de-b279-d52977ace833","Anna Kellagher",NA,NA,NA,NA,"Semibalanus balanoides (Linnaeus, 1767)",NA,NA,"Semibalanus balanoides",2115784,"balanoides",161,NA,NA,2115784,"ACCEPTED","SPECIES","Occurrence",NA,NA,NA,NA,NA,"Acorn Barnacle",NA,NA,2023,2025-06-17
"111","Semibalanus balanoides (Linnaeus, 1767)",2115784,NA,NA,NA,"HUMAN_OBSERVATION",NA,"100510282421382263","Maxillopoda",203,"Creevy Pier, Ireland, EUROPE","ExploreYourShore",NA,NA,"EUROPE",NA,100,"Ireland",263,"ExploreYourShore","17057301-35d8-4e33-b24f-13da5fe2d265",NA,NA,29,NA,NA,NA,NA,"County=Donegal;Abundance=100",180,"2023-06-29",NA,NA,NA,"Archaeobalanidae",5103,NA,NA,NA,NA,"Ireland","4466060084","EUROPE","Semibalanus","Semibalanus",2115783,"WGS84",NA,NA,"verified by contributor",NA,NA,NA,"d2b97690-bfd6-11de-b279-d52977ace833",NA,"Data has been captured using a grid reference system. Provided location represents cell’s centre point and uncertainty represents cell’s size",NA,NA,NA,NA,NA,NA,NA,NA,NA,NA,"115199467",NA,"99672740-f762-11e1-a439-00145eb45e9a","NBDC",NA,NA,FALSE,NA,"IE",FALSE,"NE",4466060084,"Animalia",1,NA,"2025-06-04T15:56:28.195+00:00","2025-06-04T15:56:58.222+00:00","2025-06-04T15:56:58.222+00:00",54.530855,"http://creativecommons.org/licenses/by/4.0/legalcode",NA,"Creevy Pier",NA,NA,-8.256382,NA,"2025-02-25T09:09:31.000+00:00",6,NA,NA,NA,"ie.nbdc.dataset.ExploreYourShore.100510282421382263",NA,"PRESENT","Sessilia",1426,NA,NA,NA,NA,NA,NA,NA,NA,"Arthropoda",54,NA,NA,NA,"DWC_ARCHIVE","EUROPE","IE","d2b97690-bfd6-11de-b279-d52977ace833","David McCann",NA,NA,NA,NA,"Semibalanus balanoides (Linnaeus, 1767)",NA,NA,"Semibalanus balanoides",2115784,"balanoides",180,NA,NA,2115784,"ACCEPTED","SPECIES","Occurrence",NA,NA,NA,NA,NA,"Acorn Barnacle",NA,NA,2023,2025-06-17
"112","Semibalanus balanoides (Linnaeus, 1767)",2115784,NA,NA,NA,"HUMAN_OBSERVATION",NA,"100510282421382360","Maxillopoda",203,"Carrick, Ireland, EUROPE","ExploreYourShore",NA,NA,"EUROPE",NA,100,"Ireland",263,"ExploreYourShore","17057301-35d8-4e33-b24f-13da5fe2d265",NA,NA,13,NA,NA,NA,NA,"County=Donegal;Abundance=100",164,"2023-06-13",NA,NA,NA,"Archaeobalanidae",5103,NA,NA,NA,NA,"Ireland","4466054531","EUROPE","Semibalanus","Semibalanus",2115783,"WGS84",NA,NA,"verified by contributor",NA,NA,NA,"d2b97690-bfd6-11de-b279-d52977ace833",NA,"Data has been captured using a grid reference system. Provided location represents cell’s centre point and uncertainty represents cell’s size",NA,NA,NA,NA,NA,NA,NA,NA,NA,NA,"115199564",NA,"99672740-f762-11e1-a439-00145eb45e9a","NBDC",NA,NA,FALSE,NA,"IE",FALSE,"NE",4466054531,"Animalia",1,NA,"2025-06-04T15:56:28.195+00:00","2025-06-04T15:56:49.053+00:00","2025-06-04T15:56:49.053+00:00",55.109211,"http://creativecommons.org/licenses/by/4.0/legalcode",NA,"Carrick",NA,NA,-8.314906,NA,"2025-02-25T09:09:31.000+00:00",6,NA,NA,NA,"ie.nbdc.dataset.ExploreYourShore.100510282421382360",NA,"PRESENT","Sessilia",1426,NA,NA,NA,NA,NA,NA,NA,NA,"Arthropoda",54,NA,NA,NA,"DWC_ARCHIVE","EUROPE","IE","d2b97690-bfd6-11de-b279-d52977ace833","David McCann",NA,NA,NA,NA,"Semibalanus balanoides (Linnaeus, 1767)",NA,NA,"Semibalanus balanoides",2115784,"balanoides",164,NA,NA,2115784,"ACCEPTED","SPECIES","Occurrence",NA,NA,NA,NA,NA,"Acorn Barnacle",NA,NA,2023,2025-06-17
"113","Semibalanus balanoides (Linnaeus, 1767)",2115784,"England",NA,NA,"HUMAN_OBSERVATION",NA,"165611765","Maxillopoda",203,"United Kingdom, EUROPE","Observations",NA,NA,"EUROPE",NA,NA,"United Kingdom",548,NA,"50c9509d-22c7-4a22-a47d-8c48425ef4a7","iNaturalist research-grade observations","2023-06-04T22:31:40",4,NA,NA,NA,NA,NA,155,"2023-06-04T11:29:48",NA,NA,"11:29:48+01:00","Archaeobalanidae",5103,NA,NA,NA,NA,"United Kingdom of Great Britain and Northern Ireland","4424081669","EUROPE","Semibalanus","Semibalanus",2115783,"WGS84",NA,NA,NA,NA,NA,NA,"28eb1a3f-1c15-4a95-931a-4af90ecb574d","wild",NA,NA,NA,NA,"robsid",NA,"371064421",NA,NA,NA,"Rob Sidaway","165611765",NA,"997448a8-f762-11e1-a439-00145eb45e9a","iNaturalist",NA,NA,FALSE,NA,"GB",FALSE,"NE",4424081669,"Animalia",1,NA,"2025-06-06T14:41:08.836+00:00","2025-06-07T01:12:25.860+00:00","2025-06-07T01:12:25.860+00:00",51.203609,"http://creativecommons.org/licenses/by-nc/4.0/legalcode",NA,NA,NA,NA,-3.193837,NA,"2023-10-06T21:19:51.000+00:00",6,NA,NA,NA,"https://www.inaturalist.org/observations/165611765",NA,"PRESENT","Sessilia",1426,NA,NA,NA,NA,NA,NA,NA,NA,"Arthropoda",54,NA,NA,NA,"DWC_ARCHIVE","EUROPE","GB","28eb1a3f-1c15-4a95-931a-4af90ecb574d","Rob Sidaway",NA,"https://www.inaturalist.org/observations/165611765","Rob Sidaway",NA,"Semibalanus balanoides (Linnaeus, 1767)",NA,NA,"Semibalanus balanoides",2115784,"balanoides",155,NA,"118832",2115784,"ACCEPTED","SPECIES",NA,NA,NA,"2023-06-04 11:29:48",NA,"Lilstock, Bridgwater TA5 1SU, UK",NA,NA,NA,2023,2025-06-17
"114","Semibalanus balanoides (Linnaeus, 1767)",2115784,"Scotland",NA,NA,"HUMAN_OBSERVATION",NA,"170322053","Maxillopoda",203,"United Kingdom, EUROPE","Observations",NA,NA,"EUROPE",NA,4,"United Kingdom",548,NA,"50c9509d-22c7-4a22-a47d-8c48425ef4a7","iNaturalist research-grade observations","2025-05-18T16:01:09",29,NA,NA,NA,NA,NA,180,"2023-06-29T10:55:28",NA,NA,"10:55:28+01:00","Archaeobalanidae",5103,NA,NA,NA,NA,"United Kingdom of Great Britain and Northern Ireland","5166755413","EUROPE","Semibalanus","Semibalanus",2115783,"WGS84",NA,NA,NA,NA,NA,NA,"28eb1a3f-1c15-4a95-931a-4af90ecb574d","wild",NA,NA,NA,NA,"spanglerwoodbirds",NA,"634071686",NA,NA,NA,"barnacool","170322053",NA,"997448a8-f762-11e1-a439-00145eb45e9a","iNaturalist",NA,NA,FALSE,NA,"GB",FALSE,"NE",5166755413,"Animalia",1,NA,"2025-06-06T14:41:08.836+00:00","2025-06-07T01:24:22.090+00:00","2025-06-07T01:24:22.090+00:00",56.535488,"http://creativecommons.org/licenses/by-nc/4.0/legalcode",NA,NA,NA,NA,-5.413638,NA,"2025-05-18T23:30:01.000+00:00",6,NA,NA,NA,"https://www.inaturalist.org/observations/170322053",NA,"PRESENT","Sessilia",1426,NA,NA,NA,NA,NA,NA,NA,NA,"Arthropoda",54,NA,NA,NA,"DWC_ARCHIVE","NORTH_AMERICA","US","28eb1a3f-1c15-4a95-931a-4af90ecb574d","Matt Spangler",NA,"https://www.inaturalist.org/observations/170322053","Matt Spangler",NA,"Semibalanus balanoides (Linnaeus, 1767)",NA,NA,"Semibalanus balanoides",2115784,"balanoides",180,NA,"118832",2115784,"ACCEPTED","SPECIES",NA,NA,NA,"2023-06-29 10:55:28+01:00",NA,"Loch Etive, Oban, Scotland, GB",NA,NA,NA,2023,2025-06-17
"115","Semibalanus balanoides (Linnaeus, 1767)",2115784,NA,"Manche (mer territoriale)",NA,"HUMAN_OBSERVATION",NA,NA,"Maxillopoda",203,"France, EUROPE",NA,NA,NA,"EUROPE",NA,NA,"France",271,"4A9DDA1F-B7E7-3E13-E053-2614A8C02B7C","25e3e8f1-86ee-440c-adfc-8e63759a6505",NA,NA,10,NA,NA,NA,NA,NA,161,"2023-06-10","604e0bff-fedc-42ee-bdfc-5dc3d1b7954e",NA,NA,"Archaeobalanidae",5103,NA,NA,NA,"POINT(-1.86207532883 49.51195519861)","France","4540805519","EUROPE","Semibalanus","Semibalanus",2115783,"WGS84",NA,NA,NA,NA,NA,NA,"1928bdf0-f5d2-11dc-8c12-b8a03c50a862",NA,NA,"fr | en",NA,NA,NA,NA,NA,NA,NA,"Probable","François Sichel (Les amis de BioObs)","604e0bff-fedc-42ee-bdfc-5dc3d1b7954e",NA,"e44d0fd7-0edf-477f-aa82-50a81836ab46",NA,NA,NA,FALSE,NA,"FR",FALSE,"NE",4540805519,"Animalia",1,NA,"2025-01-23T19:04:24.190+00:00","2025-02-01T03:39:58.871+00:00","2025-02-01T03:39:58.871+00:00",49.51196,"http://creativecommons.org/licenses/by/4.0/legalcode",NA,NA,NA,NA,-1.86208,NA,NA,6,NA,"Gargominy O (2021). TAXREF. Version 4.7. UMS PatriNat (OFB-CNRS-MNHN), Paris. Checklist dataset https://doi.org/10.15468/vqueam accessed via GBIF.org on 2021-06-28.",NA,"604e0bff-fedc-42ee-bdfc-5dc3d1b7954e",NA,"PRESENT","Sessilia",1426,NA,NA,NA,"Semibalanus balanoides (Linnaeus, 1767)",NA,NA,NA,NA,"Arthropoda",54,NA,NA,NA,"DWC_ARCHIVE","EUROPE","FR","1928bdf0-f5d2-11dc-8c12-b8a03c50a862","François Sichel, Jérémy Beauchard (Caen-Ouistreham Plongée)",NA,NA,NA,NA,"Semibalanus balanoides (Linnaeus, 1767)",NA,NA,"Semibalanus balanoides",2115784,"balanoides",161,NA,"384664",2115784,"ACCEPTED","SPECIES",NA,NA,NA,NA,NA,NA,NA,NA,NA,2023,2025-06-17
"116","Semibalanus balanoides (Linnaeus, 1767)",2115784,NA,NA,NA,"HUMAN_OBSERVATION",NA,"100510282421381564","Maxillopoda",203,"Clogherhead, Ireland, EUROPE","ExploreYourShore",NA,NA,"EUROPE",NA,100,"Ireland",263,"ExploreYourShore","17057301-35d8-4e33-b24f-13da5fe2d265",NA,NA,9,NA,NA,NA,NA,"County=Louth",190,"2023-07-09",NA,NA,NA,"Archaeobalanidae",5103,NA,NA,NA,NA,"Ireland","4466051569","EUROPE","Semibalanus","Semibalanus",2115783,"WGS84",NA,NA,"verified by contributor",NA,NA,NA,"d2b97690-bfd6-11de-b279-d52977ace833",NA,"Data has been captured using a grid reference system. Provided location represents cell’s centre point and uncertainty represents cell’s size",NA,NA,NA,NA,NA,NA,NA,NA,NA,NA,"115198768",NA,"99672740-f762-11e1-a439-00145eb45e9a","NBDC",NA,NA,FALSE,NA,"IE",FALSE,"NE",4466051569,"Animalia",1,NA,"2025-06-04T15:56:28.195+00:00","2025-06-04T15:56:54.674+00:00","2025-06-04T15:56:54.674+00:00",53.80556,"http://creativecommons.org/licenses/by/4.0/legalcode",NA,"Clogherhead",NA,NA,-6.255288,NA,"2025-02-25T09:09:31.000+00:00",7,NA,NA,NA,"ie.nbdc.dataset.ExploreYourShore.100510282421381564",NA,"PRESENT","Sessilia",1426,NA,NA,NA,NA,NA,NA,NA,NA,"Arthropoda",54,NA,NA,NA,"DWC_ARCHIVE","EUROPE","IE","d2b97690-bfd6-11de-b279-d52977ace833","Liz Flanagan",NA,NA,NA,NA,"Semibalanus balanoides (Linnaeus, 1767)",NA,NA,"Semibalanus balanoides",2115784,"balanoides",190,NA,NA,2115784,"ACCEPTED","SPECIES","Occurrence",NA,NA,NA,NA,NA,"Acorn Barnacle",NA,NA,2023,2025-06-17
"121","Semibalanus balanoides (Linnaeus, 1767)",2115784,NA,NA,NA,"HUMAN_OBSERVATION",NA,"100510282421381704","Maxillopoda",203,"Port Muck, United Kingdom, EUROPE","ExploreYourShore",NA,NA,"EUROPE",NA,100,"United Kingdom",263,"ExploreYourShore","17057301-35d8-4e33-b24f-13da5fe2d265",NA,NA,20,NA,NA,NA,NA,"County=Antrim",201,"2023-07-20",NA,NA,NA,"Archaeobalanidae",5103,NA,NA,NA,NA,"United Kingdom of Great Britain and Northern Ireland","4466052617","EUROPE","Semibalanus","Semibalanus",2115783,"WGS84",NA,NA,"verified by contributor",NA,NA,NA,"d2b97690-bfd6-11de-b279-d52977ace833",NA,"Data has been captured using a grid reference system. Provided location represents cell’s centre point and uncertainty represents cell’s size",NA,NA,NA,NA,NA,NA,NA,NA,NA,NA,"115198908",NA,"99672740-f762-11e1-a439-00145eb45e9a","NBDC",NA,NA,FALSE,NA,"GB",FALSE,"NE",4466052617,"Animalia",1,NA,"2025-06-04T15:56:28.195+00:00","2025-06-04T15:56:54.059+00:00","2025-06-04T15:56:54.059+00:00",54.848234,"http://creativecommons.org/licenses/by/4.0/legalcode",NA,"Port Muck",NA,NA,-5.72569,NA,"2025-02-25T09:09:31.000+00:00",7,NA,NA,NA,"ie.nbdc.dataset.ExploreYourShore.100510282421381704",NA,"PRESENT","Sessilia",1426,NA,NA,NA,NA,NA,NA,NA,NA,"Arthropoda",54,NA,NA,NA,"DWC_ARCHIVE","EUROPE","IE","d2b97690-bfd6-11de-b279-d52977ace833","Pamela Linscott",NA,NA,NA,NA,"Semibalanus balanoides (Linnaeus, 1767)",NA,NA,"Semibalanus balanoides",2115784,"balanoides",201,NA,NA,2115784,"ACCEPTED","SPECIES","Occurrence",NA,NA,NA,NA,NA,"Acorn Barnacle",NA,NA,2023,2025-06-17
"122","Semibalanus balanoides (Linnaeus, 1767)",2115784,NA,NA,NA,"HUMAN_OBSERVATION",NA,"100510282421381771","Maxillopoda",203,"Garinish West, Ireland, EUROPE","ExploreYourShore",NA,NA,"EUROPE",NA,100,"Ireland",263,"ExploreYourShore","17057301-35d8-4e33-b24f-13da5fe2d265",NA,NA,31,NA,NA,NA,NA,"County=Cork;Abundance=80",212,"2023-07-31",NA,NA,NA,"Archaeobalanidae",5103,NA,NA,NA,NA,"Ireland","4466053007","EUROPE","Semibalanus","Semibalanus",2115783,"WGS84",NA,NA,"verified by contributor",NA,NA,NA,"d2b97690-bfd6-11de-b279-d52977ace833",NA,"Data has been captured using a grid reference system. Provided location represents cell’s centre point and uncertainty represents cell’s size",NA,NA,NA,NA,NA,NA,NA,NA,NA,NA,"115198975",NA,"99672740-f762-11e1-a439-00145eb45e9a","NBDC",NA,NA,FALSE,NA,"IE",FALSE,"NE",4466053007,"Animalia",1,NA,"2025-06-04T15:56:28.195+00:00","2025-06-04T15:56:54.215+00:00","2025-06-04T15:56:54.215+00:00",51.69529,"http://creativecommons.org/licenses/by/4.0/legalcode",NA,"Garinish West",NA,NA,-9.596676,NA,"2025-02-25T09:09:31.000+00:00",7,NA,NA,NA,"ie.nbdc.dataset.ExploreYourShore.100510282421381771",NA,"PRESENT","Sessilia",1426,NA,NA,NA,NA,NA,NA,NA,NA,"Arthropoda",54,NA,NA,NA,"DWC_ARCHIVE","EUROPE","IE","d2b97690-bfd6-11de-b279-d52977ace833","Mileen Preece",NA,NA,NA,NA,"Semibalanus balanoides (Linnaeus, 1767)",NA,NA,"Semibalanus balanoides",2115784,"balanoides",212,NA,NA,2115784,"ACCEPTED","SPECIES","Occurrence",NA,NA,NA,NA,NA,"Acorn Barnacle",NA,NA,2023,2025-06-17
"123","Semibalanus balanoides (Linnaeus, 1767)",2115784,NA,NA,NA,"HUMAN_OBSERVATION",NA,"100510282421381775","Maxillopoda",203,"Furbo, Ireland, EUROPE","ExploreYourShore",NA,NA,"EUROPE",NA,100,"Ireland",263,"ExploreYourShore","17057301-35d8-4e33-b24f-13da5fe2d265",NA,NA,24,NA,NA,NA,NA,"County=Galway",205,"2023-07-24",NA,NA,NA,"Archaeobalanidae",5103,NA,NA,NA,NA,"Ireland","4466052999","EUROPE","Semibalanus","Semibalanus",2115783,"WGS84",NA,NA,"verified by contributor",NA,NA,NA,"d2b97690-bfd6-11de-b279-d52977ace833",NA,"Data has been captured using a grid reference system. Provided location represents cell’s centre point and uncertainty represents cell’s size",NA,NA,NA,NA,NA,NA,NA,NA,NA,NA,"115198979",NA,"99672740-f762-11e1-a439-00145eb45e9a","NBDC",NA,NA,FALSE,NA,"IE",FALSE,"NE",4466052999,"Animalia",1,NA,"2025-06-04T15:56:28.195+00:00","2025-06-04T15:56:54.208+00:00","2025-06-04T15:56:54.208+00:00",53.249963,"http://creativecommons.org/licenses/by/4.0/legalcode",NA,"Furbo",NA,NA,-9.226958,NA,"2025-02-25T09:09:31.000+00:00",7,NA,NA,NA,"ie.nbdc.dataset.ExploreYourShore.100510282421381775",NA,"PRESENT","Sessilia",1426,NA,NA,NA,NA,NA,NA,NA,NA,"Arthropoda",54,NA,NA,NA,"DWC_ARCHIVE","EUROPE","IE","d2b97690-bfd6-11de-b279-d52977ace833","Norma Mc Cambridge",NA,NA,NA,NA,"Semibalanus balanoides (Linnaeus, 1767)",NA,NA,"Semibalanus balanoides",2115784,"balanoides",205,NA,NA,2115784,"ACCEPTED","SPECIES","Occurrence",NA,NA,NA,NA,NA,"Acorn Barnacle",NA,NA,2023,2025-06-17
"126","Semibalanus balanoides (Linnaeus, 1767)",2115784,NA,NA,NA,"HUMAN_OBSERVATION",NA,"100588520250456116","Maxillopoda",203,"Salthill, Ireland, EUROPE","ExploreYourShore",NA,NA,"EUROPE",NA,100,"Ireland",263,"ExploreYourShore","17057301-35d8-4e33-b24f-13da5fe2d265",NA,NA,20,NA,NA,NA,NA,"County=Galway;Abundance=10;Type of sighting=Alive",201,"2023-07-20",NA,NA,NA,"Archaeobalanidae",5103,NA,NA,NA,NA,"Ireland","4509680871","EUROPE","Semibalanus","Semibalanus",2115783,"WGS84",NA,NA,"verified by contributor",NA,NA,NA,"d2b97690-bfd6-11de-b279-d52977ace833",NA,"Data has been captured using a grid reference system. Provided location represents cell’s centre point and uncertainty represents cell’s size",NA,NA,NA,NA,NA,NA,NA,NA,NA,NA,"115201013",NA,"99672740-f762-11e1-a439-00145eb45e9a","NBDC",NA,NA,FALSE,NA,"IE",FALSE,"NE",4509680871,"Animalia",1,NA,"2025-06-04T15:56:28.195+00:00","2025-06-04T15:56:52.255+00:00","2025-06-04T15:56:52.255+00:00",53.258584,"http://creativecommons.org/licenses/by/4.0/legalcode",NA,"Salthill",NA,NA,-9.078854,NA,"2025-02-25T09:09:31.000+00:00",7,NA,NA,NA,"ie.nbdc.dataset.ExploreYourShore.100588520250456116",NA,"PRESENT","Sessilia",1426,NA,NA,NA,NA,NA,NA,NA,NA,"Arthropoda",54,NA,NA,NA,"DWC_ARCHIVE","EUROPE","IE","d2b97690-bfd6-11de-b279-d52977ace833","Eabha Hughes",NA,NA,NA,NA,"Semibalanus balanoides (Linnaeus, 1767)",NA,NA,"Semibalanus balanoides",2115784,"balanoides",201,NA,NA,2115784,"ACCEPTED","SPECIES","Occurrence",NA,NA,NA,NA,NA,"Acorn Barnacle",NA,NA,2023,2025-06-17
"127","Semibalanus balanoides (Linnaeus, 1767)",2115784,"England",NA,NA,"HUMAN_OBSERVATION",NA,"194221421","Maxillopoda",203,"United Kingdom, EUROPE","Observations",NA,NA,"EUROPE",NA,182,"United Kingdom",548,NA,"50c9509d-22c7-4a22-a47d-8c48425ef4a7","iNaturalist research-grade observations","2023-12-17T20:42:03",1,NA,NA,NA,NA,NA,182,"2023-07-01T11:08",NA,NA,"11:08:00+01:00","Archaeobalanidae",5103,NA,NA,NA,NA,"United Kingdom of Great Britain and Northern Ireland","4500632071","EUROPE","Semibalanus","Semibalanus",2115783,"WGS84",NA,NA,NA,NA,NA,NA,"28eb1a3f-1c15-4a95-931a-4af90ecb574d","wild",NA,NA,NA,NA,"an_bollenessor",NA,"435813549",NA,NA,NA,"Michiel Vos","194221421",NA,"997448a8-f762-11e1-a439-00145eb45e9a","iNaturalist",NA,NA,FALSE,NA,"GB",FALSE,"NE",4500632071,"Animalia",1,NA,"2025-06-06T14:41:08.836+00:00","2025-06-07T03:00:40.581+00:00","2025-06-07T03:00:40.581+00:00",50.16443,"http://creativecommons.org/licenses/by-nc/4.0/legalcode",NA,NA,NA,NA,-5.072819,NA,"2023-12-17T20:51:47.000+00:00",7,NA,NA,NA,"https://www.inaturalist.org/observations/194221421",NA,"PRESENT","Sessilia",1426,NA,NA,NA,NA,NA,NA,NA,NA,"Arthropoda",54,NA,NA,NA,"DWC_ARCHIVE","EUROPE","GB","28eb1a3f-1c15-4a95-931a-4af90ecb574d","Michiel Vos",NA,"https://www.inaturalist.org/observations/194221421","Michiel Vos",NA,"Semibalanus balanoides (Linnaeus, 1767)",NA,NA,"Semibalanus balanoides",2115784,"balanoides",182,NA,"118832",2115784,"ACCEPTED","SPECIES",NA,NA,NA,"2023/07/01 11:08 AM",NA,"Flushing, UK (Luce's Beach)",NA,NA,NA,2023,2025-06-17
"128","Semibalanus balanoides (Linnaeus, 1767)",2115784,NA,NA,NA,"HUMAN_OBSERVATION",NA,"100510282421381979","Maxillopoda",203,"kilmore quay, Ireland, EUROPE","ExploreYourShore",NA,NA,"EUROPE",NA,100,"Ireland",263,"ExploreYourShore","17057301-35d8-4e33-b24f-13da5fe2d265",NA,NA,12,NA,NA,NA,NA,"County=Wexford",224,"2023-08-12",NA,NA,NA,"Archaeobalanidae",5103,NA,NA,NA,NA,"Ireland","4466058546","EUROPE","Semibalanus","Semibalanus",2115783,"WGS84",NA,NA,"verified by contributor",NA,NA,NA,"d2b97690-bfd6-11de-b279-d52977ace833",NA,"Data has been captured using a grid reference system. Provided location represents cell’s centre point and uncertainty represents cell’s size",NA,NA,NA,NA,NA,NA,NA,NA,NA,NA,"115199183",NA,"99672740-f762-11e1-a439-00145eb45e9a","NBDC",NA,NA,FALSE,NA,"IE",FALSE,"NE",4466058546,"Animalia",1,NA,"2025-06-04T15:56:28.195+00:00","2025-06-04T15:56:58.479+00:00","2025-06-04T15:56:58.479+00:00",52.17398,"http://creativecommons.org/licenses/by/4.0/legalcode",NA,"kilmore quay",NA,NA,-6.586506,NA,"2025-02-25T09:09:31.000+00:00",8,NA,NA,NA,"ie.nbdc.dataset.ExploreYourShore.100510282421381979",NA,"PRESENT","Sessilia",1426,NA,NA,NA,NA,NA,NA,NA,NA,"Arthropoda",54,NA,NA,NA,"DWC_ARCHIVE","EUROPE","IE","d2b97690-bfd6-11de-b279-d52977ace833","Seashore Explore",NA,NA,NA,NA,"Semibalanus balanoides (Linnaeus, 1767)",NA,NA,"Semibalanus balanoides",2115784,"balanoides",224,NA,NA,2115784,"ACCEPTED","SPECIES","Occurrence",NA,NA,NA,NA,NA,"Acorn Barnacle",NA,NA,2023,2025-06-17
"131","Semibalanus balanoides (Linnaeus, 1767)",2115784,NA,NA,NA,"HUMAN_OBSERVATION",NA,"100510282421382755","Maxillopoda",203,"Browns Bay, United Kingdom, EUROPE","ExploreYourShore",NA,NA,"EUROPE",NA,100,"United Kingdom",263,"ExploreYourShore","17057301-35d8-4e33-b24f-13da5fe2d265",NA,NA,22,NA,NA,NA,NA,"County=Antrim",234,"2023-08-22",NA,NA,NA,"Archaeobalanidae",5103,NA,NA,NA,NA,"United Kingdom of Great Britain and Northern Ireland","4466057026","EUROPE","Semibalanus","Semibalanus",2115783,"WGS84",NA,NA,"verified by contributor",NA,NA,NA,"d2b97690-bfd6-11de-b279-d52977ace833",NA,"Data has been captured using a grid reference system. Provided location represents cell’s centre point and uncertainty represents cell’s size",NA,NA,NA,NA,NA,NA,NA,NA,NA,NA,"115199959",NA,"99672740-f762-11e1-a439-00145eb45e9a","NBDC",NA,NA,FALSE,NA,"GB",FALSE,"NE",4466057026,"Animalia",1,NA,"2025-06-04T15:56:28.195+00:00","2025-06-04T15:56:49.839+00:00","2025-06-04T15:56:49.839+00:00",54.854621,"http://creativecommons.org/licenses/by/4.0/legalcode",NA,"Browns Bay",NA,NA,-5.761954,NA,"2025-02-25T09:09:31.000+00:00",8,NA,NA,NA,"ie.nbdc.dataset.ExploreYourShore.100510282421382755",NA,"PRESENT","Sessilia",1426,NA,NA,NA,NA,NA,NA,NA,NA,"Arthropoda",54,NA,NA,NA,"DWC_ARCHIVE","EUROPE","IE","d2b97690-bfd6-11de-b279-d52977ace833","Pamela Linscott",NA,NA,NA,NA,"Semibalanus balanoides (Linnaeus, 1767)",NA,NA,"Semibalanus balanoides",2115784,"balanoides",234,NA,NA,2115784,"ACCEPTED","SPECIES","Occurrence",NA,NA,NA,NA,NA,"Acorn Barnacle",NA,NA,2023,2025-06-17
"139","Semibalanus balanoides (Linnaeus, 1767)",2115784,NA,NA,NA,"HUMAN_OBSERVATION",NA,"100510282421382768","Maxillopoda",203,"Browns Bay, United Kingdom, EUROPE","ExploreYourShore",NA,NA,"EUROPE",NA,100,"United Kingdom",263,"ExploreYourShore","17057301-35d8-4e33-b24f-13da5fe2d265",NA,NA,22,NA,NA,NA,NA,"County=Antrim",234,"2023-08-22",NA,NA,NA,"Archaeobalanidae",5103,NA,NA,NA,NA,"United Kingdom of Great Britain and Northern Ireland","4466056765","EUROPE","Semibalanus","Semibalanus",2115783,"WGS84",NA,NA,"verified by contributor",NA,NA,NA,"d2b97690-bfd6-11de-b279-d52977ace833",NA,"Data has been captured using a grid reference system. Provided location represents cell’s centre point and uncertainty represents cell’s size",NA,NA,NA,NA,NA,NA,NA,NA,NA,NA,"115199972",NA,"99672740-f762-11e1-a439-00145eb45e9a","NBDC",NA,NA,FALSE,NA,"GB",FALSE,"NE",4466056765,"Animalia",1,NA,"2025-06-04T15:56:28.195+00:00","2025-06-04T15:56:49.806+00:00","2025-06-04T15:56:49.806+00:00",54.854764,"http://creativecommons.org/licenses/by/4.0/legalcode",NA,"Browns Bay",NA,NA,-5.76205,NA,"2025-02-25T09:09:31.000+00:00",8,NA,NA,NA,"ie.nbdc.dataset.ExploreYourShore.100510282421382768",NA,"PRESENT","Sessilia",1426,NA,NA,NA,NA,NA,NA,NA,NA,"Arthropoda",54,NA,NA,NA,"DWC_ARCHIVE","EUROPE","IE","d2b97690-bfd6-11de-b279-d52977ace833","Pamela Linscott",NA,NA,NA,NA,"Semibalanus balanoides (Linnaeus, 1767)",NA,NA,"Semibalanus balanoides",2115784,"balanoides",234,NA,NA,2115784,"ACCEPTED","SPECIES","Occurrence",NA,NA,NA,NA,NA,"Acorn Barnacle",NA,NA,2023,2025-06-17
"145","Semibalanus balanoides (Linnaeus, 1767)",2115784,"Scotland",NA,NA,"HUMAN_OBSERVATION",NA,"176131381","Maxillopoda",203,"United Kingdom, EUROPE","Observations",NA,NA,"EUROPE",NA,462,"United Kingdom",548,NA,"50c9509d-22c7-4a22-a47d-8c48425ef4a7","iNaturalist research-grade observations","2023-08-01T16:48:39",1,NA,NA,NA,NA,NA,213,"2023-08-01T17:47:37",NA,NA,"17:47:37+01:00","Archaeobalanidae",5103,NA,NA,NA,NA,"United Kingdom of Great Britain and Northern Ireland","4171854292","EUROPE","Semibalanus","Semibalanus",2115783,"WGS84",NA,NA,NA,NA,NA,NA,"28eb1a3f-1c15-4a95-931a-4af90ecb574d","wild",NA,NA,NA,NA,"scribblyfloss",NA,"392479995",NA,NA,NA,"scribblyfloss","176131381",NA,"997448a8-f762-11e1-a439-00145eb45e9a","iNaturalist",NA,NA,FALSE,NA,"GB",FALSE,"NE",4171854292,"Animalia",1,NA,"2025-06-06T14:41:08.836+00:00","2025-06-07T00:28:49.952+00:00","2025-06-07T00:28:49.952+00:00",55.91351,"http://creativecommons.org/licenses/by-nc/4.0/legalcode",NA,NA,NA,NA,-5.130123,NA,"2023-08-01T20:49:44.000+00:00",8,NA,NA,NA,"https://www.inaturalist.org/observations/176131381",NA,"PRESENT","Sessilia",1426,NA,NA,NA,NA,NA,NA,NA,NA,"Arthropoda",54,NA,NA,NA,"DWC_ARCHIVE","NORTH_AMERICA","US","28eb1a3f-1c15-4a95-931a-4af90ecb574d","scribblyfloss",NA,"https://www.inaturalist.org/observations/176131381","scribblyfloss",NA,"Semibalanus balanoides (Linnaeus, 1767)",NA,NA,"Semibalanus balanoides",2115784,"balanoides",213,NA,"118832",2115784,"ACCEPTED","SPECIES",NA,NA,NA,"2023-08-01 17:47:37+01:00",NA,"Kyles of Bute, Colintraive, Scotland, GB",NA,NA,NA,2023,2025-06-17
"146","Semibalanus balanoides (Linnaeus, 1767)",2115784,"England",NA,NA,"HUMAN_OBSERVATION",NA,"176956515","Maxillopoda",203,"United Kingdom, EUROPE","Observations",NA,NA,"EUROPE",NA,NA,"United Kingdom",548,NA,"50c9509d-22c7-4a22-a47d-8c48425ef4a7","iNaturalist research-grade observations","2023-08-06T13:12:27",6,NA,NA,NA,NA,NA,218,"2023-08-06T14:10:10",NA,NA,"14:10:10+01:00","Archaeobalanidae",5103,NA,NA,NA,NA,"United Kingdom of Great Britain and Northern Ireland","4172075059","EUROPE","Semibalanus","Semibalanus",2115783,"WGS84",NA,NA,NA,NA,NA,NA,"28eb1a3f-1c15-4a95-931a-4af90ecb574d","wild",NA,NA,NA,NA,"irenezaina",NA,"394233929",NA,NA,NA,"Irene Zaina","176956515",NA,"997448a8-f762-11e1-a439-00145eb45e9a","iNaturalist",NA,NA,FALSE,NA,"GB",FALSE,"NE",4172075059,"Animalia",1,NA,"2025-06-06T14:41:08.836+00:00","2025-06-07T01:28:58.459+00:00","2025-06-07T01:28:58.459+00:00",55.070556,"http://creativecommons.org/licenses/by/4.0/legalcode",NA,NA,NA,NA,-1.450278,NA,"2023-08-06T16:34:20.000+00:00",8,NA,NA,NA,"https://www.inaturalist.org/observations/176956515",NA,"PRESENT","Sessilia",1426,NA,NA,NA,NA,NA,NA,NA,NA,"Arthropoda",54,NA,NA,NA,"DWC_ARCHIVE","EUROPE","GB","28eb1a3f-1c15-4a95-931a-4af90ecb574d","Irene Zaina",NA,"https://www.inaturalist.org/observations/176956515","Irene Zaina",NA,"Semibalanus balanoides (Linnaeus, 1767)",NA,NA,"Semibalanus balanoides",2115784,"balanoides",218,NA,"118832",2115784,"ACCEPTED","SPECIES",NA,NA,NA,"2023-08-06 14:10:10",NA,"Whitley Bay NE26 4RS, UK",NA,NA,NA,2023,2025-06-17
"147","Semibalanus balanoides (Linnaeus, 1767)",2115784,"England",NA,NA,"HUMAN_OBSERVATION",NA,"177977174","Maxillopoda",203,"United Kingdom, EUROPE","Observations",NA,NA,"EUROPE",NA,292,"United Kingdom",548,NA,"50c9509d-22c7-4a22-a47d-8c48425ef4a7","iNaturalist research-grade observations","2023-08-12T12:02:25",12,NA,NA,NA,NA,NA,224,"2023-08-12T13:02:15",NA,NA,"13:02:15+01:00","Archaeobalanidae",5103,NA,NA,NA,NA,"United Kingdom of Great Britain and Northern Ireland","4400372629","EUROPE","Semibalanus","Semibalanus",2115783,"WGS84",NA,NA,NA,NA,NA,NA,"28eb1a3f-1c15-4a95-931a-4af90ecb574d","wild",NA,NA,NA,NA,"janliz",NA,"396413635",NA,NA,NA,"janliz","177977174",NA,"997448a8-f762-11e1-a439-00145eb45e9a","iNaturalist",NA,NA,FALSE,NA,"GB",FALSE,"NE",4400372629,"Animalia",1,NA,"2025-06-06T14:41:08.836+00:00","2025-06-07T00:57:21.875+00:00","2025-06-07T00:57:21.875+00:00",52.945496,"http://creativecommons.org/licenses/by-nc/4.0/legalcode",NA,NA,NA,NA,1.2149,NA,"2023-08-16T22:40:09.000+00:00",8,NA,NA,NA,"https://www.inaturalist.org/observations/177977174",NA,"PRESENT","Sessilia",1426,NA,NA,NA,NA,NA,NA,NA,NA,"Arthropoda",54,NA,NA,NA,"DWC_ARCHIVE","NORTH_AMERICA","US","28eb1a3f-1c15-4a95-931a-4af90ecb574d","janliz",NA,"https://www.inaturalist.org/observations/177977174","janliz",NA,"Semibalanus balanoides (Linnaeus, 1767)",NA,NA,"Semibalanus balanoides",2115784,"balanoides",224,NA,"118832",2115784,"ACCEPTED","SPECIES",NA,NA,NA,"Sat Aug 12 2023 13:02:15 GMT +0100 (GMT)",NA,"Sheringham",NA,NA,NA,2023,2025-06-17
"148","Semibalanus balanoides (Linnaeus, 1767)",2115784,"Scotland",NA,NA,"HUMAN_OBSERVATION",NA,"181173823","Maxillopoda",203,"United Kingdom, EUROPE","Observations",NA,NA,"EUROPE",NA,3,"United Kingdom",548,NA,"50c9509d-22c7-4a22-a47d-8c48425ef4a7","iNaturalist research-grade observations","2023-09-04T19:01:36",28,NA,NA,NA,NA,NA,240,"2023-08-28T15:04:49",NA,NA,"15:04:49+01:00","Archaeobalanidae",5103,NA,NA,NA,NA,"United Kingdom of Great Britain and Northern Ireland","4413484137","EUROPE","Semibalanus","Semibalanus",2115783,"WGS84",NA,NA,NA,NA,NA,NA,"28eb1a3f-1c15-4a95-931a-4af90ecb574d","wild",NA,NA,NA,NA,"mikegrutherford",NA,"404867242",NA,NA,NA,"Mike G. Rutherford","181173823",NA,"997448a8-f762-11e1-a439-00145eb45e9a","iNaturalist",NA,NA,FALSE,NA,"GB",FALSE,"NE",4413484137,"Animalia",1,NA,"2025-06-06T14:41:08.836+00:00","2025-06-07T01:53:52.546+00:00","2025-06-07T01:53:52.546+00:00",56.058042,"http://creativecommons.org/publicdomain/zero/1.0/legalcode",NA,NA,NA,NA,-2.698596,NA,"2023-09-07T14:34:51.000+00:00",8,NA,NA,NA,"https://www.inaturalist.org/observations/181173823",NA,"PRESENT","Sessilia",1426,NA,NA,NA,NA,NA,NA,NA,NA,"Arthropoda",54,NA,NA,NA,"DWC_ARCHIVE","EUROPE","GB","28eb1a3f-1c15-4a95-931a-4af90ecb574d","Mike G. Rutherford",NA,"https://www.inaturalist.org/observations/181173823","Mike G. Rutherford",NA,"Semibalanus balanoides (Linnaeus, 1767)",NA,NA,"Semibalanus balanoides",2115784,"balanoides",240,NA,"118832",2115784,"ACCEPTED","SPECIES",NA,NA,NA,"2023-08-28 15:04:49",NA,"North Berwick EH39, UK",NA,NA,NA,2023,2025-06-17
"149","Semibalanus balanoides (Linnaeus, 1767)",2115784,"England",NA,NA,"HUMAN_OBSERVATION",NA,"193667747","Maxillopoda",203,"United Kingdom, EUROPE","Observations",NA,NA,"EUROPE",NA,NA,"United Kingdom",548,NA,"50c9509d-22c7-4a22-a47d-8c48425ef4a7","iNaturalist research-grade observations","2023-12-11T01:52:52",18,NA,NA,NA,NA,NA,230,"2023-08-18T18:44",NA,NA,"18:44:00+01:00","Archaeobalanidae",5103,NA,NA,NA,NA,"United Kingdom of Great Britain and Northern Ireland","4465473989","EUROPE","Semibalanus","Semibalanus",2115783,"WGS84",NA,NA,NA,NA,NA,NA,"28eb1a3f-1c15-4a95-931a-4af90ecb574d","wild",NA,NA,NA,NA,"y_y",NA,"434101538",NA,NA,NA,"Yulia Yelovska","193667747",NA,"997448a8-f762-11e1-a439-00145eb45e9a","iNaturalist",NA,NA,FALSE,NA,"GB",FALSE,"NE",4465473989,"Animalia",1,NA,"2025-06-06T14:41:08.836+00:00","2025-06-07T02:05:59.344+00:00","2025-06-07T02:05:59.344+00:00",51.082158,"http://creativecommons.org/licenses/by-nc/4.0/legalcode",NA,NA,NA,NA,1.192762,NA,"2023-12-12T19:32:01.000+00:00",8,NA,NA,NA,"https://www.inaturalist.org/observations/193667747",NA,"PRESENT","Sessilia",1426,NA,NA,NA,NA,NA,NA,NA,NA,"Arthropoda",54,NA,NA,NA,"DWC_ARCHIVE","NORTH_AMERICA","US","28eb1a3f-1c15-4a95-931a-4af90ecb574d","Yulia Yelovska",NA,"https://www.inaturalist.org/observations/193667747","Yulia Yelovska",NA,"Semibalanus balanoides (Linnaeus, 1767)",NA,NA,"Semibalanus balanoides",2115784,"balanoides",230,NA,"118832",2115784,"ACCEPTED","SPECIES",NA,NA,NA,"2023/08/18 6:44 PM",NA,"Folkestone, UK",NA,NA,NA,2023,2025-06-17
"150","Semibalanus balanoides (Linnaeus, 1767)",2115784,"Wales",NA,NA,"HUMAN_OBSERVATION",NA,"194131476","Maxillopoda",203,"United Kingdom, EUROPE","Observations",NA,NA,"EUROPE",NA,NA,"United Kingdom",548,NA,"50c9509d-22c7-4a22-a47d-8c48425ef4a7","iNaturalist research-grade observations","2023-12-16T20:12:31",1,NA,NA,NA,NA,NA,213,"2023-08-01T15:07:50",NA,NA,"15:07:50+01:00","Archaeobalanidae",5103,NA,NA,NA,NA,"United Kingdom of Great Britain and Northern Ireland","4500890786","EUROPE","Semibalanus","Semibalanus",2115783,"WGS84",NA,NA,NA,NA,NA,NA,"28eb1a3f-1c15-4a95-931a-4af90ecb574d","wild",NA,NA,NA,NA,"woollin",NA,"435561694",NA,NA,NA,"Jennifer Woollin","194131476",NA,"997448a8-f762-11e1-a439-00145eb45e9a","iNaturalist",NA,NA,FALSE,NA,"GB",FALSE,"NE",4500890786,"Animalia",1,NA,"2025-06-06T14:41:08.836+00:00","2025-06-07T00:50:56.936+00:00","2025-06-07T00:50:56.936+00:00",53.14308,"http://creativecommons.org/publicdomain/zero/1.0/legalcode",NA,NA,NA,NA,-4.40904,NA,"2023-12-17T21:20:45.000+00:00",8,NA,NA,NA,"https://www.inaturalist.org/observations/194131476",NA,"PRESENT","Sessilia",1426,NA,NA,NA,NA,NA,NA,NA,NA,"Arthropoda",54,NA,NA,NA,"DWC_ARCHIVE","EUROPE","GB","28eb1a3f-1c15-4a95-931a-4af90ecb574d","Jennifer Woollin",NA,"https://www.inaturalist.org/observations/194131476","Jennifer Woollin",NA,"Semibalanus balanoides (Linnaeus, 1767)",NA,NA,"Semibalanus balanoides",2115784,"balanoides",213,NA,"118832",2115784,"ACCEPTED","SPECIES",NA,NA,NA,"2023-08-01 15:07:50",NA,"Anglesey, Wales, GB",NA,NA,NA,2023,2025-06-17
"151","Semibalanus balanoides (Linnaeus, 1767)",2115784,NA,NA,NA,"HUMAN_OBSERVATION",NA,"100588520250278644","Maxillopoda",203,"Culdaff, Ireland, EUROPE","ExploreYourShore",NA,NA,"EUROPE",NA,100,"Ireland",263,"ExploreYourShore","17057301-35d8-4e33-b24f-13da5fe2d265",NA,NA,11,NA,NA,NA,NA,"County=Donegal;Type of sighting=Alive",254,"2023-09-11",NA,NA,NA,"Archaeobalanidae",5103,NA,NA,NA,NA,"Ireland","4466061575","EUROPE","Semibalanus","Semibalanus",2115783,"WGS84",NA,NA,"verified by contributor",NA,NA,NA,"d2b97690-bfd6-11de-b279-d52977ace833",NA,"Data has been captured using a grid reference system. Provided location represents cell’s centre point and uncertainty represents cell’s size",NA,NA,NA,NA,NA,NA,NA,NA,NA,NA,"115200186",NA,"99672740-f762-11e1-a439-00145eb45e9a","NBDC",NA,NA,FALSE,NA,"IE",FALSE,"NE",4466061575,"Animalia",1,NA,"2025-06-04T15:56:28.195+00:00","2025-06-04T15:56:58.016+00:00","2025-06-04T15:56:58.016+00:00",55.292466,"http://creativecommons.org/licenses/by/4.0/legalcode",NA,"Culdaff",NA,NA,-7.13265,NA,"2025-02-25T09:09:31.000+00:00",9,NA,NA,NA,"ie.nbdc.dataset.ExploreYourShore.100588520250278644",NA,"PRESENT","Sessilia",1426,NA,NA,NA,NA,NA,NA,NA,NA,"Arthropoda",54,NA,NA,NA,"DWC_ARCHIVE","EUROPE","IE","d2b97690-bfd6-11de-b279-d52977ace833","Carol Gilroy",NA,NA,NA,NA,"Semibalanus balanoides (Linnaeus, 1767)",NA,NA,"Semibalanus balanoides",2115784,"balanoides",254,NA,NA,2115784,"ACCEPTED","SPECIES","Occurrence",NA,NA,NA,NA,NA,"Acorn Barnacle",NA,NA,2023,2025-06-17
"152","Semibalanus balanoides (Linnaeus, 1767)",2115784,NA,NA,NA,"HUMAN_OBSERVATION",NA,"100588520250278724","Maxillopoda",203,"Skerries, Ireland, EUROPE","ExploreYourShore",NA,NA,"EUROPE",NA,100,"Ireland",263,"ExploreYourShore","17057301-35d8-4e33-b24f-13da5fe2d265",NA,NA,20,NA,NA,NA,NA,"County=Dublin;Type of sighting=Alive",263,"2023-09-20",NA,NA,NA,"Archaeobalanidae",5103,NA,NA,NA,NA,"Ireland","4466061853","EUROPE","Semibalanus","Semibalanus",2115783,"WGS84",NA,NA,"verified by contributor",NA,NA,NA,"d2b97690-bfd6-11de-b279-d52977ace833",NA,"Data has been captured using a grid reference system. Provided location represents cell’s centre point and uncertainty represents cell’s size",NA,NA,NA,NA,NA,NA,NA,NA,NA,NA,"115200266",NA,"99672740-f762-11e1-a439-00145eb45e9a","NBDC",NA,NA,FALSE,NA,"IE",FALSE,"NE",4466061853,"Animalia",1,NA,"2025-06-04T15:56:28.195+00:00","2025-06-04T15:56:57.981+00:00","2025-06-04T15:56:57.981+00:00",53.58668,"http://creativecommons.org/licenses/by/4.0/legalcode",NA,"Skerries",NA,NA,-6.130529,NA,"2025-02-25T09:09:31.000+00:00",9,NA,NA,NA,"ie.nbdc.dataset.ExploreYourShore.100588520250278724",NA,"PRESENT","Sessilia",1426,NA,NA,NA,NA,NA,NA,NA,NA,"Arthropoda",54,NA,NA,NA,"DWC_ARCHIVE","EUROPE","IE","d2b97690-bfd6-11de-b279-d52977ace833","Monika Mcdonnell",NA,NA,NA,NA,"Semibalanus balanoides (Linnaeus, 1767)",NA,NA,"Semibalanus balanoides",2115784,"balanoides",263,NA,NA,2115784,"ACCEPTED","SPECIES","Occurrence",NA,NA,NA,NA,NA,"Acorn Barnacle",NA,NA,2023,2025-06-17
"153","Semibalanus balanoides (Linnaeus, 1767)",2115784,NA,NA,NA,"HUMAN_OBSERVATION",NA,"100588520250278749","Maxillopoda",203,"Ballywalter, United Kingdom, EUROPE","ExploreYourShore",NA,NA,"EUROPE",NA,100,"United Kingdom",263,"ExploreYourShore","17057301-35d8-4e33-b24f-13da5fe2d265",NA,NA,21,NA,NA,NA,NA,"County=Down;Type of sighting=Alive",264,"2023-09-21",NA,NA,NA,"Archaeobalanidae",5103,NA,NA,NA,NA,"United Kingdom of Great Britain and Northern Ireland","4466062180","EUROPE","Semibalanus","Semibalanus",2115783,"WGS84",NA,NA,"verified by contributor",NA,NA,NA,"d2b97690-bfd6-11de-b279-d52977ace833",NA,"Data has been captured using a grid reference system. Provided location represents cell’s centre point and uncertainty represents cell’s size",NA,NA,NA,NA,NA,NA,NA,NA,NA,NA,"115200291",NA,"99672740-f762-11e1-a439-00145eb45e9a","NBDC",NA,NA,FALSE,NA,"GB",FALSE,"NE",4466062180,"Animalia",1,NA,"2025-06-04T15:56:28.195+00:00","2025-06-04T15:56:57.852+00:00","2025-06-04T15:56:57.852+00:00",54.530829,"http://creativecommons.org/licenses/by/4.0/legalcode",NA,"Ballywalter",NA,NA,-5.475805,NA,"2025-02-25T09:09:31.000+00:00",9,NA,NA,NA,"ie.nbdc.dataset.ExploreYourShore.100588520250278749",NA,"PRESENT","Sessilia",1426,NA,NA,NA,NA,NA,NA,NA,NA,"Arthropoda",54,NA,NA,NA,"DWC_ARCHIVE","EUROPE","IE","d2b97690-bfd6-11de-b279-d52977ace833","Sam Clawson",NA,NA,NA,NA,"Semibalanus balanoides (Linnaeus, 1767)",NA,NA,"Semibalanus balanoides",2115784,"balanoides",264,NA,NA,2115784,"ACCEPTED","SPECIES","Occurrence",NA,NA,NA,NA,NA,"Acorn Barnacle",NA,NA,2023,2025-06-17
"156","Semibalanus balanoides (Linnaeus, 1767)",2115784,"Scotland",NA,NA,"HUMAN_OBSERVATION",NA,"183257148","Maxillopoda",203,"United Kingdom, EUROPE","Observations",NA,NA,"EUROPE",NA,8,"United Kingdom",548,NA,"50c9509d-22c7-4a22-a47d-8c48425ef4a7","iNaturalist research-grade observations","2023-09-14T19:19:22",8,NA,NA,NA,NA,NA,251,"2023-09-08T19:09:47",NA,NA,"19:09:47+01:00","Archaeobalanidae",5103,NA,NA,NA,NA,"United Kingdom of Great Britain and Northern Ireland","4872584653","EUROPE","Semibalanus","Semibalanus",2115783,"WGS84",NA,NA,NA,NA,NA,NA,"28eb1a3f-1c15-4a95-931a-4af90ecb574d","wild",NA,NA,NA,NA,"entomo-logic",NA,"408117825",NA,NA,NA,"Tony Palmer","183257148",NA,"997448a8-f762-11e1-a439-00145eb45e9a","iNaturalist",NA,NA,FALSE,NA,"GB",FALSE,"NE",4872584653,"Animalia",1,NA,"2025-06-06T14:41:08.836+00:00","2025-06-07T00:40:05.473+00:00","2025-06-07T00:40:05.473+00:00",56.813137,"http://creativecommons.org/licenses/by-nc/4.0/legalcode",NA,NA,NA,NA,-5.120092,NA,"2025-04-24T12:29:24.000+00:00",9,NA,NA,NA,"https://www.inaturalist.org/observations/183257148",NA,"PRESENT","Sessilia",1426,NA,NA,NA,NA,NA,NA,NA,NA,"Arthropoda",54,NA,NA,NA,"DWC_ARCHIVE","NORTH_AMERICA","US","28eb1a3f-1c15-4a95-931a-4af90ecb574d","Tony Palmer",NA,"https://www.inaturalist.org/observations/183257148","Tony Palmer",NA,"Semibalanus balanoides (Linnaeus, 1767)",NA,NA,"Semibalanus balanoides",2115784,"balanoides",251,NA,"118832",2115784,"ACCEPTED","SPECIES",NA,NA,NA,"2023-09-08 19:09:47+01:00",NA,"Inner Seas off the West Coast of Scotland, Fort William, Scotland, GB",NA,NA,NA,2023,2025-06-17
"157","Semibalanus balanoides (Linnaeus, 1767)",2115784,"England",NA,NA,"HUMAN_OBSERVATION",NA,"185400180","Maxillopoda",203,"United Kingdom, EUROPE","Observations",NA,NA,"EUROPE",NA,3,"United Kingdom",548,NA,"50c9509d-22c7-4a22-a47d-8c48425ef4a7","iNaturalist research-grade observations","2023-09-29T10:50:34",29,NA,NA,NA,NA,NA,272,"2023-09-29T11:50",NA,NA,"11:50:00+01:00","Archaeobalanidae",5103,NA,NA,NA,NA,"United Kingdom of Great Britain and Northern Ireland","4420676662","EUROPE","Semibalanus","Semibalanus",2115783,"WGS84",NA,NA,NA,NA,NA,NA,"28eb1a3f-1c15-4a95-931a-4af90ecb574d","wild",NA,NA,NA,NA,"drmaward",NA,"412803765",NA,NA,NA,"drmaward","185400180",NA,"997448a8-f762-11e1-a439-00145eb45e9a","iNaturalist",NA,NA,FALSE,NA,"GB",FALSE,"NE",4420676662,"Animalia",1,NA,"2025-06-06T14:41:08.836+00:00","2025-06-07T01:11:35.105+00:00","2025-06-07T01:11:35.105+00:00",51.213122,"http://creativecommons.org/licenses/by-nc/4.0/legalcode",NA,NA,NA,NA,-3.456333,NA,"2024-10-13T08:43:56.000+00:00",9,NA,NA,NA,"https://www.inaturalist.org/observations/185400180",NA,"PRESENT","Sessilia",1426,NA,NA,NA,NA,NA,NA,NA,NA,"Arthropoda",54,NA,NA,NA,"DWC_ARCHIVE","EUROPE","GB","28eb1a3f-1c15-4a95-931a-4af90ecb574d","drmaward",NA,"https://www.inaturalist.org/observations/185400180","drmaward",NA,"Semibalanus balanoides (Linnaeus, 1767)",NA,NA,"Semibalanus balanoides",2115784,"balanoides",272,NA,"118832",2115784,"ACCEPTED","SPECIES",NA,NA,NA,"2023-09-29 11:50:00+01:00",NA,"Bristol Channel, West Somerset, England, GB",NA,NA,NA,2023,2025-06-17
"158","Semibalanus balanoides (Linnaeus, 1767)",2115784,"England",NA,NA,"HUMAN_OBSERVATION",NA,"185873186","Maxillopoda",203,"United Kingdom, EUROPE","Observations",NA,NA,"EUROPE",NA,4,"United Kingdom",548,NA,"50c9509d-22c7-4a22-a47d-8c48425ef4a7","iNaturalist research-grade observations","2023-10-02T07:37:47",30,NA,NA,NA,NA,NA,273,"2023-09-30T10:42",NA,NA,"10:42:00+01:00","Archaeobalanidae",5103,NA,NA,NA,NA,"United Kingdom of Great Britain and Northern Ireland","4420959900","EUROPE","Semibalanus","Semibalanus",2115783,"WGS84",NA,NA,NA,NA,NA,NA,"28eb1a3f-1c15-4a95-931a-4af90ecb574d","wild",NA,NA,NA,NA,"kitcathfrancis",NA,"413789671",NA,NA,NA,"CL Francis","185873186",NA,"997448a8-f762-11e1-a439-00145eb45e9a","iNaturalist",NA,NA,FALSE,NA,"GB",FALSE,"NE",4420959900,"Animalia",1,NA,"2025-06-06T14:41:08.836+00:00","2025-06-07T02:52:39.068+00:00","2025-06-07T02:52:39.068+00:00",50.322515,"http://creativecommons.org/licenses/by-nc/4.0/legalcode",NA,NA,NA,NA,-5.200742,NA,"2023-10-02T09:21:34.000+00:00",9,NA,NA,NA,"https://www.inaturalist.org/observations/185873186",NA,"PRESENT","Sessilia",1426,NA,NA,NA,NA,NA,NA,NA,NA,"Arthropoda",54,NA,NA,NA,"DWC_ARCHIVE","EUROPE","GB","28eb1a3f-1c15-4a95-931a-4af90ecb574d","CL Francis",NA,"https://www.inaturalist.org/observations/185873186","CL Francis",NA,"Semibalanus balanoides (Linnaeus, 1767)",NA,NA,"Semibalanus balanoides",2115784,"balanoides",273,NA,"118832",2115784,"ACCEPTED","SPECIES",NA,NA,NA,"2023/09/30 10:42 AM",NA,"Trevaunance Cove, St Agnes,Cornwall, UK",NA,NA,NA,2023,2025-06-17
"159","Semibalanus balanoides (Linnaeus, 1767)",2115784,"England",NA,NA,"HUMAN_OBSERVATION",NA,NA,"Maxillopoda",203,"Gylly Extreme South, United Kingdom, EUROPE","The Rockpool Project | Imported records",NA,NA,"EUROPE",NA,50,"United Kingdom",367,NA,"97d01261-0027-4e89-a0d2-4a7d700f5fdb",NA,NA,19,NA,NA,NA,NA,NA,262,"2023-09-19","24664495",NA,NA,"Archaeobalanidae",5103,NA,NA,NA,NA,"United Kingdom of Great Britain and Northern Ireland","4596004148","EUROPE","Semibalanus","Semibalanus",2115783,"WGS84",NA,NA,NA,NA,NA,NA,"07f617d0-c688-11d8-bf62-b8a03c50a862",NA,NA,NA,"https://creativecommons.org/licenses/by/4.0/legalcode",NA,NA,"Marine Biological Association, and Biological Records Centre",NA,NA,NA,"Accepted",NA,"491c101d-4ebb-4bf8-b844-4d0527f73d2a",NA,"99552c70-f762-11e1-a439-00145eb45e9a",NA,NA,NA,FALSE,NA,"GB",FALSE,"NE",4596004148,"Animalia",1,NA,"2025-06-12T23:10:37.497+00:00","2025-06-12T23:11:15.405+00:00","2025-06-12T23:11:15.405+00:00",50.141977,"http://creativecommons.org/licenses/by/4.0/legalcode",NA,"Gylly Extreme South",NA,NA,-5.069311,NA,NA,9,NA,NA,NA,"34399440",NA,"PRESENT","Sessilia",1426,NA,NA,NA,NA,NA,NA,NA,NA,"Arthropoda",54,NA,NA,NA,"DWC_ARCHIVE","EUROPE","GB","f6b48504-1651-4a49-a88d-c2bc6178694d","Holt, B. Ben|Jen",NA,NA,NA,NA,"Semibalanus balanoides (Linnaeus, 1767)",NA,NA,"Semibalanus balanoides",2115784,"balanoides",262,"NBNSYS0000042568","NBNSYS0000042568",2115784,"ACCEPTED","SPECIES",NA,NA,NA,NA,NA,NA,"Acorn Barnacle",NA,NA,2023,2025-06-17
"160","Semibalanus balanoides (Linnaeus, 1767)",2115784,NA,NA,NA,"HUMAN_OBSERVATION",NA,"1144537281","Maxillopoda",203,"Strand - Vauville - Frankreich - Cotentin, France, EUROPE","NABU|naturgucker",NA,NA,"EUROPE",NA,250,"France",380,NA,"6ac3f774-d9fb-4796-b3e9-92bf6c81c084",NA,NA,27,NA,NA,NA,NA,NA,270,"2023-09-27T00:00",NA,NA,NA,"Archaeobalanidae",5103,NA,NA,NA,NA,"France","5021691366","EUROPE","Semibalanus","Semibalanus",2115783,"WGS84",NA,NA,NA,NA,NA,NA,"bb646dff-a905-4403-a49b-6d378c2cf0d9",NA,NA,NA,NA,NA,NA,NA,NA,NA,NA,NA,NA,NA,NA,"36cae45c-1983-48be-9cf9-0672c4a60612","NABU|naturgucker",NA,NA,FALSE,NA,"FR",FALSE,"NE",5021691366,"Animalia",1,NA,"2025-06-10T21:14:25.213+00:00","2025-06-10T22:11:50.954+00:00","2025-06-10T22:11:50.954+00:00",49.63707,"http://creativecommons.org/licenses/by/4.0/legalcode",NA,"Strand - Vauville - Frankreich - Cotentin",NA,NA,-1.85209,NA,NA,9,NA,NA,NA,NA,NA,"PRESENT","Sessilia",1426,NA,NA,NA,NA,NA,NA,NA,NA,"Arthropoda",54,NA,NA,NA,"BIOCASE","EUROPE","DE","bb646dff-a905-4403-a49b-6d378c2cf0d9","-110105231",NA,"https://enjoynature.net/?gebiet=576751963&datum=27.09.23&art=-322391239",NA,NA,"Semibalanus balanoides (Linnaeus, 1767)",NA,NA,"Semibalanus balanoides",2115784,"balanoides",270,NA,NA,2115784,"ACCEPTED","SPECIES",NA,NA,NA,NA,NA,NA,NA,NA,NA,2023,2025-06-17
"161","Semibalanus balanoides (Linnaeus, 1767)",2115784,NA,NA,NA,"HUMAN_OBSERVATION",NA,"741635263","Maxillopoda",203,"Le Fort de la Hougue, France, EUROPE","NABU|naturgucker",NA,NA,"EUROPE",NA,250,"France",380,NA,"6ac3f774-d9fb-4796-b3e9-92bf6c81c084",NA,NA,25,NA,NA,NA,NA,NA,268,"2023-09-25T00:00",NA,NA,NA,"Archaeobalanidae",5103,NA,NA,NA,NA,"France","5026099862","EUROPE","Semibalanus","Semibalanus",2115783,"WGS84",NA,NA,NA,NA,NA,NA,"bb646dff-a905-4403-a49b-6d378c2cf0d9",NA,NA,NA,NA,NA,NA,NA,NA,NA,NA,NA,NA,NA,NA,"36cae45c-1983-48be-9cf9-0672c4a60612","NABU|naturgucker",NA,NA,FALSE,NA,"FR",FALSE,"NE",5026099862,"Animalia",1,NA,"2025-06-10T21:14:25.213+00:00","2025-06-10T22:08:03.769+00:00","2025-06-10T22:08:03.769+00:00",49.575638,"http://creativecommons.org/licenses/by/4.0/legalcode",NA,"Le Fort de la Hougue",NA,NA,-1.273917,NA,NA,9,NA,NA,NA,NA,NA,"PRESENT","Sessilia",1426,NA,NA,NA,NA,NA,NA,NA,NA,"Arthropoda",54,NA,NA,NA,"BIOCASE","EUROPE","DE","bb646dff-a905-4403-a49b-6d378c2cf0d9","-110105231",NA,"https://enjoynature.net/?gebiet=-357160216&datum=25.09.23&art=-322391239",NA,NA,"Semibalanus balanoides (Linnaeus, 1767)",NA,NA,"Semibalanus balanoides",2115784,"balanoides",268,NA,NA,2115784,"ACCEPTED","SPECIES",NA,NA,NA,NA,NA,NA,NA,NA,NA,2023,2025-06-17
"162","Semibalanus balanoides (Linnaeus, 1767)",2115784,"England",NA,NA,"HUMAN_OBSERVATION",NA,"189482336","Maxillopoda",203,"United Kingdom, EUROPE","Observations",NA,NA,"EUROPE",NA,3,"United Kingdom",548,NA,"50c9509d-22c7-4a22-a47d-8c48425ef4a7","iNaturalist research-grade observations","2023-10-30T16:41:28",26,NA,NA,NA,NA,NA,299,"2023-10-26T14:49:06",NA,NA,"14:49:06+01:00","Archaeobalanidae",5103,NA,NA,NA,NA,"United Kingdom of Great Britain and Northern Ireland","4436327464","EUROPE","Semibalanus","Semibalanus",2115783,"WGS84",NA,NA,NA,NA,NA,NA,"28eb1a3f-1c15-4a95-931a-4af90ecb574d","wild",NA,NA,NA,NA,"erdonmezon",NA,"422714243",NA,NA,NA,"erdonmezon","189482336",NA,"997448a8-f762-11e1-a439-00145eb45e9a","iNaturalist",NA,NA,FALSE,NA,"GB",FALSE,"NE",4436327464,"Animalia",1,NA,"2025-06-06T14:41:08.836+00:00","2025-06-07T00:56:14.547+00:00","2025-06-07T00:56:14.547+00:00",51.13349,"http://creativecommons.org/licenses/by-nc/4.0/legalcode",NA,NA,NA,NA,1.350169,NA,"2023-10-30T20:04:04.000+00:00",10,NA,NA,NA,"https://www.inaturalist.org/observations/189482336",NA,"PRESENT","Sessilia",1426,NA,NA,NA,NA,NA,NA,NA,NA,"Arthropoda",54,NA,NA,NA,"DWC_ARCHIVE","NORTH_AMERICA","US","28eb1a3f-1c15-4a95-931a-4af90ecb574d","erdonmezon",NA,"https://www.inaturalist.org/observations/189482336","erdonmezon",NA,"Semibalanus balanoides (Linnaeus, 1767)",NA,NA,"Semibalanus balanoides",2115784,"balanoides",299,NA,"118832",2115784,"ACCEPTED","SPECIES",NA,NA,NA,"2023-10-26 14:49:06",NA,"St Margaret's at Cliffe, Dover CT15 6HY, Egyesült Királyság",NA,NA,NA,2023,2025-06-17
"163","Semibalanus balanoides (Linnaeus, 1767)",2115784,NA,NA,NA,"HUMAN_OBSERVATION",NA,"100588520250455870","Maxillopoda",203,"Skerries, Ireland, EUROPE","ExploreYourShore",NA,NA,"EUROPE",NA,100,"Ireland",263,"ExploreYourShore","17057301-35d8-4e33-b24f-13da5fe2d265",NA,NA,6,NA,NA,NA,NA,"County=Dublin",310,"2023-11-06",NA,NA,NA,"Archaeobalanidae",5103,NA,NA,NA,NA,"Ireland","4509680595","EUROPE","Semibalanus","Semibalanus",2115783,"WGS84",NA,NA,"verified by contributor",NA,NA,NA,"d2b97690-bfd6-11de-b279-d52977ace833",NA,"Data has been captured using a grid reference system. Provided location represents cell’s centre point and uncertainty represents cell’s size",NA,NA,NA,NA,NA,NA,NA,NA,NA,NA,"115200767",NA,"99672740-f762-11e1-a439-00145eb45e9a","NBDC",NA,NA,FALSE,NA,"IE",FALSE,"NE",4509680595,"Animalia",1,NA,"2025-06-04T15:56:28.195+00:00","2025-06-04T15:56:58.341+00:00","2025-06-04T15:56:58.341+00:00",53.58479,"http://creativecommons.org/licenses/by/4.0/legalcode",NA,"Skerries",NA,NA,-6.124572,NA,"2025-02-25T09:09:31.000+00:00",11,NA,NA,NA,"ie.nbdc.dataset.ExploreYourShore.100588520250455870",NA,"PRESENT","Sessilia",1426,NA,NA,NA,NA,NA,NA,NA,NA,"Arthropoda",54,NA,NA,NA,"DWC_ARCHIVE","EUROPE","IE","d2b97690-bfd6-11de-b279-d52977ace833","Monika Mcdonnell",NA,NA,NA,NA,"Semibalanus balanoides (Linnaeus, 1767)",NA,NA,"Semibalanus balanoides",2115784,"balanoides",310,NA,NA,2115784,"ACCEPTED","SPECIES","Occurrence",NA,NA,NA,NA,NA,"Acorn Barnacle",NA,NA,2023,2025-06-17
"164","Semibalanus balanoides (Linnaeus, 1767)",2115784,"Northern Ireland",NA,NA,"HUMAN_OBSERVATION",NA,NA,"Maxillopoda",203,"Carravinally, Rathlin Island, United Kingdom, EUROPE","iRecord | General data",NA,NA,"EUROPE",NA,70.7,"United Kingdom",367,NA,"97d01261-0027-4e89-a0d2-4a7d700f5fdb",NA,NA,26,NA,NA,NA,NA,NA,360,"2023-12-26","24640340","Several on plastic bucket lid on strandline.",NA,"Archaeobalanidae",5103,NA,NA,NA,"POLYGON((-6.20078 55.27375,-6.20078 55.27463,-6.19916 55.27463,-6.19916 55.27375,-6.20078 55.27375))","United Kingdom of Great Britain and Northern Ireland","5151927309","EUROPE","Semibalanus","Semibalanus",2115783,"WGS84",NA,NA,NA,NA,NA,NA,"07f617d0-c688-11d8-bf62-b8a03c50a862",NA,NA,NA,"https://creativecommons.org/licenses/by/4.0/legalcode",NA,NA,"Marine Biological Association, and Biological Records Centre",NA,NA,NA,"Accepted - correct",NA,"10b43446-1009-4386-a525-c240b782cdf0",NA,"99552c70-f762-11e1-a439-00145eb45e9a",NA,NA,NA,FALSE,NA,"GB",FALSE,"NE",5151927309,"Animalia",1,NA,"2025-06-12T23:10:37.497+00:00","2025-06-12T23:11:23.131+00:00","2025-06-12T23:11:23.131+00:00",55.274188,"http://creativecommons.org/licenses/by/4.0/legalcode","Adult","Carravinally, Rathlin Island",NA,NA,-6.199969,NA,NA,12,NA,NA,NA,"34345531",NA,"PRESENT","Sessilia",1426,NA,NA,NA,NA,NA,NA,NA,NA,"Arthropoda",54,NA,NA,NA,"DWC_ARCHIVE","EUROPE","GB","f6b48504-1651-4a49-a88d-c2bc6178694d","Else, R. Ric",NA,NA,NA,NA,"Semibalanus balanoides (Linnaeus, 1767)",NA,"Indeterminate","Semibalanus balanoides",2115784,"balanoides",360,"NBNSYS0000042568","NBNSYS0000042568",2115784,"ACCEPTED","SPECIES",NA,NA,NA,NA,NA,NA,"Acorn Barnacle",NA,NA,2023,2025-06-17
"165","Semibalanus balanoides (Linnaeus, 1767)",2115784,NA,NA,NA,"HUMAN_OBSERVATION",NA,"100761119785767022","Maxillopoda",203,"Ballinesker Beach, Curracloe, Ireland, EUROPE","ExploreYourShore",NA,NA,"EUROPE",NA,100,"Ireland",263,"ExploreYourShore","17057301-35d8-4e33-b24f-13da5fe2d265",NA,NA,15,NA,NA,NA,NA,"County=Wexford;Abundance=5;Type of sighting=Dead/Stranded",349,"2023-12-15",NA,NA,NA,"Archaeobalanidae",5103,NA,NA,NA,NA,"Ireland","4601904422","EUROPE","Semibalanus","Semibalanus",2115783,"WGS84",NA,NA,"verified by contributor",NA,NA,NA,"d2b97690-bfd6-11de-b279-d52977ace833",NA,"Data has been captured using a grid reference system. Provided location represents cell’s centre point and uncertainty represents cell’s size",NA,NA,NA,NA,NA,NA,NA,NA,NA,NA,"115201629",NA,"99672740-f762-11e1-a439-00145eb45e9a","NBDC",NA,NA,FALSE,NA,"IE",FALSE,"NE",4601904422,"Animalia",1,NA,"2025-06-04T15:56:28.195+00:00","2025-06-04T15:56:52.450+00:00","2025-06-04T15:56:52.450+00:00",52.405563,"http://creativecommons.org/licenses/by/4.0/legalcode",NA,"Ballinesker Beach, Curracloe",NA,NA,-6.355753,NA,"2025-02-25T09:09:31.000+00:00",12,NA,NA,NA,"ie.nbdc.dataset.ExploreYourShore.100761119785767022",NA,"PRESENT","Sessilia",1426,NA,NA,NA,NA,NA,NA,NA,NA,"Arthropoda",54,NA,NA,NA,"DWC_ARCHIVE","EUROPE","IE","d2b97690-bfd6-11de-b279-d52977ace833","Jonathan Derham",NA,NA,NA,NA,"Semibalanus balanoides (Linnaeus, 1767)",NA,NA,"Semibalanus balanoides",2115784,"balanoides",349,NA,NA,2115784,"ACCEPTED","SPECIES","Occurrence",NA,NA,NA,NA,NA,"Acorn Barnacle",NA,NA,2023,2025-06-17
"166","Semibalanus balanoides (Linnaeus, 1767)",2115784,"England",NA,NA,"HUMAN_OBSERVATION",NA,"192816724","Maxillopoda",203,"United Kingdom, EUROPE","Observations",NA,NA,"EUROPE",NA,6,"United Kingdom",548,NA,"50c9509d-22c7-4a22-a47d-8c48425ef4a7","iNaturalist research-grade observations","2023-12-02T16:04:25",2,NA,NA,NA,NA,NA,336,"2023-12-02T13:56Z",NA,NA,"13:56:00+00:00","Archaeobalanidae",5103,NA,NA,NA,NA,"United Kingdom of Great Britain and Northern Ireland","4458460547","EUROPE","Semibalanus","Semibalanus",2115783,"WGS84",NA,NA,NA,NA,NA,NA,"28eb1a3f-1c15-4a95-931a-4af90ecb574d","wild",NA,NA,NA,NA,"jackrpp",NA,"431695113",NA,NA,NA,"jackrpp","192816724",NA,"997448a8-f762-11e1-a439-00145eb45e9a","iNaturalist",NA,NA,FALSE,NA,"GB",FALSE,"NE",4458460547,"Animalia",1,NA,"2025-06-06T14:41:08.836+00:00","2025-06-07T03:25:43.974+00:00","2025-06-07T03:25:43.974+00:00",50.356745,"http://creativecommons.org/licenses/by-nc/4.0/legalcode",NA,NA,NA,NA,-4.126487,NA,"2023-12-05T22:29:56.000+00:00",12,NA,NA,NA,"https://www.inaturalist.org/observations/192816724",NA,"PRESENT","Sessilia",1426,NA,NA,NA,NA,NA,NA,NA,NA,"Arthropoda",54,NA,NA,NA,"DWC_ARCHIVE","NORTH_AMERICA","US","28eb1a3f-1c15-4a95-931a-4af90ecb574d","jackrpp",NA,"https://www.inaturalist.org/observations/192816724","jackrpp",NA,"Semibalanus balanoides (Linnaeus, 1767)",NA,NA,"Semibalanus balanoides",2115784,"balanoides",336,NA,"118832",2115784,"ACCEPTED","SPECIES",NA,NA,NA,"2023-12-02 13:56:00",NA,"Mount Batten Water Sports Centre, Mount Batten, Plymouth PL9 9XH, UK",NA,NA,NA,2023,2025-06-17
"167","Semibalanus balanoides (Linnaeus, 1767)",2115784,"Scotland",NA,NA,"HUMAN_OBSERVATION",NA,NA,"Maxillopoda",203,"Holy Loch Nature Reserve, United Kingdom, EUROPE",NA,NA,NA,"EUROPE",NA,70.7,"United Kingdom",27,NA,"d5b71529-6cdd-4aea-96e4-7b0660dc7e3d",NA,NA,NA,NA,NA,NA,NA,NA,NA,"2023",NA,NA,NA,"Archaeobalanidae",5103,NA,NA,NA,"POLYGON((-4.96135 55.99353,-4.96135 55.99447,-4.95982 55.99447,-4.95982 55.99353,-4.96135 55.99353))","United Kingdom of Great Britain and Northern Ireland","5104888519","EUROPE","Semibalanus","Semibalanus",2115783,"WGS84",NA,NA,NA,NA,NA,NA,"07f617d0-c688-11d8-bf62-b8a03c50a862",NA,NA,NA,"https://creativecommons.org/licenses/by-nc/4.0/legalcode",NA,NA,"Sandbank Community Development Trust",NA,NA,NA,"Accepted - considered correct","Neil Hammatt","ae101195-cf8e-4bda-812f-6d9a75408344",NA,"99552c70-f762-11e1-a439-00145eb45e9a","HLNR",NA,NA,FALSE,NA,"GB",FALSE,"NE",5104888519,"Animalia",1,NA,"2025-06-14T03:30:19.325+00:00","2025-06-14T03:31:17.419+00:00","2025-06-14T03:31:17.419+00:00",55.993999,"http://creativecommons.org/licenses/by-nc/4.0/legalcode",NA,"Holy Loch Nature Reserve",NA,NA,-4.960584,NA,NA,NA,NA,NA,NA,"HLNR20250012",NA,"PRESENT","Sessilia",1426,NA,NA,NA,NA,NA,NA,NA,NA,"Arthropoda",54,NA,NA,NA,"DWC_ARCHIVE","EUROPE","GB","449af338-36e1-49c1-a825-455b6acc20bd","Hammatt, N. Neil",NA,NA,NA,NA,"Semibalanus balanoides (Linnaeus, 1767)",NA,NA,"Semibalanus balanoides",2115784,"balanoides",NA,"NBNSYS0000042568","NBNSYS0000042568",2115784,"ACCEPTED","SPECIES",NA,NA,NA,NA,NA,NA,"Acorn Barnacle",NA,NA,2023,2025-06-17
"168","Semibalanus balanoides (Linnaeus, 1767)",2115784,"Northern Ireland",NA,NA,"HUMAN_OBSERVATION",NA,"104760708","Maxillopoda",203,"United Kingdom, EUROPE","Observations",NA,NA,"EUROPE",NA,NA,"United Kingdom",548,NA,"50c9509d-22c7-4a22-a47d-8c48425ef4a7","iNaturalist research-grade observations","2022-01-11T14:37:45",11,NA,NA,NA,NA,NA,11,"2022-01-11T12:07:49Z",NA,NA,"12:07:49+00:00","Archaeobalanidae",5103,NA,NA,NA,NA,"United Kingdom of Great Britain and Northern Ireland","3457193632","EUROPE","Semibalanus","Semibalanus",2115783,"WGS84",NA,NA,NA,NA,NA,NA,"28eb1a3f-1c15-4a95-931a-4af90ecb574d","wild",NA,NA,NA,NA,"patricktaggart",NA,"230965467",NA,NA,NA,"Patrick Taggart","104760708",NA,"997448a8-f762-11e1-a439-00145eb45e9a","iNaturalist",NA,NA,TRUE,NA,"GB",FALSE,"NE",3457193632,"Animalia",1,NA,"2025-06-06T14:41:08.836+00:00","2025-06-07T02:38:23.974+00:00","2025-06-07T02:38:23.974+00:00",54.675263,"http://creativecommons.org/licenses/by-nc/4.0/legalcode",NA,NA,NA,NA,-5.738862,NA,"2022-01-11T15:37:52.000+00:00",1,NA,NA,NA,"https://www.inaturalist.org/observations/104760708",NA,"PRESENT","Sessilia",1426,NA,NA,NA,NA,NA,NA,NA,NA,"Arthropoda",54,NA,NA,NA,"DWC_ARCHIVE","EUROPE","GB","28eb1a3f-1c15-4a95-931a-4af90ecb574d","Patrick Taggart",NA,"https://www.inaturalist.org/observations/104760708","Patrick Taggart",NA,"Semibalanus balanoides (Linnaeus, 1767)",NA,NA,"Semibalanus balanoides",2115784,"balanoides",11,NA,"118832",2115784,"ACCEPTED","SPECIES",NA,NA,NA,"2022-01-11 12:07:49",NA,"Helen's Bay, Bangor BT19, UK",NA,NA,NA,2022,2025-06-17
"169","Semibalanus balanoides (Linnaeus, 1767)",2115784,"Northern Ireland",NA,NA,"HUMAN_OBSERVATION",NA,"105439158","Maxillopoda",203,"United Kingdom, EUROPE","Observations",NA,NA,"EUROPE",NA,96,"United Kingdom",548,NA,"50c9509d-22c7-4a22-a47d-8c48425ef4a7","iNaturalist research-grade observations","2022-01-23T17:00:28",23,NA,NA,NA,NA,NA,23,"2022-01-23T10:49Z",NA,NA,"10:49:00+00:00","Archaeobalanidae",5103,NA,NA,NA,NA,"United Kingdom of Great Britain and Northern Ireland","3465948252","EUROPE","Semibalanus","Semibalanus",2115783,"WGS84",NA,NA,NA,NA,NA,NA,"28eb1a3f-1c15-4a95-931a-4af90ecb574d","wild",NA,NA,NA,NA,"kate__mooney",NA,"233116475",NA,NA,NA,"Kate Mooney","105439158",NA,"997448a8-f762-11e1-a439-00145eb45e9a","iNaturalist",NA,NA,FALSE,NA,"GB",FALSE,"NE",3465948252,"Animalia",1,NA,"2025-06-06T14:41:08.836+00:00","2025-06-07T00:40:23.558+00:00","2025-06-07T00:40:23.558+00:00",54.392602,"http://creativecommons.org/licenses/by-nc/4.0/legalcode",NA,NA,NA,NA,-5.575633,NA,"2022-02-15T14:27:57.000+00:00",1,NA,NA,NA,"https://www.inaturalist.org/observations/105439158",NA,"PRESENT","Sessilia",1426,NA,NA,NA,NA,NA,NA,NA,NA,"Arthropoda",54,NA,NA,NA,"DWC_ARCHIVE","NORTH_AMERICA","US","28eb1a3f-1c15-4a95-931a-4af90ecb574d","Kate Mooney",NA,"https://www.inaturalist.org/observations/105439158","Kate Mooney",NA,"Semibalanus balanoides (Linnaeus, 1767)",NA,NA,"Semibalanus balanoides",2115784,"balanoides",23,NA,"118832",2115784,"ACCEPTED","SPECIES",NA,NA,NA,"2022/01/23 10:49 AM GMT",NA,"Portaferry, Newtownards, UK",NA,NA,NA,2022,2025-06-17
"170","Semibalanus balanoides (Linnaeus, 1767)",2115784,NA,NA,NA,"HUMAN_OBSERVATION",NA,"99928969553392622","Maxillopoda",203,"Whitechurch, United Kingdom, EUROPE","ExploreYourShore",NA,NA,"EUROPE",NA,100,"United Kingdom",263,"ExploreYourShore","17057301-35d8-4e33-b24f-13da5fe2d265",NA,NA,16,NA,NA,NA,NA,"County=Down",16,"2022-01-16",NA,NA,NA,"Archaeobalanidae",5103,NA,NA,NA,NA,"United Kingdom of Great Britain and Northern Ireland","4466047051","EUROPE","Semibalanus","Semibalanus",2115783,"WGS84",NA,NA,"verified by contributor",NA,NA,NA,"d2b97690-bfd6-11de-b279-d52977ace833",NA,"Data has been captured using a grid reference system. Provided location represents cell’s centre point and uncertainty represents cell’s size",NA,NA,NA,NA,NA,NA,NA,NA,NA,NA,"115191165",NA,"99672740-f762-11e1-a439-00145eb45e9a","NBDC",NA,NA,FALSE,NA,"GB",FALSE,"NE",4466047051,"Animalia",1,NA,"2025-06-04T15:56:28.195+00:00","2025-06-04T15:56:52.253+00:00","2025-06-04T15:56:52.253+00:00",54.556951,"http://creativecommons.org/licenses/by/4.0/legalcode",NA,"Whitechurch",NA,NA,-5.478829,NA,"2025-02-25T09:09:31.000+00:00",1,NA,NA,NA,"ie.nbdc.dataset.ExploreYourShore.99928969553392622",NA,"PRESENT","Sessilia",1426,NA,NA,NA,NA,NA,NA,NA,NA,"Arthropoda",54,NA,NA,NA,"DWC_ARCHIVE","EUROPE","IE","d2b97690-bfd6-11de-b279-d52977ace833","Sam Clawson",NA,NA,NA,NA,"Semibalanus balanoides (Linnaeus, 1767)",NA,NA,"Semibalanus balanoides",2115784,"balanoides",16,NA,NA,2115784,"ACCEPTED","SPECIES","Occurrence",NA,NA,NA,NA,NA,"Acorn Barnacle",NA,NA,2022,2025-06-17
"172","Semibalanus balanoides (Linnaeus, 1767)",2115784,"Northern Ireland",NA,NA,"HUMAN_OBSERVATION",NA,"106394226","Maxillopoda",203,"United Kingdom, EUROPE","Observations",NA,NA,"EUROPE",NA,NA,"United Kingdom",548,NA,"50c9509d-22c7-4a22-a47d-8c48425ef4a7","iNaturalist research-grade observations","2022-02-08T20:14:26",8,NA,NA,NA,NA,NA,39,"2022-02-08T09:59:07Z",NA,NA,"09:59:07+00:00","Archaeobalanidae",5103,NA,NA,NA,NA,"United Kingdom of Great Britain and Northern Ireland","3499589442","EUROPE","Semibalanus","Semibalanus",2115783,"WGS84",NA,NA,NA,NA,NA,NA,"28eb1a3f-1c15-4a95-931a-4af90ecb574d","wild",NA,NA,NA,NA,"patricktaggart",NA,"236039917",NA,NA,NA,"Patrick Taggart","106394226",NA,"997448a8-f762-11e1-a439-00145eb45e9a","iNaturalist",NA,NA,FALSE,NA,"GB",FALSE,"NE",3499589442,"Animalia",1,NA,"2025-06-06T14:41:08.836+00:00","2025-06-07T02:36:18.966+00:00","2025-06-07T02:36:18.966+00:00",54.675205,"http://creativecommons.org/licenses/by-nc/4.0/legalcode",NA,NA,NA,NA,-5.73876,NA,"2022-02-20T17:41:01.000+00:00",2,NA,NA,NA,"https://www.inaturalist.org/observations/106394226",NA,"PRESENT","Sessilia",1426,NA,NA,NA,NA,NA,NA,NA,NA,"Arthropoda",54,NA,NA,NA,"DWC_ARCHIVE","EUROPE","GB","28eb1a3f-1c15-4a95-931a-4af90ecb574d","Patrick Taggart",NA,"https://www.inaturalist.org/observations/106394226","Patrick Taggart",NA,"Semibalanus balanoides (Linnaeus, 1767)",NA,NA,"Semibalanus balanoides",2115784,"balanoides",39,NA,"118832",2115784,"ACCEPTED","SPECIES",NA,NA,NA,"2022-02-08 09:59:07",NA,"Helen's Bay, Bangor BT19, UK",NA,NA,NA,2022,2025-06-17
"173","Semibalanus balanoides (Linnaeus, 1767)",2115784,NA,NA,NA,"HUMAN_OBSERVATION",NA,"99928969553389952","Maxillopoda",203,"Ballygally, United Kingdom, EUROPE","ExploreYourShore",NA,NA,"EUROPE",NA,100,"United Kingdom",263,"ExploreYourShore","17057301-35d8-4e33-b24f-13da5fe2d265",NA,NA,12,NA,NA,NA,NA,"County=Antrim",43,"2022-02-12",NA,NA,NA,"Archaeobalanidae",5103,NA,NA,NA,NA,"United Kingdom of Great Britain and Northern Ireland","4466046834","EUROPE","Semibalanus","Semibalanus",2115783,"WGS84",NA,NA,"verified by contributor",NA,NA,NA,"d2b97690-bfd6-11de-b279-d52977ace833",NA,"Data has been captured using a grid reference system. Provided location represents cell’s centre point and uncertainty represents cell’s size",NA,NA,NA,NA,NA,NA,NA,NA,NA,NA,"115191429",NA,"99672740-f762-11e1-a439-00145eb45e9a","NBDC",NA,NA,FALSE,NA,"GB",FALSE,"NE",4466046834,"Animalia",1,NA,"2025-06-04T15:56:28.195+00:00","2025-06-04T15:56:51.815+00:00","2025-06-04T15:56:51.815+00:00",54.900757,"http://creativecommons.org/licenses/by/4.0/legalcode",NA,"Ballygally",NA,NA,-5.863041,NA,"2025-02-25T09:09:31.000+00:00",2,NA,NA,NA,"ie.nbdc.dataset.ExploreYourShore.99928969553389952",NA,"PRESENT","Sessilia",1426,NA,NA,NA,NA,NA,NA,NA,NA,"Arthropoda",54,NA,NA,NA,"DWC_ARCHIVE","EUROPE","IE","d2b97690-bfd6-11de-b279-d52977ace833","David Craig",NA,NA,NA,NA,"Semibalanus balanoides (Linnaeus, 1767)",NA,NA,"Semibalanus balanoides",2115784,"balanoides",43,NA,NA,2115784,"ACCEPTED","SPECIES","Occurrence",NA,NA,NA,NA,NA,"Acorn Barnacle",NA,NA,2022,2025-06-17
"174","Semibalanus balanoides (Linnaeus, 1767)",2115784,NA,NA,NA,"HUMAN_OBSERVATION",NA,"99928969553391158","Maxillopoda",203,"Glenarm, United Kingdom, EUROPE","ExploreYourShore",NA,NA,"EUROPE",NA,100,"United Kingdom",263,"ExploreYourShore","17057301-35d8-4e33-b24f-13da5fe2d265",NA,NA,7,NA,NA,NA,NA,"County=Antrim",38,"2022-02-07",NA,NA,NA,"Archaeobalanidae",5103,NA,NA,NA,NA,"United Kingdom of Great Britain and Northern Ireland","4466046532","EUROPE","Semibalanus","Semibalanus",2115783,"WGS84",NA,NA,"verified by contributor",NA,NA,NA,"d2b97690-bfd6-11de-b279-d52977ace833",NA,"Data has been captured using a grid reference system. Provided location represents cell’s centre point and uncertainty represents cell’s size",NA,NA,NA,NA,NA,NA,NA,NA,NA,NA,"115191444",NA,"99672740-f762-11e1-a439-00145eb45e9a","NBDC",NA,NA,FALSE,NA,"GB",FALSE,"NE",4466046532,"Animalia",1,NA,"2025-06-04T15:56:28.195+00:00","2025-06-04T15:56:51.822+00:00","2025-06-04T15:56:51.822+00:00",54.969708,"http://creativecommons.org/licenses/by/4.0/legalcode",NA,"Glenarm",NA,NA,-5.953689,NA,"2025-02-25T09:09:31.000+00:00",2,NA,NA,NA,"ie.nbdc.dataset.ExploreYourShore.99928969553391158",NA,"PRESENT","Sessilia",1426,NA,NA,NA,NA,NA,NA,NA,NA,"Arthropoda",54,NA,NA,NA,"DWC_ARCHIVE","EUROPE","IE","d2b97690-bfd6-11de-b279-d52977ace833","David Craig",NA,NA,NA,NA,"Semibalanus balanoides (Linnaeus, 1767)",NA,NA,"Semibalanus balanoides",2115784,"balanoides",38,NA,NA,2115784,"ACCEPTED","SPECIES","Occurrence",NA,NA,NA,NA,NA,"Acorn Barnacle",NA,NA,2022,2025-06-17
"175","Semibalanus balanoides (Linnaeus, 1767)",2115784,NA,NA,NA,"HUMAN_OBSERVATION",NA,"99928969553390306","Maxillopoda",203,"Browns Bay, United Kingdom, EUROPE","ExploreYourShore",NA,NA,"EUROPE",NA,100,"United Kingdom",263,"ExploreYourShore","17057301-35d8-4e33-b24f-13da5fe2d265",NA,NA,8,NA,NA,NA,NA,"County=Antrim",39,"2022-02-08",NA,NA,NA,"Archaeobalanidae",5103,NA,NA,NA,NA,"United Kingdom of Great Britain and Northern Ireland","4466062712","EUROPE","Semibalanus","Semibalanus",2115783,"WGS84",NA,NA,"verified by contributor",NA,NA,NA,"d2b97690-bfd6-11de-b279-d52977ace833",NA,"Data has been captured using a grid reference system. Provided location represents cell’s centre point and uncertainty represents cell’s size",NA,NA,NA,NA,NA,NA,NA,NA,NA,NA,"115191475",NA,"99672740-f762-11e1-a439-00145eb45e9a","NBDC",NA,NA,FALSE,NA,"GB",FALSE,"NE",4466062712,"Animalia",1,NA,"2025-06-04T15:56:28.195+00:00","2025-06-04T15:56:51.795+00:00","2025-06-04T15:56:51.795+00:00",54.852035,"http://creativecommons.org/licenses/by/4.0/legalcode",NA,"Browns Bay",NA,NA,-5.769357,NA,"2025-02-25T09:09:31.000+00:00",2,NA,NA,NA,"ie.nbdc.dataset.ExploreYourShore.99928969553390306",NA,"PRESENT","Sessilia",1426,NA,NA,NA,NA,NA,NA,NA,NA,"Arthropoda",54,NA,NA,NA,"DWC_ARCHIVE","EUROPE","IE","d2b97690-bfd6-11de-b279-d52977ace833","David Craig",NA,NA,NA,NA,"Semibalanus balanoides (Linnaeus, 1767)",NA,NA,"Semibalanus balanoides",2115784,"balanoides",39,NA,NA,2115784,"ACCEPTED","SPECIES","Occurrence",NA,NA,NA,NA,NA,"Acorn Barnacle",NA,NA,2022,2025-06-17
"176","Semibalanus balanoides (Linnaeus, 1767)",2115784,NA,NA,NA,"HUMAN_OBSERVATION",NA,"99928969553390330","Maxillopoda",203,"Browns Bay, United Kingdom, EUROPE","ExploreYourShore",NA,NA,"EUROPE",NA,100,"United Kingdom",263,"ExploreYourShore","17057301-35d8-4e33-b24f-13da5fe2d265",NA,NA,22,NA,NA,NA,NA,"County=Antrim",53,"2022-02-22",NA,NA,NA,"Archaeobalanidae",5103,NA,NA,NA,NA,"United Kingdom of Great Britain and Northern Ireland","4466062877","EUROPE","Semibalanus","Semibalanus",2115783,"WGS84",NA,NA,"verified by contributor",NA,NA,NA,"d2b97690-bfd6-11de-b279-d52977ace833",NA,"Data has been captured using a grid reference system. Provided location represents cell’s centre point and uncertainty represents cell’s size",NA,NA,NA,NA,NA,NA,NA,NA,NA,NA,"115191583",NA,"99672740-f762-11e1-a439-00145eb45e9a","NBDC",NA,NA,FALSE,NA,"GB",FALSE,"NE",4466062877,"Animalia",1,NA,"2025-06-04T15:56:28.195+00:00","2025-06-04T15:56:52.577+00:00","2025-06-04T15:56:52.577+00:00",54.854029,"http://creativecommons.org/licenses/by/4.0/legalcode",NA,"Browns Bay",NA,NA,-5.761873,NA,"2025-02-25T09:09:31.000+00:00",2,NA,NA,NA,"ie.nbdc.dataset.ExploreYourShore.99928969553390330",NA,"PRESENT","Sessilia",1426,NA,NA,NA,NA,NA,NA,NA,NA,"Arthropoda",54,NA,NA,NA,"DWC_ARCHIVE","EUROPE","IE","d2b97690-bfd6-11de-b279-d52977ace833","David Craig",NA,NA,NA,NA,"Semibalanus balanoides (Linnaeus, 1767)",NA,NA,"Semibalanus balanoides",2115784,"balanoides",53,NA,NA,2115784,"ACCEPTED","SPECIES","Occurrence",NA,NA,NA,NA,NA,"Acorn Barnacle",NA,NA,2022,2025-06-17
"177","Semibalanus balanoides (Linnaeus, 1767)",2115784,NA,NA,NA,"HUMAN_OBSERVATION",NA,"99928969553391680","Maxillopoda",203,"Millbay, United Kingdom, EUROPE","ExploreYourShore",NA,NA,"EUROPE",NA,100,"United Kingdom",263,"ExploreYourShore","17057301-35d8-4e33-b24f-13da5fe2d265",NA,NA,22,NA,NA,NA,NA,"County=Antrim",53,"2022-02-22",NA,NA,NA,"Archaeobalanidae",5103,NA,NA,NA,NA,"United Kingdom of Great Britain and Northern Ireland","4466062793","EUROPE","Semibalanus","Semibalanus",2115783,"WGS84",NA,NA,"verified by contributor",NA,NA,NA,"d2b97690-bfd6-11de-b279-d52977ace833",NA,"Data has been captured using a grid reference system. Provided location represents cell’s centre point and uncertainty represents cell’s size",NA,NA,NA,NA,NA,NA,NA,NA,NA,NA,"115191609",NA,"99672740-f762-11e1-a439-00145eb45e9a","NBDC",NA,NA,FALSE,NA,"GB",FALSE,"NE",4466062793,"Animalia",1,NA,"2025-06-04T15:56:28.195+00:00","2025-06-04T15:56:52.607+00:00","2025-06-04T15:56:52.607+00:00",54.823804,"http://creativecommons.org/licenses/by/4.0/legalcode",NA,"Millbay",NA,NA,-5.75168,NA,"2025-02-25T09:09:31.000+00:00",2,NA,NA,NA,"ie.nbdc.dataset.ExploreYourShore.99928969553391680",NA,"PRESENT","Sessilia",1426,NA,NA,NA,NA,NA,NA,NA,NA,"Arthropoda",54,NA,NA,NA,"DWC_ARCHIVE","EUROPE","IE","d2b97690-bfd6-11de-b279-d52977ace833","David Craig",NA,NA,NA,NA,"Semibalanus balanoides (Linnaeus, 1767)",NA,NA,"Semibalanus balanoides",2115784,"balanoides",53,NA,NA,2115784,"ACCEPTED","SPECIES","Occurrence",NA,NA,NA,NA,NA,"Acorn Barnacle",NA,NA,2022,2025-06-17
"178","Semibalanus balanoides (Linnaeus, 1767)",2115784,NA,NA,NA,"HUMAN_OBSERVATION",NA,"99928969553391573","Maxillopoda",203,"Larne, United Kingdom, EUROPE","ExploreYourShore",NA,NA,"EUROPE",NA,100,"United Kingdom",263,"ExploreYourShore","17057301-35d8-4e33-b24f-13da5fe2d265",NA,NA,26,NA,NA,NA,NA,"County=Antrim",57,"2022-02-26",NA,NA,NA,"Archaeobalanidae",5103,NA,NA,NA,NA,"United Kingdom of Great Britain and Northern Ireland","4466062574","EUROPE","Semibalanus","Semibalanus",2115783,"WGS84",NA,NA,"verified by contributor",NA,NA,NA,"d2b97690-bfd6-11de-b279-d52977ace833",NA,"Data has been captured using a grid reference system. Provided location represents cell’s centre point and uncertainty represents cell’s size",NA,NA,NA,NA,NA,NA,NA,NA,NA,NA,"115191697",NA,"99672740-f762-11e1-a439-00145eb45e9a","NBDC",NA,NA,FALSE,NA,"GB",FALSE,"NE",4466062574,"Animalia",1,NA,"2025-06-04T15:56:28.195+00:00","2025-06-04T15:56:52.487+00:00","2025-06-04T15:56:52.487+00:00",54.842696,"http://creativecommons.org/licenses/by/4.0/legalcode",NA,"Larne",NA,NA,-5.802007,NA,"2025-02-25T09:09:31.000+00:00",2,NA,NA,NA,"ie.nbdc.dataset.ExploreYourShore.99928969553391573",NA,"PRESENT","Sessilia",1426,NA,NA,NA,NA,NA,NA,NA,NA,"Arthropoda",54,NA,NA,NA,"DWC_ARCHIVE","EUROPE","IE","d2b97690-bfd6-11de-b279-d52977ace833","David Craig",NA,NA,NA,NA,"Semibalanus balanoides (Linnaeus, 1767)",NA,NA,"Semibalanus balanoides",2115784,"balanoides",57,NA,NA,2115784,"ACCEPTED","SPECIES","Occurrence",NA,NA,NA,NA,NA,"Acorn Barnacle",NA,NA,2022,2025-06-17
"179","Semibalanus balanoides (Linnaeus, 1767)",2115784,"Scotland",NA,NA,"HUMAN_OBSERVATION",NA,NA,"Maxillopoda",203,"Uigen; Lewis, United Kingdom, EUROPE","CI0002410000007I",NA,NA,"EUROPE",NA,0.7,"United Kingdom",351,NA,"9b65cb62-96b8-4809-84f0-511134fa03d9",NA,NA,21,NA,NA,NA,NA,NA,52,"2022-02-21","CI00024100001AEG",NA,NA,"Archaeobalanidae",5103,NA,NA,NA,"POLYGON((-6.95444 58.20382,-6.95444 58.20383,-6.95443 58.20383,-6.95443 58.20382,-6.95444 58.20382))","United Kingdom of Great Britain and Northern Ireland","4060426312","EUROPE","Semibalanus","Semibalanus",2115783,"WGS84",NA,NA,"Accepted",NA,NA,NA,"07f617d0-c688-11d8-bf62-b8a03c50a862",NA,NA,NA,"https://creativecommons.org/licenses/by/4.0/legalcode",NA,NA,"OHBR",NA,NA,NA,"Accepted - considered correct","Charlotte Cumming","883b0bbc-a0e0-4e02-aae0-fad83d3e7370",NA,"99552c70-f762-11e1-a439-00145eb45e9a","Outer Hebrides Biological Recording",NA,NA,FALSE,NA,"GB",FALSE,"NE",4060426312,"Animalia",1,NA,"2025-06-13T15:29:28.240+00:00","2025-06-13T15:30:13.040+00:00","2025-06-13T15:30:13.040+00:00",58.203816,"http://creativecommons.org/licenses/by/4.0/legalcode",NA,"Uigen; Lewis",NA,NA,-6.954444,NA,NA,2,NA,NA,NA,"CI00024100005QHG",NA,"PRESENT","Sessilia",1426,NA,NA,NA,NA,NA,NA,NA,NA,"Arthropoda",54,NA,NA,NA,"DWC_ARCHIVE","EUROPE","GB","3636faf8-c86a-42c5-9bc9-a2d4e6c0c891","Cumming, C. Charlotte",NA,NA,NA,"Field Observation","Semibalanus balanoides (Linnaeus, 1767)",NA,NA,"Semibalanus balanoides",2115784,"balanoides",52,"NBNSYS0000042568","NBNSYS0000042568",2115784,"ACCEPTED","SPECIES",NA,NA,NA,NA,NA,NA,"Acorn Barnacle",NA,NA,2022,2025-06-17
"180","Semibalanus balanoides (Linnaeus, 1767)",2115784,NA,NA,NA,"HUMAN_OBSERVATION",NA,"99928969553390247","Maxillopoda",203,"Bishop's Quarter, Clare, Ireland, EUROPE","ExploreYourShore",NA,NA,"EUROPE",NA,100,"Ireland",263,"ExploreYourShore","17057301-35d8-4e33-b24f-13da5fe2d265",NA,NA,19,NA,NA,NA,NA,"County=Clare;Abundance=100",78,"2022-03-19",NA,NA,NA,"Archaeobalanidae",5103,NA,NA,NA,NA,"Ireland","4466062628","EUROPE","Semibalanus","Semibalanus",2115783,"WGS84",NA,NA,"verified by contributor",NA,NA,NA,"d2b97690-bfd6-11de-b279-d52977ace833",NA,"Data has been captured using a grid reference system. Provided location represents cell’s centre point and uncertainty represents cell’s size",NA,NA,NA,NA,NA,NA,NA,NA,NA,NA,"115192359",NA,"99672740-f762-11e1-a439-00145eb45e9a","NBDC",NA,NA,FALSE,NA,"IE",FALSE,"NE",4466062628,"Animalia",1,NA,"2025-06-04T15:56:28.195+00:00","2025-06-04T15:56:56.185+00:00","2025-06-04T15:56:56.185+00:00",53.131417,"http://creativecommons.org/licenses/by/4.0/legalcode",NA,"Bishop's Quarter, Clare",NA,NA,-9.129453,NA,"2025-02-25T09:09:31.000+00:00",3,NA,NA,NA,"ie.nbdc.dataset.ExploreYourShore.99928969553390247",NA,"PRESENT","Sessilia",1426,NA,NA,NA,NA,NA,NA,NA,NA,"Arthropoda",54,NA,NA,NA,"DWC_ARCHIVE","EUROPE","IE","d2b97690-bfd6-11de-b279-d52977ace833","Jamie O'Neill",NA,NA,NA,NA,"Semibalanus balanoides (Linnaeus, 1767)",NA,NA,"Semibalanus balanoides",2115784,"balanoides",78,NA,NA,2115784,"ACCEPTED","SPECIES","Occurrence",NA,NA,NA,NA,NA,"Acorn Barnacle",NA,NA,2022,2025-06-17
"181","Semibalanus balanoides (Linnaeus, 1767)",2115784,NA,NA,NA,"HUMAN_OBSERVATION",NA,"99928969553390002","Maxillopoda",203,"Ballylumford, United Kingdom, EUROPE","ExploreYourShore",NA,NA,"EUROPE",NA,100,"United Kingdom",263,"ExploreYourShore","17057301-35d8-4e33-b24f-13da5fe2d265",NA,NA,31,NA,NA,NA,NA,"County=Antrim",90,"2022-03-31",NA,NA,NA,"Archaeobalanidae",5103,NA,NA,NA,NA,"United Kingdom of Great Britain and Northern Ireland","4466047176","EUROPE","Semibalanus","Semibalanus",2115783,"WGS84",NA,NA,"verified by contributor",NA,NA,NA,"d2b97690-bfd6-11de-b279-d52977ace833",NA,"Data has been captured using a grid reference system. Provided location represents cell’s centre point and uncertainty represents cell’s size",NA,NA,NA,NA,NA,NA,NA,NA,NA,NA,"115192857",NA,"99672740-f762-11e1-a439-00145eb45e9a","NBDC",NA,NA,FALSE,NA,"GB",FALSE,"NE",4466047176,"Animalia",1,NA,"2025-06-04T15:56:28.195+00:00","2025-06-04T15:56:56.936+00:00","2025-06-04T15:56:56.936+00:00",54.846958,"http://creativecommons.org/licenses/by/4.0/legalcode",NA,"Ballylumford",NA,NA,-5.789318,NA,"2025-02-25T09:09:31.000+00:00",3,NA,NA,NA,"ie.nbdc.dataset.ExploreYourShore.99928969553390002",NA,"PRESENT","Sessilia",1426,NA,NA,NA,NA,NA,NA,NA,NA,"Arthropoda",54,NA,NA,NA,"DWC_ARCHIVE","EUROPE","IE","d2b97690-bfd6-11de-b279-d52977ace833","David Craig",NA,NA,NA,NA,"Semibalanus balanoides (Linnaeus, 1767)",NA,NA,"Semibalanus balanoides",2115784,"balanoides",90,NA,NA,2115784,"ACCEPTED","SPECIES","Occurrence",NA,NA,NA,NA,NA,"Acorn Barnacle",NA,NA,2022,2025-06-17
"182","Semibalanus balanoides (Linnaeus, 1767)",2115784,"Scotland",NA,NA,"HUMAN_OBSERVATION",NA,NA,"Maxillopoda",203,"Druimavuic, SW of, United Kingdom, EUROPE",NA,NA,NA,"EUROPE",NA,7.1,"United Kingdom",369,NA,"1c736f5f-18d4-40d3-b25a-ec9d3c3500c7",NA,NA,6,NA,NA,NA,NA,NA,65,"2022-03-06",NA,NA,NA,"Archaeobalanidae",5103,NA,NA,NA,"POLYGON((-5.25755 56.54747,-5.25755 56.54757,-5.2574 56.54757,-5.2574 56.54747,-5.25755 56.54747))","United Kingdom of Great Britain and Northern Ireland","3786411490","EUROPE","Semibalanus","Semibalanus",2115783,"WGS84",NA,NA,"Accepted - considered correct",NA,NA,NA,"07f617d0-c688-11d8-bf62-b8a03c50a862",NA,NA,NA,"https://creativecommons.org/licenses/by/4.0/legalcode",NA,NA,"Argyll Biological Records Centre",NA,NA,NA,"Accepted - considered correct","Carl Farmer","292ee360-b19e-4cdf-8379-ea6ca990f99b",NA,"99552c70-f762-11e1-a439-00145eb45e9a","ABReC",NA,NA,FALSE,NA,"GB",FALSE,"NE",3786411490,"Animalia",1,NA,"2025-06-12T23:20:53.853+00:00","2025-06-12T23:36:58.285+00:00","2025-06-12T23:36:58.285+00:00",56.547518,"http://creativecommons.org/licenses/by/4.0/legalcode","Unknown","Druimavuic, SW of",NA,NA,-5.257475,NA,NA,3,NA,NA,NA,"35qkd6v5","Several on Mytilus edulis ttached to rock on shore","PRESENT","Sessilia",1426,NA,NA,NA,NA,NA,NA,NA,NA,"Arthropoda",54,NA,NA,NA,"DWC_ARCHIVE","EUROPE","GB","241606e5-090d-4d96-853b-73ac0790e5ea","Farmer, C. Carl",NA,NA,NA,"Field record / observation","Semibalanus balanoides (Linnaeus, 1767)",NA,NA,"Semibalanus balanoides",2115784,"balanoides",65,"NBNSYS0000042568","NBNSYS0000042568",2115784,"ACCEPTED","SPECIES",NA,NA,NA,NA,NA,NA,"Acorn Barnacle",NA,NA,2022,2025-06-17
"183","Semibalanus balanoides (Linnaeus, 1767)",2115784,"Scotland",NA,NA,"HUMAN_OBSERVATION",NA,NA,"Maxillopoda",203,"Upper Loch Creran, S side, United Kingdom, EUROPE",NA,NA,NA,"EUROPE",NA,7.1,"United Kingdom",369,NA,"1c736f5f-18d4-40d3-b25a-ec9d3c3500c7",NA,NA,6,NA,NA,NA,NA,NA,65,"2022-03-06",NA,NA,NA,"Archaeobalanidae",5103,NA,NA,NA,"POLYGON((-5.26332 56.54642,-5.26332 56.54651,-5.26317 56.54651,-5.26317 56.54642,-5.26332 56.54642))","United Kingdom of Great Britain and Northern Ireland","3786415588","EUROPE","Semibalanus","Semibalanus",2115783,"WGS84",NA,NA,"Accepted - considered correct",NA,NA,NA,"07f617d0-c688-11d8-bf62-b8a03c50a862",NA,NA,NA,"https://creativecommons.org/licenses/by/4.0/legalcode",NA,NA,"Argyll Biological Records Centre",NA,NA,NA,"Accepted - considered correct","Carl Farmer","38ec1349-80e2-4210-b93a-6727949a9c49",NA,"99552c70-f762-11e1-a439-00145eb45e9a","ABReC",NA,NA,FALSE,NA,"GB",FALSE,"NE",3786415588,"Animalia",1,NA,"2025-06-12T23:20:53.853+00:00","2025-06-12T23:36:59.137+00:00","2025-06-12T23:36:59.137+00:00",56.546468,"http://creativecommons.org/licenses/by/4.0/legalcode","Unknown","Upper Loch Creran, S side",NA,NA,-5.263244,NA,NA,3,NA,NA,NA,"lh8tt6v5",NA,"PRESENT","Sessilia",1426,NA,NA,NA,NA,NA,NA,NA,NA,"Arthropoda",54,NA,NA,NA,"DWC_ARCHIVE","EUROPE","GB","241606e5-090d-4d96-853b-73ac0790e5ea","Farmer, C. Carl",NA,NA,NA,"Field record / observation","Semibalanus balanoides (Linnaeus, 1767)",NA,NA,"Semibalanus balanoides",2115784,"balanoides",65,"NBNSYS0000042568","NBNSYS0000042568",2115784,"ACCEPTED","SPECIES",NA,NA,NA,NA,NA,NA,"Acorn Barnacle",NA,NA,2022,2025-06-17
"184","Semibalanus balanoides (Linnaeus, 1767)",2115784,"England",NA,NA,"HUMAN_OBSERVATION",NA,NA,"Maxillopoda",203,"St Mary's Causeway South, United Kingdom, EUROPE","The Rockpool Project | Imported records",NA,NA,"EUROPE",NA,50,"United Kingdom",367,NA,"97d01261-0027-4e89-a0d2-4a7d700f5fdb",NA,NA,20,NA,NA,NA,NA,NA,79,"2022-03-20","24663763",NA,NA,"Archaeobalanidae",5103,NA,NA,NA,NA,"United Kingdom of Great Britain and Northern Ireland","4596001296","EUROPE","Semibalanus","Semibalanus",2115783,"WGS84",NA,NA,NA,NA,NA,NA,"07f617d0-c688-11d8-bf62-b8a03c50a862",NA,NA,NA,"https://creativecommons.org/licenses/by/4.0/legalcode",NA,NA,"Marine Biological Association, and Biological Records Centre",NA,NA,NA,"Accepted",NA,"91b15395-e798-4a32-b7d8-398470c26a79",NA,"99552c70-f762-11e1-a439-00145eb45e9a",NA,NA,NA,FALSE,NA,"GB",FALSE,"NE",4596001296,"Animalia",1,NA,"2025-06-12T23:10:37.497+00:00","2025-06-12T23:11:18.688+00:00","2025-06-12T23:11:18.688+00:00",55.070352,"http://creativecommons.org/licenses/by/4.0/legalcode",NA,"St Mary's Causeway South",NA,NA,-1.449386,NA,NA,3,NA,NA,NA,"34388705",NA,"PRESENT","Sessilia",1426,NA,NA,NA,NA,NA,NA,NA,NA,"Arthropoda",54,NA,NA,NA,"DWC_ARCHIVE","EUROPE","GB","f6b48504-1651-4a49-a88d-c2bc6178694d","Patterson, C. Christophe|Barron, N. Natalie",NA,NA,NA,NA,"Semibalanus balanoides (Linnaeus, 1767)",NA,NA,"Semibalanus balanoides",2115784,"balanoides",79,"NBNSYS0000042568","NBNSYS0000042568",2115784,"ACCEPTED","SPECIES",NA,NA,NA,NA,NA,NA,"Acorn Barnacle",NA,NA,2022,2025-06-17
"185","Semibalanus balanoides (Linnaeus, 1767)",2115784,NA,"Pas-de-Calais (mer territoriale)",NA,"HUMAN_OBSERVATION",NA,NA,"Maxillopoda",203,"France, EUROPE",NA,NA,NA,"EUROPE",NA,NA,"France",87,"C3DF8966-A775-654C-E053-5514A8C0FA8B","8e9974a4-12e2-475f-9aec-5abdf24a1f50",NA,"2022-03-20T00:00:00",20,NA,NA,NA,NA,NA,79,"2022-03-20","b21b65ce-6159-44ac-9841-fae5f663c475",NA,NA,"Archaeobalanidae",5103,NA,NA,NA,"POINT(1.58861111 50.87194444)","France","4542702568","EUROPE","Semibalanus","Semibalanus",2115783,"WGS84",NA,NA,NA,NA,NA,NA,"1928bdf0-f5d2-11dc-8c12-b8a03c50a862",NA,NA,"fr | en",NA,NA,NA,NA,NA,NA,NA,"Probable","BOURGOIS Jean sebastien (FFESSM)","b21b65ce-6159-44ac-9841-fae5f663c475",NA,"e44d0fd7-0edf-477f-aa82-50a81836ab46",NA,NA,NA,FALSE,NA,"FR",FALSE,"NE",4542702568,"Animalia",1,NA,"2025-01-22T15:04:45.024+00:00","2025-02-02T00:27:44.698+00:00","2025-02-02T00:27:44.698+00:00",50.87194,"http://creativecommons.org/licenses/by/4.0/legalcode",NA,NA,NA,NA,1.58861,NA,NA,3,NA,"Gargominy O (2021). TAXREF. Version 4.7. UMS PatriNat (OFB-CNRS-MNHN), Paris. Checklist dataset https://doi.org/10.15468/vqueam accessed via GBIF.org on 2021-06-28.",NA,"b21b65ce-6159-44ac-9841-fae5f663c475",NA,"PRESENT","Sessilia",1426,NA,NA,NA,"Semibalanus balanoides (Linnaeus, 1767)",NA,NA,NA,NA,"Arthropoda",54,NA,NA,NA,"DWC_ARCHIVE","EUROPE","FR","1928bdf0-f5d2-11dc-8c12-b8a03c50a862","Anonymisé RGPD (FFESSM)",NA,NA,NA,NA,"Semibalanus balanoides (Linnaeus, 1767)",NA,NA,"Semibalanus balanoides",2115784,"balanoides",79,NA,"384664",2115784,"ACCEPTED","SPECIES",NA,NA,NA,NA,NA,NA,NA,NA,NA,2022,2025-06-17
"186","Semibalanus balanoides (Linnaeus, 1767)",2115784,"Wales",NA,NA,"HUMAN_OBSERVATION",NA,NA,"Maxillopoda",203,"Aberporth, United Kingdom, EUROPE",NA,NA,NA,"EUROPE",NA,7071.1,"United Kingdom",12,NA,"78aedfda-7343-47de-9c19-20339eb756fc",NA,NA,4,NA,NA,NA,NA,NA,63,"2022-03-04",NA,NA,NA,"Archaeobalanidae",5103,NA,NA,NA,"POLYGON((-4.63051 52.11893,-4.63051 52.21192,-4.48962 52.21192,-4.48962 52.11893,-4.63051 52.11893))","United Kingdom of Great Britain and Northern Ireland","5100725758","EUROPE","Semibalanus","Semibalanus",2115783,"WGS84",NA,NA,NA,NA,NA,NA,"07f617d0-c688-11d8-bf62-b8a03c50a862",NA,NA,NA,"https://creativecommons.org/licenses/by-nc/4.0/legalcode",NA,NA,"West Wales Biodiversity Information Centre",NA,NA,NA,"Unconfirmed - not reviewed","Yusef Samari","dca5dff9-9265-4c54-9b70-98d6ee9f318b",NA,"99552c70-f762-11e1-a439-00145eb45e9a","WWBIC",NA,NA,FALSE,NA,"GB",FALSE,"NE",5100725758,"Animalia",1,NA,"2025-06-16T15:45:33.250+00:00","2025-06-16T15:45:44.578+00:00","2025-06-16T15:45:44.578+00:00",52.165448,"http://creativecommons.org/licenses/by-nc/4.0/legalcode",NA,"Aberporth",NA,NA,-4.560137,NA,NA,3,NA,NA,NA,"SR00040700027IIH","Image: http://warehouse1.indicia.org.uk/upload/o_1fuo6l8gl1ar81kp7qut1ej110nrb.jpg","PRESENT","Sessilia",1426,NA,NA,NA,NA,NA,NA,NA,NA,"Arthropoda",54,NA,NA,NA,"DWC_ARCHIVE","EUROPE","GB","29753c63-7ff1-455b-92ee-120bcfe9bce3","Samari, Y. Yusef",NA,NA,NA,"field record","Semibalanus balanoides (Linnaeus, 1767)",NA,NA,"Semibalanus balanoides",2115784,"balanoides",63,"NBNSYS0000042568","NBNSYS0000042568",2115784,"ACCEPTED","SPECIES",NA,NA,NA,NA,NA,NA,"Acorn Barnacle",NA,NA,2022,2025-06-17
"187","Semibalanus balanoides (Linnaeus, 1767)",2115784,NA,"Manche (mer territoriale)",NA,"HUMAN_OBSERVATION",NA,NA,"Maxillopoda",203,"France, EUROPE",NA,NA,NA,"EUROPE",NA,NA,"France",271,"4A9DDA1F-B7E7-3E13-E053-2614A8C02B7C","25e3e8f1-86ee-440c-adfc-8e63759a6505",NA,NA,5,NA,NA,NA,NA,NA,64,"2022-03-05","e919f4f2-ccdb-4a71-a2a6-1259caad56ea",NA,NA,"Archaeobalanidae",5103,NA,NA,NA,"POINT(-1.84905052185 49.71477660692)","France","4540714746","EUROPE","Semibalanus","Semibalanus",2115783,"WGS84",NA,NA,NA,NA,NA,NA,"1928bdf0-f5d2-11dc-8c12-b8a03c50a862",NA,NA,"fr | en",NA,NA,NA,NA,NA,NA,NA,"Probable","François Sichel (Les amis de BioObs)","e919f4f2-ccdb-4a71-a2a6-1259caad56ea",NA,"e44d0fd7-0edf-477f-aa82-50a81836ab46",NA,NA,NA,FALSE,NA,"FR",FALSE,"NE",4540714746,"Animalia",1,NA,"2025-01-23T19:04:24.190+00:00","2025-02-01T03:40:02.832+00:00","2025-02-01T03:40:02.832+00:00",49.71478,"http://creativecommons.org/licenses/by/4.0/legalcode",NA,NA,NA,NA,-1.84905,NA,NA,3,NA,"Gargominy O (2021). TAXREF. Version 4.7. UMS PatriNat (OFB-CNRS-MNHN), Paris. Checklist dataset https://doi.org/10.15468/vqueam accessed via GBIF.org on 2021-06-28.",NA,"e919f4f2-ccdb-4a71-a2a6-1259caad56ea",NA,"PRESENT","Sessilia",1426,NA,NA,NA,"Semibalanus balanoides (Linnaeus, 1767)",NA,NA,NA,NA,"Arthropoda",54,NA,NA,NA,"DWC_ARCHIVE","EUROPE","FR","1928bdf0-f5d2-11dc-8c12-b8a03c50a862","François Sichel (PNN)",NA,NA,NA,NA,"Semibalanus balanoides (Linnaeus, 1767)",NA,NA,"Semibalanus balanoides",2115784,"balanoides",64,NA,"384664",2115784,"ACCEPTED","SPECIES",NA,NA,NA,NA,NA,NA,NA,NA,NA,2022,2025-06-17
"188","Semibalanus balanoides (Linnaeus, 1767)",2115784,"Northern Ireland",NA,NA,"HUMAN_OBSERVATION",NA,"112530032","Maxillopoda",203,"United Kingdom, EUROPE","Observations",NA,NA,"EUROPE",NA,NA,"United Kingdom",548,NA,"50c9509d-22c7-4a22-a47d-8c48425ef4a7","iNaturalist research-grade observations","2022-04-23T16:04:06",23,NA,NA,NA,NA,NA,113,"2022-04-23T11:43:30",NA,NA,"11:43:30+01:00","Archaeobalanidae",5103,NA,NA,NA,NA,"United Kingdom of Great Britain and Northern Ireland","3764329637","EUROPE","Semibalanus","Semibalanus",2115783,"WGS84",NA,NA,NA,NA,NA,NA,"28eb1a3f-1c15-4a95-931a-4af90ecb574d","wild",NA,NA,NA,NA,"kate__mooney",NA,"251764468",NA,NA,NA,"Kate Mooney","112530032",NA,"997448a8-f762-11e1-a439-00145eb45e9a","iNaturalist",NA,NA,TRUE,NA,"GB",FALSE,"NE",3764329637,"Animalia",1,NA,"2025-06-06T14:41:08.836+00:00","2025-06-07T00:52:27.965+00:00","2025-06-07T00:52:27.965+00:00",54.676768,"http://creativecommons.org/licenses/by-nc/4.0/legalcode",NA,NA,NA,NA,-5.618645,NA,"2022-04-23T19:23:21.000+00:00",4,NA,NA,NA,"https://www.inaturalist.org/observations/112530032",NA,"PRESENT","Sessilia",1426,NA,NA,NA,NA,NA,NA,NA,NA,"Arthropoda",54,NA,NA,NA,"DWC_ARCHIVE","EUROPE","GB","28eb1a3f-1c15-4a95-931a-4af90ecb574d","Kate Mooney",NA,"https://www.inaturalist.org/observations/112530032","Kate Mooney",NA,"Semibalanus balanoides (Linnaeus, 1767)",NA,NA,"Semibalanus balanoides",2115784,"balanoides",113,NA,"118832",2115784,"ACCEPTED","SPECIES",NA,NA,NA,"2022-04-23 11:43:30",NA,"Walter Nelson Hall, Groomsport, Bangor BT19 6JR, UK",NA,NA,NA,2022,2025-06-17
"189","Semibalanus balanoides (Linnaeus, 1767)",2115784,"Northern Ireland",NA,NA,"HUMAN_OBSERVATION",NA,"112554871","Maxillopoda",203,"United Kingdom, EUROPE","Observations",NA,NA,"EUROPE",NA,NA,"United Kingdom",548,NA,"50c9509d-22c7-4a22-a47d-8c48425ef4a7","iNaturalist research-grade observations","2022-04-23T18:46:02",23,NA,NA,NA,NA,NA,113,"2022-04-23T10:39",NA,NA,"10:39:00+01:00","Archaeobalanidae",5103,NA,NA,NA,NA,"United Kingdom of Great Britain and Northern Ireland","3764166673","EUROPE","Semibalanus","Semibalanus",2115783,"WGS84",NA,NA,NA,NA,NA,NA,"28eb1a3f-1c15-4a95-931a-4af90ecb574d","wild",NA,NA,NA,NA,"hprice321",NA,"251805817",NA,NA,NA,"hprice321","112554871",NA,"997448a8-f762-11e1-a439-00145eb45e9a","iNaturalist",NA,NA,TRUE,NA,"GB",FALSE,"NE",3764166673,"Animalia",1,NA,"2025-06-06T14:41:08.836+00:00","2025-06-07T02:48:28.339+00:00","2025-06-07T02:48:28.339+00:00",54.67651,"http://creativecommons.org/licenses/by-nc/4.0/legalcode",NA,NA,NA,NA,-5.618002,NA,"2022-04-23T21:36:20.000+00:00",4,NA,NA,NA,"https://www.inaturalist.org/observations/112554871","I think...","PRESENT","Sessilia",1426,NA,NA,NA,NA,NA,NA,NA,NA,"Arthropoda",54,NA,NA,NA,"DWC_ARCHIVE","EUROPE","GB","28eb1a3f-1c15-4a95-931a-4af90ecb574d","hprice321",NA,"https://www.inaturalist.org/observations/112554871","hprice321",NA,"Semibalanus balanoides (Linnaeus, 1767)",NA,NA,"Semibalanus balanoides",2115784,"balanoides",113,NA,"118832",2115784,"ACCEPTED","SPECIES",NA,NA,NA,"2022/04/23 10:39 AM",NA,"Groomsport, Bangor, UK",NA,NA,NA,2022,2025-06-17
"190","Semibalanus balanoides (Linnaeus, 1767)",2115784,NA,NA,NA,"HUMAN_OBSERVATION",NA,"99928969553391740","Maxillopoda",203,"Mulranny, Mayo, Ireland, EUROPE","ExploreYourShore",NA,NA,"EUROPE",NA,100,"Ireland",263,"ExploreYourShore","17057301-35d8-4e33-b24f-13da5fe2d265",NA,NA,19,NA,NA,NA,NA,"County=Mayo;Abundance=1",109,"2022-04-19",NA,NA,NA,"Archaeobalanidae",5103,NA,NA,NA,NA,"Ireland","4466050107","EUROPE","Semibalanus","Semibalanus",2115783,"WGS84",NA,NA,"verified by contributor",NA,NA,NA,"d2b97690-bfd6-11de-b279-d52977ace833",NA,"Data has been captured using a grid reference system. Provided location represents cell’s centre point and uncertainty represents cell’s size",NA,NA,NA,NA,NA,NA,NA,NA,NA,NA,"115193022",NA,"99672740-f762-11e1-a439-00145eb45e9a","NBDC",NA,NA,FALSE,NA,"IE",FALSE,"NE",4466050107,"Animalia",1,NA,"2025-06-04T15:56:28.195+00:00","2025-06-04T15:56:51.049+00:00","2025-06-04T15:56:51.049+00:00",53.898773,"http://creativecommons.org/licenses/by/4.0/legalcode",NA,"Mulranny, Mayo",NA,NA,-9.781767,NA,"2025-02-25T09:09:31.000+00:00",4,NA,NA,NA,"ie.nbdc.dataset.ExploreYourShore.99928969553391740",NA,"PRESENT","Sessilia",1426,NA,NA,NA,NA,NA,NA,NA,NA,"Arthropoda",54,NA,NA,NA,"DWC_ARCHIVE","EUROPE","IE","d2b97690-bfd6-11de-b279-d52977ace833","Mark Holmes",NA,NA,NA,NA,"Semibalanus balanoides (Linnaeus, 1767)",NA,NA,"Semibalanus balanoides",2115784,"balanoides",109,NA,NA,2115784,"ACCEPTED","SPECIES","Occurrence",NA,NA,NA,NA,NA,"Acorn Barnacle",NA,NA,2022,2025-06-17
"191","Semibalanus balanoides (Linnaeus, 1767)",2115784,NA,NA,NA,"HUMAN_OBSERVATION",NA,"99928969553390735","Maxillopoda",203,"Doogort, Achill Island, Mayo, Ireland, EUROPE","ExploreYourShore",NA,NA,"EUROPE",NA,100,"Ireland",263,"ExploreYourShore","17057301-35d8-4e33-b24f-13da5fe2d265",NA,NA,20,NA,NA,NA,NA,"County=Mayo;Abundance=1",110,"2022-04-20",NA,NA,NA,"Archaeobalanidae",5103,NA,NA,NA,NA,"Ireland","4466047775","EUROPE","Semibalanus","Semibalanus",2115783,"WGS84",NA,NA,"verified by contributor",NA,NA,NA,"d2b97690-bfd6-11de-b279-d52977ace833",NA,"Data has been captured using a grid reference system. Provided location represents cell’s centre point and uncertainty represents cell’s size",NA,NA,NA,NA,NA,NA,NA,NA,NA,NA,"115193050",NA,"99672740-f762-11e1-a439-00145eb45e9a","NBDC",NA,NA,FALSE,NA,"IE",FALSE,"NE",4466047775,"Animalia",1,NA,"2025-06-04T15:56:28.195+00:00","2025-06-04T15:56:51.124+00:00","2025-06-04T15:56:51.124+00:00",54.011844,"http://creativecommons.org/licenses/by/4.0/legalcode",NA,"Doogort, Achill Island, Mayo",NA,NA,-10.025557,NA,"2025-02-25T09:09:31.000+00:00",4,NA,NA,NA,"ie.nbdc.dataset.ExploreYourShore.99928969553390735",NA,"PRESENT","Sessilia",1426,NA,NA,NA,NA,NA,NA,NA,NA,"Arthropoda",54,NA,NA,NA,"DWC_ARCHIVE","EUROPE","IE","d2b97690-bfd6-11de-b279-d52977ace833","Mark Holmes",NA,NA,NA,NA,"Semibalanus balanoides (Linnaeus, 1767)",NA,NA,"Semibalanus balanoides",2115784,"balanoides",110,NA,NA,2115784,"ACCEPTED","SPECIES","Occurrence",NA,NA,NA,NA,NA,"Acorn Barnacle",NA,NA,2022,2025-06-17
"194","Semibalanus balanoides (Linnaeus, 1767)",2115784,"England",NA,NA,"HUMAN_OBSERVATION",NA,"115092099","Maxillopoda",203,"United Kingdom, EUROPE","Observations",NA,NA,"EUROPE",NA,2,"United Kingdom",548,NA,"50c9509d-22c7-4a22-a47d-8c48425ef4a7","iNaturalist research-grade observations","2022-05-03T11:35:34",2,NA,NA,NA,NA,NA,122,"2022-05-02T15:46",NA,NA,"15:46:00+01:00","Archaeobalanidae",5103,NA,NA,NA,NA,"United Kingdom of Great Britain and Northern Ireland","3773592918","EUROPE","Semibalanus","Semibalanus",2115783,"WGS84",NA,NA,NA,NA,NA,NA,"28eb1a3f-1c15-4a95-931a-4af90ecb574d","wild",NA,NA,NA,NA,"ben_deed",NA,"256025534",NA,NA,NA,"Ben Deed","115092099",NA,"997448a8-f762-11e1-a439-00145eb45e9a","iNaturalist",NA,NA,FALSE,NA,"GB",FALSE,"NE",3773592918,"Animalia",1,NA,"2025-06-06T14:41:08.836+00:00","2025-06-07T02:38:22.425+00:00","2025-06-07T02:38:22.425+00:00",53.514234,"http://creativecommons.org/publicdomain/zero/1.0/legalcode",NA,NA,NA,NA,-3.064695,NA,"2025-02-21T10:53:32.000+00:00",5,NA,NA,NA,"https://www.inaturalist.org/observations/115092099",NA,"PRESENT","Sessilia",1426,NA,NA,NA,NA,NA,NA,NA,NA,"Arthropoda",54,NA,NA,NA,"DWC_ARCHIVE","NORTH_AMERICA","US","28eb1a3f-1c15-4a95-931a-4af90ecb574d","Ben Deed",NA,"https://www.inaturalist.org/observations/115092099","Ben Deed",NA,"Semibalanus balanoides (Linnaeus, 1767)",NA,NA,"Semibalanus balanoides",2115784,"balanoides",122,NA,"118832",2115784,"ACCEPTED","SPECIES",NA,NA,NA,"2022/05/02 3:46 PM",NA,"Hightown, Liverpool, UK",NA,NA,NA,2022,2025-06-17
"195","Semibalanus balanoides (Linnaeus, 1767)",2115784,NA,NA,NA,"HUMAN_OBSERVATION",NA,"99928969553390915","Maxillopoda",203,"Enniscrone Pier, Ireland, EUROPE","ExploreYourShore",NA,NA,"EUROPE",NA,100,"Ireland",263,"ExploreYourShore","17057301-35d8-4e33-b24f-13da5fe2d265",NA,NA,11,NA,NA,NA,NA,"County=Sligo;Abundance=E = 51-100",131,"2022-05-11",NA,NA,NA,"Archaeobalanidae",5103,NA,NA,NA,NA,"Ireland","4466048629","EUROPE","Semibalanus","Semibalanus",2115783,"WGS84",NA,NA,"verified by contributor",NA,NA,NA,"d2b97690-bfd6-11de-b279-d52977ace833",NA,"Data has been captured using a grid reference system. Provided location represents cell’s centre point and uncertainty represents cell’s size",NA,NA,NA,NA,NA,NA,NA,NA,NA,NA,"115193257",NA,"99672740-f762-11e1-a439-00145eb45e9a","NBDC",NA,NA,FALSE,NA,"IE",FALSE,"NE",4466048629,"Animalia",1,NA,"2025-06-04T15:56:28.195+00:00","2025-06-04T15:56:50.656+00:00","2025-06-04T15:56:50.656+00:00",54.219642,"http://creativecommons.org/licenses/by/4.0/legalcode",NA,"Enniscrone Pier",NA,NA,-9.096591,NA,"2025-02-25T09:09:31.000+00:00",5,NA,NA,NA,"ie.nbdc.dataset.ExploreYourShore.99928969553390915",NA,"PRESENT","Sessilia",1426,NA,NA,NA,NA,NA,NA,NA,NA,"Arthropoda",54,NA,NA,NA,"DWC_ARCHIVE","EUROPE","IE","d2b97690-bfd6-11de-b279-d52977ace833","Dave Wall",NA,NA,NA,NA,"Semibalanus balanoides (Linnaeus, 1767)",NA,NA,"Semibalanus balanoides",2115784,"balanoides",131,NA,NA,2115784,"ACCEPTED","SPECIES","Occurrence",NA,NA,NA,NA,NA,"Acorn Barnacle",NA,NA,2022,2025-06-17
"196","Semibalanus balanoides (Linnaeus, 1767)",2115784,NA,NA,NA,"HUMAN_OBSERVATION",NA,"100182717261420124","Maxillopoda",203,"Callow, Ireland, EUROPE","ExploreYourShore",NA,NA,"EUROPE",NA,100,"Ireland",263,"ExploreYourShore","17057301-35d8-4e33-b24f-13da5fe2d265",NA,NA,20,NA,NA,NA,NA,"County=Galway;Type of sighting=Alive",140,"2022-05-20",NA,NA,NA,"Archaeobalanidae",5103,NA,NA,NA,NA,"Ireland","4466054293","EUROPE","Semibalanus","Semibalanus",2115783,"WGS84",NA,NA,"verified by contributor",NA,NA,NA,"d2b97690-bfd6-11de-b279-d52977ace833",NA,"Data has been captured using a grid reference system. Provided location represents cell’s centre point and uncertainty represents cell’s size",NA,NA,NA,NA,NA,NA,NA,NA,NA,NA,"115196141",NA,"99672740-f762-11e1-a439-00145eb45e9a","NBDC",NA,NA,FALSE,NA,"IE",FALSE,"NE",4466054293,"Animalia",1,NA,"2025-06-04T15:56:28.195+00:00","2025-06-04T15:56:54.649+00:00","2025-06-04T15:56:54.649+00:00",53.393447,"http://creativecommons.org/licenses/by/4.0/legalcode",NA,"Callow",NA,NA,-10.036856,NA,"2025-02-25T09:09:31.000+00:00",5,NA,NA,NA,"ie.nbdc.dataset.ExploreYourShore.100182717261420124",NA,"PRESENT","Sessilia",1426,NA,NA,NA,NA,NA,NA,NA,NA,"Arthropoda",54,NA,NA,NA,"DWC_ARCHIVE","EUROPE","IE","d2b97690-bfd6-11de-b279-d52977ace833","Sam Clawson",NA,NA,NA,NA,"Semibalanus balanoides (Linnaeus, 1767)",NA,NA,"Semibalanus balanoides",2115784,"balanoides",140,NA,NA,2115784,"ACCEPTED","SPECIES","Occurrence",NA,NA,NA,NA,NA,"Acorn Barnacle",NA,NA,2022,2025-06-17
"197","Semibalanus balanoides (Linnaeus, 1767)",2115784,"Northern Ireland",NA,NA,"HUMAN_OBSERVATION",NA,"116937429","Maxillopoda",203,"United Kingdom, EUROPE","Observations",NA,NA,"EUROPE",NA,4,"United Kingdom",548,NA,"50c9509d-22c7-4a22-a47d-8c48425ef4a7","iNaturalist research-grade observations","2022-05-27T16:16:01",13,NA,NA,NA,NA,NA,133,"2022-05-13T08:23",NA,NA,"08:23:00+01:00","Archaeobalanidae",5103,NA,NA,NA,NA,"United Kingdom of Great Britain and Northern Ireland","3802483489","EUROPE","Semibalanus","Semibalanus",2115783,"WGS84",NA,NA,NA,NA,NA,NA,"28eb1a3f-1c15-4a95-931a-4af90ecb574d","wild",NA,NA,NA,NA,"irishminidoe",NA,"264342833",NA,NA,NA,"Kate Mooney","116937429",NA,"997448a8-f762-11e1-a439-00145eb45e9a","iNaturalist",NA,NA,TRUE,NA,"GB",FALSE,"NE",3802483489,"Animalia",1,NA,"2025-06-06T14:41:08.836+00:00","2025-06-07T01:11:49.987+00:00","2025-06-07T01:11:49.987+00:00",54.605707,"http://creativecommons.org/licenses/by-nc/4.0/legalcode",NA,NA,NA,NA,-5.524072,NA,"2022-05-27T16:20:04.000+00:00",5,NA,NA,NA,"https://www.inaturalist.org/observations/116937429",NA,"PRESENT","Sessilia",1426,NA,NA,NA,NA,NA,NA,NA,NA,"Arthropoda",54,NA,NA,NA,"DWC_ARCHIVE","NORTH_AMERICA","US","28eb1a3f-1c15-4a95-931a-4af90ecb574d","Jayne",NA,"https://www.inaturalist.org/observations/116937429","Jayne",NA,"Semibalanus balanoides (Linnaeus, 1767)",NA,NA,"Semibalanus balanoides",2115784,"balanoides",133,NA,"118832",2115784,"ACCEPTED","SPECIES",NA,NA,NA,"2022/05/13 17:23 AM",NA,"Northern Ireland, UK",NA,NA,NA,2022,2025-06-17
"198","Semibalanus balanoides (Linnaeus, 1767)",2115784,"Northern Ireland",NA,NA,"HUMAN_OBSERVATION",NA,NA,"Maxillopoda",203,"71-79 Harbour Road, Portavogie, Newtownards BT22 1EB, UK, United Kingdom, EUROPE","iNaturalist | UK and IOM data",NA,NA,"EUROPE",NA,50,"United Kingdom",367,NA,"97d01261-0027-4e89-a0d2-4a7d700f5fdb",NA,NA,14,NA,NA,NA,NA,NA,134,"2022-05-14","18427023",NA,NA,"Archaeobalanidae",5103,NA,NA,NA,NA,"United Kingdom of Great Britain and Northern Ireland","4949067612","EUROPE","Semibalanus","Semibalanus",2115783,"WGS84",NA,NA,NA,NA,NA,NA,"07f617d0-c688-11d8-bf62-b8a03c50a862",NA,NA,NA,"https://creativecommons.org/licenses/by-nc/4.0/legalcode",NA,NA,"Marine Biological Association, and Biological Records Centre",NA,NA,NA,"Accepted - considered correct",NA,"116a6d8a-e3d3-4d85-a741-eb01bc6fe50f",NA,"99552c70-f762-11e1-a439-00145eb45e9a",NA,NA,NA,TRUE,NA,"GB",FALSE,"NE",4949067612,"Animalia",1,NA,"2025-06-12T23:10:37.497+00:00","2025-06-12T23:11:19.932+00:00","2025-06-12T23:11:19.932+00:00",54.454013,"http://creativecommons.org/licenses/by/4.0/legalcode",NA,"71-79 Harbour Road, Portavogie, Newtownards BT22 1EB, UK",NA,NA,-5.439005,NA,NA,5,NA,NA,NA,"25386147",NA,"PRESENT","Sessilia",1426,NA,NA,NA,NA,NA,NA,NA,NA,"Arthropoda",54,NA,NA,NA,"DWC_ARCHIVE","EUROPE","GB","f6b48504-1651-4a49-a88d-c2bc6178694d","Mooney, K. Kate",NA,NA,NA,NA,"Semibalanus balanoides (Linnaeus, 1767)",NA,NA,"Semibalanus balanoides",2115784,"balanoides",134,"NBNSYS0000042568","NBNSYS0000042568",2115784,"ACCEPTED","SPECIES",NA,NA,NA,NA,NA,NA,"Acorn Barnacle",NA,NA,2022,2025-06-17
"200","Semibalanus balanoides (Linnaeus, 1767)",2115784,"Northern Ireland",NA,NA,"HUMAN_OBSERVATION",NA,"118233239","Maxillopoda",203,"United Kingdom, EUROPE","Observations",NA,NA,"EUROPE",NA,NA,"United Kingdom",548,NA,"50c9509d-22c7-4a22-a47d-8c48425ef4a7","iNaturalist research-grade observations","2022-05-22T18:18:44",22,NA,NA,NA,NA,NA,142,"2022-05-22T10:37",NA,NA,"10:37:00+01:00","Archaeobalanidae",5103,NA,NA,NA,NA,"United Kingdom of Great Britain and Northern Ireland","3802441029","EUROPE","Semibalanus","Semibalanus",2115783,"WGS84",NA,NA,NA,NA,NA,NA,"28eb1a3f-1c15-4a95-931a-4af90ecb574d","wild",NA,NA,NA,NA,"hprice321",NA,"262832389",NA,NA,NA,"hprice321","118233239",NA,"997448a8-f762-11e1-a439-00145eb45e9a","iNaturalist",NA,NA,TRUE,NA,"GB",FALSE,"NE",3802441029,"Animalia",1,NA,"2025-06-06T14:41:08.836+00:00","2025-06-07T01:53:14.429+00:00","2025-06-07T01:53:14.429+00:00",54.972385,"http://creativecommons.org/licenses/by-nc/4.0/legalcode",NA,NA,NA,NA,-5.95912,NA,"2022-05-23T15:24:09.000+00:00",5,NA,NA,NA,"https://www.inaturalist.org/observations/118233239",NA,"PRESENT","Sessilia",1426,NA,NA,NA,NA,NA,NA,NA,NA,"Arthropoda",54,NA,NA,NA,"DWC_ARCHIVE","EUROPE","GB","28eb1a3f-1c15-4a95-931a-4af90ecb574d","hprice321",NA,"https://www.inaturalist.org/observations/118233239","hprice321",NA,"Semibalanus balanoides (Linnaeus, 1767)",NA,NA,"Semibalanus balanoides",2115784,"balanoides",142,NA,"118832",2115784,"ACCEPTED","SPECIES",NA,NA,NA,"2022/05/22 10:37 AM",NA,"Glenarm BT44, UK",NA,NA,NA,2022,2025-06-17
"201","Semibalanus balanoides (Linnaeus, 1767)",2115784,"Northern Ireland",NA,NA,"HUMAN_OBSERVATION",NA,"119232731","Maxillopoda",203,"United Kingdom, EUROPE","Observations",NA,NA,"EUROPE",NA,NA,"United Kingdom",548,NA,"50c9509d-22c7-4a22-a47d-8c48425ef4a7","iNaturalist research-grade observations","2022-06-13T12:56:36",29,NA,NA,NA,NA,NA,149,"2022-05-29T11:10",NA,NA,"11:10:00+01:00","Archaeobalanidae",5103,NA,NA,NA,NA,"United Kingdom of Great Britain and Northern Ireland","3860236511","EUROPE","Semibalanus","Semibalanus",2115783,"WGS84",NA,NA,NA,NA,NA,NA,"28eb1a3f-1c15-4a95-931a-4af90ecb574d","wild",NA,NA,NA,NA,"irishminidoe",NA,"269592501",NA,NA,NA,"Kate Mooney","119232731",NA,"997448a8-f762-11e1-a439-00145eb45e9a","iNaturalist",NA,NA,FALSE,NA,"GB",FALSE,"NE",3860236511,"Animalia",1,NA,"2025-06-06T14:41:08.836+00:00","2025-06-07T00:32:09.756+00:00","2025-06-07T00:32:09.756+00:00",55.195517,"http://creativecommons.org/licenses/by-nc/4.0/legalcode",NA,NA,NA,NA,-6.688586,NA,"2022-06-22T10:18:24.000+00:00",5,NA,NA,NA,"https://www.inaturalist.org/observations/119232731",NA,"PRESENT","Sessilia",1426,NA,NA,NA,NA,NA,NA,NA,NA,"Arthropoda",54,NA,NA,NA,"DWC_ARCHIVE","NORTH_AMERICA","US","28eb1a3f-1c15-4a95-931a-4af90ecb574d","Jayne",NA,"https://www.inaturalist.org/observations/119232731","Jayne",NA,"Semibalanus balanoides (Linnaeus, 1767)",NA,NA,"Semibalanus balanoides",2115784,"balanoides",149,NA,"118832",2115784,"ACCEPTED","SPECIES",NA,NA,NA,"2022/05/29 11:10 AM",NA,"Causeway Coast and Glens, UK",NA,NA,NA,2022,2025-06-17
"202","Semibalanus balanoides (Linnaeus, 1767)",2115784,"Scotland",NA,NA,"HUMAN_OBSERVATION",NA,"120153988","Maxillopoda",203,"United Kingdom, EUROPE","Observations",NA,NA,"EUROPE",NA,NA,"United Kingdom",548,NA,"50c9509d-22c7-4a22-a47d-8c48425ef4a7","iNaturalist research-grade observations","2022-06-04T13:52:01",16,NA,NA,NA,NA,NA,136,"2022-05-16T13:15",NA,NA,"13:15:00+01:00","Archaeobalanidae",5103,NA,NA,NA,NA,"United Kingdom of Great Britain and Northern Ireland","4872468277","EUROPE","Semibalanus","Semibalanus",2115783,"WGS84",NA,NA,NA,NA,NA,NA,"28eb1a3f-1c15-4a95-931a-4af90ecb574d","wild",NA,NA,NA,NA,"robsid",NA,"266781198",NA,NA,NA,"Rob Sidaway","120153988",NA,"997448a8-f762-11e1-a439-00145eb45e9a","iNaturalist",NA,NA,FALSE,NA,"GB",FALSE,"NE",4872468277,"Animalia",1,NA,"2025-06-06T14:41:08.836+00:00","2025-06-07T02:41:44.123+00:00","2025-06-07T02:41:44.123+00:00",56.713333,"http://creativecommons.org/licenses/by-nc/4.0/legalcode",NA,NA,NA,NA,-5.239167,NA,"2024-05-27T22:22:17.000+00:00",5,NA,NA,NA,"https://www.inaturalist.org/observations/120153988",NA,"PRESENT","Sessilia",1426,NA,NA,NA,NA,NA,NA,NA,NA,"Arthropoda",54,NA,NA,NA,"DWC_ARCHIVE","EUROPE","GB","28eb1a3f-1c15-4a95-931a-4af90ecb574d","Rob Sidaway",NA,"https://www.inaturalist.org/observations/120153988","Rob Sidaway",NA,"Semibalanus balanoides (Linnaeus, 1767)",NA,NA,"Semibalanus balanoides",2115784,"balanoides",136,NA,"118832",2115784,"ACCEPTED","SPECIES",NA,NA,NA,"2022/05/16 1:15 PM",NA,"Highland Council, UK",NA,NA,NA,2022,2025-06-17
"203","Semibalanus balanoides (Linnaeus, 1767)",2115784,"England",NA,NA,"HUMAN_OBSERVATION",NA,NA,"Maxillopoda",203,"Maenporth Bay South, United Kingdom, EUROPE","The Rockpool Project | Imported records",NA,NA,"EUROPE",NA,50,"United Kingdom",367,NA,"97d01261-0027-4e89-a0d2-4a7d700f5fdb",NA,NA,2,NA,NA,NA,NA,NA,122,"2022-05-02","24663818",NA,NA,"Archaeobalanidae",5103,NA,NA,NA,NA,"United Kingdom of Great Britain and Northern Ireland","4595995334","EUROPE","Semibalanus","Semibalanus",2115783,"WGS84",NA,NA,NA,NA,NA,NA,"07f617d0-c688-11d8-bf62-b8a03c50a862",NA,NA,NA,"https://creativecommons.org/licenses/by/4.0/legalcode",NA,NA,"Marine Biological Association, and Biological Records Centre",NA,NA,NA,"Accepted",NA,"1b1dfcea-ecf5-4abd-b4be-994c15435d2b",NA,"99552c70-f762-11e1-a439-00145eb45e9a",NA,NA,NA,FALSE,NA,"GB",FALSE,"NE",4595995334,"Animalia",1,NA,"2025-06-12T23:10:37.497+00:00","2025-06-12T23:11:15.999+00:00","2025-06-12T23:11:15.999+00:00",50.124731,"http://creativecommons.org/licenses/by/4.0/legalcode",NA,"Maenporth Bay South",NA,NA,-5.091034,NA,NA,5,NA,NA,NA,"34389647",NA,"PRESENT","Sessilia",1426,NA,NA,NA,NA,NA,NA,NA,NA,"Arthropoda",54,NA,NA,NA,"DWC_ARCHIVE","EUROPE","GB","f6b48504-1651-4a49-a88d-c2bc6178694d","Sarah|Wheeler, E. Emma",NA,NA,NA,NA,"Semibalanus balanoides (Linnaeus, 1767)",NA,NA,"Semibalanus balanoides",2115784,"balanoides",122,"NBNSYS0000042568","NBNSYS0000042568",2115784,"ACCEPTED","SPECIES",NA,NA,NA,NA,NA,NA,"Acorn Barnacle",NA,NA,2022,2025-06-17
"206","Semibalanus balanoides (Linnaeus, 1767)",2115784,NA,NA,NA,"HUMAN_OBSERVATION",NA,NA,"Maxillopoda",203,"United Kingdom, EUROPE",NA,NA,NA,"EUROPE",NA,200,"United Kingdom",1,NA,"35d8478e-06b3-4851-a55a-bb166fa53832",NA,NA,14,NA,NA,NA,NA,NA,134,"2022-05-14","QUADS_CW_2022EN_Hol_L",NA,NA,"Archaeobalanidae",5103,NA,NA,NA,NA,"United Kingdom of Great Britain and Northern Ireland","5106984532","EUROPE","Semibalanus","Semibalanus",2115783,"WGS84",NA,NA,NA,NA,NA,NA,"cdcc4ce1-7f6e-4ed2-b47c-eb451925b038",NA,NA,NA,NA,NA,NA,NA,NA,NA,NA,NA,NA,"CIBIO_CW_2022EN_Hol_QL_180",NA,"06d75b22-fc7a-42ff-a14f-65a25cd0f3ab",NA,NA,NA,FALSE,NA,"GB",FALSE,"NE",5106984532,"Animalia",1,NA,"2025-04-14T08:40:40.760+00:00","2025-04-14T08:42:13.180+00:00","2025-04-14T08:42:13.180+00:00",53.319644,"http://creativecommons.org/licenses/by/4.0/legalcode",NA,NA,NA,"flat surface in low-intertidal zone",-4.660771,NA,NA,5,NA,NA,NA,"CIBIO_CW_2022EN_Hol_QL_180",NA,"PRESENT","Sessilia",1426,NA,NA,NA,NA,NA,NA,"QUADS_CW_2022-23",NA,"Arthropoda",54,NA,NA,NA,"EML","EUROPE","PT","37560003-ae75-43c3-95aa-48c98797aa2a",NA,NA,NA,NA,NA,"Semibalanus balanoides (Linnaeus, 1767)","urn:lsid:marinespecies.org:taxname:106210",NA,"Semibalanus balanoides",2115784,"balanoides",134,NA,NA,2115784,"ACCEPTED","SPECIES",NA,NA,NA,NA,"Semibalanus balanoides",NA,NA,NA,NA,2022,2025-06-17
"210","Semibalanus balanoides (Linnaeus, 1767)",2115784,NA,NA,NA,"HUMAN_OBSERVATION",NA,NA,"Maxillopoda",203,"Ireland, EUROPE",NA,NA,NA,"EUROPE",NA,200,"Ireland",1,NA,"35d8478e-06b3-4851-a55a-bb166fa53832",NA,NA,16,NA,NA,NA,NA,NA,136,"2022-05-16","QUADS_CW_2022IE_Eml_L",NA,NA,"Archaeobalanidae",5103,NA,NA,NA,NA,"Ireland","5106994647","EUROPE","Semibalanus","Semibalanus",2115783,"WGS84",NA,NA,NA,NA,NA,NA,"cdcc4ce1-7f6e-4ed2-b47c-eb451925b038",NA,NA,NA,NA,NA,NA,NA,NA,NA,NA,NA,NA,"CIBIO_CW_2022IE_Eml_QL_179",NA,"06d75b22-fc7a-42ff-a14f-65a25cd0f3ab",NA,NA,NA,FALSE,NA,"IE",FALSE,"NE",5106994647,"Animalia",1,NA,"2025-04-14T08:40:40.760+00:00","2025-04-14T08:42:16.080+00:00","2025-04-14T08:42:16.080+00:00",53.750704,"http://creativecommons.org/licenses/by/4.0/legalcode",NA,NA,NA,"flat surface in low-intertidal zone",-9.904551,NA,NA,5,NA,NA,NA,"CIBIO_CW_2022IE_Eml_QL_179",NA,"ABSENT","Sessilia",1426,NA,NA,NA,NA,NA,NA,"QUADS_CW_2022-23",NA,"Arthropoda",54,NA,NA,NA,"EML","EUROPE","PT","37560003-ae75-43c3-95aa-48c98797aa2a",NA,NA,NA,NA,NA,"Semibalanus balanoides (Linnaeus, 1767)","urn:lsid:marinespecies.org:taxname:106210",NA,"Semibalanus balanoides",2115784,"balanoides",136,NA,NA,2115784,"ACCEPTED","SPECIES",NA,NA,NA,NA,"Semibalanus balanoides",NA,NA,NA,NA,2022,2025-06-17
"214","Semibalanus balanoides (Linnaeus, 1767)",2115784,NA,NA,NA,"HUMAN_OBSERVATION",NA,NA,"Maxillopoda",203,"Ireland, EUROPE",NA,NA,NA,"EUROPE",NA,200,"Ireland",1,NA,"35d8478e-06b3-4851-a55a-bb166fa53832",NA,NA,15,NA,NA,NA,NA,NA,135,"2022-05-15","QUADS_CW_2022IE_MCa_L",NA,NA,"Archaeobalanidae",5103,NA,NA,NA,NA,"Ireland","5106994738","EUROPE","Semibalanus","Semibalanus",2115783,"WGS84",NA,NA,NA,NA,NA,NA,"cdcc4ce1-7f6e-4ed2-b47c-eb451925b038",NA,NA,NA,NA,NA,NA,NA,NA,NA,NA,NA,NA,"CIBIO_CW_2022IE_MCa_QL_179",NA,"06d75b22-fc7a-42ff-a14f-65a25cd0f3ab",NA,NA,NA,FALSE,NA,"IE",FALSE,"NE",5106994738,"Animalia",1,NA,"2025-04-14T08:40:40.760+00:00","2025-04-14T08:42:16.085+00:00","2025-04-14T08:42:16.085+00:00",52.125869,"http://creativecommons.org/licenses/by/4.0/legalcode",NA,NA,NA,"flat surface in low-intertidal zone",-10.109911,NA,NA,5,NA,NA,NA,"CIBIO_CW_2022IE_MCa_QL_179",NA,"PRESENT","Sessilia",1426,NA,NA,NA,NA,NA,NA,"QUADS_CW_2022-23",NA,"Arthropoda",54,NA,NA,NA,"EML","EUROPE","PT","37560003-ae75-43c3-95aa-48c98797aa2a",NA,NA,NA,NA,NA,"Semibalanus balanoides (Linnaeus, 1767)","urn:lsid:marinespecies.org:taxname:106210",NA,"Semibalanus balanoides",2115784,"balanoides",135,NA,NA,2115784,"ACCEPTED","SPECIES",NA,NA,NA,NA,"Semibalanus balanoides",NA,NA,NA,NA,2022,2025-06-17
"218","Semibalanus balanoides (Linnaeus, 1767)",2115784,NA,NA,NA,"HUMAN_OBSERVATION",NA,NA,"Maxillopoda",203,"United Kingdom, EUROPE",NA,NA,NA,"EUROPE",NA,200,"United Kingdom",1,NA,"35d8478e-06b3-4851-a55a-bb166fa53832",NA,NA,18,NA,NA,NA,NA,NA,138,"2022-05-18","QUADS_CW_2022SC_SCa_L",NA,NA,"Archaeobalanidae",5103,NA,NA,NA,NA,"United Kingdom of Great Britain and Northern Ireland","5106999194","EUROPE","Semibalanus","Semibalanus",2115783,"WGS84",NA,NA,NA,NA,NA,NA,"cdcc4ce1-7f6e-4ed2-b47c-eb451925b038",NA,NA,NA,NA,NA,NA,NA,NA,NA,NA,NA,NA,"CIBIO_CW_2022SC_SCa_QL_179",NA,"06d75b22-fc7a-42ff-a14f-65a25cd0f3ab",NA,NA,NA,FALSE,NA,"GB",FALSE,"NE",5106999194,"Animalia",1,NA,"2025-04-14T08:40:40.760+00:00","2025-04-14T08:42:16.358+00:00","2025-04-14T08:42:16.358+00:00",54.972346,"http://creativecommons.org/licenses/by/4.0/legalcode",NA,NA,NA,"flat surface in low-intertidal zone",-5.179356,NA,NA,5,NA,NA,NA,"CIBIO_CW_2022SC_SCa_QL_179",NA,"ABSENT","Sessilia",1426,NA,NA,NA,NA,NA,NA,"QUADS_CW_2022-23",NA,"Arthropoda",54,NA,NA,NA,"EML","EUROPE","PT","37560003-ae75-43c3-95aa-48c98797aa2a",NA,NA,NA,NA,NA,"Semibalanus balanoides (Linnaeus, 1767)","urn:lsid:marinespecies.org:taxname:106210",NA,"Semibalanus balanoides",2115784,"balanoides",138,NA,NA,2115784,"ACCEPTED","SPECIES",NA,NA,NA,NA,"Semibalanus balanoides",NA,NA,NA,NA,2022,2025-06-17
"223","Semibalanus balanoides (Linnaeus, 1767)",2115784,"Northern Ireland",NA,NA,"HUMAN_OBSERVATION",NA,NA,"Maxillopoda",203,"Kilkeel, Newry, UK, United Kingdom, EUROPE","iNaturalist | UK and IOM data",NA,NA,"EUROPE",NA,91,"United Kingdom",367,NA,"97d01261-0027-4e89-a0d2-4a7d700f5fdb",NA,NA,12,NA,NA,NA,NA,NA,163,"2022-06-12","20742408",NA,NA,"Archaeobalanidae",5103,NA,NA,NA,NA,"United Kingdom of Great Britain and Northern Ireland","4949071008","EUROPE","Semibalanus","Semibalanus",2115783,"WGS84",NA,NA,NA,NA,NA,NA,"07f617d0-c688-11d8-bf62-b8a03c50a862",NA,NA,NA,"https://creativecommons.org/licenses/by-nc/4.0/legalcode",NA,NA,"Marine Biological Association, and Biological Records Centre",NA,NA,NA,"Accepted - considered correct",NA,"0d932dfe-cc07-4dec-bc32-bc1cac4932c1",NA,"99552c70-f762-11e1-a439-00145eb45e9a",NA,NA,NA,TRUE,NA,"GB",FALSE,"NE",4949071008,"Animalia",1,NA,"2025-06-12T23:10:37.497+00:00","2025-06-12T23:11:24.157+00:00","2025-06-12T23:11:24.157+00:00",54.055426,"http://creativecommons.org/licenses/by/4.0/legalcode",NA,"Kilkeel, Newry, UK",NA,NA,-5.999169,NA,NA,6,NA,NA,NA,"28716126",NA,"PRESENT","Sessilia",1426,NA,NA,NA,NA,NA,NA,NA,NA,"Arthropoda",54,NA,NA,NA,"DWC_ARCHIVE","EUROPE","GB","f6b48504-1651-4a49-a88d-c2bc6178694d","Fredesler",NA,NA,NA,NA,"Semibalanus balanoides (Linnaeus, 1767)",NA,NA,"Semibalanus balanoides",2115784,"balanoides",163,"NBNSYS0000042568","NBNSYS0000042568",2115784,"ACCEPTED","SPECIES",NA,NA,NA,NA,NA,NA,"Acorn Barnacle",NA,NA,2022,2025-06-17
"224","Semibalanus balanoides (Linnaeus, 1767)",2115784,NA,NA,NA,"HUMAN_OBSERVATION",NA,"99928969553391485","Maxillopoda",203,"Killiney, Ireland, EUROPE","ExploreYourShore",NA,NA,"EUROPE",NA,100,"Ireland",263,"ExploreYourShore","17057301-35d8-4e33-b24f-13da5fe2d265",NA,NA,7,NA,NA,NA,NA,"County=Dublin",158,"2022-06-07",NA,NA,NA,"Archaeobalanidae",5103,NA,NA,NA,NA,"Ireland","4466047444","EUROPE","Semibalanus","Semibalanus",2115783,"WGS84",NA,NA,"verified by contributor",NA,NA,NA,"d2b97690-bfd6-11de-b279-d52977ace833",NA,"Data has been captured using a grid reference system. Provided location represents cell’s centre point and uncertainty represents cell’s size",NA,NA,NA,NA,NA,NA,NA,NA,NA,NA,"115193599",NA,"99672740-f762-11e1-a439-00145eb45e9a","NBDC",NA,NA,FALSE,NA,"IE",FALSE,"NE",4466047444,"Animalia",1,NA,"2025-06-04T15:56:28.195+00:00","2025-06-04T15:56:51.460+00:00","2025-06-04T15:56:51.460+00:00",53.265162,"http://creativecommons.org/licenses/by/4.0/legalcode",NA,"Killiney",NA,NA,-6.107442,NA,"2025-02-25T09:09:31.000+00:00",6,NA,NA,NA,"ie.nbdc.dataset.ExploreYourShore.99928969553391485",NA,"PRESENT","Sessilia",1426,NA,NA,NA,NA,NA,NA,NA,NA,"Arthropoda",54,NA,NA,NA,"DWC_ARCHIVE","EUROPE","IE","d2b97690-bfd6-11de-b279-d52977ace833","Michael McGovern",NA,NA,NA,NA,"Semibalanus balanoides (Linnaeus, 1767)",NA,NA,"Semibalanus balanoides",2115784,"balanoides",158,NA,NA,2115784,"ACCEPTED","SPECIES","Occurrence",NA,NA,NA,NA,NA,"Acorn Barnacle",NA,NA,2022,2025-06-17
"229","Semibalanus balanoides (Linnaeus, 1767)",2115784,NA,NA,NA,"HUMAN_OBSERVATION",NA,"99928969553392167","Maxillopoda",203,"Salthill, Ireland, EUROPE","ExploreYourShore",NA,NA,"EUROPE",NA,100,"Ireland",263,"ExploreYourShore","17057301-35d8-4e33-b24f-13da5fe2d265",NA,NA,3,NA,NA,NA,NA,"County=Galway",184,"2022-07-03",NA,NA,NA,"Archaeobalanidae",5103,NA,NA,NA,NA,"Ireland","4466048121","EUROPE","Semibalanus","Semibalanus",2115783,"WGS84",NA,NA,"verified by contributor",NA,NA,NA,"d2b97690-bfd6-11de-b279-d52977ace833",NA,"Data has been captured using a grid reference system. Provided location represents cell’s centre point and uncertainty represents cell’s size",NA,NA,NA,NA,NA,NA,NA,NA,NA,NA,"115193747",NA,"99672740-f762-11e1-a439-00145eb45e9a","NBDC",NA,NA,FALSE,NA,"IE",FALSE,"NE",4466048121,"Animalia",1,NA,"2025-06-04T15:56:28.195+00:00","2025-06-04T15:56:52.290+00:00","2025-06-04T15:56:52.290+00:00",53.261387,"http://creativecommons.org/licenses/by/4.0/legalcode",NA,"Salthill",NA,NA,-9.066936,NA,"2025-02-25T09:09:31.000+00:00",7,NA,NA,NA,"ie.nbdc.dataset.ExploreYourShore.99928969553392167",NA,"PRESENT","Sessilia",1426,NA,NA,NA,NA,NA,NA,NA,NA,"Arthropoda",54,NA,NA,NA,"DWC_ARCHIVE","EUROPE","IE","d2b97690-bfd6-11de-b279-d52977ace833","Garry Kendellen",NA,NA,NA,NA,"Semibalanus balanoides (Linnaeus, 1767)",NA,NA,"Semibalanus balanoides",2115784,"balanoides",184,NA,NA,2115784,"ACCEPTED","SPECIES","Occurrence",NA,NA,NA,NA,NA,"Acorn Barnacle",NA,NA,2022,2025-06-17
"230","Semibalanus balanoides (Linnaeus, 1767)",2115784,NA,NA,NA,"HUMAN_OBSERVATION",NA,"99928969553391662","Maxillopoda",203,"Malahide, Ireland, EUROPE","ExploreYourShore",NA,NA,"EUROPE",NA,100,"Ireland",263,"ExploreYourShore","17057301-35d8-4e33-b24f-13da5fe2d265",NA,NA,3,NA,NA,NA,NA,"County=Dublin;Abundance=1000",184,"2022-07-03",NA,NA,NA,"Archaeobalanidae",5103,NA,NA,NA,NA,"Ireland","4466062869","EUROPE","Semibalanus","Semibalanus",2115783,"WGS84",NA,NA,"verified by contributor",NA,NA,NA,"d2b97690-bfd6-11de-b279-d52977ace833",NA,"Data has been captured using a grid reference system. Provided location represents cell’s centre point and uncertainty represents cell’s size",NA,NA,NA,NA,NA,NA,NA,NA,NA,NA,"115193772",NA,"99672740-f762-11e1-a439-00145eb45e9a","NBDC",NA,NA,FALSE,NA,"IE",FALSE,"NE",4466062869,"Animalia",1,NA,"2025-06-04T15:56:28.195+00:00","2025-06-04T15:56:52.257+00:00","2025-06-04T15:56:52.257+00:00",53.45438,"http://creativecommons.org/licenses/by/4.0/legalcode",NA,"Malahide",NA,NA,-6.151754,NA,"2025-02-25T09:09:31.000+00:00",7,NA,NA,NA,"ie.nbdc.dataset.ExploreYourShore.99928969553391662",NA,"PRESENT","Sessilia",1426,NA,NA,NA,NA,NA,NA,NA,NA,"Arthropoda",54,NA,NA,NA,"DWC_ARCHIVE","EUROPE","IE","d2b97690-bfd6-11de-b279-d52977ace833","Szilvia Gal",NA,NA,NA,NA,"Semibalanus balanoides (Linnaeus, 1767)",NA,NA,"Semibalanus balanoides",2115784,"balanoides",184,NA,NA,2115784,"ACCEPTED","SPECIES","Occurrence",NA,NA,NA,NA,NA,"Acorn Barnacle",NA,NA,2022,2025-06-17
"231","Semibalanus balanoides (Linnaeus, 1767)",2115784,NA,NA,NA,"HUMAN_OBSERVATION",NA,"99928969553391337","Maxillopoda",203,"Howth, Ireland, EUROPE","ExploreYourShore",NA,NA,"EUROPE",NA,100,"Ireland",263,"ExploreYourShore","17057301-35d8-4e33-b24f-13da5fe2d265",NA,NA,13,NA,NA,NA,NA,"County=Dublin;Abundance=100",194,"2022-07-13",NA,NA,NA,"Archaeobalanidae",5103,NA,NA,NA,NA,"Ireland","4466047194","EUROPE","Semibalanus","Semibalanus",2115783,"WGS84",NA,NA,"verified by contributor",NA,NA,NA,"d2b97690-bfd6-11de-b279-d52977ace833",NA,"Data has been captured using a grid reference system. Provided location represents cell’s centre point and uncertainty represents cell’s size",NA,NA,NA,NA,NA,NA,NA,NA,NA,NA,"115193842",NA,"99672740-f762-11e1-a439-00145eb45e9a","NBDC",NA,NA,FALSE,NA,"IE",FALSE,"NE",4466047194,"Animalia",1,NA,"2025-06-04T15:56:28.195+00:00","2025-06-04T15:56:52.127+00:00","2025-06-04T15:56:52.127+00:00",53.361866,"http://creativecommons.org/licenses/by/4.0/legalcode",NA,"Howth",NA,NA,-6.073744,NA,"2025-02-25T09:09:31.000+00:00",7,NA,NA,NA,"ie.nbdc.dataset.ExploreYourShore.99928969553391337",NA,"PRESENT","Sessilia",1426,NA,NA,NA,NA,NA,NA,NA,NA,"Arthropoda",54,NA,NA,NA,"DWC_ARCHIVE","EUROPE","IE","d2b97690-bfd6-11de-b279-d52977ace833","Szilvia Gal",NA,NA,NA,NA,"Semibalanus balanoides (Linnaeus, 1767)",NA,NA,"Semibalanus balanoides",2115784,"balanoides",194,NA,NA,2115784,"ACCEPTED","SPECIES","Occurrence",NA,NA,NA,NA,NA,"Acorn Barnacle",NA,NA,2022,2025-06-17
"232","Semibalanus balanoides (Linnaeus, 1767)",2115784,NA,NA,NA,"HUMAN_OBSERVATION",NA,"100182717261416047","Maxillopoda",203,"Canty's Cove, Ireland, EUROPE","ExploreYourShore",NA,NA,"EUROPE",NA,100,"Ireland",263,"ExploreYourShore","17057301-35d8-4e33-b24f-13da5fe2d265",NA,NA,16,NA,NA,NA,NA,"County=Cork;Type of sighting=Alive",197,"2022-07-16",NA,NA,NA,"Archaeobalanidae",5103,NA,NA,NA,NA,"Ireland","4466051708","EUROPE","Semibalanus","Semibalanus",2115783,"WGS84",NA,NA,"verified by contributor",NA,NA,NA,"d2b97690-bfd6-11de-b279-d52977ace833",NA,"Data has been captured using a grid reference system. Provided location represents cell’s centre point and uncertainty represents cell’s size",NA,NA,NA,NA,NA,NA,NA,NA,NA,NA,"115195392",NA,"99672740-f762-11e1-a439-00145eb45e9a","NBDC",NA,NA,FALSE,NA,"IE",FALSE,"NE",4466051708,"Animalia",1,NA,"2025-06-04T15:56:28.195+00:00","2025-06-04T15:56:50.169+00:00","2025-06-04T15:56:50.169+00:00",51.526389,"http://creativecommons.org/licenses/by/4.0/legalcode",NA,"Canty's Cove",NA,NA,-9.709436,NA,"2025-02-25T09:09:31.000+00:00",7,NA,NA,NA,"ie.nbdc.dataset.ExploreYourShore.100182717261416047",NA,"PRESENT","Sessilia",1426,NA,NA,NA,NA,NA,NA,NA,NA,"Arthropoda",54,NA,NA,NA,"DWC_ARCHIVE","EUROPE","IE","d2b97690-bfd6-11de-b279-d52977ace833","Julia Cooper",NA,NA,NA,NA,"Semibalanus balanoides (Linnaeus, 1767)",NA,NA,"Semibalanus balanoides",2115784,"balanoides",197,NA,NA,2115784,"ACCEPTED","SPECIES","Occurrence",NA,NA,NA,NA,NA,"Acorn Barnacle",NA,NA,2022,2025-06-17
"233","Semibalanus balanoides (Linnaeus, 1767)",2115784,"England",NA,NA,"HUMAN_OBSERVATION",NA,"125463043","Maxillopoda",203,"United Kingdom, EUROPE","Observations",NA,NA,"EUROPE",NA,4,"United Kingdom",548,NA,"50c9509d-22c7-4a22-a47d-8c48425ef4a7","iNaturalist research-grade observations","2022-07-09T15:58:58",9,NA,NA,NA,NA,NA,190,"2022-07-09T16:58:37",NA,NA,"16:58:37+01:00","Archaeobalanidae",5103,NA,NA,NA,NA,"United Kingdom of Great Britain and Northern Ireland","3874011347","EUROPE","Semibalanus","Semibalanus",2115783,"WGS84",NA,NA,NA,NA,NA,NA,"28eb1a3f-1c15-4a95-931a-4af90ecb574d","wild",NA,NA,NA,NA,"estabell",NA,"277498982",NA,NA,NA,"Erik Stabell","125463043",NA,"997448a8-f762-11e1-a439-00145eb45e9a","iNaturalist",NA,NA,FALSE,NA,"GB",FALSE,"NE",3874011347,"Animalia",1,NA,"2025-06-06T14:41:08.836+00:00","2025-06-07T00:04:35.619+00:00","2025-06-07T00:04:35.619+00:00",55.667668,"http://creativecommons.org/licenses/by-nc/4.0/legalcode",NA,NA,NA,NA,-1.804582,NA,"2022-07-10T09:28:23.000+00:00",7,NA,NA,NA,"https://www.inaturalist.org/observations/125463043",NA,"PRESENT","Sessilia",1426,NA,NA,NA,NA,NA,NA,NA,NA,"Arthropoda",54,NA,NA,NA,"DWC_ARCHIVE","NORTH_AMERICA","US","28eb1a3f-1c15-4a95-931a-4af90ecb574d","Erik Stabell",NA,"https://www.inaturalist.org/observations/125463043","Erik Stabell",NA,"Semibalanus balanoides (Linnaeus, 1767)",NA,NA,"Semibalanus balanoides",2115784,"balanoides",190,NA,"118832",2115784,"ACCEPTED","SPECIES",NA,NA,NA,"2022-07-09 16:58:37+01:00",NA,"North Atlantic Ocean, Berwick-Upon-Tweed, England, GB",NA,NA,NA,2022,2025-06-17
"234","Semibalanus balanoides (Linnaeus, 1767)",2115784,"Northern Ireland",NA,NA,"HUMAN_OBSERVATION",NA,"127693652","Maxillopoda",203,"United Kingdom, EUROPE","Observations",NA,NA,"EUROPE",NA,NA,"United Kingdom",548,NA,"50c9509d-22c7-4a22-a47d-8c48425ef4a7","iNaturalist research-grade observations","2022-11-08T12:13:28",24,NA,NA,NA,NA,NA,205,"2022-07-24T13:53",NA,NA,"13:53:00+01:00","Archaeobalanidae",5103,NA,NA,NA,NA,"United Kingdom of Great Britain and Northern Ireland","3966635484","EUROPE","Semibalanus","Semibalanus",2115783,"WGS84",NA,NA,NA,NA,NA,NA,"28eb1a3f-1c15-4a95-931a-4af90ecb574d","wild",NA,NA,NA,NA,"irishminidoe",NA,"312237356",NA,NA,NA,"Kate Mooney","127693652",NA,"997448a8-f762-11e1-a439-00145eb45e9a","iNaturalist",NA,NA,TRUE,NA,"GB",FALSE,"NE",3966635484,"Animalia",1,NA,"2025-06-06T14:41:08.836+00:00","2025-06-07T01:19:21.923+00:00","2025-06-07T01:19:21.923+00:00",55.125808,"http://creativecommons.org/licenses/by-nc/4.0/legalcode",NA,NA,NA,NA,-6.040808,NA,"2022-11-12T18:41:37.000+00:00",7,NA,NA,NA,"https://www.inaturalist.org/observations/127693652","Under water","PRESENT","Sessilia",1426,NA,NA,NA,NA,NA,NA,NA,NA,"Arthropoda",54,NA,NA,NA,"DWC_ARCHIVE","NORTH_AMERICA","US","28eb1a3f-1c15-4a95-931a-4af90ecb574d","Jayne",NA,"https://www.inaturalist.org/observations/127693652","Jayne",NA,"Semibalanus balanoides (Linnaeus, 1767)",NA,NA,"Semibalanus balanoides",2115784,"balanoides",205,NA,"118832",2115784,"ACCEPTED","SPECIES",NA,NA,NA,"2022/07/24 1:53 PM",NA,"Causeway Coast and Glens, UK",NA,NA,NA,2022,2025-06-17
"235","Semibalanus balanoides (Linnaeus, 1767)",2115784,"Basse-Normandie",NA,NA,"HUMAN_OBSERVATION",NA,"150361131","Maxillopoda",203,"France, EUROPE","Observations",NA,NA,"EUROPE",NA,13,"France",548,NA,"50c9509d-22c7-4a22-a47d-8c48425ef4a7","iNaturalist research-grade observations","2023-03-06T00:18:00",25,NA,NA,NA,NA,"{""evidenceOfPresence"":""organism""}",206,"2022-07-25T16:24",NA,NA,"16:24:00+02:00","Archaeobalanidae",5103,NA,NA,NA,NA,"France","4063025636","EUROPE","Semibalanus","Semibalanus",2115783,"WGS84",NA,NA,NA,NA,NA,NA,"28eb1a3f-1c15-4a95-931a-4af90ecb574d","wild",NA,NA,NA,NA,"tusee",NA,"338887231",NA,NA,NA,"Thorsten Usée","150361131",NA,"997448a8-f762-11e1-a439-00145eb45e9a","iNaturalist",NA,NA,FALSE,NA,"FR",FALSE,"NE",4063025636,"Animalia",1,NA,"2025-06-06T14:41:08.836+00:00","2025-06-07T00:43:43.746+00:00","2025-06-07T00:43:43.746+00:00",49.669284,"http://creativecommons.org/licenses/by-nc/4.0/legalcode",NA,NA,NA,NA,-1.485963,NA,"2023-05-25T18:26:12.000+00:00",7,NA,NA,NA,"https://www.inaturalist.org/observations/150361131",NA,"PRESENT","Sessilia",1426,NA,NA,NA,NA,NA,NA,NA,NA,"Arthropoda",54,NA,NA,"https://www.inaturalist.org/projects/estrans-de-france-intertidal-zones-of-france|https://www.inaturalist.org/projects/estrans-de-normandie","DWC_ARCHIVE","NORTH_AMERICA","US","28eb1a3f-1c15-4a95-931a-4af90ecb574d","Thorsten Usée",NA,"https://www.inaturalist.org/observations/150361131","Thorsten Usée",NA,"Semibalanus balanoides (Linnaeus, 1767)",NA,NA,"Semibalanus balanoides",2115784,"balanoides",206,NA,"118832",2115784,"ACCEPTED","SPECIES",NA,NA,NA,"2022/07/25 4:24 PM",NA,"Fermanville, France",NA,"alive",NA,2022,2025-06-17
"237","Semibalanus balanoides (Linnaeus, 1767)",2115784,NA,NA,NA,"HUMAN_OBSERVATION",NA,NA,"Maxillopoda",203,"United Kingdom, EUROPE",NA,NA,NA,"EUROPE",NA,200,"United Kingdom",1,NA,"35d8478e-06b3-4851-a55a-bb166fa53832",NA,NA,16,NA,NA,NA,NA,NA,197,"2022-07-16","QUADS_CW_2022EN_Wem_L",NA,NA,"Archaeobalanidae",5103,NA,NA,NA,NA,"United Kingdom of Great Britain and Northern Ireland","5106999818","EUROPE","Semibalanus","Semibalanus",2115783,"WGS84",NA,NA,NA,NA,NA,NA,"cdcc4ce1-7f6e-4ed2-b47c-eb451925b038",NA,NA,NA,NA,NA,NA,NA,NA,NA,NA,NA,NA,"CIBIO_CW_2022EN_Wem_QL_179",NA,"06d75b22-fc7a-42ff-a14f-65a25cd0f3ab",NA,NA,NA,FALSE,NA,"GB",FALSE,"NE",5106999818,"Animalia",1,NA,"2025-04-14T08:40:40.760+00:00","2025-04-14T08:42:16.396+00:00","2025-04-14T08:42:16.396+00:00",50.314965,"http://creativecommons.org/licenses/by/4.0/legalcode",NA,NA,NA,"flat surface in low-intertidal zone",-4.108999,NA,NA,7,NA,NA,NA,"CIBIO_CW_2022EN_Wem_QL_179",NA,"ABSENT","Sessilia",1426,NA,NA,NA,NA,NA,NA,"QUADS_CW_2022-23",NA,"Arthropoda",54,NA,NA,NA,"EML","EUROPE","PT","37560003-ae75-43c3-95aa-48c98797aa2a",NA,NA,NA,NA,NA,"Semibalanus balanoides (Linnaeus, 1767)","urn:lsid:marinespecies.org:taxname:106210",NA,"Semibalanus balanoides",2115784,"balanoides",197,NA,NA,2115784,"ACCEPTED","SPECIES",NA,NA,NA,NA,"Semibalanus balanoides",NA,NA,NA,NA,2022,2025-06-17
"241","Semibalanus balanoides (Linnaeus, 1767)",2115784,NA,NA,NA,"HUMAN_OBSERVATION",NA,"99928969553391811","Maxillopoda",203,"Old Head, Louisburgh, Ireland, EUROPE","ExploreYourShore",NA,NA,"EUROPE",NA,100,"Ireland",263,"ExploreYourShore","17057301-35d8-4e33-b24f-13da5fe2d265",NA,NA,15,NA,NA,NA,NA,"County=Mayo;Abundance=1000",227,"2022-08-15",NA,NA,NA,"Archaeobalanidae",5103,NA,NA,NA,NA,"Ireland","4466050459","EUROPE","Semibalanus","Semibalanus",2115783,"WGS84",NA,NA,"verified by contributor",NA,NA,NA,"d2b97690-bfd6-11de-b279-d52977ace833",NA,"Data has been captured using a grid reference system. Provided location represents cell’s centre point and uncertainty represents cell’s size",NA,NA,NA,NA,NA,NA,NA,NA,NA,NA,"115194255",NA,"99672740-f762-11e1-a439-00145eb45e9a","NBDC",NA,NA,FALSE,NA,"IE",FALSE,"NE",4466050459,"Animalia",1,NA,"2025-06-04T15:56:28.195+00:00","2025-06-04T15:56:56.165+00:00","2025-06-04T15:56:56.165+00:00",53.779198,"http://creativecommons.org/licenses/by/4.0/legalcode",NA,"Old Head, Louisburgh",NA,NA,-9.768936,NA,"2025-02-25T09:09:31.000+00:00",8,NA,NA,NA,"ie.nbdc.dataset.ExploreYourShore.99928969553391811",NA,"PRESENT","Sessilia",1426,NA,NA,NA,NA,NA,NA,NA,NA,"Arthropoda",54,NA,NA,NA,"DWC_ARCHIVE","EUROPE","IE","d2b97690-bfd6-11de-b279-d52977ace833","Dave Wall",NA,NA,NA,NA,"Semibalanus balanoides (Linnaeus, 1767)",NA,NA,"Semibalanus balanoides",2115784,"balanoides",227,NA,NA,2115784,"ACCEPTED","SPECIES","Occurrence",NA,NA,NA,NA,NA,"Acorn Barnacle",NA,NA,2022,2025-06-17
"242","Semibalanus balanoides (Linnaeus, 1767)",2115784,NA,NA,NA,"HUMAN_OBSERVATION",NA,"99928969553391922","Maxillopoda",203,"Portmarnock Strand, Ireland, EUROPE","ExploreYourShore",NA,NA,"EUROPE",NA,100,"Ireland",263,"ExploreYourShore","17057301-35d8-4e33-b24f-13da5fe2d265",NA,NA,19,NA,NA,NA,NA,"County=Dublin;Abundance=10000",231,"2022-08-19",NA,NA,NA,"Archaeobalanidae",5103,NA,NA,NA,NA,"Ireland","4466050821","EUROPE","Semibalanus","Semibalanus",2115783,"WGS84",NA,NA,"verified by contributor",NA,NA,NA,"d2b97690-bfd6-11de-b279-d52977ace833",NA,"Data has been captured using a grid reference system. Provided location represents cell’s centre point and uncertainty represents cell’s size",NA,NA,NA,NA,NA,NA,NA,NA,NA,NA,"115194501",NA,"99672740-f762-11e1-a439-00145eb45e9a","NBDC",NA,NA,FALSE,NA,"IE",FALSE,"NE",4466050821,"Animalia",1,NA,"2025-06-04T15:56:28.195+00:00","2025-06-04T15:56:55.573+00:00","2025-06-04T15:56:55.573+00:00",53.440515,"http://creativecommons.org/licenses/by/4.0/legalcode",NA,"Portmarnock Strand",NA,NA,-6.1225,NA,"2025-02-25T09:09:31.000+00:00",8,NA,NA,NA,"ie.nbdc.dataset.ExploreYourShore.99928969553391922",NA,"PRESENT","Sessilia",1426,NA,NA,NA,NA,NA,NA,NA,NA,"Arthropoda",54,NA,NA,NA,"DWC_ARCHIVE","EUROPE","IE","d2b97690-bfd6-11de-b279-d52977ace833","Dave Wall",NA,NA,NA,NA,"Semibalanus balanoides (Linnaeus, 1767)",NA,NA,"Semibalanus balanoides",2115784,"balanoides",231,NA,NA,2115784,"ACCEPTED","SPECIES","Occurrence",NA,NA,NA,NA,NA,"Acorn Barnacle",NA,NA,2022,2025-06-17
"243","Semibalanus balanoides (Linnaeus, 1767)",2115784,NA,NA,NA,"HUMAN_OBSERVATION",NA,"99928969553392361","Maxillopoda",203,"Templetown Beach, Ireland, EUROPE","ExploreYourShore",NA,NA,"EUROPE",NA,100,"Ireland",263,"ExploreYourShore","17057301-35d8-4e33-b24f-13da5fe2d265",NA,NA,21,NA,NA,NA,NA,"County=Louth;Abundance=1",233,"2022-08-21",NA,NA,NA,"Archaeobalanidae",5103,NA,NA,NA,NA,"Ireland","4466048967","EUROPE","Semibalanus","Semibalanus",2115783,"WGS84",NA,NA,"verified by contributor",NA,NA,NA,"d2b97690-bfd6-11de-b279-d52977ace833",NA,"Data has been captured using a grid reference system. Provided location represents cell’s centre point and uncertainty represents cell’s size",NA,NA,NA,NA,NA,NA,NA,NA,NA,NA,"115194628",NA,"99672740-f762-11e1-a439-00145eb45e9a","NBDC",NA,NA,FALSE,NA,"IE",FALSE,"NE",4466048967,"Animalia",1,NA,"2025-06-04T15:56:28.195+00:00","2025-06-04T15:56:56.759+00:00","2025-06-04T15:56:56.759+00:00",53.98107,"http://creativecommons.org/licenses/by/4.0/legalcode",NA,"Templetown Beach",NA,NA,-6.145058,NA,"2025-02-25T09:09:31.000+00:00",8,NA,NA,NA,"ie.nbdc.dataset.ExploreYourShore.99928969553392361",NA,"PRESENT","Sessilia",1426,NA,NA,NA,NA,NA,NA,NA,NA,"Arthropoda",54,NA,NA,NA,"DWC_ARCHIVE","EUROPE","IE","d2b97690-bfd6-11de-b279-d52977ace833","Dave Wall",NA,NA,NA,NA,"Semibalanus balanoides (Linnaeus, 1767)",NA,NA,"Semibalanus balanoides",2115784,"balanoides",233,NA,NA,2115784,"ACCEPTED","SPECIES","Occurrence",NA,NA,NA,NA,NA,"Acorn Barnacle",NA,NA,2022,2025-06-17
"244","Semibalanus balanoides (Linnaeus, 1767)",2115784,NA,NA,NA,"HUMAN_OBSERVATION",NA,"99928969553391623","Maxillopoda",203,"Lehinch Beach, Ireland, EUROPE","ExploreYourShore",NA,NA,"EUROPE",NA,100,"Ireland",263,"ExploreYourShore","17057301-35d8-4e33-b24f-13da5fe2d265",NA,NA,17,NA,NA,NA,NA,"County=Clare;Abundance=1000",229,"2022-08-17",NA,NA,NA,"Archaeobalanidae",5103,NA,NA,NA,NA,"Ireland","4466062708","EUROPE","Semibalanus","Semibalanus",2115783,"WGS84",NA,NA,"verified by contributor",NA,NA,NA,"d2b97690-bfd6-11de-b279-d52977ace833",NA,"Data has been captured using a grid reference system. Provided location represents cell’s centre point and uncertainty represents cell’s size",NA,NA,NA,NA,NA,NA,NA,NA,NA,NA,"115194655",NA,"99672740-f762-11e1-a439-00145eb45e9a","NBDC",NA,NA,FALSE,NA,"IE",FALSE,"NE",4466062708,"Animalia",1,NA,"2025-06-04T15:56:28.195+00:00","2025-06-04T15:56:56.709+00:00","2025-06-04T15:56:56.709+00:00",52.936205,"http://creativecommons.org/licenses/by/4.0/legalcode",NA,"Lehinch Beach",NA,NA,-9.352299,NA,"2025-02-25T09:09:31.000+00:00",8,NA,NA,NA,"ie.nbdc.dataset.ExploreYourShore.99928969553391623",NA,"PRESENT","Sessilia",1426,NA,NA,NA,NA,NA,NA,NA,NA,"Arthropoda",54,NA,NA,NA,"DWC_ARCHIVE","EUROPE","IE","d2b97690-bfd6-11de-b279-d52977ace833","Dave Wall",NA,NA,NA,NA,"Semibalanus balanoides (Linnaeus, 1767)",NA,NA,"Semibalanus balanoides",2115784,"balanoides",229,NA,NA,2115784,"ACCEPTED","SPECIES","Occurrence",NA,NA,NA,NA,NA,"Acorn Barnacle",NA,NA,2022,2025-06-17
"245","Semibalanus balanoides (Linnaeus, 1767)",2115784,NA,NA,NA,"HUMAN_OBSERVATION",NA,"99928969553392570","Maxillopoda",203,"Waterville, Ireland, EUROPE","ExploreYourShore",NA,NA,"EUROPE",NA,100,"Ireland",263,"ExploreYourShore","17057301-35d8-4e33-b24f-13da5fe2d265",NA,NA,25,NA,NA,NA,NA,"County=Kerry;Abundance=F = 100+",237,"2022-08-25",NA,NA,NA,"Archaeobalanidae",5103,NA,NA,NA,NA,"Ireland","4466046726","EUROPE","Semibalanus","Semibalanus",2115783,"WGS84",NA,NA,"verified by contributor",NA,NA,NA,"d2b97690-bfd6-11de-b279-d52977ace833",NA,"Data has been captured using a grid reference system. Provided location represents cell’s centre point and uncertainty represents cell’s size",NA,NA,NA,NA,NA,NA,NA,NA,NA,NA,"115194702",NA,"99672740-f762-11e1-a439-00145eb45e9a","NBDC",NA,NA,FALSE,NA,"IE",FALSE,"NE",4466046726,"Animalia",1,NA,"2025-06-04T15:56:28.195+00:00","2025-06-04T15:56:56.610+00:00","2025-06-04T15:56:56.610+00:00",51.834167,"http://creativecommons.org/licenses/by/4.0/legalcode",NA,"Waterville",NA,NA,-10.183374,NA,"2025-02-25T09:09:31.000+00:00",8,NA,NA,NA,"ie.nbdc.dataset.ExploreYourShore.99928969553392570",NA,"PRESENT","Sessilia",1426,NA,NA,NA,NA,NA,NA,NA,NA,"Arthropoda",54,NA,NA,NA,"DWC_ARCHIVE","EUROPE","IE","d2b97690-bfd6-11de-b279-d52977ace833","Sea Synergy",NA,NA,NA,NA,"Semibalanus balanoides (Linnaeus, 1767)",NA,NA,"Semibalanus balanoides",2115784,"balanoides",237,NA,NA,2115784,"ACCEPTED","SPECIES","Occurrence",NA,NA,NA,NA,NA,"Acorn Barnacle",NA,NA,2022,2025-06-17
"246","Semibalanus balanoides (Linnaeus, 1767)",2115784,"Northern Ireland",NA,NA,"HUMAN_OBSERVATION",NA,"129999748","Maxillopoda",203,"United Kingdom, EUROPE","Observations",NA,NA,"EUROPE",NA,38,"United Kingdom",548,NA,"50c9509d-22c7-4a22-a47d-8c48425ef4a7","iNaturalist research-grade observations","2022-08-08T17:00:07",7,NA,NA,NA,NA,NA,219,"2022-08-07T13:25",NA,NA,"13:25:00+01:00","Archaeobalanidae",5103,NA,NA,NA,NA,"United Kingdom of Great Britain and Northern Ireland","3888741855","EUROPE","Semibalanus","Semibalanus",2115783,"WGS84",NA,NA,NA,NA,NA,NA,"28eb1a3f-1c15-4a95-931a-4af90ecb574d","wild",NA,NA,NA,NA,"hprice321",NA,"286781265",NA,NA,NA,"hprice321","129999748",NA,"997448a8-f762-11e1-a439-00145eb45e9a","iNaturalist",NA,NA,TRUE,NA,"GB",FALSE,"NE",3888741855,"Animalia",1,NA,"2025-06-06T14:41:08.836+00:00","2025-06-07T00:15:57.056+00:00","2025-06-07T00:15:57.056+00:00",54.677018,"http://creativecommons.org/licenses/by-nc/4.0/legalcode",NA,NA,NA,NA,-5.619989,NA,"2022-08-08T17:38:39.000+00:00",8,NA,NA,NA,"https://www.inaturalist.org/observations/129999748","I think....","PRESENT","Sessilia",1426,NA,NA,NA,NA,NA,NA,NA,NA,"Arthropoda",54,NA,NA,NA,"DWC_ARCHIVE","EUROPE","GB","28eb1a3f-1c15-4a95-931a-4af90ecb574d","hprice321",NA,"https://www.inaturalist.org/observations/129999748","hprice321",NA,"Semibalanus balanoides (Linnaeus, 1767)",NA,NA,"Semibalanus balanoides",2115784,"balanoides",219,NA,"118832",2115784,"ACCEPTED","SPECIES",NA,NA,NA,"2022/08/07 1:25 PM",NA,"Groomsport, Bangor, UK",NA,NA,NA,2022,2025-06-17
"247","Semibalanus balanoides (Linnaeus, 1767)",2115784,"Louth",NA,NA,"HUMAN_OBSERVATION",NA,"131625623","Maxillopoda",203,"Ireland, EUROPE","Observations",NA,NA,"EUROPE",NA,18,"Ireland",548,NA,"50c9509d-22c7-4a22-a47d-8c48425ef4a7","iNaturalist research-grade observations","2022-08-20T19:28:54",20,NA,NA,NA,NA,NA,232,"2022-08-20T12:13",NA,NA,"12:13:00+01:00","Archaeobalanidae",5103,NA,NA,NA,NA,"Ireland","3902501218","EUROPE","Semibalanus","Semibalanus",2115783,"WGS84",NA,NA,NA,NA,NA,NA,"28eb1a3f-1c15-4a95-931a-4af90ecb574d","wild",NA,NA,NA,NA,"hprice321",NA,"290271531",NA,NA,NA,"hprice321","131625623",NA,"997448a8-f762-11e1-a439-00145eb45e9a","iNaturalist",NA,NA,FALSE,NA,"IE",FALSE,"NE",3902501218,"Animalia",1,NA,"2025-06-06T14:41:08.836+00:00","2025-06-07T02:50:07.377+00:00","2025-06-07T02:50:07.377+00:00",54.097443,"http://creativecommons.org/licenses/by-nc/4.0/legalcode",NA,NA,NA,NA,-6.209927,NA,"2022-08-25T08:58:04.000+00:00",8,NA,NA,NA,"https://www.inaturalist.org/observations/131625623",NA,"PRESENT","Sessilia",1426,NA,NA,NA,NA,NA,NA,NA,NA,"Arthropoda",54,NA,NA,NA,"DWC_ARCHIVE","EUROPE","GB","28eb1a3f-1c15-4a95-931a-4af90ecb574d","hprice321",NA,"https://www.inaturalist.org/observations/131625623","hprice321",NA,"Semibalanus balanoides (Linnaeus, 1767)",NA,NA,"Semibalanus balanoides",2115784,"balanoides",232,NA,"118832",2115784,"ACCEPTED","SPECIES",NA,NA,NA,"2022/08/20 12:13 PM",NA,"A2, Newry BT34 3EB, UK",NA,NA,NA,2022,2025-06-17
"248","Semibalanus balanoides (Linnaeus, 1767)",2115784,"Northern Ireland",NA,NA,"HUMAN_OBSERVATION",NA,"132028018","Maxillopoda",203,"United Kingdom, EUROPE","Observations",NA,NA,"EUROPE",NA,13,"United Kingdom",548,NA,"50c9509d-22c7-4a22-a47d-8c48425ef4a7","iNaturalist research-grade observations","2022-08-23T16:50:08",23,NA,NA,NA,NA,"{""evidenceOfPresence"":""organism""}",235,"2022-08-23T14:18:47",NA,NA,"14:18:47+01:00","Archaeobalanidae",5103,NA,NA,NA,NA,"United Kingdom of Great Britain and Northern Ireland","3902980451","EUROPE","Semibalanus","Semibalanus",2115783,"WGS84",NA,NA,NA,NA,NA,NA,"28eb1a3f-1c15-4a95-931a-4af90ecb574d","wild",NA,NA,NA,NA,"daisyj5",NA,"291130425",NA,NA,NA,"Daisy Johnston","132028018",NA,"997448a8-f762-11e1-a439-00145eb45e9a","iNaturalist",NA,NA,TRUE,NA,"GB",FALSE,"NE",3902980451,"Animalia",1,NA,"2025-06-06T14:41:08.836+00:00","2025-06-07T01:38:22.906+00:00","2025-06-07T01:38:22.906+00:00",54.668131,"http://creativecommons.org/licenses/by-nc/4.0/legalcode",NA,NA,NA,NA,-5.678545,NA,"2022-09-11T18:31:47.000+00:00",8,NA,NA,NA,"https://www.inaturalist.org/observations/132028018",NA,"PRESENT","Sessilia",1426,NA,NA,NA,NA,NA,NA,NA,NA,"Arthropoda",54,NA,NA,NA,"DWC_ARCHIVE","EUROPE","GB","28eb1a3f-1c15-4a95-931a-4af90ecb574d","Daisy Johnston",NA,"https://www.inaturalist.org/observations/132028018","Daisy Johnston",NA,"Semibalanus balanoides (Linnaeus, 1767)",NA,NA,"Semibalanus balanoides",2115784,"balanoides",235,NA,"118832",2115784,"ACCEPTED","SPECIES",NA,NA,NA,"2022-08-23 14:18:47",NA,"Ards and North Down, UK",NA,"alive",NA,2022,2025-06-17
"249","Semibalanus balanoides (Linnaeus, 1767)",2115784,"Northern Ireland",NA,NA,"HUMAN_OBSERVATION",NA,"132029443","Maxillopoda",203,"United Kingdom, EUROPE","Observations",NA,NA,"EUROPE",NA,NA,"United Kingdom",548,NA,"50c9509d-22c7-4a22-a47d-8c48425ef4a7","iNaturalist research-grade observations","2022-08-23T17:00:14",23,NA,NA,NA,NA,NA,235,"2022-08-23T14:55:14",NA,NA,"14:55:14+01:00","Archaeobalanidae",5103,NA,NA,NA,NA,"United Kingdom of Great Britain and Northern Ireland","3903232051","EUROPE","Semibalanus","Semibalanus",2115783,"WGS84",NA,NA,NA,NA,NA,NA,"28eb1a3f-1c15-4a95-931a-4af90ecb574d","wild",NA,NA,NA,NA,"irishminidoe",NA,"291133260",NA,NA,NA,"Jayne","132029443",NA,"997448a8-f762-11e1-a439-00145eb45e9a","iNaturalist",NA,NA,FALSE,NA,"GB",FALSE,"NE",3903232051,"Animalia",1,NA,"2025-06-06T14:41:08.836+00:00","2025-06-07T00:05:11.131+00:00","2025-06-07T00:05:11.131+00:00",55.184753,"http://creativecommons.org/licenses/by-nc/4.0/legalcode",NA,NA,NA,NA,-6.719378,NA,"2022-08-24T13:56:16.000+00:00",8,NA,NA,NA,"https://www.inaturalist.org/observations/132029443",NA,"PRESENT","Sessilia",1426,NA,NA,NA,NA,NA,NA,NA,NA,"Arthropoda",54,NA,NA,NA,"DWC_ARCHIVE","EUROPE","GB","28eb1a3f-1c15-4a95-931a-4af90ecb574d","Jayne",NA,"https://www.inaturalist.org/observations/132029443","Jayne",NA,"Semibalanus balanoides (Linnaeus, 1767)",NA,NA,"Semibalanus balanoides",2115784,"balanoides",235,NA,"118832",2115784,"ACCEPTED","SPECIES",NA,NA,NA,"2022-08-23 13:55:14Z",NA,"The Promenade, Portstewart, Northern Ireland, GB",NA,NA,NA,2022,2025-06-17
"250","Semibalanus balanoides (Linnaeus, 1767)",2115784,"Northern Ireland",NA,NA,"HUMAN_OBSERVATION",NA,"132194674","Maxillopoda",203,"United Kingdom, EUROPE","Observations",NA,NA,"EUROPE",NA,21,"United Kingdom",548,NA,"50c9509d-22c7-4a22-a47d-8c48425ef4a7","iNaturalist research-grade observations","2022-08-24T21:25:44",24,NA,NA,NA,NA,"{""evidenceOfPresence"":""organism""}",236,"2022-08-24T19:53:40",NA,NA,"19:53:40+01:00","Archaeobalanidae",5103,NA,NA,NA,NA,"United Kingdom of Great Britain and Northern Ireland","3903237463","EUROPE","Semibalanus","Semibalanus",2115783,"WGS84",NA,NA,NA,NA,NA,NA,"28eb1a3f-1c15-4a95-931a-4af90ecb574d","wild",NA,NA,NA,NA,"daisyj5",NA,"291491009",NA,NA,NA,"Daisy Johnston","132194674",NA,"997448a8-f762-11e1-a439-00145eb45e9a","iNaturalist",NA,NA,TRUE,NA,"GB",FALSE,"NE",3903237463,"Animalia",1,NA,"2025-06-06T14:41:08.836+00:00","2025-06-07T01:59:26.677+00:00","2025-06-07T01:59:26.677+00:00",54.667502,"http://creativecommons.org/licenses/by-nc/4.0/legalcode",NA,NA,NA,NA,-5.677718,NA,"2022-09-11T18:31:47.000+00:00",8,NA,NA,NA,"https://www.inaturalist.org/observations/132194674",NA,"PRESENT","Sessilia",1426,NA,NA,NA,NA,NA,NA,NA,NA,"Arthropoda",54,NA,NA,NA,"DWC_ARCHIVE","EUROPE","GB","28eb1a3f-1c15-4a95-931a-4af90ecb574d","Daisy Johnston",NA,"https://www.inaturalist.org/observations/132194674","Daisy Johnston",NA,"Semibalanus balanoides (Linnaeus, 1767)",NA,NA,"Semibalanus balanoides",2115784,"balanoides",236,NA,"118832",2115784,"ACCEPTED","SPECIES",NA,NA,NA,"2022-08-24 19:53:40",NA,"Ards and North Down, UK",NA,"alive",NA,2022,2025-06-17
"254","Semibalanus balanoides (Linnaeus, 1767)",2115784,NA,NA,NA,"HUMAN_OBSERVATION",NA,"100182717261415677","Maxillopoda",203,"Myrtleville, Ireland, EUROPE","ExploreYourShore",NA,NA,"EUROPE",NA,100,"Ireland",263,"ExploreYourShore","17057301-35d8-4e33-b24f-13da5fe2d265",NA,NA,14,NA,NA,NA,NA,"County=Cork",257,"2022-09-14",NA,NA,NA,"Archaeobalanidae",5103,NA,NA,NA,NA,"Ireland","4466048556","EUROPE","Semibalanus","Semibalanus",2115783,"WGS84",NA,NA,"verified by contributor",NA,NA,NA,"d2b97690-bfd6-11de-b279-d52977ace833",NA,"Data has been captured using a grid reference system. Provided location represents cell’s centre point and uncertainty represents cell’s size",NA,NA,NA,NA,NA,NA,NA,NA,NA,NA,"115195005",NA,"99672740-f762-11e1-a439-00145eb45e9a","NBDC",NA,NA,FALSE,NA,"IE",FALSE,"NE",4466048556,"Animalia",1,NA,"2025-06-04T15:56:28.195+00:00","2025-06-04T15:56:49.343+00:00","2025-06-04T15:56:49.343+00:00",51.783135,"http://creativecommons.org/licenses/by/4.0/legalcode",NA,"Myrtleville",NA,NA,-8.294639,NA,"2025-02-25T09:09:31.000+00:00",9,NA,NA,NA,"ie.nbdc.dataset.ExploreYourShore.100182717261415677",NA,"PRESENT","Sessilia",1426,NA,NA,NA,NA,NA,NA,NA,NA,"Arthropoda",54,NA,NA,NA,"DWC_ARCHIVE","EUROPE","IE","d2b97690-bfd6-11de-b279-d52977ace833","Alex Johns",NA,NA,NA,NA,"Semibalanus balanoides (Linnaeus, 1767)",NA,NA,"Semibalanus balanoides",2115784,"balanoides",257,NA,NA,2115784,"ACCEPTED","SPECIES","Occurrence",NA,NA,NA,NA,NA,"Acorn Barnacle",NA,NA,2022,2025-06-17
"259","Semibalanus balanoides (Linnaeus, 1767)",2115784,NA,NA,NA,"HUMAN_OBSERVATION",NA,"100182717261415753","Maxillopoda",203,"rosbeg, Ireland, EUROPE","ExploreYourShore",NA,NA,"EUROPE",NA,100,"Ireland",263,"ExploreYourShore","17057301-35d8-4e33-b24f-13da5fe2d265",NA,NA,25,NA,NA,NA,NA,"County=Donegal;Type of sighting=Alive",268,"2022-09-25",NA,NA,NA,"Archaeobalanidae",5103,NA,NA,NA,NA,"Ireland","4466048611","EUROPE","Semibalanus","Semibalanus",2115783,"WGS84",NA,NA,"verified by contributor",NA,NA,NA,"d2b97690-bfd6-11de-b279-d52977ace833",NA,"Data has been captured using a grid reference system. Provided location represents cell’s centre point and uncertainty represents cell’s size",NA,NA,NA,NA,NA,NA,NA,NA,NA,NA,"115195084",NA,"99672740-f762-11e1-a439-00145eb45e9a","NBDC",NA,NA,FALSE,NA,"IE",FALSE,"NE",4466048611,"Animalia",1,NA,"2025-06-04T15:56:28.195+00:00","2025-06-04T15:56:49.284+00:00","2025-06-04T15:56:49.284+00:00",54.813007,"http://creativecommons.org/licenses/by/4.0/legalcode",NA,"rosbeg",NA,NA,-8.513244,NA,"2025-02-25T09:09:31.000+00:00",9,NA,NA,NA,"ie.nbdc.dataset.ExploreYourShore.100182717261415753",NA,"PRESENT","Sessilia",1426,NA,NA,NA,NA,NA,NA,NA,NA,"Arthropoda",54,NA,NA,NA,"DWC_ARCHIVE","EUROPE","IE","d2b97690-bfd6-11de-b279-d52977ace833","Valerie Pedlow",NA,NA,NA,NA,"Semibalanus balanoides (Linnaeus, 1767)",NA,NA,"Semibalanus balanoides",2115784,"balanoides",268,NA,NA,2115784,"ACCEPTED","SPECIES","Occurrence",NA,NA,NA,NA,NA,"Acorn Barnacle",NA,NA,2022,2025-06-17
"260","Semibalanus balanoides (Linnaeus, 1767)",2115784,"Northern Ireland",NA,NA,"HUMAN_OBSERVATION",NA,"134046306","Maxillopoda",203,"United Kingdom, EUROPE","Observations",NA,NA,"EUROPE",NA,NA,"United Kingdom",548,NA,"50c9509d-22c7-4a22-a47d-8c48425ef4a7","iNaturalist research-grade observations","2022-09-07T15:22:58",7,NA,NA,NA,NA,NA,250,"2022-09-07T14:05:03",NA,NA,"14:05:03+01:00","Archaeobalanidae",5103,NA,NA,NA,NA,"United Kingdom of Great Britain and Northern Ireland","3923657620","EUROPE","Semibalanus","Semibalanus",2115783,"WGS84",NA,NA,NA,NA,NA,NA,"28eb1a3f-1c15-4a95-931a-4af90ecb574d","wild",NA,NA,NA,NA,"patricktaggart",NA,"295358271",NA,NA,NA,"Patrick Taggart","134046306",NA,"997448a8-f762-11e1-a439-00145eb45e9a","iNaturalist",NA,NA,TRUE,NA,"GB",FALSE,"NE",3923657620,"Animalia",1,NA,"2025-06-06T14:41:08.836+00:00","2025-06-07T00:58:11.359+00:00","2025-06-07T00:58:11.359+00:00",54.624621,"http://creativecommons.org/licenses/by-nc/4.0/legalcode",NA,NA,NA,NA,-5.532397,NA,"2022-09-29T08:29:22.000+00:00",9,NA,NA,NA,"https://www.inaturalist.org/observations/134046306",NA,"PRESENT","Sessilia",1426,NA,NA,NA,NA,NA,NA,NA,NA,"Arthropoda",54,NA,NA,NA,"DWC_ARCHIVE","EUROPE","GB","28eb1a3f-1c15-4a95-931a-4af90ecb574d","Patrick Taggart",NA,"https://www.inaturalist.org/observations/134046306","Patrick Taggart",NA,"Semibalanus balanoides (Linnaeus, 1767)",NA,NA,"Semibalanus balanoides",2115784,"balanoides",250,NA,"118832",2115784,"ACCEPTED","SPECIES",NA,NA,NA,"2022-09-07 14:05:03",NA,"Ballyvester, Donaghadee BT21 0LN, UK",NA,NA,NA,2022,2025-06-17
"261","Semibalanus balanoides (Linnaeus, 1767)",2115784,"Northern Ireland",NA,NA,"HUMAN_OBSERVATION",NA,"135231028","Maxillopoda",203,"United Kingdom, EUROPE","Observations",NA,NA,"EUROPE",NA,NA,"United Kingdom",548,NA,"50c9509d-22c7-4a22-a47d-8c48425ef4a7","iNaturalist research-grade observations","2022-09-16T11:39:15",2,NA,NA,NA,NA,NA,245,"2022-09-02T19:35:27",NA,NA,"19:35:27+01:00","Archaeobalanidae",5103,NA,NA,NA,NA,"United Kingdom of Great Britain and Northern Ireland","3925090646","EUROPE","Semibalanus","Semibalanus",2115783,"WGS84",NA,NA,NA,NA,NA,NA,"28eb1a3f-1c15-4a95-931a-4af90ecb574d","wild",NA,NA,NA,NA,"jade_kirkpatrick",NA,"297923662",NA,NA,NA,"Jade Kirkpatrick","135231028",NA,"997448a8-f762-11e1-a439-00145eb45e9a","iNaturalist",NA,NA,TRUE,NA,"GB",FALSE,"NE",3925090646,"Animalia",1,NA,"2025-06-06T14:41:08.836+00:00","2025-06-07T01:58:26.941+00:00","2025-06-07T01:58:26.941+00:00",54.667456,"http://creativecommons.org/licenses/by-nc/4.0/legalcode",NA,NA,NA,NA,-5.677234,NA,"2022-10-07T20:03:43.000+00:00",9,NA,NA,NA,"https://www.inaturalist.org/observations/135231028",NA,"PRESENT","Sessilia",1426,NA,NA,NA,NA,NA,NA,NA,NA,"Arthropoda",54,NA,NA,NA,"DWC_ARCHIVE","NORTH_AMERICA","US","28eb1a3f-1c15-4a95-931a-4af90ecb574d","Jade Kirkpatrick",NA,"https://www.inaturalist.org/observations/135231028","Jade Kirkpatrick",NA,"Semibalanus balanoides (Linnaeus, 1767)",NA,NA,"Semibalanus balanoides",2115784,"balanoides",245,NA,"118832",2115784,"ACCEPTED","SPECIES",NA,NA,NA,"2022-09-02 19:35:27",NA,"Ards and North Down, UK",NA,NA,NA,2022,2025-06-17
"264","Semibalanus balanoides (Linnaeus, 1767)",2115784,NA,NA,NA,"HUMAN_OBSERVATION",NA,"100182717261415889","Maxillopoda",203,"Drains Bay, United Kingdom, EUROPE","ExploreYourShore",NA,NA,"EUROPE",NA,100,"United Kingdom",263,"ExploreYourShore","17057301-35d8-4e33-b24f-13da5fe2d265",NA,NA,2,NA,NA,NA,NA,"County=Antrim;Type of sighting=Alive",275,"2022-10-02",NA,NA,NA,"Archaeobalanidae",5103,NA,NA,NA,NA,"United Kingdom of Great Britain and Northern Ireland","4466056859","EUROPE","Semibalanus","Semibalanus",2115783,"WGS84",NA,NA,"verified by contributor",NA,NA,NA,"d2b97690-bfd6-11de-b279-d52977ace833",NA,"Data has been captured using a grid reference system. Provided location represents cell’s centre point and uncertainty represents cell’s size",NA,NA,NA,NA,NA,NA,NA,NA,NA,NA,"115195228",NA,"99672740-f762-11e1-a439-00145eb45e9a","NBDC",NA,NA,FALSE,NA,"GB",FALSE,"NE",4466056859,"Animalia",1,NA,"2025-06-04T15:56:28.195+00:00","2025-06-04T15:56:50.424+00:00","2025-06-04T15:56:50.424+00:00",54.879926,"http://creativecommons.org/licenses/by/4.0/legalcode",NA,"Drains Bay",NA,NA,-5.836171,NA,"2025-02-25T09:09:31.000+00:00",10,NA,NA,NA,"ie.nbdc.dataset.ExploreYourShore.100182717261415889",NA,"PRESENT","Sessilia",1426,NA,NA,NA,NA,NA,NA,NA,NA,"Arthropoda",54,NA,NA,NA,"DWC_ARCHIVE","EUROPE","IE","d2b97690-bfd6-11de-b279-d52977ace833","David Craig",NA,NA,NA,NA,"Semibalanus balanoides (Linnaeus, 1767)",NA,NA,"Semibalanus balanoides",2115784,"balanoides",275,NA,NA,2115784,"ACCEPTED","SPECIES","Occurrence",NA,NA,NA,NA,NA,"Acorn Barnacle",NA,NA,2022,2025-06-17
"265","Semibalanus balanoides (Linnaeus, 1767)",2115784,NA,NA,NA,"HUMAN_OBSERVATION",NA,"100182717261415918","Maxillopoda",203,"Blackrock, Ireland, EUROPE","ExploreYourShore",NA,NA,"EUROPE",NA,100,"Ireland",263,"ExploreYourShore","17057301-35d8-4e33-b24f-13da5fe2d265",NA,NA,20,NA,NA,NA,NA,"County=Dublin;Abundance=1000;Type of sighting=Alive",293,"2022-10-20",NA,NA,NA,"Archaeobalanidae",5103,NA,NA,NA,NA,"Ireland","4466057063","EUROPE","Semibalanus","Semibalanus",2115783,"WGS84",NA,NA,"verified by contributor",NA,NA,NA,"d2b97690-bfd6-11de-b279-d52977ace833",NA,"Data has been captured using a grid reference system. Provided location represents cell’s centre point and uncertainty represents cell’s size",NA,NA,NA,NA,NA,NA,NA,NA,NA,NA,"115195260",NA,"99672740-f762-11e1-a439-00145eb45e9a","NBDC",NA,NA,FALSE,NA,"IE",FALSE,"NE",4466057063,"Animalia",1,NA,"2025-06-04T15:56:28.195+00:00","2025-06-04T15:56:50.401+00:00","2025-06-04T15:56:50.401+00:00",53.3109,"http://creativecommons.org/licenses/by/4.0/legalcode",NA,"Blackrock",NA,NA,-6.195122,NA,"2025-02-25T09:09:31.000+00:00",10,NA,NA,NA,"ie.nbdc.dataset.ExploreYourShore.100182717261415918",NA,"PRESENT","Sessilia",1426,NA,NA,NA,NA,NA,NA,NA,NA,"Arthropoda",54,NA,NA,NA,"DWC_ARCHIVE","EUROPE","IE","d2b97690-bfd6-11de-b279-d52977ace833","Hilary Rimbi",NA,NA,NA,NA,"Semibalanus balanoides (Linnaeus, 1767)",NA,NA,"Semibalanus balanoides",2115784,"balanoides",293,NA,NA,2115784,"ACCEPTED","SPECIES","Occurrence",NA,NA,NA,NA,NA,"Acorn Barnacle",NA,NA,2022,2025-06-17
"266","Semibalanus balanoides (Linnaeus, 1767)",2115784,"Wales",NA,NA,"HUMAN_OBSERVATION",NA,"138806615","Maxillopoda",203,"United Kingdom, EUROPE","Observations",NA,NA,"EUROPE",NA,4,"United Kingdom",548,NA,"50c9509d-22c7-4a22-a47d-8c48425ef4a7","iNaturalist research-grade observations","2022-10-15T06:51:50",14,NA,NA,NA,NA,NA,287,"2022-10-14T17:27:35",NA,NA,"17:27:35+01:00","Archaeobalanidae",5103,NA,NA,NA,NA,"United Kingdom of Great Britain and Northern Ireland","4901998353","EUROPE","Semibalanus","Semibalanus",2115783,"WGS84",NA,NA,NA,NA,NA,NA,"28eb1a3f-1c15-4a95-931a-4af90ecb574d","wild",NA,NA,NA,NA,"bobharding",NA,"305960781",NA,NA,NA,"Robert W. Harding","138806615",NA,"997448a8-f762-11e1-a439-00145eb45e9a","iNaturalist",NA,NA,FALSE,NA,"GB",FALSE,"NE",4901998353,"Animalia",1,NA,"2025-06-06T14:41:08.836+00:00","2025-06-07T01:19:33.630+00:00","2025-06-07T01:19:33.630+00:00",53.325203,"http://creativecommons.org/licenses/by-nc/4.0/legalcode",NA,NA,NA,NA,-3.827072,NA,"2024-06-16T12:51:56.000+00:00",10,NA,NA,NA,"https://www.inaturalist.org/observations/138806615",NA,"PRESENT","Sessilia",1426,NA,NA,NA,NA,NA,NA,NA,NA,"Arthropoda",54,NA,NA,NA,"DWC_ARCHIVE","NORTH_AMERICA","CA","28eb1a3f-1c15-4a95-931a-4af90ecb574d","Robert W. Harding",NA,"https://www.inaturalist.org/observations/138806615","Robert W. Harding",NA,"Semibalanus balanoides (Linnaeus, 1767)",NA,NA,"Semibalanus balanoides",2115784,"balanoides",287,NA,"118832",2115784,"ACCEPTED","SPECIES",NA,NA,NA,"2022-10-14 17:27:35+01:00",NA,"Ormes Bay, Llandudno, Wales, GB",NA,NA,NA,2022,2025-06-17
"267","Semibalanus balanoides (Linnaeus, 1767)",2115784,NA,NA,NA,"HUMAN_OBSERVATION",NA,"100182717261416248","Maxillopoda",203,"Ballinesker Curracloe, Ireland, EUROPE","ExploreYourShore",NA,NA,"EUROPE",NA,100,"Ireland",263,"ExploreYourShore","17057301-35d8-4e33-b24f-13da5fe2d265",NA,NA,25,NA,NA,NA,NA,"County=Wexford;Abundance=8;Type of sighting=Dead/Stranded",329,"2022-11-25",NA,NA,NA,"Archaeobalanidae",5103,NA,NA,NA,NA,"Ireland","4466052944","EUROPE","Semibalanus","Semibalanus",2115783,"WGS84",NA,NA,"verified by contributor",NA,NA,NA,"d2b97690-bfd6-11de-b279-d52977ace833",NA,"Data has been captured using a grid reference system. Provided location represents cell’s centre point and uncertainty represents cell’s size",NA,NA,NA,NA,NA,NA,NA,NA,NA,NA,"115195601",NA,"99672740-f762-11e1-a439-00145eb45e9a","NBDC",NA,NA,FALSE,NA,"IE",FALSE,"NE",4466052944,"Animalia",1,NA,"2025-06-04T15:56:28.195+00:00","2025-06-04T15:56:51.110+00:00","2025-06-04T15:56:51.110+00:00",52.407339,"http://creativecommons.org/licenses/by/4.0/legalcode",NA,"Ballinesker Curracloe",NA,NA,-6.354217,NA,"2025-02-25T09:09:31.000+00:00",11,NA,NA,NA,"ie.nbdc.dataset.ExploreYourShore.100182717261416248",NA,"PRESENT","Sessilia",1426,NA,NA,NA,NA,NA,NA,NA,NA,"Arthropoda",54,NA,NA,NA,"DWC_ARCHIVE","EUROPE","IE","d2b97690-bfd6-11de-b279-d52977ace833","Jonathan Derham",NA,NA,NA,NA,"Semibalanus balanoides (Linnaeus, 1767)",NA,NA,"Semibalanus balanoides",2115784,"balanoides",329,NA,NA,2115784,"ACCEPTED","SPECIES","Occurrence",NA,NA,NA,NA,NA,"Acorn Barnacle",NA,NA,2022,2025-06-17
"268","Semibalanus balanoides (Linnaeus, 1767)",2115784,"Scotland",NA,NA,"HUMAN_OBSERVATION",NA,"141082823","Maxillopoda",203,"United Kingdom, EUROPE","Observations",NA,NA,"EUROPE",NA,15,"United Kingdom",548,NA,"50c9509d-22c7-4a22-a47d-8c48425ef4a7","iNaturalist research-grade observations","2022-11-04T17:20:10",4,NA,NA,NA,NA,NA,308,"2022-11-04T14:42Z",NA,NA,"14:42:00+00:00","Archaeobalanidae",5103,NA,NA,NA,NA,"United Kingdom of Great Britain and Northern Ireland","4006538599","EUROPE","Semibalanus","Semibalanus",2115783,"WGS84",NA,NA,NA,NA,NA,NA,"28eb1a3f-1c15-4a95-931a-4af90ecb574d","wild",NA,NA,NA,NA,"bonxie62",NA,"311304348",NA,NA,NA,"Graeme Baxter","141082823",NA,"997448a8-f762-11e1-a439-00145eb45e9a","iNaturalist",NA,NA,FALSE,NA,"GB",FALSE,"NE",4006538599,"Animalia",1,NA,"2025-06-06T14:41:08.836+00:00","2025-06-07T00:27:08.022+00:00","2025-06-07T00:27:08.022+00:00",57.316306,"http://creativecommons.org/publicdomain/zero/1.0/legalcode",NA,NA,NA,NA,-1.991351,NA,"2024-02-22T20:49:38.000+00:00",11,NA,NA,NA,"https://www.inaturalist.org/observations/141082823",NA,"PRESENT","Sessilia",1426,NA,NA,NA,NA,NA,NA,NA,NA,"Arthropoda",54,NA,NA,NA,"DWC_ARCHIVE","NORTH_AMERICA","US","28eb1a3f-1c15-4a95-931a-4af90ecb574d","Graeme Baxter",NA,"https://www.inaturalist.org/observations/141082823","Graeme Baxter",NA,"Semibalanus balanoides (Linnaeus, 1767)",NA,NA,"Semibalanus balanoides",2115784,"balanoides",308,NA,"118832",2115784,"ACCEPTED","SPECIES",NA,NA,NA,"2022/11/04 2:42 PM",NA,"Aberdeenshire, UK",NA,NA,NA,2022,2025-06-17
