"","id","expl.name","expl.val","pred.name","pred.val"
"1",1,"ocean_temp",9.97082319535777,"Chthamalus.montagui_EMmeanByTSS_mergedData_mergedRun_mergedAlgo",0.0395901513531485
"2",1,"ocean_temp",9.97082319535777,"Chthamalus.montagui_EMmeanByROC_mergedData_mergedRun_mergedAlgo",0.0395901513531485
"3",1,"ocean_temp",9.97082319535777,"Chthamalus.montagui_EMciSupByTSS_mergedData_mergedRun_mergedAlgo",0.0820492152422496
"4",2,"ocean_temp",10.002865243032,"Chthamalus.montagui_EMmeanByROC_mergedData_mergedRun_mergedAlgo",0.0402390326725988
"5",2,"ocean_temp",10.002865243032,"Chthamalus.montagui_EMciSupByTSS_mergedData_mergedRun_mergedAlgo",0.0826991977315019
"6",2,"ocean_temp",10.002865243032,"Chthamalus.montagui_EMmeanByTSS_mergedData_mergedRun_mergedAlgo",0.0402390326725988
"7",3,"ocean_temp",10.0349072907063,"Chthamalus.montagui_EMciSupByTSS_mergedData_mergedRun_mergedAlgo",0.0834165428495546
"8",3,"ocean_temp",10.0349072907063,"Chthamalus.montagui_EMmeanByROC_mergedData_mergedRun_mergedAlgo",0.0409315170423337
"9",3,"ocean_temp",10.0349072907063,"Chthamalus.montagui_EMmeanByTSS_mergedData_mergedRun_mergedAlgo",0.0409315170423337
"10",4,"ocean_temp",10.0669493383806,"Chthamalus.montagui_EMmeanByROC_mergedData_mergedRun_mergedAlgo",0.0416702890836555
"11",4,"ocean_temp",10.0669493383806,"Chthamalus.montagui_EMciSupByTSS_mergedData_mergedRun_mergedAlgo",0.0842086986308424
"12",4,"ocean_temp",10.0669493383806,"Chthamalus.montagui_EMmeanByTSS_mergedData_mergedRun_mergedAlgo",0.0416702890836555
"13",5,"ocean_temp",10.0989913860549,"Chthamalus.montagui_EMmeanByROC_mergedData_mergedRun_mergedAlgo",0.0424581607615133
"14",5,"ocean_temp",10.0989913860549,"Chthamalus.montagui_EMmeanByTSS_mergedData_mergedRun_mergedAlgo",0.0424581607615133
"15",5,"ocean_temp",10.0989913860549,"Chthamalus.montagui_EMciSupByTSS_mergedData_mergedRun_mergedAlgo",0.0850838871235931
"16",6,"ocean_temp",10.1310334337291,"Chthamalus.montagui_EMmeanByROC_mergedData_mergedRun_mergedAlgo",0.0432980715314483
"17",6,"ocean_temp",10.1310334337291,"Chthamalus.montagui_EMciSupByTSS_mergedData_mergedRun_mergedAlgo",0.0860511513150108
"18",6,"ocean_temp",10.1310334337291,"Chthamalus.montagui_EMmeanByTSS_mergedData_mergedRun_mergedAlgo",0.0432980715314483
"19",7,"ocean_temp",10.1630754814034,"Chthamalus.montagui_EMciSupByTSS_mergedData_mergedRun_mergedAlgo",0.0871203932914092
"20",7,"ocean_temp",10.1630754814034,"Chthamalus.montagui_EMmeanByTSS_mergedData_mergedRun_mergedAlgo",0.0441930873917256
"21",7,"ocean_temp",10.1630754814034,"Chthamalus.montagui_EMmeanByROC_mergedData_mergedRun_mergedAlgo",0.0441930873917256
"22",8,"ocean_temp",10.1951175290777,"Chthamalus.montagui_EMmeanByROC_mergedData_mergedRun_mergedAlgo",0.0451463986550595
"23",8,"ocean_temp",10.1951175290777,"Chthamalus.montagui_EMciSupByTSS_mergedData_mergedRun_mergedAlgo",0.0883023996600945
"24",8,"ocean_temp",10.1951175290777,"Chthamalus.montagui_EMmeanByTSS_mergedData_mergedRun_mergedAlgo",0.0451463986550595
"25",9,"ocean_temp",10.227159576752,"Chthamalus.montagui_EMmeanByROC_mergedData_mergedRun_mergedAlgo",0.0461613162374428
"26",9,"ocean_temp",10.227159576752,"Chthamalus.montagui_EMciSupByTSS_mergedData_mergedRun_mergedAlgo",0.0896088497979127
"27",9,"ocean_temp",10.227159576752,"Chthamalus.montagui_EMmeanByTSS_mergedData_mergedRun_mergedAlgo",0.0461613162374428
"28",10,"ocean_temp",10.2592016244262,"Chthamalus.montagui_EMmeanByROC_mergedData_mergedRun_mergedAlgo",0.0472412662451806
"29",10,"ocean_temp",10.2592016244262,"Chthamalus.montagui_EMciSupByTSS_mergedData_mergedRun_mergedAlgo",0.0910523022770754
"30",10,"ocean_temp",10.2592016244262,"Chthamalus.montagui_EMmeanByTSS_mergedData_mergedRun_mergedAlgo",0.0472412662451806
"31",11,"ocean_temp",10.2912436721005,"Chthamalus.montagui_EMmeanByROC_mergedData_mergedRun_mergedAlgo",0.0483897826260074
"32",11,"ocean_temp",10.2912436721005,"Chthamalus.montagui_EMciSupByTSS_mergedData_mergedRun_mergedAlgo",0.0926461549846131
"33",11,"ocean_temp",10.2912436721005,"Chthamalus.montagui_EMmeanByTSS_mergedData_mergedRun_mergedAlgo",0.0483897826260074
"34",12,"ocean_temp",10.3232857197748,"Chthamalus.montagui_EMmeanByROC_mergedData_mergedRun_mergedAlgo",0.0496104976368688
"35",12,"ocean_temp",10.3232857197748,"Chthamalus.montagui_EMciSupByTSS_mergedData_mergedRun_mergedAlgo",0.0944045751241225
"36",12,"ocean_temp",10.3232857197748,"Chthamalus.montagui_EMmeanByTSS_mergedData_mergedRun_mergedAlgo",0.0496104976368688
"37",13,"ocean_temp",10.3553277674491,"Chthamalus.montagui_EMmeanByROC_mergedData_mergedRun_mergedAlgo",0.0509071298705206
"38",13,"ocean_temp",10.3553277674491,"Chthamalus.montagui_EMciSupByTSS_mergedData_mergedRun_mergedAlgo",0.096342396555681
"39",13,"ocean_temp",10.3553277674491,"Chthamalus.montagui_EMmeanByTSS_mergedData_mergedRun_mergedAlgo",0.0509071298705206
"40",14,"ocean_temp",10.3873698151233,"Chthamalus.montagui_EMmeanByTSS_mergedData_mergedRun_mergedAlgo",0.0522834695766354
"41",14,"ocean_temp",10.3873698151233,"Chthamalus.montagui_EMmeanByROC_mergedData_mergedRun_mergedAlgo",0.0522834695766354
"42",14,"ocean_temp",10.3873698151233,"Chthamalus.montagui_EMciSupByTSS_mergedData_mergedRun_mergedAlgo",0.0984749838015702
"43",15,"ocean_temp",10.4194118627976,"Chthamalus.montagui_EMmeanByROC_mergedData_mergedRun_mergedAlgo",0.0537433610119543
"44",15,"ocean_temp",10.4194118627976,"Chthamalus.montagui_EMciSupByTSS_mergedData_mergedRun_mergedAlgo",0.10081806441541
"45",15,"ocean_temp",10.4194118627976,"Chthamalus.montagui_EMmeanByTSS_mergedData_mergedRun_mergedAlgo",0.0537433610119543
"46",16,"ocean_temp",10.4514539104719,"Chthamalus.montagui_EMciSupByTSS_mergedData_mergedRun_mergedAlgo",0.103387534037317
"47",16,"ocean_temp",10.4514539104719,"Chthamalus.montagui_EMmeanByROC_mergedData_mergedRun_mergedAlgo",0.0552906815595602
"48",16,"ocean_temp",10.4514539104719,"Chthamalus.montagui_EMmeanByTSS_mergedData_mergedRun_mergedAlgo",0.0552906815595602
"49",17,"ocean_temp",10.4834959581461,"Chthamalus.montagui_EMmeanByROC_mergedData_mergedRun_mergedAlgo",0.0569293173712639
"50",17,"ocean_temp",10.4834959581461,"Chthamalus.montagui_EMciSupByTSS_mergedData_mergedRun_mergedAlgo",0.106199240971813
"51",17,"ocean_temp",10.4834959581461,"Chthamalus.montagui_EMmeanByTSS_mergedData_mergedRun_mergedAlgo",0.0569293173712639
"52",18,"ocean_temp",10.5155380058204,"Chthamalus.montagui_EMmeanByROC_mergedData_mergedRun_mergedAlgo",0.0586631353111734
"53",18,"ocean_temp",10.5155380058204,"Chthamalus.montagui_EMmeanByTSS_mergedData_mergedRun_mergedAlgo",0.0586631353111734
"54",18,"ocean_temp",10.5155380058204,"Chthamalus.montagui_EMciSupByTSS_mergedData_mergedRun_mergedAlgo",0.109268759096319
"55",19,"ocean_temp",10.5475800534947,"Chthamalus.montagui_EMmeanByROC_mergedData_mergedRun_mergedAlgo",0.0604959510144951
"56",19,"ocean_temp",10.5475800534947,"Chthamalus.montagui_EMciSupByTSS_mergedData_mergedRun_mergedAlgo",0.112611158933709
"57",19,"ocean_temp",10.5475800534947,"Chthamalus.montagui_EMmeanByTSS_mergedData_mergedRun_mergedAlgo",0.0604959510144951
"58",20,"ocean_temp",10.579622101169,"Chthamalus.montagui_EMciSupByTSS_mergedData_mergedRun_mergedAlgo",0.116240786540597
"59",20,"ocean_temp",10.579622101169,"Chthamalus.montagui_EMmeanByTSS_mergedData_mergedRun_mergedAlgo",0.0624314929254208
"60",20,"ocean_temp",10.579622101169,"Chthamalus.montagui_EMmeanByROC_mergedData_mergedRun_mergedAlgo",0.0624314929254208
"61",21,"ocean_temp",10.6116641488432,"Chthamalus.montagui_EMmeanByTSS_mergedData_mergedRun_mergedAlgo",0.0644733622433522
"62",21,"ocean_temp",10.6116641488432,"Chthamalus.montagui_EMmeanByROC_mergedData_mergedRun_mergedAlgo",0.0644733622433522
"63",21,"ocean_temp",10.6116641488432,"Chthamalus.montagui_EMciSupByTSS_mergedData_mergedRun_mergedAlgo",0.120171058441193
"64",22,"ocean_temp",10.6437061965175,"Chthamalus.montagui_EMmeanByROC_mergedData_mergedRun_mergedAlgo",0.0666249887891116
"65",22,"ocean_temp",10.6437061965175,"Chthamalus.montagui_EMciSupByTSS_mergedData_mergedRun_mergedAlgo",0.124414278401134
"66",22,"ocean_temp",10.6437061965175,"Chthamalus.montagui_EMmeanByTSS_mergedData_mergedRun_mergedAlgo",0.0666249887891116
"67",23,"ocean_temp",10.6757482441918,"Chthamalus.montagui_EMciSupByTSS_mergedData_mergedRun_mergedAlgo",0.12898147882758
"68",23,"ocean_temp",10.6757482441918,"Chthamalus.montagui_EMmeanByROC_mergedData_mergedRun_mergedAlgo",0.068889582903402
"69",23,"ocean_temp",10.6757482441918,"Chthamalus.montagui_EMmeanByTSS_mergedData_mergedRun_mergedAlgo",0.068889582903402
"70",24,"ocean_temp",10.7077902918661,"Chthamalus.montagui_EMmeanByROC_mergedData_mergedRun_mergedAlgo",0.0712700836091982
"71",24,"ocean_temp",10.7077902918661,"Chthamalus.montagui_EMciSupByTSS_mergedData_mergedRun_mergedAlgo",0.133882286546559
"72",24,"ocean_temp",10.7077902918661,"Chthamalus.montagui_EMmeanByTSS_mergedData_mergedRun_mergedAlgo",0.0712700836091982
"73",25,"ocean_temp",10.7398323395403,"Chthamalus.montagui_EMmeanByROC_mergedData_mergedRun_mergedAlgo",0.073769103407523
"74",25,"ocean_temp",10.7398323395403,"Chthamalus.montagui_EMmeanByTSS_mergedData_mergedRun_mergedAlgo",0.073769103407523
"75",25,"ocean_temp",10.7398323395403,"Chthamalus.montagui_EMciSupByTSS_mergedData_mergedRun_mergedAlgo",0.139124810160198
"76",26,"ocean_temp",10.7718743872146,"Chthamalus.montagui_EMmeanByROC_mergedData_mergedRun_mergedAlgo",0.0766388702310989
"77",26,"ocean_temp",10.7718743872146,"Chthamalus.montagui_EMciSupByTSS_mergedData_mergedRun_mergedAlgo",0.145079093591689
"78",26,"ocean_temp",10.7718743872146,"Chthamalus.montagui_EMmeanByTSS_mergedData_mergedRun_mergedAlgo",0.0766388702310989
"79",27,"ocean_temp",10.8039164348889,"Chthamalus.montagui_EMciSupByTSS_mergedData_mergedRun_mergedAlgo",0.151010765105487
"80",27,"ocean_temp",10.8039164348889,"Chthamalus.montagui_EMmeanByTSS_mergedData_mergedRun_mergedAlgo",0.0793811672500455
"81",27,"ocean_temp",10.8039164348889,"Chthamalus.montagui_EMmeanByROC_mergedData_mergedRun_mergedAlgo",0.0793811672500455
"82",28,"ocean_temp",10.8359584825631,"Chthamalus.montagui_EMmeanByROC_mergedData_mergedRun_mergedAlgo",0.0822472714039878
"83",28,"ocean_temp",10.8359584825631,"Chthamalus.montagui_EMciSupByTSS_mergedData_mergedRun_mergedAlgo",0.157298917934067
"84",28,"ocean_temp",10.8359584825631,"Chthamalus.montagui_EMmeanByTSS_mergedData_mergedRun_mergedAlgo",0.0822472714039878
"85",29,"ocean_temp",10.8680005302374,"Chthamalus.montagui_EMmeanByROC_mergedData_mergedRun_mergedAlgo",0.0852378917201009
"86",29,"ocean_temp",10.8680005302374,"Chthamalus.montagui_EMciSupByTSS_mergedData_mergedRun_mergedAlgo",0.163944770303449
"87",29,"ocean_temp",10.8680005302374,"Chthamalus.montagui_EMmeanByTSS_mergedData_mergedRun_mergedAlgo",0.0852378917201009
"88",30,"ocean_temp",10.9000425779117,"Chthamalus.montagui_EMmeanByROC_mergedData_mergedRun_mergedAlgo",0.0883531086594456
"89",30,"ocean_temp",10.9000425779117,"Chthamalus.montagui_EMciSupByTSS_mergedData_mergedRun_mergedAlgo",0.170947608022804
"90",30,"ocean_temp",10.9000425779117,"Chthamalus.montagui_EMmeanByTSS_mergedData_mergedRun_mergedAlgo",0.0883531086594456
"91",31,"ocean_temp",10.932084625586,"Chthamalus.montagui_EMmeanByROC_mergedData_mergedRun_mergedAlgo",0.0915923159051229
"92",31,"ocean_temp",10.932084625586,"Chthamalus.montagui_EMciSupByTSS_mergedData_mergedRun_mergedAlgo",0.178304714046513
"93",31,"ocean_temp",10.932084625586,"Chthamalus.montagui_EMmeanByTSS_mergedData_mergedRun_mergedAlgo",0.0915923159051229
"94",32,"ocean_temp",10.9641266732602,"Chthamalus.montagui_EMmeanByROC_mergedData_mergedRun_mergedAlgo",0.094954166155263
"95",32,"ocean_temp",10.9641266732602,"Chthamalus.montagui_EMciSupByTSS_mergedData_mergedRun_mergedAlgo",0.186011300154614
"96",32,"ocean_temp",10.9641266732602,"Chthamalus.montagui_EMmeanByTSS_mergedData_mergedRun_mergedAlgo",0.094954166155263
"97",33,"ocean_temp",10.9961687209345,"Chthamalus.montagui_EMmeanByROC_mergedData_mergedRun_mergedAlgo",0.0984365225996372
"98",33,"ocean_temp",10.9961687209345,"Chthamalus.montagui_EMciSupByTSS_mergedData_mergedRun_mergedAlgo",0.194060443448073
"99",33,"ocean_temp",10.9961687209345,"Chthamalus.montagui_EMmeanByTSS_mergedData_mergedRun_mergedAlgo",0.0984365225996372
"100",34,"ocean_temp",11.0282107686088,"Chthamalus.montagui_EMmeanByTSS_mergedData_mergedRun_mergedAlgo",0.102036417828919
"101",34,"ocean_temp",11.0282107686088,"Chthamalus.montagui_EMmeanByROC_mergedData_mergedRun_mergedAlgo",0.102036417828919
"102",34,"ocean_temp",11.0282107686088,"Chthamalus.montagui_EMciSupByTSS_mergedData_mergedRun_mergedAlgo",0.202443031588535
"103",35,"ocean_temp",11.0602528162831,"Chthamalus.montagui_EMmeanByROC_mergedData_mergedRun_mergedAlgo",0.106000021938548
"104",35,"ocean_temp",11.0602528162831,"Chthamalus.montagui_EMciSupByTSS_mergedData_mergedRun_mergedAlgo",0.211423945440147
"105",35,"ocean_temp",11.0602528162831,"Chthamalus.montagui_EMmeanByTSS_mergedData_mergedRun_mergedAlgo",0.106000021938548
"106",36,"ocean_temp",11.0922948639573,"Chthamalus.montagui_EMciSupByTSS_mergedData_mergedRun_mergedAlgo",0.22042959426001
"107",36,"ocean_temp",11.0922948639573,"Chthamalus.montagui_EMmeanByROC_mergedData_mergedRun_mergedAlgo",0.109822621533788
"108",36,"ocean_temp",11.0922948639573,"Chthamalus.montagui_EMmeanByTSS_mergedData_mergedRun_mergedAlgo",0.109822621533788
"109",37,"ocean_temp",11.1243369116316,"Chthamalus.montagui_EMmeanByROC_mergedData_mergedRun_mergedAlgo",0.113748611210979
"110",37,"ocean_temp",11.1243369116316,"Chthamalus.montagui_EMciSupByTSS_mergedData_mergedRun_mergedAlgo",0.22972839439982
"111",37,"ocean_temp",11.1243369116316,"Chthamalus.montagui_EMmeanByTSS_mergedData_mergedRun_mergedAlgo",0.113748611210979
"112",38,"ocean_temp",11.1563789593059,"Chthamalus.montagui_EMmeanByROC_mergedData_mergedRun_mergedAlgo",0.117771498876929
"113",38,"ocean_temp",11.1563789593059,"Chthamalus.montagui_EMmeanByTSS_mergedData_mergedRun_mergedAlgo",0.117771498876929
"114",38,"ocean_temp",11.1563789593059,"Chthamalus.montagui_EMciSupByTSS_mergedData_mergedRun_mergedAlgo",0.239302253552678
"115",39,"ocean_temp",11.1884210069801,"Chthamalus.montagui_EMmeanByROC_mergedData_mergedRun_mergedAlgo",0.121883925973224
"116",39,"ocean_temp",11.1884210069801,"Chthamalus.montagui_EMciSupByTSS_mergedData_mergedRun_mergedAlgo",0.249130919048562
"117",39,"ocean_temp",11.1884210069801,"Chthamalus.montagui_EMmeanByTSS_mergedData_mergedRun_mergedAlgo",0.121883925973224
"118",40,"ocean_temp",11.2204630546544,"Chthamalus.montagui_EMciSupByTSS_mergedData_mergedRun_mergedAlgo",0.259192077251191
"119",40,"ocean_temp",11.2204630546544,"Chthamalus.montagui_EMmeanByTSS_mergedData_mergedRun_mergedAlgo",0.126077703299578
"120",40,"ocean_temp",11.2204630546544,"Chthamalus.montagui_EMmeanByROC_mergedData_mergedRun_mergedAlgo",0.126077703299578
"121",41,"ocean_temp",11.2525051023287,"Chthamalus.montagui_EMmeanByTSS_mergedData_mergedRun_mergedAlgo",0.130343862690584
"122",41,"ocean_temp",11.2525051023287,"Chthamalus.montagui_EMmeanByROC_mergedData_mergedRun_mergedAlgo",0.130343862690584
"123",41,"ocean_temp",11.2525051023287,"Chthamalus.montagui_EMciSupByTSS_mergedData_mergedRun_mergedAlgo",0.269461490496465
"124",42,"ocean_temp",11.284547150003,"Chthamalus.montagui_EMmeanByROC_mergedData_mergedRun_mergedAlgo",0.135672724308934
"125",42,"ocean_temp",11.284547150003,"Chthamalus.montagui_EMciSupByTSS_mergedData_mergedRun_mergedAlgo",0.280866994793365
"126",42,"ocean_temp",11.284547150003,"Chthamalus.montagui_EMmeanByTSS_mergedData_mergedRun_mergedAlgo",0.135672724308934
"127",43,"ocean_temp",11.3165891976772,"Chthamalus.montagui_EMciSupByTSS_mergedData_mergedRun_mergedAlgo",0.291454164750632
"128",43,"ocean_temp",11.3165891976772,"Chthamalus.montagui_EMmeanByROC_mergedData_mergedRun_mergedAlgo",0.140053978796799
"129",43,"ocean_temp",11.3165891976772,"Chthamalus.montagui_EMmeanByTSS_mergedData_mergedRun_mergedAlgo",0.140053978796799
"130",44,"ocean_temp",11.3486312453515,"Chthamalus.montagui_EMmeanByROC_mergedData_mergedRun_mergedAlgo",0.14447678300081
"131",44,"ocean_temp",11.3486312453515,"Chthamalus.montagui_EMciSupByTSS_mergedData_mergedRun_mergedAlgo",0.302168633174087
"132",44,"ocean_temp",11.3486312453515,"Chthamalus.montagui_EMmeanByTSS_mergedData_mergedRun_mergedAlgo",0.14447678300081
"133",45,"ocean_temp",11.3806732930258,"Chthamalus.montagui_EMmeanByROC_mergedData_mergedRun_mergedAlgo",0.148929867482508
"134",45,"ocean_temp",11.3806732930258,"Chthamalus.montagui_EMmeanByTSS_mergedData_mergedRun_mergedAlgo",0.148929867482508
"135",45,"ocean_temp",11.3806732930258,"Chthamalus.montagui_EMciSupByTSS_mergedData_mergedRun_mergedAlgo",0.312980476712855
"136",46,"ocean_temp",11.4127153407001,"Chthamalus.montagui_EMmeanByROC_mergedData_mergedRun_mergedAlgo",0.15390165357382
"137",46,"ocean_temp",11.4127153407001,"Chthamalus.montagui_EMciSupByTSS_mergedData_mergedRun_mergedAlgo",0.324312624306394
"138",46,"ocean_temp",11.4127153407001,"Chthamalus.montagui_EMmeanByTSS_mergedData_mergedRun_mergedAlgo",0.15390165357382
"139",47,"ocean_temp",11.4447573883743,"Chthamalus.montagui_EMciSupByTSS_mergedData_mergedRun_mergedAlgo",0.338543749322108
"140",47,"ocean_temp",11.4447573883743,"Chthamalus.montagui_EMmeanByTSS_mergedData_mergedRun_mergedAlgo",0.161880377362684
"141",47,"ocean_temp",11.4447573883743,"Chthamalus.montagui_EMmeanByROC_mergedData_mergedRun_mergedAlgo",0.161880377362684
"142",48,"ocean_temp",11.4767994360486,"Chthamalus.montagui_EMmeanByROC_mergedData_mergedRun_mergedAlgo",0.169354217719951
"143",48,"ocean_temp",11.4767994360486,"Chthamalus.montagui_EMciSupByTSS_mergedData_mergedRun_mergedAlgo",0.352472903512234
"144",48,"ocean_temp",11.4767994360486,"Chthamalus.montagui_EMmeanByTSS_mergedData_mergedRun_mergedAlgo",0.169354217719951
"145",49,"ocean_temp",11.5088414837229,"Chthamalus.montagui_EMmeanByROC_mergedData_mergedRun_mergedAlgo",0.173561425322236
"146",49,"ocean_temp",11.5088414837229,"Chthamalus.montagui_EMciSupByTSS_mergedData_mergedRun_mergedAlgo",0.362991765702207
"147",49,"ocean_temp",11.5088414837229,"Chthamalus.montagui_EMmeanByTSS_mergedData_mergedRun_mergedAlgo",0.173561425322236
"148",50,"ocean_temp",11.5408835313972,"Chthamalus.montagui_EMmeanByROC_mergedData_mergedRun_mergedAlgo",0.177990449595969
"149",50,"ocean_temp",11.5408835313972,"Chthamalus.montagui_EMciSupByTSS_mergedData_mergedRun_mergedAlgo",0.373727605575384
"150",50,"ocean_temp",11.5408835313972,"Chthamalus.montagui_EMmeanByTSS_mergedData_mergedRun_mergedAlgo",0.177990449595969
"151",51,"ocean_temp",11.5729255790714,"Chthamalus.montagui_EMmeanByROC_mergedData_mergedRun_mergedAlgo",0.181630060606637
"152",51,"ocean_temp",11.5729255790714,"Chthamalus.montagui_EMciSupByTSS_mergedData_mergedRun_mergedAlgo",0.383637532417666
"153",51,"ocean_temp",11.5729255790714,"Chthamalus.montagui_EMmeanByTSS_mergedData_mergedRun_mergedAlgo",0.181630060606637
"154",52,"ocean_temp",11.6049676267457,"Chthamalus.montagui_EMmeanByROC_mergedData_mergedRun_mergedAlgo",0.18546946313736
"155",52,"ocean_temp",11.6049676267457,"Chthamalus.montagui_EMciSupByTSS_mergedData_mergedRun_mergedAlgo",0.393715840099282
"156",52,"ocean_temp",11.6049676267457,"Chthamalus.montagui_EMmeanByTSS_mergedData_mergedRun_mergedAlgo",0.18546946313736
"157",53,"ocean_temp",11.63700967442,"Chthamalus.montagui_EMmeanByROC_mergedData_mergedRun_mergedAlgo",0.189498400527933
"158",53,"ocean_temp",11.63700967442,"Chthamalus.montagui_EMciSupByTSS_mergedData_mergedRun_mergedAlgo",0.403912790099109
"159",53,"ocean_temp",11.63700967442,"Chthamalus.montagui_EMmeanByTSS_mergedData_mergedRun_mergedAlgo",0.189498400527933
"160",54,"ocean_temp",11.6690517220942,"Chthamalus.montagui_EMmeanByTSS_mergedData_mergedRun_mergedAlgo",0.193707246258159
"161",54,"ocean_temp",11.6690517220942,"Chthamalus.montagui_EMmeanByROC_mergedData_mergedRun_mergedAlgo",0.193707246258159
"162",54,"ocean_temp",11.6690517220942,"Chthamalus.montagui_EMciSupByTSS_mergedData_mergedRun_mergedAlgo",0.414187511284666
"163",55,"ocean_temp",11.7010937697685,"Chthamalus.montagui_EMmeanByROC_mergedData_mergedRun_mergedAlgo",0.198837081733023
"164",55,"ocean_temp",11.7010937697685,"Chthamalus.montagui_EMciSupByTSS_mergedData_mergedRun_mergedAlgo",0.425084125968245
"165",55,"ocean_temp",11.7010937697685,"Chthamalus.montagui_EMmeanByTSS_mergedData_mergedRun_mergedAlgo",0.198837081733023
"166",56,"ocean_temp",11.7331358174428,"Chthamalus.montagui_EMciSupByTSS_mergedData_mergedRun_mergedAlgo",0.435347839745551
"167",56,"ocean_temp",11.7331358174428,"Chthamalus.montagui_EMmeanByROC_mergedData_mergedRun_mergedAlgo",0.203379759234067
"168",56,"ocean_temp",11.7331358174428,"Chthamalus.montagui_EMmeanByTSS_mergedData_mergedRun_mergedAlgo",0.203379759234067
"169",57,"ocean_temp",11.7651778651171,"Chthamalus.montagui_EMmeanByROC_mergedData_mergedRun_mergedAlgo",0.207577949514011
"170",57,"ocean_temp",11.7651778651171,"Chthamalus.montagui_EMciSupByTSS_mergedData_mergedRun_mergedAlgo",0.445189600239114
"171",57,"ocean_temp",11.7651778651171,"Chthamalus.montagui_EMmeanByTSS_mergedData_mergedRun_mergedAlgo",0.207577949514011
"172",58,"ocean_temp",11.7972199127913,"Chthamalus.montagui_EMmeanByROC_mergedData_mergedRun_mergedAlgo",0.211675174004812
"173",58,"ocean_temp",11.7972199127913,"Chthamalus.montagui_EMmeanByTSS_mergedData_mergedRun_mergedAlgo",0.211675174004812
"174",58,"ocean_temp",11.7972199127913,"Chthamalus.montagui_EMciSupByTSS_mergedData_mergedRun_mergedAlgo",0.45473961778739
"175",59,"ocean_temp",11.8292619604656,"Chthamalus.montagui_EMmeanByROC_mergedData_mergedRun_mergedAlgo",0.218415822060778
"176",59,"ocean_temp",11.8292619604656,"Chthamalus.montagui_EMciSupByTSS_mergedData_mergedRun_mergedAlgo",0.466401766397545
"177",59,"ocean_temp",11.8292619604656,"Chthamalus.montagui_EMmeanByTSS_mergedData_mergedRun_mergedAlgo",0.218415822060778
"178",60,"ocean_temp",11.8613040081399,"Chthamalus.montagui_EMciSupByTSS_mergedData_mergedRun_mergedAlgo",0.482902404581928
"179",60,"ocean_temp",11.8613040081399,"Chthamalus.montagui_EMmeanByTSS_mergedData_mergedRun_mergedAlgo",0.230795154051047
"180",60,"ocean_temp",11.8613040081399,"Chthamalus.montagui_EMmeanByROC_mergedData_mergedRun_mergedAlgo",0.230795154051047
"181",61,"ocean_temp",11.8933460558142,"Chthamalus.montagui_EMmeanByTSS_mergedData_mergedRun_mergedAlgo",0.234309291438225
"182",61,"ocean_temp",11.8933460558142,"Chthamalus.montagui_EMmeanByROC_mergedData_mergedRun_mergedAlgo",0.234309291438225
"183",61,"ocean_temp",11.8933460558142,"Chthamalus.montagui_EMciSupByTSS_mergedData_mergedRun_mergedAlgo",0.491416375834592
"184",62,"ocean_temp",11.9253881034884,"Chthamalus.montagui_EMmeanByROC_mergedData_mergedRun_mergedAlgo",0.23770519522537
"185",62,"ocean_temp",11.9253881034884,"Chthamalus.montagui_EMciSupByTSS_mergedData_mergedRun_mergedAlgo",0.499649209226463
"186",62,"ocean_temp",11.9253881034884,"Chthamalus.montagui_EMmeanByTSS_mergedData_mergedRun_mergedAlgo",0.23770519522537
"187",63,"ocean_temp",11.9574301511627,"Chthamalus.montagui_EMciSupByTSS_mergedData_mergedRun_mergedAlgo",0.507594476457883
"188",63,"ocean_temp",11.9574301511627,"Chthamalus.montagui_EMmeanByROC_mergedData_mergedRun_mergedAlgo",0.240980634321142
"189",63,"ocean_temp",11.9574301511627,"Chthamalus.montagui_EMmeanByTSS_mergedData_mergedRun_mergedAlgo",0.240980634321142
"190",64,"ocean_temp",11.989472198837,"Chthamalus.montagui_EMmeanByROC_mergedData_mergedRun_mergedAlgo",0.244134145465809
"191",64,"ocean_temp",11.989472198837,"Chthamalus.montagui_EMciSupByTSS_mergedData_mergedRun_mergedAlgo",0.515247757778927
"192",64,"ocean_temp",11.989472198837,"Chthamalus.montagui_EMmeanByTSS_mergedData_mergedRun_mergedAlgo",0.244134145465809
"193",65,"ocean_temp",12.0215142465112,"Chthamalus.montagui_EMmeanByROC_mergedData_mergedRun_mergedAlgo",0.246914986385568
"194",65,"ocean_temp",12.0215142465112,"Chthamalus.montagui_EMmeanByTSS_mergedData_mergedRun_mergedAlgo",0.246914986385568
"195",65,"ocean_temp",12.0215142465112,"Chthamalus.montagui_EMciSupByTSS_mergedData_mergedRun_mergedAlgo",0.522385732941386
"196",66,"ocean_temp",12.0535562941855,"Chthamalus.montagui_EMmeanByROC_mergedData_mergedRun_mergedAlgo",0.241323083808486
"197",66,"ocean_temp",12.0535562941855,"Chthamalus.montagui_EMciSupByTSS_mergedData_mergedRun_mergedAlgo",0.522305175278462
"198",66,"ocean_temp",12.0535562941855,"Chthamalus.montagui_EMmeanByTSS_mergedData_mergedRun_mergedAlgo",0.241323083808486
"199",67,"ocean_temp",12.0855983418598,"Chthamalus.montagui_EMciSupByTSS_mergedData_mergedRun_mergedAlgo",0.529117230999173
"200",67,"ocean_temp",12.0855983418598,"Chthamalus.montagui_EMmeanByTSS_mergedData_mergedRun_mergedAlgo",0.244108977893075
"201",67,"ocean_temp",12.0855983418598,"Chthamalus.montagui_EMmeanByROC_mergedData_mergedRun_mergedAlgo",0.244108977893075
"202",68,"ocean_temp",12.1176403895341,"Chthamalus.montagui_EMmeanByROC_mergedData_mergedRun_mergedAlgo",0.247773764500924
"203",68,"ocean_temp",12.1176403895341,"Chthamalus.montagui_EMciSupByTSS_mergedData_mergedRun_mergedAlgo",0.536438329192618
"204",68,"ocean_temp",12.1176403895341,"Chthamalus.montagui_EMmeanByTSS_mergedData_mergedRun_mergedAlgo",0.247773764500924
"205",69,"ocean_temp",12.1496824372083,"Chthamalus.montagui_EMmeanByROC_mergedData_mergedRun_mergedAlgo",0.249319036599106
"206",69,"ocean_temp",12.1496824372083,"Chthamalus.montagui_EMciSupByTSS_mergedData_mergedRun_mergedAlgo",0.541879073468124
"207",69,"ocean_temp",12.1496824372083,"Chthamalus.montagui_EMmeanByTSS_mergedData_mergedRun_mergedAlgo",0.249319036599106
"208",70,"ocean_temp",12.1817244848826,"Chthamalus.montagui_EMmeanByROC_mergedData_mergedRun_mergedAlgo",0.251746825916407
"209",70,"ocean_temp",12.1817244848826,"Chthamalus.montagui_EMciSupByTSS_mergedData_mergedRun_mergedAlgo",0.547817180216143
"210",70,"ocean_temp",12.1817244848826,"Chthamalus.montagui_EMmeanByTSS_mergedData_mergedRun_mergedAlgo",0.251746825916407
"211",71,"ocean_temp",12.2137665325569,"Chthamalus.montagui_EMmeanByROC_mergedData_mergedRun_mergedAlgo",0.254059545808405
"212",71,"ocean_temp",12.2137665325569,"Chthamalus.montagui_EMciSupByTSS_mergedData_mergedRun_mergedAlgo",0.553474321255765
"213",71,"ocean_temp",12.2137665325569,"Chthamalus.montagui_EMmeanByTSS_mergedData_mergedRun_mergedAlgo",0.254059545808405
"214",72,"ocean_temp",12.2458085802312,"Chthamalus.montagui_EMmeanByROC_mergedData_mergedRun_mergedAlgo",0.256009936117941
"215",72,"ocean_temp",12.2458085802312,"Chthamalus.montagui_EMciSupByTSS_mergedData_mergedRun_mergedAlgo",0.558666984522675
"216",72,"ocean_temp",12.2458085802312,"Chthamalus.montagui_EMmeanByTSS_mergedData_mergedRun_mergedAlgo",0.256009936117941
"217",73,"ocean_temp",12.2778506279054,"Chthamalus.montagui_EMmeanByROC_mergedData_mergedRun_mergedAlgo",0.267351010655227
"218",73,"ocean_temp",12.2778506279054,"Chthamalus.montagui_EMciSupByTSS_mergedData_mergedRun_mergedAlgo",0.571342770338943
"219",73,"ocean_temp",12.2778506279054,"Chthamalus.montagui_EMmeanByTSS_mergedData_mergedRun_mergedAlgo",0.267351010655227
"220",74,"ocean_temp",12.3098926755797,"Chthamalus.montagui_EMmeanByTSS_mergedData_mergedRun_mergedAlgo",0.269336007770298
"221",74,"ocean_temp",12.3098926755797,"Chthamalus.montagui_EMmeanByROC_mergedData_mergedRun_mergedAlgo",0.269336007770298
"222",74,"ocean_temp",12.3098926755797,"Chthamalus.montagui_EMciSupByTSS_mergedData_mergedRun_mergedAlgo",0.576172050598333
"223",75,"ocean_temp",12.341934723254,"Chthamalus.montagui_EMmeanByROC_mergedData_mergedRun_mergedAlgo",0.278218344352737
"224",75,"ocean_temp",12.341934723254,"Chthamalus.montagui_EMciSupByTSS_mergedData_mergedRun_mergedAlgo",0.587277214890272
"225",75,"ocean_temp",12.341934723254,"Chthamalus.montagui_EMmeanByTSS_mergedData_mergedRun_mergedAlgo",0.278218344352737
"226",76,"ocean_temp",12.3739767709283,"Chthamalus.montagui_EMciSupByTSS_mergedData_mergedRun_mergedAlgo",0.605246324998146
"227",76,"ocean_temp",12.3739767709283,"Chthamalus.montagui_EMmeanByROC_mergedData_mergedRun_mergedAlgo",0.294751573471578
"228",76,"ocean_temp",12.3739767709283,"Chthamalus.montagui_EMmeanByTSS_mergedData_mergedRun_mergedAlgo",0.294751573471578
"229",77,"ocean_temp",12.4060188186025,"Chthamalus.montagui_EMmeanByROC_mergedData_mergedRun_mergedAlgo",0.296439345762585
"230",77,"ocean_temp",12.4060188186025,"Chthamalus.montagui_EMciSupByTSS_mergedData_mergedRun_mergedAlgo",0.609281121699506
"231",77,"ocean_temp",12.4060188186025,"Chthamalus.montagui_EMmeanByTSS_mergedData_mergedRun_mergedAlgo",0.296439345762585
"232",78,"ocean_temp",12.4380608662768,"Chthamalus.montagui_EMmeanByROC_mergedData_mergedRun_mergedAlgo",0.300785374581032
"233",78,"ocean_temp",12.4380608662768,"Chthamalus.montagui_EMmeanByTSS_mergedData_mergedRun_mergedAlgo",0.300785374581032
"234",78,"ocean_temp",12.4380608662768,"Chthamalus.montagui_EMciSupByTSS_mergedData_mergedRun_mergedAlgo",0.615774833525557
"235",79,"ocean_temp",12.4701029139511,"Chthamalus.montagui_EMmeanByROC_mergedData_mergedRun_mergedAlgo",0.302293404864791
"236",79,"ocean_temp",12.4701029139511,"Chthamalus.montagui_EMciSupByTSS_mergedData_mergedRun_mergedAlgo",0.619373869415729
"237",79,"ocean_temp",12.4701029139511,"Chthamalus.montagui_EMmeanByTSS_mergedData_mergedRun_mergedAlgo",0.302293404864791
"238",80,"ocean_temp",12.5021449616253,"Chthamalus.montagui_EMciSupByTSS_mergedData_mergedRun_mergedAlgo",0.618656162728347
"239",80,"ocean_temp",12.5021449616253,"Chthamalus.montagui_EMmeanByTSS_mergedData_mergedRun_mergedAlgo",0.299467185594058
"240",80,"ocean_temp",12.5021449616253,"Chthamalus.montagui_EMmeanByROC_mergedData_mergedRun_mergedAlgo",0.299467185594058
"241",81,"ocean_temp",12.5341870092996,"Chthamalus.montagui_EMmeanByTSS_mergedData_mergedRun_mergedAlgo",0.300310445689048
"242",81,"ocean_temp",12.5341870092996,"Chthamalus.montagui_EMmeanByROC_mergedData_mergedRun_mergedAlgo",0.300310445689048
"243",81,"ocean_temp",12.5341870092996,"Chthamalus.montagui_EMciSupByTSS_mergedData_mergedRun_mergedAlgo",0.621434357510257
"244",82,"ocean_temp",12.5662290569739,"Chthamalus.montagui_EMmeanByROC_mergedData_mergedRun_mergedAlgo",0.30982687315392
"245",82,"ocean_temp",12.5662290569739,"Chthamalus.montagui_EMciSupByTSS_mergedData_mergedRun_mergedAlgo",0.632482174680356
"246",82,"ocean_temp",12.5662290569739,"Chthamalus.montagui_EMmeanByTSS_mergedData_mergedRun_mergedAlgo",0.30982687315392
"247",83,"ocean_temp",12.5982711046482,"Chthamalus.montagui_EMciSupByTSS_mergedData_mergedRun_mergedAlgo",0.640823385569187
"248",83,"ocean_temp",12.5982711046482,"Chthamalus.montagui_EMmeanByROC_mergedData_mergedRun_mergedAlgo",0.316520097252439
"249",83,"ocean_temp",12.5982711046482,"Chthamalus.montagui_EMmeanByTSS_mergedData_mergedRun_mergedAlgo",0.316520097252439
"250",84,"ocean_temp",12.6303131523224,"Chthamalus.montagui_EMmeanByROC_mergedData_mergedRun_mergedAlgo",0.350393673487068
"251",84,"ocean_temp",12.6303131523224,"Chthamalus.montagui_EMciSupByTSS_mergedData_mergedRun_mergedAlgo",0.68142179809604
"252",84,"ocean_temp",12.6303131523224,"Chthamalus.montagui_EMmeanByTSS_mergedData_mergedRun_mergedAlgo",0.350393673487068
"253",85,"ocean_temp",12.6623551999967,"Chthamalus.montagui_EMmeanByROC_mergedData_mergedRun_mergedAlgo",0.3489510711466
"254",85,"ocean_temp",12.6623551999967,"Chthamalus.montagui_EMmeanByTSS_mergedData_mergedRun_mergedAlgo",0.3489510711466
"255",85,"ocean_temp",12.6623551999967,"Chthamalus.montagui_EMciSupByTSS_mergedData_mergedRun_mergedAlgo",0.680909768356681
"256",86,"ocean_temp",12.694397247671,"Chthamalus.montagui_EMmeanByROC_mergedData_mergedRun_mergedAlgo",0.346695663186847
"257",86,"ocean_temp",12.694397247671,"Chthamalus.montagui_EMciSupByTSS_mergedData_mergedRun_mergedAlgo",0.679211824610544
"258",86,"ocean_temp",12.694397247671,"Chthamalus.montagui_EMmeanByTSS_mergedData_mergedRun_mergedAlgo",0.346695663186847
"259",87,"ocean_temp",12.7264392953453,"Chthamalus.montagui_EMciSupByTSS_mergedData_mergedRun_mergedAlgo",0.680431039701225
"260",87,"ocean_temp",12.7264392953453,"Chthamalus.montagui_EMmeanByTSS_mergedData_mergedRun_mergedAlgo",0.346880718213124
"261",87,"ocean_temp",12.7264392953453,"Chthamalus.montagui_EMmeanByROC_mergedData_mergedRun_mergedAlgo",0.346880718213124
"262",88,"ocean_temp",12.7584813430195,"Chthamalus.montagui_EMmeanByROC_mergedData_mergedRun_mergedAlgo",0.347009394341
"263",88,"ocean_temp",12.7584813430195,"Chthamalus.montagui_EMciSupByTSS_mergedData_mergedRun_mergedAlgo",0.68149186604722
"264",88,"ocean_temp",12.7584813430195,"Chthamalus.montagui_EMmeanByTSS_mergedData_mergedRun_mergedAlgo",0.347009394341
"265",89,"ocean_temp",12.7905233906938,"Chthamalus.montagui_EMmeanByROC_mergedData_mergedRun_mergedAlgo",0.348834734722321
"266",89,"ocean_temp",12.7905233906938,"Chthamalus.montagui_EMciSupByTSS_mergedData_mergedRun_mergedAlgo",0.684563450849705
"267",89,"ocean_temp",12.7905233906938,"Chthamalus.montagui_EMmeanByTSS_mergedData_mergedRun_mergedAlgo",0.348834734722321
"268",90,"ocean_temp",12.8225654383681,"Chthamalus.montagui_EMmeanByROC_mergedData_mergedRun_mergedAlgo",0.350109664535903
"269",90,"ocean_temp",12.8225654383681,"Chthamalus.montagui_EMciSupByTSS_mergedData_mergedRun_mergedAlgo",0.686952711313126
"270",90,"ocean_temp",12.8225654383681,"Chthamalus.montagui_EMmeanByTSS_mergedData_mergedRun_mergedAlgo",0.350109664535903
"271",91,"ocean_temp",12.8546074860423,"Chthamalus.montagui_EMmeanByROC_mergedData_mergedRun_mergedAlgo",0.3578369892559
"272",91,"ocean_temp",12.8546074860423,"Chthamalus.montagui_EMciSupByTSS_mergedData_mergedRun_mergedAlgo",0.697338796029928
"273",91,"ocean_temp",12.8546074860423,"Chthamalus.montagui_EMmeanByTSS_mergedData_mergedRun_mergedAlgo",0.3578369892559
"274",92,"ocean_temp",12.8866495337166,"Chthamalus.montagui_EMmeanByROC_mergedData_mergedRun_mergedAlgo",0.358269394025122
"275",92,"ocean_temp",12.8866495337166,"Chthamalus.montagui_EMciSupByTSS_mergedData_mergedRun_mergedAlgo",0.69860622972963
"276",92,"ocean_temp",12.8866495337166,"Chthamalus.montagui_EMmeanByTSS_mergedData_mergedRun_mergedAlgo",0.358269394025122
"277",93,"ocean_temp",12.9186915813909,"Chthamalus.montagui_EMmeanByROC_mergedData_mergedRun_mergedAlgo",0.358909443975112
"278",93,"ocean_temp",12.9186915813909,"Chthamalus.montagui_EMciSupByTSS_mergedData_mergedRun_mergedAlgo",0.700069248241929
"279",93,"ocean_temp",12.9186915813909,"Chthamalus.montagui_EMmeanByTSS_mergedData_mergedRun_mergedAlgo",0.358909443975112
"280",94,"ocean_temp",12.9507336290652,"Chthamalus.montagui_EMmeanByTSS_mergedData_mergedRun_mergedAlgo",0.359509585349201
"281",94,"ocean_temp",12.9507336290652,"Chthamalus.montagui_EMmeanByROC_mergedData_mergedRun_mergedAlgo",0.359509585349201
"282",94,"ocean_temp",12.9507336290652,"Chthamalus.montagui_EMciSupByTSS_mergedData_mergedRun_mergedAlgo",0.701441703188696
"283",95,"ocean_temp",12.9827756767394,"Chthamalus.montagui_EMmeanByROC_mergedData_mergedRun_mergedAlgo",0.360072147298737
"284",95,"ocean_temp",12.9827756767394,"Chthamalus.montagui_EMciSupByTSS_mergedData_mergedRun_mergedAlgo",0.702728804218382
"285",95,"ocean_temp",12.9827756767394,"Chthamalus.montagui_EMmeanByTSS_mergedData_mergedRun_mergedAlgo",0.360072147298737
"286",96,"ocean_temp",13.0148177244137,"Chthamalus.montagui_EMciSupByTSS_mergedData_mergedRun_mergedAlgo",0.692846752853792
"287",96,"ocean_temp",13.0148177244137,"Chthamalus.montagui_EMmeanByROC_mergedData_mergedRun_mergedAlgo",0.351099344236153
"288",96,"ocean_temp",13.0148177244137,"Chthamalus.montagui_EMmeanByTSS_mergedData_mergedRun_mergedAlgo",0.351099344236153
"289",97,"ocean_temp",13.046859772088,"Chthamalus.montagui_EMmeanByROC_mergedData_mergedRun_mergedAlgo",0.351593278641263
"290",97,"ocean_temp",13.046859772088,"Chthamalus.montagui_EMciSupByTSS_mergedData_mergedRun_mergedAlgo",0.693990765703374
"291",97,"ocean_temp",13.046859772088,"Chthamalus.montagui_EMmeanByTSS_mergedData_mergedRun_mergedAlgo",0.351593278641263
"292",98,"ocean_temp",13.0789018197623,"Chthamalus.montagui_EMmeanByROC_mergedData_mergedRun_mergedAlgo",0.346055944229067
"293",98,"ocean_temp",13.0789018197623,"Chthamalus.montagui_EMmeanByTSS_mergedData_mergedRun_mergedAlgo",0.346055944229067
"294",98,"ocean_temp",13.0789018197623,"Chthamalus.montagui_EMciSupByTSS_mergedData_mergedRun_mergedAlgo",0.687563993696774
"295",99,"ocean_temp",13.1109438674365,"Chthamalus.montagui_EMmeanByROC_mergedData_mergedRun_mergedAlgo",0.346489229398418
"296",99,"ocean_temp",13.1109438674365,"Chthamalus.montagui_EMciSupByTSS_mergedData_mergedRun_mergedAlgo",0.68857626841844
"297",99,"ocean_temp",13.1109438674365,"Chthamalus.montagui_EMmeanByTSS_mergedData_mergedRun_mergedAlgo",0.346489229398418
"298",100,"ocean_temp",13.1429859151108,"Chthamalus.montagui_EMciSupByTSS_mergedData_mergedRun_mergedAlgo",0.689524347083813
"299",100,"ocean_temp",13.1429859151108,"Chthamalus.montagui_EMmeanByTSS_mergedData_mergedRun_mergedAlgo",0.346894920891074
"300",100,"ocean_temp",13.1429859151108,"Chthamalus.montagui_EMmeanByROC_mergedData_mergedRun_mergedAlgo",0.346894920891074
"301",1,"ph",8.03396335388411,"Chthamalus.montagui_EMmeanByTSS_mergedData_mergedRun_mergedAlgo",0.0395901513531485
"302",1,"ph",8.03396335388411,"Chthamalus.montagui_EMmeanByROC_mergedData_mergedRun_mergedAlgo",0.0395901513531485
"303",1,"ph",8.03396335388411,"Chthamalus.montagui_EMciSupByTSS_mergedData_mergedRun_mergedAlgo",0.0820492152422496
"304",2,"ph",8.03464340135912,"Chthamalus.montagui_EMmeanByROC_mergedData_mergedRun_mergedAlgo",0.0391348370809031
"305",2,"ph",8.03464340135912,"Chthamalus.montagui_EMciSupByTSS_mergedData_mergedRun_mergedAlgo",0.0816163493718625
"306",2,"ph",8.03464340135912,"Chthamalus.montagui_EMmeanByTSS_mergedData_mergedRun_mergedAlgo",0.0391348370809031
"307",3,"ph",8.03532344883413,"Chthamalus.montagui_EMciSupByTSS_mergedData_mergedRun_mergedAlgo",0.0812141605539734
"308",3,"ph",8.03532344883413,"Chthamalus.montagui_EMmeanByROC_mergedData_mergedRun_mergedAlgo",0.0387023712697614
"309",3,"ph",8.03532344883413,"Chthamalus.montagui_EMmeanByTSS_mergedData_mergedRun_mergedAlgo",0.0387023712697614
"310",4,"ph",8.03600349630913,"Chthamalus.montagui_EMmeanByROC_mergedData_mergedRun_mergedAlgo",0.0382916100022827
"311",4,"ph",8.03600349630913,"Chthamalus.montagui_EMciSupByTSS_mergedData_mergedRun_mergedAlgo",0.080840180279157
"312",4,"ph",8.03600349630913,"Chthamalus.montagui_EMmeanByTSS_mergedData_mergedRun_mergedAlgo",0.0382916100022827
"313",5,"ph",8.03668354378414,"Chthamalus.montagui_EMmeanByROC_mergedData_mergedRun_mergedAlgo",0.0379014619813919
"314",5,"ph",8.03668354378414,"Chthamalus.montagui_EMmeanByTSS_mergedData_mergedRun_mergedAlgo",0.0379014619813919
"315",5,"ph",8.03668354378414,"Chthamalus.montagui_EMciSupByTSS_mergedData_mergedRun_mergedAlgo",0.0804921572588485
"316",6,"ph",8.03736359125915,"Chthamalus.montagui_EMmeanByROC_mergedData_mergedRun_mergedAlgo",0.0375308868996901
"317",6,"ph",8.03736359125915,"Chthamalus.montagui_EMciSupByTSS_mergedData_mergedRun_mergedAlgo",0.0801680381522334
"318",6,"ph",8.03736359125915,"Chthamalus.montagui_EMmeanByTSS_mergedData_mergedRun_mergedAlgo",0.0375308868996901
"319",7,"ph",8.03804363873415,"Chthamalus.montagui_EMciSupByTSS_mergedData_mergedRun_mergedAlgo",0.079865949717726
"320",7,"ph",8.03804363873415,"Chthamalus.montagui_EMmeanByTSS_mergedData_mergedRun_mergedAlgo",0.0371788937421293
"321",7,"ph",8.03804363873415,"Chthamalus.montagui_EMmeanByROC_mergedData_mergedRun_mergedAlgo",0.0371788937421293
"322",8,"ph",8.03872368620916,"Chthamalus.montagui_EMmeanByROC_mergedData_mergedRun_mergedAlgo",0.0368445390435223
"323",8,"ph",8.03872368620916,"Chthamalus.montagui_EMciSupByTSS_mergedData_mergedRun_mergedAlgo",0.0795841823753472
"324",8,"ph",8.03872368620916,"Chthamalus.montagui_EMmeanByTSS_mergedData_mergedRun_mergedAlgo",0.0368445390435223
"325",9,"ph",8.03940373368417,"Chthamalus.montagui_EMmeanByROC_mergedData_mergedRun_mergedAlgo",0.0365269251193611
"326",9,"ph",8.03940373368417,"Chthamalus.montagui_EMciSupByTSS_mergedData_mergedRun_mergedAlgo",0.0793211751377092
"327",9,"ph",8.03940373368417,"Chthamalus.montagui_EMmeanByTSS_mergedData_mergedRun_mergedAlgo",0.0365269251193611
"328",10,"ph",8.04008378115917,"Chthamalus.montagui_EMmeanByROC_mergedData_mergedRun_mergedAlgo",0.0362251982858371
"329",10,"ph",8.04008378115917,"Chthamalus.montagui_EMciSupByTSS_mergedData_mergedRun_mergedAlgo",0.0790755018477183
"330",10,"ph",8.04008378115917,"Chthamalus.montagui_EMmeanByTSS_mergedData_mergedRun_mergedAlgo",0.0362251982858371
"331",11,"ph",8.04076382863418,"Chthamalus.montagui_EMmeanByROC_mergedData_mergedRun_mergedAlgo",0.0359385470825284
"332",11,"ph",8.04076382863418,"Chthamalus.montagui_EMciSupByTSS_mergedData_mergedRun_mergedAlgo",0.0788458586484151
"333",11,"ph",8.04076382863418,"Chthamalus.montagui_EMmeanByTSS_mergedData_mergedRun_mergedAlgo",0.0359385470825284
"334",12,"ph",8.04144387610919,"Chthamalus.montagui_EMmeanByROC_mergedData_mergedRun_mergedAlgo",0.0356662005091573
"335",12,"ph",8.04144387610919,"Chthamalus.montagui_EMciSupByTSS_mergedData_mergedRun_mergedAlgo",0.078631052603181
"336",12,"ph",8.04144387610919,"Chthamalus.montagui_EMmeanByTSS_mergedData_mergedRun_mergedAlgo",0.0356662005091573
"337",13,"ph",8.04212392358419,"Chthamalus.montagui_EMmeanByROC_mergedData_mergedRun_mergedAlgo",0.041907426285885
"338",13,"ph",8.04212392358419,"Chthamalus.montagui_EMciSupByTSS_mergedData_mergedRun_mergedAlgo",0.0958435273500542
"339",13,"ph",8.04212392358419,"Chthamalus.montagui_EMmeanByTSS_mergedData_mergedRun_mergedAlgo",0.041907426285885
"340",14,"ph",8.0428039710592,"Chthamalus.montagui_EMmeanByTSS_mergedData_mergedRun_mergedAlgo",0.0416615291450003
"341",14,"ph",8.0428039710592,"Chthamalus.montagui_EMmeanByROC_mergedData_mergedRun_mergedAlgo",0.0416615291450003
"342",14,"ph",8.0428039710592,"Chthamalus.montagui_EMciSupByTSS_mergedData_mergedRun_mergedAlgo",0.0956652113107548
"343",15,"ph",8.04348401853421,"Chthamalus.montagui_EMmeanByROC_mergedData_mergedRun_mergedAlgo",0.042177849160357
"344",15,"ph",8.04348401853421,"Chthamalus.montagui_EMciSupByTSS_mergedData_mergedRun_mergedAlgo",0.0976214802369689
"345",15,"ph",8.04348401853421,"Chthamalus.montagui_EMmeanByTSS_mergedData_mergedRun_mergedAlgo",0.042177849160357
"346",16,"ph",8.04416406600922,"Chthamalus.montagui_EMciSupByTSS_mergedData_mergedRun_mergedAlgo",0.0974646334223383
"347",16,"ph",8.04416406600922,"Chthamalus.montagui_EMmeanByROC_mergedData_mergedRun_mergedAlgo",0.0419557601196458
"348",16,"ph",8.04416406600922,"Chthamalus.montagui_EMmeanByTSS_mergedData_mergedRun_mergedAlgo",0.0419557601196458
"349",17,"ph",8.04484411348422,"Chthamalus.montagui_EMmeanByROC_mergedData_mergedRun_mergedAlgo",0.0429946679434841
"350",17,"ph",8.04484411348422,"Chthamalus.montagui_EMciSupByTSS_mergedData_mergedRun_mergedAlgo",0.100896530249794
"351",17,"ph",8.04484411348422,"Chthamalus.montagui_EMmeanByTSS_mergedData_mergedRun_mergedAlgo",0.0429946679434841
"352",18,"ph",8.04552416095923,"Chthamalus.montagui_EMmeanByROC_mergedData_mergedRun_mergedAlgo",0.0427940091543052
"353",18,"ph",8.04552416095923,"Chthamalus.montagui_EMmeanByTSS_mergedData_mergedRun_mergedAlgo",0.0427940091543052
"354",18,"ph",8.04552416095923,"Chthamalus.montagui_EMciSupByTSS_mergedData_mergedRun_mergedAlgo",0.100758370138148
"355",19,"ph",8.04620420843424,"Chthamalus.montagui_EMmeanByROC_mergedData_mergedRun_mergedAlgo",0.0508532493972318
"356",19,"ph",8.04620420843424,"Chthamalus.montagui_EMciSupByTSS_mergedData_mergedRun_mergedAlgo",0.118858107377841
"357",19,"ph",8.04620420843424,"Chthamalus.montagui_EMmeanByTSS_mergedData_mergedRun_mergedAlgo",0.0508532493972318
"358",20,"ph",8.04688425590924,"Chthamalus.montagui_EMciSupByTSS_mergedData_mergedRun_mergedAlgo",0.118742944628378
"359",20,"ph",8.04688425590924,"Chthamalus.montagui_EMmeanByTSS_mergedData_mergedRun_mergedAlgo",0.0506718820143618
"360",20,"ph",8.04688425590924,"Chthamalus.montagui_EMmeanByROC_mergedData_mergedRun_mergedAlgo",0.0506718820143618
"361",21,"ph",8.04756430338425,"Chthamalus.montagui_EMmeanByTSS_mergedData_mergedRun_mergedAlgo",0.0507494266733205
"362",21,"ph",8.04756430338425,"Chthamalus.montagui_EMmeanByROC_mergedData_mergedRun_mergedAlgo",0.0507494266733205
"363",21,"ph",8.04756430338425,"Chthamalus.montagui_EMciSupByTSS_mergedData_mergedRun_mergedAlgo",0.119243777153748
"364",22,"ph",8.04824435085926,"Chthamalus.montagui_EMmeanByROC_mergedData_mergedRun_mergedAlgo",0.0395854280503796
"365",22,"ph",8.04824435085926,"Chthamalus.montagui_EMciSupByTSS_mergedData_mergedRun_mergedAlgo",0.091922261731872
"366",22,"ph",8.04824435085926,"Chthamalus.montagui_EMmeanByTSS_mergedData_mergedRun_mergedAlgo",0.0395854280503796
"367",23,"ph",8.04892439833426,"Chthamalus.montagui_EMciSupByTSS_mergedData_mergedRun_mergedAlgo",0.0748987663228339
"368",23,"ph",8.04892439833426,"Chthamalus.montagui_EMmeanByROC_mergedData_mergedRun_mergedAlgo",0.031179454568041
"369",23,"ph",8.04892439833426,"Chthamalus.montagui_EMmeanByTSS_mergedData_mergedRun_mergedAlgo",0.031179454568041
"370",24,"ph",8.04960444580927,"Chthamalus.montagui_EMmeanByROC_mergedData_mergedRun_mergedAlgo",0.0295310971865894
"371",24,"ph",8.04960444580927,"Chthamalus.montagui_EMciSupByTSS_mergedData_mergedRun_mergedAlgo",0.0745100127686112
"372",24,"ph",8.04960444580927,"Chthamalus.montagui_EMmeanByTSS_mergedData_mergedRun_mergedAlgo",0.0295310971865894
"373",25,"ph",8.05028449328428,"Chthamalus.montagui_EMmeanByROC_mergedData_mergedRun_mergedAlgo",0.0383899682488449
"374",25,"ph",8.05028449328428,"Chthamalus.montagui_EMmeanByTSS_mergedData_mergedRun_mergedAlgo",0.0383899682488449
"375",25,"ph",8.05028449328428,"Chthamalus.montagui_EMciSupByTSS_mergedData_mergedRun_mergedAlgo",0.0974157673050531
"376",26,"ph",8.05096454075928,"Chthamalus.montagui_EMmeanByROC_mergedData_mergedRun_mergedAlgo",0.0282557003770849
"377",26,"ph",8.05096454075928,"Chthamalus.montagui_EMciSupByTSS_mergedData_mergedRun_mergedAlgo",0.0740262387054229
"378",26,"ph",8.05096454075928,"Chthamalus.montagui_EMmeanByTSS_mergedData_mergedRun_mergedAlgo",0.0282557003770849
"379",27,"ph",8.05164458823429,"Chthamalus.montagui_EMciSupByTSS_mergedData_mergedRun_mergedAlgo",0.0543870732900282
"380",27,"ph",8.05164458823429,"Chthamalus.montagui_EMmeanByTSS_mergedData_mergedRun_mergedAlgo",0.022377945420912
"381",27,"ph",8.05164458823429,"Chthamalus.montagui_EMmeanByROC_mergedData_mergedRun_mergedAlgo",0.022377945420912
"382",28,"ph",8.0523246357093,"Chthamalus.montagui_EMmeanByROC_mergedData_mergedRun_mergedAlgo",0.0200063734547018
"383",28,"ph",8.0523246357093,"Chthamalus.montagui_EMciSupByTSS_mergedData_mergedRun_mergedAlgo",0.0474011335101586
"384",28,"ph",8.0523246357093,"Chthamalus.montagui_EMmeanByTSS_mergedData_mergedRun_mergedAlgo",0.0200063734547018
"385",29,"ph",8.05300468318431,"Chthamalus.montagui_EMmeanByROC_mergedData_mergedRun_mergedAlgo",0.0253906718231257
"386",29,"ph",8.05300468318431,"Chthamalus.montagui_EMciSupByTSS_mergedData_mergedRun_mergedAlgo",0.0598300046924936
"387",29,"ph",8.05300468318431,"Chthamalus.montagui_EMmeanByTSS_mergedData_mergedRun_mergedAlgo",0.0253906718231257
"388",30,"ph",8.05368473065931,"Chthamalus.montagui_EMmeanByROC_mergedData_mergedRun_mergedAlgo",0.0220305442331789
"389",30,"ph",8.05368473065931,"Chthamalus.montagui_EMciSupByTSS_mergedData_mergedRun_mergedAlgo",0.0506801172375331
"390",30,"ph",8.05368473065931,"Chthamalus.montagui_EMmeanByTSS_mergedData_mergedRun_mergedAlgo",0.0220305442331789
"391",31,"ph",8.05436477813432,"Chthamalus.montagui_EMmeanByROC_mergedData_mergedRun_mergedAlgo",0.0109257098910611
"392",31,"ph",8.05436477813432,"Chthamalus.montagui_EMciSupByTSS_mergedData_mergedRun_mergedAlgo",0.0239617279778562
"393",31,"ph",8.05436477813432,"Chthamalus.montagui_EMmeanByTSS_mergedData_mergedRun_mergedAlgo",0.0109257098910611
"394",32,"ph",8.05504482560933,"Chthamalus.montagui_EMmeanByROC_mergedData_mergedRun_mergedAlgo",0.0100759026822382
"395",32,"ph",8.05504482560933,"Chthamalus.montagui_EMciSupByTSS_mergedData_mergedRun_mergedAlgo",0.0222494134121146
"396",32,"ph",8.05504482560933,"Chthamalus.montagui_EMmeanByTSS_mergedData_mergedRun_mergedAlgo",0.0100759026822382
"397",33,"ph",8.05572487308434,"Chthamalus.montagui_EMmeanByROC_mergedData_mergedRun_mergedAlgo",0.00998087039297527
"398",33,"ph",8.05572487308434,"Chthamalus.montagui_EMciSupByTSS_mergedData_mergedRun_mergedAlgo",0.0221541180596775
"399",33,"ph",8.05572487308434,"Chthamalus.montagui_EMmeanByTSS_mergedData_mergedRun_mergedAlgo",0.00998087039297527
"400",34,"ph",8.05640492055934,"Chthamalus.montagui_EMmeanByTSS_mergedData_mergedRun_mergedAlgo",0.00989037397164452
"401",34,"ph",8.05640492055934,"Chthamalus.montagui_EMmeanByROC_mergedData_mergedRun_mergedAlgo",0.00989037397164452
"402",34,"ph",8.05640492055934,"Chthamalus.montagui_EMciSupByTSS_mergedData_mergedRun_mergedAlgo",0.0220649318848334
"403",35,"ph",8.05708496803435,"Chthamalus.montagui_EMmeanByROC_mergedData_mergedRun_mergedAlgo",0.0103041868281031
"404",35,"ph",8.05708496803435,"Chthamalus.montagui_EMciSupByTSS_mergedData_mergedRun_mergedAlgo",0.0231517412808382
"405",35,"ph",8.05708496803435,"Chthamalus.montagui_EMmeanByTSS_mergedData_mergedRun_mergedAlgo",0.0103041868281031
"406",36,"ph",8.05776501550936,"Chthamalus.montagui_EMciSupByTSS_mergedData_mergedRun_mergedAlgo",0.0223489659993692
"407",36,"ph",8.05776501550936,"Chthamalus.montagui_EMmeanByROC_mergedData_mergedRun_mergedAlgo",0.00997209416947138
"408",36,"ph",8.05776501550936,"Chthamalus.montagui_EMmeanByTSS_mergedData_mergedRun_mergedAlgo",0.00997209416947138
"409",37,"ph",8.05844506298436,"Chthamalus.montagui_EMmeanByROC_mergedData_mergedRun_mergedAlgo",0.00864389237066137
"410",37,"ph",8.05844506298436,"Chthamalus.montagui_EMciSupByTSS_mergedData_mergedRun_mergedAlgo",0.0191997000906431
"411",37,"ph",8.05844506298436,"Chthamalus.montagui_EMmeanByTSS_mergedData_mergedRun_mergedAlgo",0.00864389237066137
"412",38,"ph",8.05912511045937,"Chthamalus.montagui_EMmeanByROC_mergedData_mergedRun_mergedAlgo",0.00831938837804142
"413",38,"ph",8.05912511045937,"Chthamalus.montagui_EMmeanByTSS_mergedData_mergedRun_mergedAlgo",0.00831938837804142
"414",38,"ph",8.05912511045937,"Chthamalus.montagui_EMciSupByTSS_mergedData_mergedRun_mergedAlgo",0.0184064981063464
"415",39,"ph",8.05980515793438,"Chthamalus.montagui_EMmeanByROC_mergedData_mergedRun_mergedAlgo",0.011748399144672
"416",39,"ph",8.05980515793438,"Chthamalus.montagui_EMciSupByTSS_mergedData_mergedRun_mergedAlgo",0.0277724290086025
"417",39,"ph",8.05980515793438,"Chthamalus.montagui_EMmeanByTSS_mergedData_mergedRun_mergedAlgo",0.011748399144672
"418",40,"ph",8.06048520540938,"Chthamalus.montagui_EMciSupByTSS_mergedData_mergedRun_mergedAlgo",0.0285793295314919
"419",40,"ph",8.06048520540938,"Chthamalus.montagui_EMmeanByTSS_mergedData_mergedRun_mergedAlgo",0.0121807510955814
"420",40,"ph",8.06048520540938,"Chthamalus.montagui_EMmeanByROC_mergedData_mergedRun_mergedAlgo",0.0121807510955814
"421",41,"ph",8.06116525288439,"Chthamalus.montagui_EMmeanByTSS_mergedData_mergedRun_mergedAlgo",0.0161162796216125
"422",41,"ph",8.06116525288439,"Chthamalus.montagui_EMmeanByROC_mergedData_mergedRun_mergedAlgo",0.0161162796216125
"423",41,"ph",8.06116525288439,"Chthamalus.montagui_EMciSupByTSS_mergedData_mergedRun_mergedAlgo",0.0375347850194835
"424",42,"ph",8.0618453003594,"Chthamalus.montagui_EMmeanByROC_mergedData_mergedRun_mergedAlgo",0.0160548286004095
"425",42,"ph",8.0618453003594,"Chthamalus.montagui_EMciSupByTSS_mergedData_mergedRun_mergedAlgo",0.0374920857268999
"426",42,"ph",8.0618453003594,"Chthamalus.montagui_EMmeanByTSS_mergedData_mergedRun_mergedAlgo",0.0160548286004095
"427",43,"ph",8.0625253478344,"Chthamalus.montagui_EMciSupByTSS_mergedData_mergedRun_mergedAlgo",0.0374517797928764
"428",43,"ph",8.0625253478344,"Chthamalus.montagui_EMmeanByROC_mergedData_mergedRun_mergedAlgo",0.01599624994318
"429",43,"ph",8.0625253478344,"Chthamalus.montagui_EMmeanByTSS_mergedData_mergedRun_mergedAlgo",0.01599624994318
"430",44,"ph",8.06320539530941,"Chthamalus.montagui_EMmeanByROC_mergedData_mergedRun_mergedAlgo",0.0159404031659085
"431",44,"ph",8.06320539530941,"Chthamalus.montagui_EMciSupByTSS_mergedData_mergedRun_mergedAlgo",0.0374137185308623
"432",44,"ph",8.06320539530941,"Chthamalus.montagui_EMmeanByTSS_mergedData_mergedRun_mergedAlgo",0.0159404031659085
"433",45,"ph",8.06388544278442,"Chthamalus.montagui_EMmeanByROC_mergedData_mergedRun_mergedAlgo",0.0158871549837628
"434",45,"ph",8.06388544278442,"Chthamalus.montagui_EMmeanByTSS_mergedData_mergedRun_mergedAlgo",0.0158871549837628
"435",45,"ph",8.06388544278442,"Chthamalus.montagui_EMciSupByTSS_mergedData_mergedRun_mergedAlgo",0.0373777634840449
"436",46,"ph",8.06456549025942,"Chthamalus.montagui_EMmeanByROC_mergedData_mergedRun_mergedAlgo",0.0300863789274792
"437",46,"ph",8.06456549025942,"Chthamalus.montagui_EMciSupByTSS_mergedData_mergedRun_mergedAlgo",0.0744388821231834
"438",46,"ph",8.06456549025942,"Chthamalus.montagui_EMmeanByTSS_mergedData_mergedRun_mergedAlgo",0.0300863789274792
"439",47,"ph",8.06524553773443,"Chthamalus.montagui_EMciSupByTSS_mergedData_mergedRun_mergedAlgo",0.031273533697755
"440",47,"ph",8.06524553773443,"Chthamalus.montagui_EMmeanByTSS_mergedData_mergedRun_mergedAlgo",0.0127879549805744
"441",47,"ph",8.06524553773443,"Chthamalus.montagui_EMmeanByROC_mergedData_mergedRun_mergedAlgo",0.0127879549805744
"442",48,"ph",8.06592558520944,"Chthamalus.montagui_EMmeanByROC_mergedData_mergedRun_mergedAlgo",0.00824176923627737
"443",48,"ph",8.06592558520944,"Chthamalus.montagui_EMciSupByTSS_mergedData_mergedRun_mergedAlgo",0.0204691496581114
"444",48,"ph",8.06592558520944,"Chthamalus.montagui_EMmeanByTSS_mergedData_mergedRun_mergedAlgo",0.00824176923627737
"445",49,"ph",8.06660563268445,"Chthamalus.montagui_EMmeanByROC_mergedData_mergedRun_mergedAlgo",0.00619771357312863
"446",49,"ph",8.06660563268445,"Chthamalus.montagui_EMciSupByTSS_mergedData_mergedRun_mergedAlgo",0.0142885844080556
"447",49,"ph",8.06660563268445,"Chthamalus.montagui_EMmeanByTSS_mergedData_mergedRun_mergedAlgo",0.00619771357312863
"448",50,"ph",8.06728568015945,"Chthamalus.montagui_EMmeanByROC_mergedData_mergedRun_mergedAlgo",0.00440568534824798
"449",50,"ph",8.06728568015945,"Chthamalus.montagui_EMciSupByTSS_mergedData_mergedRun_mergedAlgo",0.0122235484693479
"450",50,"ph",8.06728568015945,"Chthamalus.montagui_EMmeanByTSS_mergedData_mergedRun_mergedAlgo",0.00440568534824798
"451",51,"ph",8.06796572763446,"Chthamalus.montagui_EMmeanByROC_mergedData_mergedRun_mergedAlgo",0.00436558710731304
"452",51,"ph",8.06796572763446,"Chthamalus.montagui_EMciSupByTSS_mergedData_mergedRun_mergedAlgo",0.0121808877102737
"453",51,"ph",8.06796572763446,"Chthamalus.montagui_EMmeanByTSS_mergedData_mergedRun_mergedAlgo",0.00436558710731304
"454",52,"ph",8.06864577510947,"Chthamalus.montagui_EMmeanByROC_mergedData_mergedRun_mergedAlgo",0.00407732631034652
"455",52,"ph",8.06864577510947,"Chthamalus.montagui_EMciSupByTSS_mergedData_mergedRun_mergedAlgo",0.0113379044635753
"456",52,"ph",8.06864577510947,"Chthamalus.montagui_EMmeanByTSS_mergedData_mergedRun_mergedAlgo",0.00407732631034652
"457",53,"ph",8.06932582258447,"Chthamalus.montagui_EMmeanByROC_mergedData_mergedRun_mergedAlgo",0.00204081507244791
"458",53,"ph",8.06932582258447,"Chthamalus.montagui_EMciSupByTSS_mergedData_mergedRun_mergedAlgo",0.00503051103663312
"459",53,"ph",8.06932582258447,"Chthamalus.montagui_EMmeanByTSS_mergedData_mergedRun_mergedAlgo",0.00204081507244791
"460",54,"ph",8.07000587005948,"Chthamalus.montagui_EMmeanByTSS_mergedData_mergedRun_mergedAlgo",0.00200596991865619
"461",54,"ph",8.07000587005948,"Chthamalus.montagui_EMmeanByROC_mergedData_mergedRun_mergedAlgo",0.00200596991865619
"462",54,"ph",8.07000587005948,"Chthamalus.montagui_EMciSupByTSS_mergedData_mergedRun_mergedAlgo",0.00497431478611225
"463",55,"ph",8.07068591753449,"Chthamalus.montagui_EMmeanByROC_mergedData_mergedRun_mergedAlgo",0.00197271155216605
"464",55,"ph",8.07068591753449,"Chthamalus.montagui_EMciSupByTSS_mergedData_mergedRun_mergedAlgo",0.00492165124821245
"465",55,"ph",8.07068591753449,"Chthamalus.montagui_EMmeanByTSS_mergedData_mergedRun_mergedAlgo",0.00197271155216605
"466",56,"ph",8.07136596500949,"Chthamalus.montagui_EMciSupByTSS_mergedData_mergedRun_mergedAlgo",0.00487229763378463
"467",56,"ph",8.07136596500949,"Chthamalus.montagui_EMmeanByROC_mergedData_mergedRun_mergedAlgo",0.00194096463516644
"468",56,"ph",8.07136596500949,"Chthamalus.montagui_EMmeanByTSS_mergedData_mergedRun_mergedAlgo",0.00194096463516644
"469",57,"ph",8.0720460124845,"Chthamalus.montagui_EMmeanByROC_mergedData_mergedRun_mergedAlgo",0.00166065758160325
"470",57,"ph",8.0720460124845,"Chthamalus.montagui_EMciSupByTSS_mergedData_mergedRun_mergedAlgo",0.00408190752879404
"471",57,"ph",8.0720460124845,"Chthamalus.montagui_EMmeanByTSS_mergedData_mergedRun_mergedAlgo",0.00166065758160325
"472",58,"ph",8.07272605995951,"Chthamalus.montagui_EMmeanByROC_mergedData_mergedRun_mergedAlgo",0.00163172236121007
"473",58,"ph",8.07272605995951,"Chthamalus.montagui_EMmeanByTSS_mergedData_mergedRun_mergedAlgo",0.00163172236121007
"474",58,"ph",8.07272605995951,"Chthamalus.montagui_EMciSupByTSS_mergedData_mergedRun_mergedAlgo",0.00403339262751725
"475",59,"ph",8.07340610743451,"Chthamalus.montagui_EMmeanByROC_mergedData_mergedRun_mergedAlgo",0.00160409431418298
"476",59,"ph",8.07340610743451,"Chthamalus.montagui_EMciSupByTSS_mergedData_mergedRun_mergedAlgo",0.00398791751216683
"477",59,"ph",8.07340610743451,"Chthamalus.montagui_EMmeanByTSS_mergedData_mergedRun_mergedAlgo",0.00160409431418298
"478",60,"ph",8.07408615490952,"Chthamalus.montagui_EMciSupByTSS_mergedData_mergedRun_mergedAlgo",0.00255749701663768
"479",60,"ph",8.07408615490952,"Chthamalus.montagui_EMmeanByTSS_mergedData_mergedRun_mergedAlgo",0.00107771197590931
"480",60,"ph",8.07408615490952,"Chthamalus.montagui_EMmeanByROC_mergedData_mergedRun_mergedAlgo",0.00107771197590931
"481",61,"ph",8.07476620238453,"Chthamalus.montagui_EMmeanByTSS_mergedData_mergedRun_mergedAlgo",0.00105251691119493
"482",61,"ph",8.07476620238453,"Chthamalus.montagui_EMmeanByROC_mergedData_mergedRun_mergedAlgo",0.00105251691119493
"483",61,"ph",8.07476620238453,"Chthamalus.montagui_EMciSupByTSS_mergedData_mergedRun_mergedAlgo",0.00250223818450675
"484",62,"ph",8.07544624985954,"Chthamalus.montagui_EMmeanByROC_mergedData_mergedRun_mergedAlgo",0.0010284535574608
"485",62,"ph",8.07544624985954,"Chthamalus.montagui_EMciSupByTSS_mergedData_mergedRun_mergedAlgo",0.0024501792157756
"486",62,"ph",8.07544624985954,"Chthamalus.montagui_EMmeanByTSS_mergedData_mergedRun_mergedAlgo",0.0010284535574608
"487",63,"ph",8.07612629733454,"Chthamalus.montagui_EMciSupByTSS_mergedData_mergedRun_mergedAlgo",0.00240116143266105
"488",63,"ph",8.07612629733454,"Chthamalus.montagui_EMmeanByROC_mergedData_mergedRun_mergedAlgo",0.00100546907641327
"489",63,"ph",8.07612629733454,"Chthamalus.montagui_EMmeanByTSS_mergedData_mergedRun_mergedAlgo",0.00100546907641327
"490",64,"ph",8.07680634480955,"Chthamalus.montagui_EMmeanByROC_mergedData_mergedRun_mergedAlgo",0.000983513213715403
"491",64,"ph",8.07680634480955,"Chthamalus.montagui_EMciSupByTSS_mergedData_mergedRun_mergedAlgo",0.00235503126373238
"492",64,"ph",8.07680634480955,"Chthamalus.montagui_EMmeanByTSS_mergedData_mergedRun_mergedAlgo",0.000983513213715403
"493",65,"ph",8.07748639228456,"Chthamalus.montagui_EMmeanByROC_mergedData_mergedRun_mergedAlgo",0.000962538166217061
"494",65,"ph",8.07748639228456,"Chthamalus.montagui_EMmeanByTSS_mergedData_mergedRun_mergedAlgo",0.000962538166217061
"495",65,"ph",8.07748639228456,"Chthamalus.montagui_EMciSupByTSS_mergedData_mergedRun_mergedAlgo",0.00231164020565473
"496",66,"ph",8.07816643975957,"Chthamalus.montagui_EMmeanByROC_mergedData_mergedRun_mergedAlgo",0.000942498456322085
"497",66,"ph",8.07816643975957,"Chthamalus.montagui_EMciSupByTSS_mergedData_mergedRun_mergedAlgo",0.00227084480591238
"498",66,"ph",8.07816643975957,"Chthamalus.montagui_EMmeanByTSS_mergedData_mergedRun_mergedAlgo",0.000942498456322085
"499",67,"ph",8.07884648723457,"Chthamalus.montagui_EMciSupByTSS_mergedData_mergedRun_mergedAlgo",0.00223250666013475
"500",67,"ph",8.07884648723457,"Chthamalus.montagui_EMmeanByTSS_mergedData_mergedRun_mergedAlgo",0.000923350813098248
"501",67,"ph",8.07884648723457,"Chthamalus.montagui_EMmeanByROC_mergedData_mergedRun_mergedAlgo",0.000923350813098248
"502",68,"ph",8.07952653470958,"Chthamalus.montagui_EMmeanByROC_mergedData_mergedRun_mergedAlgo",0.000905054059754042
"503",68,"ph",8.07952653470958,"Chthamalus.montagui_EMciSupByTSS_mergedData_mergedRun_mergedAlgo",0.00219649241784209
"504",68,"ph",8.07952653470958,"Chthamalus.montagui_EMmeanByTSS_mergedData_mergedRun_mergedAlgo",0.000905054059754042
"505",69,"ph",8.08020658218459,"Chthamalus.montagui_EMmeanByROC_mergedData_mergedRun_mergedAlgo",0.000887569007130647
"506",69,"ph",8.08020658218459,"Chthamalus.montagui_EMciSupByTSS_mergedData_mergedRun_mergedAlgo",0.0021626737908424
"507",69,"ph",8.08020658218459,"Chthamalus.montagui_EMmeanByTSS_mergedData_mergedRun_mergedAlgo",0.000887569007130647
"508",70,"ph",8.08088662965959,"Chthamalus.montagui_EMmeanByROC_mergedData_mergedRun_mergedAlgo",0.00037085835287506
"509",70,"ph",8.08088662965959,"Chthamalus.montagui_EMciSupByTSS_mergedData_mergedRun_mergedAlgo",0.00113214142274305
"510",70,"ph",8.08088662965959,"Chthamalus.montagui_EMmeanByTSS_mergedData_mergedRun_mergedAlgo",0.00037085835287506
"511",71,"ph",8.0815666771346,"Chthamalus.montagui_EMmeanByROC_mergedData_mergedRun_mergedAlgo",0.000354886585979622
"512",71,"ph",8.0815666771346,"Chthamalus.montagui_EMciSupByTSS_mergedData_mergedRun_mergedAlgo",0.00108511796395502
"513",71,"ph",8.0815666771346,"Chthamalus.montagui_EMmeanByTSS_mergedData_mergedRun_mergedAlgo",0.000354886585979622
"514",72,"ph",8.08224672460961,"Chthamalus.montagui_EMmeanByROC_mergedData_mergedRun_mergedAlgo",0.000339619896391917
"515",72,"ph",8.08224672460961,"Chthamalus.montagui_EMciSupByTSS_mergedData_mergedRun_mergedAlgo",0.001040064609927
"516",72,"ph",8.08224672460961,"Chthamalus.montagui_EMmeanByTSS_mergedData_mergedRun_mergedAlgo",0.000339619896391917
"517",73,"ph",8.08292677208461,"Chthamalus.montagui_EMmeanByROC_mergedData_mergedRun_mergedAlgo",0.000325026089413941
"518",73,"ph",8.08292677208461,"Chthamalus.montagui_EMciSupByTSS_mergedData_mergedRun_mergedAlgo",0.000996897564677998
"519",73,"ph",8.08292677208461,"Chthamalus.montagui_EMmeanByTSS_mergedData_mergedRun_mergedAlgo",0.000325026089413941
"520",74,"ph",8.08360681955962,"Chthamalus.montagui_EMmeanByTSS_mergedData_mergedRun_mergedAlgo",0.00031107450462732
"521",74,"ph",8.08360681955962,"Chthamalus.montagui_EMmeanByROC_mergedData_mergedRun_mergedAlgo",0.00031107450462732
"522",74,"ph",8.08360681955962,"Chthamalus.montagui_EMciSupByTSS_mergedData_mergedRun_mergedAlgo",0.000955536691606704
"523",75,"ph",8.08428686703463,"Chthamalus.montagui_EMmeanByROC_mergedData_mergedRun_mergedAlgo",0.000297735939094083
"524",75,"ph",8.08428686703463,"Chthamalus.montagui_EMciSupByTSS_mergedData_mergedRun_mergedAlgo",0.000915905346323025
"525",75,"ph",8.08428686703463,"Chthamalus.montagui_EMmeanByTSS_mergedData_mergedRun_mergedAlgo",0.000297735939094083
"526",76,"ph",8.08496691450963,"Chthamalus.montagui_EMciSupByTSS_mergedData_mergedRun_mergedAlgo",0.000877930217690919
"527",76,"ph",8.08496691450963,"Chthamalus.montagui_EMmeanByROC_mergedData_mergedRun_mergedAlgo",0.000284982574598846
"528",76,"ph",8.08496691450963,"Chthamalus.montagui_EMmeanByTSS_mergedData_mergedRun_mergedAlgo",0.000284982574598846
"529",77,"ph",8.08564696198464,"Chthamalus.montagui_EMmeanByROC_mergedData_mergedRun_mergedAlgo",0.000272787908709292
"530",77,"ph",8.08564696198464,"Chthamalus.montagui_EMciSupByTSS_mergedData_mergedRun_mergedAlgo",0.000841541176631996
"531",77,"ph",8.08564696198464,"Chthamalus.montagui_EMmeanByTSS_mergedData_mergedRun_mergedAlgo",0.000272787908709292
"532",78,"ph",8.08632700945965,"Chthamalus.montagui_EMmeanByROC_mergedData_mergedRun_mergedAlgo",0.000261126689446634
"533",78,"ph",8.08632700945965,"Chthamalus.montagui_EMmeanByTSS_mergedData_mergedRun_mergedAlgo",0.000261126689446634
"534",78,"ph",8.08632700945965,"Chthamalus.montagui_EMciSupByTSS_mergedData_mergedRun_mergedAlgo",0.000806671132273875
"535",79,"ph",8.08700705693465,"Chthamalus.montagui_EMmeanByROC_mergedData_mergedRun_mergedAlgo",0.000249974853367375
"536",79,"ph",8.08700705693465,"Chthamalus.montagui_EMciSupByTSS_mergedData_mergedRun_mergedAlgo",0.000773255895046192
"537",79,"ph",8.08700705693465,"Chthamalus.montagui_EMmeanByTSS_mergedData_mergedRun_mergedAlgo",0.000249974853367375
"538",80,"ph",8.08768710440966,"Chthamalus.montagui_EMciSupByTSS_mergedData_mergedRun_mergedAlgo",0.000741234046356804
"539",80,"ph",8.08768710440966,"Chthamalus.montagui_EMmeanByTSS_mergedData_mergedRun_mergedAlgo",0.000239309466870742
"540",80,"ph",8.08768710440966,"Chthamalus.montagui_EMmeanByROC_mergedData_mergedRun_mergedAlgo",0.000239309466870742
"541",81,"ph",8.08836715188467,"Chthamalus.montagui_EMmeanByTSS_mergedData_mergedRun_mergedAlgo",0.000229108670555559
"542",81,"ph",8.08836715188467,"Chthamalus.montagui_EMmeanByROC_mergedData_mergedRun_mergedAlgo",0.000229108670555559
"543",81,"ph",8.08836715188467,"Chthamalus.montagui_EMciSupByTSS_mergedData_mergedRun_mergedAlgo",0.000710546814499319
"544",82,"ph",8.08904719935968,"Chthamalus.montagui_EMmeanByROC_mergedData_mergedRun_mergedAlgo",0.000219351626460233
"545",82,"ph",8.08904719935968,"Chthamalus.montagui_EMciSupByTSS_mergedData_mergedRun_mergedAlgo",0.000681137956464093
"546",82,"ph",8.08904719935968,"Chthamalus.montagui_EMmeanByTSS_mergedData_mergedRun_mergedAlgo",0.000219351626460233
"547",83,"ph",8.08972724683468,"Chthamalus.montagui_EMciSupByTSS_mergedData_mergedRun_mergedAlgo",0.000652953645347082
"548",83,"ph",8.08972724683468,"Chthamalus.montagui_EMmeanByROC_mergedData_mergedRun_mergedAlgo",0.000210018468029964
"549",83,"ph",8.08972724683468,"Chthamalus.montagui_EMmeanByTSS_mergedData_mergedRun_mergedAlgo",0.000210018468029964
"550",84,"ph",8.09040729430969,"Chthamalus.montagui_EMmeanByROC_mergedData_mergedRun_mergedAlgo",0.000201090252662469
"551",84,"ph",8.09040729430969,"Chthamalus.montagui_EMciSupByTSS_mergedData_mergedRun_mergedAlgo",0.000625942363064266
"552",84,"ph",8.09040729430969,"Chthamalus.montagui_EMmeanByTSS_mergedData_mergedRun_mergedAlgo",0.000201090252662469
"553",85,"ph",8.0910873417847,"Chthamalus.montagui_EMmeanByROC_mergedData_mergedRun_mergedAlgo",0.00019254891669357
"554",85,"ph",8.0910873417847,"Chthamalus.montagui_EMmeanByTSS_mergedData_mergedRun_mergedAlgo",0.00019254891669357
"555",85,"ph",8.0910873417847,"Chthamalus.montagui_EMciSupByTSS_mergedData_mergedRun_mergedAlgo",0.000600054798101347
"556",86,"ph",8.0917673892597,"Chthamalus.montagui_EMmeanByROC_mergedData_mergedRun_mergedAlgo",0.000184377232690174
"557",86,"ph",8.0917673892597,"Chthamalus.montagui_EMciSupByTSS_mergedData_mergedRun_mergedAlgo",0.000575243748039151
"558",86,"ph",8.0917673892597,"Chthamalus.montagui_EMmeanByTSS_mergedData_mergedRun_mergedAlgo",0.000184377232690174
"559",87,"ph",8.09244743673471,"Chthamalus.montagui_EMciSupByTSS_mergedData_mergedRun_mergedAlgo",0.000551464026614694
"560",87,"ph",8.09244743673471,"Chthamalus.montagui_EMmeanByTSS_mergedData_mergedRun_mergedAlgo",0.000176558768927141
"561",87,"ph",8.09244743673471,"Chthamalus.montagui_EMmeanByROC_mergedData_mergedRun_mergedAlgo",0.000176558768927141
"562",88,"ph",8.09312748420972,"Chthamalus.montagui_EMmeanByROC_mergedData_mergedRun_mergedAlgo",0.000169077850929976
"563",88,"ph",8.09312748420972,"Chthamalus.montagui_EMciSupByTSS_mergedData_mergedRun_mergedAlgo",0.000528672375086967
"564",88,"ph",8.09312748420972,"Chthamalus.montagui_EMmeanByTSS_mergedData_mergedRun_mergedAlgo",0.000169077850929976
"565",89,"ph",8.09380753168472,"Chthamalus.montagui_EMmeanByROC_mergedData_mergedRun_mergedAlgo",0.000161919524973334
"566",89,"ph",8.09380753168472,"Chthamalus.montagui_EMciSupByTSS_mergedData_mergedRun_mergedAlgo",0.000506827377693864
"567",89,"ph",8.09380753168472,"Chthamalus.montagui_EMmeanByTSS_mergedData_mergedRun_mergedAlgo",0.000161919524973334
"568",90,"ph",8.09448757915973,"Chthamalus.montagui_EMmeanByROC_mergedData_mergedRun_mergedAlgo",0.000155069523430103
"569",90,"ph",8.09448757915973,"Chthamalus.montagui_EMciSupByTSS_mergedData_mergedRun_mergedAlgo",0.000485889380994478
"570",90,"ph",8.09448757915973,"Chthamalus.montagui_EMmeanByTSS_mergedData_mergedRun_mergedAlgo",0.000155069523430103
"571",91,"ph",8.09516762663474,"Chthamalus.montagui_EMmeanByROC_mergedData_mergedRun_mergedAlgo",0.000148514231872865
"572",91,"ph",8.09516762663474,"Chthamalus.montagui_EMciSupByTSS_mergedData_mergedRun_mergedAlgo",0.000465820416905939
"573",91,"ph",8.09516762663474,"Chthamalus.montagui_EMmeanByTSS_mergedData_mergedRun_mergedAlgo",0.000148514231872865
"574",92,"ph",8.09584767410974,"Chthamalus.montagui_EMmeanByROC_mergedData_mergedRun_mergedAlgo",0.000142240657834312
"575",92,"ph",8.09584767410974,"Chthamalus.montagui_EMciSupByTSS_mergedData_mergedRun_mergedAlgo",0.000446584129252252
"576",92,"ph",8.09584767410974,"Chthamalus.montagui_EMmeanByTSS_mergedData_mergedRun_mergedAlgo",0.000142240657834312
"577",93,"ph",8.09652772158475,"Chthamalus.montagui_EMmeanByROC_mergedData_mergedRun_mergedAlgo",0.000136236401138397
"578",93,"ph",8.09652772158475,"Chthamalus.montagui_EMciSupByTSS_mergedData_mergedRun_mergedAlgo",0.000428145703652716
"579",93,"ph",8.09652772158475,"Chthamalus.montagui_EMmeanByTSS_mergedData_mergedRun_mergedAlgo",0.000136236401138397
"580",94,"ph",8.09720776905976,"Chthamalus.montagui_EMmeanByTSS_mergedData_mergedRun_mergedAlgo",0.00013048962571951
"581",94,"ph",8.09720776905976,"Chthamalus.montagui_EMmeanByROC_mergedData_mergedRun_mergedAlgo",0.00013048962571951
"582",94,"ph",8.09720776905976,"Chthamalus.montagui_EMciSupByTSS_mergedData_mergedRun_mergedAlgo",0.000410471800588626
"583",95,"ph",8.09788781653477,"Chthamalus.montagui_EMmeanByROC_mergedData_mergedRun_mergedAlgo",0.000124989032850613
"584",95,"ph",8.09788781653477,"Chthamalus.montagui_EMciSupByTSS_mergedData_mergedRun_mergedAlgo",0.000393530491492765
"585",95,"ph",8.09788781653477,"Chthamalus.montagui_EMmeanByTSS_mergedData_mergedRun_mergedAlgo",0.000124989032850613
"586",96,"ph",8.09856786400977,"Chthamalus.montagui_EMciSupByTSS_mergedData_mergedRun_mergedAlgo",0.00037729119771761
"587",96,"ph",8.09856786400977,"Chthamalus.montagui_EMmeanByROC_mergedData_mergedRun_mergedAlgo",0.000119723835706636
"588",96,"ph",8.09856786400977,"Chthamalus.montagui_EMmeanByTSS_mergedData_mergedRun_mergedAlgo",0.000119723835706636
"589",97,"ph",8.09924791148478,"Chthamalus.montagui_EMmeanByROC_mergedData_mergedRun_mergedAlgo",0.000114683735192556
"590",97,"ph",8.09924791148478,"Chthamalus.montagui_EMciSupByTSS_mergedData_mergedRun_mergedAlgo",0.00036172463224277
"591",97,"ph",8.09924791148478,"Chthamalus.montagui_EMmeanByTSS_mergedData_mergedRun_mergedAlgo",0.000114683735192556
"592",98,"ph",8.09992795895979,"Chthamalus.montagui_EMmeanByROC_mergedData_mergedRun_mergedAlgo",0.00010985889697035
"593",98,"ph",8.09992795895979,"Chthamalus.montagui_EMmeanByTSS_mergedData_mergedRun_mergedAlgo",0.00010985889697035
"594",98,"ph",8.09992795895979,"Chthamalus.montagui_EMciSupByTSS_mergedData_mergedRun_mergedAlgo",0.00034680274399243
"595",99,"ph",8.1006080064348,"Chthamalus.montagui_EMmeanByROC_mergedData_mergedRun_mergedAlgo",0.000105239929621794
"596",99,"ph",8.1006080064348,"Chthamalus.montagui_EMciSupByTSS_mergedData_mergedRun_mergedAlgo",0.000332498664637497
"597",99,"ph",8.1006080064348,"Chthamalus.montagui_EMmeanByTSS_mergedData_mergedRun_mergedAlgo",0.000105239929621794
"598",100,"ph",8.1012880539098,"Chthamalus.montagui_EMciSupByTSS_mergedData_mergedRun_mergedAlgo",0.000318786657766375
"599",100,"ph",8.1012880539098,"Chthamalus.montagui_EMmeanByTSS_mergedData_mergedRun_mergedAlgo",0.000100817863888341
"600",100,"ph",8.1012880539098,"Chthamalus.montagui_EMmeanByROC_mergedData_mergedRun_mergedAlgo",0.000100817863888341
"601",1,"wave_fetch",2.65697360038757,"Chthamalus.montagui_EMmeanByTSS_mergedData_mergedRun_mergedAlgo",0.0395901513531485
"602",1,"wave_fetch",2.65697360038757,"Chthamalus.montagui_EMmeanByROC_mergedData_mergedRun_mergedAlgo",0.0395901513531485
"603",1,"wave_fetch",2.65697360038757,"Chthamalus.montagui_EMciSupByTSS_mergedData_mergedRun_mergedAlgo",0.0820492152422496
"604",2,"wave_fetch",2.67484046473648,"Chthamalus.montagui_EMmeanByROC_mergedData_mergedRun_mergedAlgo",0.0396468428923502
"605",2,"wave_fetch",2.67484046473648,"Chthamalus.montagui_EMciSupByTSS_mergedData_mergedRun_mergedAlgo",0.0821057029697127
"606",2,"wave_fetch",2.67484046473648,"Chthamalus.montagui_EMmeanByTSS_mergedData_mergedRun_mergedAlgo",0.0396468428923502
"607",3,"wave_fetch",2.69270732908538,"Chthamalus.montagui_EMciSupByTSS_mergedData_mergedRun_mergedAlgo",0.08216269414269
"608",3,"wave_fetch",2.69270732908538,"Chthamalus.montagui_EMmeanByROC_mergedData_mergedRun_mergedAlgo",0.0397038651109815
"609",3,"wave_fetch",2.69270732908538,"Chthamalus.montagui_EMmeanByTSS_mergedData_mergedRun_mergedAlgo",0.0397038651109815
"610",4,"wave_fetch",2.71057419343428,"Chthamalus.montagui_EMmeanByROC_mergedData_mergedRun_mergedAlgo",0.0397612197732567
"611",4,"wave_fetch",2.71057419343428,"Chthamalus.montagui_EMciSupByTSS_mergedData_mergedRun_mergedAlgo",0.0822201935357501
"612",4,"wave_fetch",2.71057419343428,"Chthamalus.montagui_EMmeanByTSS_mergedData_mergedRun_mergedAlgo",0.0397612197732567
"613",5,"wave_fetch",2.72844105778318,"Chthamalus.montagui_EMmeanByROC_mergedData_mergedRun_mergedAlgo",0.0398189086507968
"614",5,"wave_fetch",2.72844105778318,"Chthamalus.montagui_EMmeanByTSS_mergedData_mergedRun_mergedAlgo",0.0398189086507968
"615",5,"wave_fetch",2.72844105778318,"Chthamalus.montagui_EMciSupByTSS_mergedData_mergedRun_mergedAlgo",0.0822782059672097
"616",6,"wave_fetch",2.74630792213209,"Chthamalus.montagui_EMmeanByROC_mergedData_mergedRun_mergedAlgo",0.0398769335226358
"617",6,"wave_fetch",2.74630792213209,"Chthamalus.montagui_EMciSupByTSS_mergedData_mergedRun_mergedAlgo",0.082336736299424
"618",6,"wave_fetch",2.74630792213209,"Chthamalus.montagui_EMmeanByTSS_mergedData_mergedRun_mergedAlgo",0.0398769335226358
"619",7,"wave_fetch",2.76417478648099,"Chthamalus.montagui_EMciSupByTSS_mergedData_mergedRun_mergedAlgo",0.0823957894390762
"620",7,"wave_fetch",2.76417478648099,"Chthamalus.montagui_EMmeanByTSS_mergedData_mergedRun_mergedAlgo",0.0399352961752262
"621",7,"wave_fetch",2.76417478648099,"Chthamalus.montagui_EMmeanByROC_mergedData_mergedRun_mergedAlgo",0.0399352961752262
"622",8,"wave_fetch",2.78204165082989,"Chthamalus.montagui_EMmeanByROC_mergedData_mergedRun_mergedAlgo",0.0399939984024442
"623",8,"wave_fetch",2.78204165082989,"Chthamalus.montagui_EMciSupByTSS_mergedData_mergedRun_mergedAlgo",0.0824553703374657
"624",8,"wave_fetch",2.78204165082989,"Chthamalus.montagui_EMmeanByTSS_mergedData_mergedRun_mergedAlgo",0.0399939984024442
"625",9,"wave_fetch",2.7999085151788,"Chthamalus.montagui_EMmeanByROC_mergedData_mergedRun_mergedAlgo",0.0400530420055947
"626",9,"wave_fetch",2.7999085151788,"Chthamalus.montagui_EMciSupByTSS_mergedData_mergedRun_mergedAlgo",0.0825154839907935
"627",9,"wave_fetch",2.7999085151788,"Chthamalus.montagui_EMmeanByTSS_mergedData_mergedRun_mergedAlgo",0.0400530420055947
"628",10,"wave_fetch",2.8177753795277,"Chthamalus.montagui_EMmeanByROC_mergedData_mergedRun_mergedAlgo",0.0401124287934154
"629",10,"wave_fetch",2.8177753795277,"Chthamalus.montagui_EMciSupByTSS_mergedData_mergedRun_mergedAlgo",0.0825761354404473
"630",10,"wave_fetch",2.8177753795277,"Chthamalus.montagui_EMmeanByTSS_mergedData_mergedRun_mergedAlgo",0.0401124287934154
"631",11,"wave_fetch",2.8356422438766,"Chthamalus.montagui_EMmeanByROC_mergedData_mergedRun_mergedAlgo",0.0401721605820812
"632",11,"wave_fetch",2.8356422438766,"Chthamalus.montagui_EMciSupByTSS_mergedData_mergedRun_mergedAlgo",0.0826373297732841
"633",11,"wave_fetch",2.8356422438766,"Chthamalus.montagui_EMmeanByTSS_mergedData_mergedRun_mergedAlgo",0.0401721605820812
"634",12,"wave_fetch",2.8535091082255,"Chthamalus.montagui_EMmeanByROC_mergedData_mergedRun_mergedAlgo",0.0402322391952077
"635",12,"wave_fetch",2.8535091082255,"Chthamalus.montagui_EMciSupByTSS_mergedData_mergedRun_mergedAlgo",0.0826990721219106
"636",12,"wave_fetch",2.8535091082255,"Chthamalus.montagui_EMmeanByTSS_mergedData_mergedRun_mergedAlgo",0.0402322391952077
"637",13,"wave_fetch",2.87137597257441,"Chthamalus.montagui_EMmeanByROC_mergedData_mergedRun_mergedAlgo",0.0402926664638545
"638",13,"wave_fetch",2.87137597257441,"Chthamalus.montagui_EMciSupByTSS_mergedData_mergedRun_mergedAlgo",0.0827613676649624
"639",13,"wave_fetch",2.87137597257441,"Chthamalus.montagui_EMmeanByTSS_mergedData_mergedRun_mergedAlgo",0.0402926664638545
"640",14,"wave_fetch",2.88924283692331,"Chthamalus.montagui_EMmeanByTSS_mergedData_mergedRun_mergedAlgo",0.040353444226528
"641",14,"wave_fetch",2.88924283692331,"Chthamalus.montagui_EMmeanByROC_mergedData_mergedRun_mergedAlgo",0.040353444226528
"642",14,"wave_fetch",2.88924283692331,"Chthamalus.montagui_EMciSupByTSS_mergedData_mergedRun_mergedAlgo",0.0828242216273797
"643",15,"wave_fetch",2.90710970127221,"Chthamalus.montagui_EMmeanByROC_mergedData_mergedRun_mergedAlgo",0.040414574329184
"644",15,"wave_fetch",2.90710970127221,"Chthamalus.montagui_EMciSupByTSS_mergedData_mergedRun_mergedAlgo",0.0828876392806823
"645",15,"wave_fetch",2.90710970127221,"Chthamalus.montagui_EMmeanByTSS_mergedData_mergedRun_mergedAlgo",0.040414574329184
"646",16,"wave_fetch",2.92497656562112,"Chthamalus.montagui_EMciSupByTSS_mergedData_mergedRun_mergedAlgo",0.0829516259432404
"647",16,"wave_fetch",2.92497656562112,"Chthamalus.montagui_EMmeanByROC_mergedData_mergedRun_mergedAlgo",0.0404760586252293
"648",16,"wave_fetch",2.92497656562112,"Chthamalus.montagui_EMmeanByTSS_mergedData_mergedRun_mergedAlgo",0.0404760586252293
"649",17,"wave_fetch",2.94284342997002,"Chthamalus.montagui_EMmeanByROC_mergedData_mergedRun_mergedAlgo",0.0405378989755239
"650",17,"wave_fetch",2.94284342997002,"Chthamalus.montagui_EMciSupByTSS_mergedData_mergedRun_mergedAlgo",0.0830161869805444
"651",17,"wave_fetch",2.94284342997002,"Chthamalus.montagui_EMmeanByTSS_mergedData_mergedRun_mergedAlgo",0.0405378989755239
"652",18,"wave_fetch",2.96071029431892,"Chthamalus.montagui_EMmeanByROC_mergedData_mergedRun_mergedAlgo",0.0406000972483816
"653",18,"wave_fetch",2.96071029431892,"Chthamalus.montagui_EMmeanByTSS_mergedData_mergedRun_mergedAlgo",0.0406000972483816
"654",18,"wave_fetch",2.96071029431892,"Chthamalus.montagui_EMciSupByTSS_mergedData_mergedRun_mergedAlgo",0.0830813278054707
"655",19,"wave_fetch",2.97857715866782,"Chthamalus.montagui_EMmeanByROC_mergedData_mergedRun_mergedAlgo",0.0406626553195711
"656",19,"wave_fetch",2.97857715866782,"Chthamalus.montagui_EMciSupByTSS_mergedData_mergedRun_mergedAlgo",0.0831470538785458
"657",19,"wave_fetch",2.97857715866782,"Chthamalus.montagui_EMmeanByTSS_mergedData_mergedRun_mergedAlgo",0.0406626553195711
"658",20,"wave_fetch",2.99644402301673,"Chthamalus.montagui_EMciSupByTSS_mergedData_mergedRun_mergedAlgo",0.0832133707082066
"659",20,"wave_fetch",2.99644402301673,"Chthamalus.montagui_EMmeanByTSS_mergedData_mergedRun_mergedAlgo",0.0407255750723158
"660",20,"wave_fetch",2.99644402301673,"Chthamalus.montagui_EMmeanByROC_mergedData_mergedRun_mergedAlgo",0.0407255750723158
"661",21,"wave_fetch",3.01431088736563,"Chthamalus.montagui_EMmeanByTSS_mergedData_mergedRun_mergedAlgo",0.0407888583972944
"662",21,"wave_fetch",3.01431088736563,"Chthamalus.montagui_EMmeanByROC_mergedData_mergedRun_mergedAlgo",0.0407888583972944
"663",21,"wave_fetch",3.01431088736563,"Chthamalus.montagui_EMciSupByTSS_mergedData_mergedRun_mergedAlgo",0.0832802838510575
"664",22,"wave_fetch",3.03217775171453,"Chthamalus.montagui_EMmeanByROC_mergedData_mergedRun_mergedAlgo",0.0408525071926393
"665",22,"wave_fetch",3.03217775171453,"Chthamalus.montagui_EMciSupByTSS_mergedData_mergedRun_mergedAlgo",0.0833477989121251
"666",22,"wave_fetch",3.03217775171453,"Chthamalus.montagui_EMmeanByTSS_mergedData_mergedRun_mergedAlgo",0.0408525071926393
"667",23,"wave_fetch",3.05004461606344,"Chthamalus.montagui_EMciSupByTSS_mergedData_mergedRun_mergedAlgo",0.0834159215451087
"668",23,"wave_fetch",3.05004461606344,"Chthamalus.montagui_EMmeanByROC_mergedData_mergedRun_mergedAlgo",0.0409165233639362
"669",23,"wave_fetch",3.05004461606344,"Chthamalus.montagui_EMmeanByTSS_mergedData_mergedRun_mergedAlgo",0.0409165233639362
"670",24,"wave_fetch",3.06791148041234,"Chthamalus.montagui_EMmeanByROC_mergedData_mergedRun_mergedAlgo",0.0409809088242223
"671",24,"wave_fetch",3.06791148041234,"Chthamalus.montagui_EMciSupByTSS_mergedData_mergedRun_mergedAlgo",0.0834846574526273
"672",24,"wave_fetch",3.06791148041234,"Chthamalus.montagui_EMmeanByTSS_mergedData_mergedRun_mergedAlgo",0.0409809088242223
"673",25,"wave_fetch",3.08577834476124,"Chthamalus.montagui_EMmeanByROC_mergedData_mergedRun_mergedAlgo",0.0410456654939843
"674",25,"wave_fetch",3.08577834476124,"Chthamalus.montagui_EMmeanByTSS_mergedData_mergedRun_mergedAlgo",0.0410456654939843
"675",25,"wave_fetch",3.08577834476124,"Chthamalus.montagui_EMciSupByTSS_mergedData_mergedRun_mergedAlgo",0.0835540123864633
"676",26,"wave_fetch",3.10364520911014,"Chthamalus.montagui_EMmeanByROC_mergedData_mergedRun_mergedAlgo",0.0411107953011554
"677",26,"wave_fetch",3.10364520911014,"Chthamalus.montagui_EMciSupByTSS_mergedData_mergedRun_mergedAlgo",0.083623992147802
"678",26,"wave_fetch",3.10364520911014,"Chthamalus.montagui_EMmeanByTSS_mergedData_mergedRun_mergedAlgo",0.0411107953011554
"679",27,"wave_fetch",3.12151207345905,"Chthamalus.montagui_EMciSupByTSS_mergedData_mergedRun_mergedAlgo",0.0836946025874674
"680",27,"wave_fetch",3.12151207345905,"Chthamalus.montagui_EMmeanByTSS_mergedData_mergedRun_mergedAlgo",0.0411763001811132
"681",27,"wave_fetch",3.12151207345905,"Chthamalus.montagui_EMmeanByROC_mergedData_mergedRun_mergedAlgo",0.0411763001811132
"682",28,"wave_fetch",3.13937893780795,"Chthamalus.montagui_EMmeanByROC_mergedData_mergedRun_mergedAlgo",0.0412421820766753
"683",28,"wave_fetch",3.13937893780795,"Chthamalus.montagui_EMciSupByTSS_mergedData_mergedRun_mergedAlgo",0.083765849606153
"684",28,"wave_fetch",3.13937893780795,"Chthamalus.montagui_EMmeanByTSS_mergedData_mergedRun_mergedAlgo",0.0412421820766753
"685",29,"wave_fetch",3.15724580215685,"Chthamalus.montagui_EMmeanByROC_mergedData_mergedRun_mergedAlgo",0.0413084429380956
"686",29,"wave_fetch",3.15724580215685,"Chthamalus.montagui_EMciSupByTSS_mergedData_mergedRun_mergedAlgo",0.0838377391546496
"687",29,"wave_fetch",3.15724580215685,"Chthamalus.montagui_EMmeanByTSS_mergedData_mergedRun_mergedAlgo",0.0413084429380956
"688",30,"wave_fetch",3.17511266650576,"Chthamalus.montagui_EMmeanByROC_mergedData_mergedRun_mergedAlgo",0.0413750847230599
"689",30,"wave_fetch",3.17511266650576,"Chthamalus.montagui_EMciSupByTSS_mergedData_mergedRun_mergedAlgo",0.0839102772340672
"690",30,"wave_fetch",3.17511266650576,"Chthamalus.montagui_EMmeanByTSS_mergedData_mergedRun_mergedAlgo",0.0413750847230599
"691",31,"wave_fetch",3.19297953085466,"Chthamalus.montagui_EMmeanByROC_mergedData_mergedRun_mergedAlgo",0.0414421093966807
"692",31,"wave_fetch",3.19297953085466,"Chthamalus.montagui_EMciSupByTSS_mergedData_mergedRun_mergedAlgo",0.0839834698960533
"693",31,"wave_fetch",3.19297953085466,"Chthamalus.montagui_EMmeanByTSS_mergedData_mergedRun_mergedAlgo",0.0414421093966807
"694",32,"wave_fetch",3.21084639520356,"Chthamalus.montagui_EMmeanByROC_mergedData_mergedRun_mergedAlgo",0.0415095189314913
"695",32,"wave_fetch",3.21084639520356,"Chthamalus.montagui_EMciSupByTSS_mergedData_mergedRun_mergedAlgo",0.0840573232430059
"696",32,"wave_fetch",3.21084639520356,"Chthamalus.montagui_EMmeanByTSS_mergedData_mergedRun_mergedAlgo",0.0415095189314913
"697",33,"wave_fetch",3.22871325955246,"Chthamalus.montagui_EMmeanByROC_mergedData_mergedRun_mergedAlgo",0.0415773153074403
"698",33,"wave_fetch",3.22871325955246,"Chthamalus.montagui_EMciSupByTSS_mergedData_mergedRun_mergedAlgo",0.0841318434282813
"699",33,"wave_fetch",3.22871325955246,"Chthamalus.montagui_EMmeanByTSS_mergedData_mergedRun_mergedAlgo",0.0415773153074403
"700",34,"wave_fetch",3.24658012390137,"Chthamalus.montagui_EMmeanByTSS_mergedData_mergedRun_mergedAlgo",0.0416455005118847
"701",34,"wave_fetch",3.24658012390137,"Chthamalus.montagui_EMmeanByROC_mergedData_mergedRun_mergedAlgo",0.0416455005118847
"702",34,"wave_fetch",3.24658012390137,"Chthamalus.montagui_EMciSupByTSS_mergedData_mergedRun_mergedAlgo",0.0842070366563973
"703",35,"wave_fetch",3.26444698825027,"Chthamalus.montagui_EMmeanByROC_mergedData_mergedRun_mergedAlgo",0.0417140765395823
"704",35,"wave_fetch",3.26444698825027,"Chthamalus.montagui_EMciSupByTSS_mergedData_mergedRun_mergedAlgo",0.0842829091832306
"705",35,"wave_fetch",3.26444698825027,"Chthamalus.montagui_EMmeanByTSS_mergedData_mergedRun_mergedAlgo",0.0417140765395823
"706",36,"wave_fetch",3.28231385259917,"Chthamalus.montagui_EMciSupByTSS_mergedData_mergedRun_mergedAlgo",0.0843594673162087
"707",36,"wave_fetch",3.28231385259917,"Chthamalus.montagui_EMmeanByROC_mergedData_mergedRun_mergedAlgo",0.0417830453926845
"708",36,"wave_fetch",3.28231385259917,"Chthamalus.montagui_EMmeanByTSS_mergedData_mergedRun_mergedAlgo",0.0417830453926845
"709",37,"wave_fetch",3.30018071694808,"Chthamalus.montagui_EMmeanByROC_mergedData_mergedRun_mergedAlgo",0.0418524090807277
"710",37,"wave_fetch",3.30018071694808,"Chthamalus.montagui_EMciSupByTSS_mergedData_mergedRun_mergedAlgo",0.0844367174144963
"711",37,"wave_fetch",3.30018071694808,"Chthamalus.montagui_EMmeanByTSS_mergedData_mergedRun_mergedAlgo",0.0418524090807277
"712",38,"wave_fetch",3.31804758129698,"Chthamalus.montagui_EMmeanByROC_mergedData_mergedRun_mergedAlgo",0.0419221696206245
"713",38,"wave_fetch",3.31804758129698,"Chthamalus.montagui_EMmeanByTSS_mergedData_mergedRun_mergedAlgo",0.0419221696206245
"714",38,"wave_fetch",3.31804758129698,"Chthamalus.montagui_EMciSupByTSS_mergedData_mergedRun_mergedAlgo",0.0845146658891759
"715",39,"wave_fetch",3.33591444564588,"Chthamalus.montagui_EMmeanByROC_mergedData_mergedRun_mergedAlgo",0.0419923290366543
"716",39,"wave_fetch",3.33591444564588,"Chthamalus.montagui_EMciSupByTSS_mergedData_mergedRun_mergedAlgo",0.0845933192034218
"717",39,"wave_fetch",3.33591444564588,"Chthamalus.montagui_EMmeanByTSS_mergedData_mergedRun_mergedAlgo",0.0419923290366543
"718",40,"wave_fetch",3.35378130999478,"Chthamalus.montagui_EMciSupByTSS_mergedData_mergedRun_mergedAlgo",0.0846726838726684
"719",40,"wave_fetch",3.35378130999478,"Chthamalus.montagui_EMmeanByTSS_mergedData_mergedRun_mergedAlgo",0.042062889360453
"720",40,"wave_fetch",3.35378130999478,"Chthamalus.montagui_EMmeanByROC_mergedData_mergedRun_mergedAlgo",0.042062889360453
"721",41,"wave_fetch",3.37164817434369,"Chthamalus.montagui_EMmeanByTSS_mergedData_mergedRun_mergedAlgo",0.0421338526310161
"722",41,"wave_fetch",3.37164817434369,"Chthamalus.montagui_EMmeanByROC_mergedData_mergedRun_mergedAlgo",0.0421338526310161
"723",41,"wave_fetch",3.37164817434369,"Chthamalus.montagui_EMciSupByTSS_mergedData_mergedRun_mergedAlgo",0.0847527664647758
"724",42,"wave_fetch",3.38951503869259,"Chthamalus.montagui_EMmeanByROC_mergedData_mergedRun_mergedAlgo",0.0422052208946904
"725",42,"wave_fetch",3.38951503869259,"Chthamalus.montagui_EMciSupByTSS_mergedData_mergedRun_mergedAlgo",0.0848335736001854
"726",42,"wave_fetch",3.38951503869259,"Chthamalus.montagui_EMmeanByTSS_mergedData_mergedRun_mergedAlgo",0.0422052208946904
"727",43,"wave_fetch",3.40738190304149,"Chthamalus.montagui_EMciSupByTSS_mergedData_mergedRun_mergedAlgo",0.0849151119521032
"728",43,"wave_fetch",3.40738190304149,"Chthamalus.montagui_EMmeanByROC_mergedData_mergedRun_mergedAlgo",0.0422769962052902
"729",43,"wave_fetch",3.40738190304149,"Chthamalus.montagui_EMmeanByTSS_mergedData_mergedRun_mergedAlgo",0.0422769962052902
"730",44,"wave_fetch",3.4252487673904,"Chthamalus.montagui_EMmeanByROC_mergedData_mergedRun_mergedAlgo",0.0425991806245232
"731",44,"wave_fetch",3.4252487673904,"Chthamalus.montagui_EMciSupByTSS_mergedData_mergedRun_mergedAlgo",0.0855740772620598
"732",44,"wave_fetch",3.4252487673904,"Chthamalus.montagui_EMmeanByTSS_mergedData_mergedRun_mergedAlgo",0.0425991806245232
"733",45,"wave_fetch",3.4431156317393,"Chthamalus.montagui_EMmeanByROC_mergedData_mergedRun_mergedAlgo",0.0426717762237594
"734",45,"wave_fetch",3.4431156317393,"Chthamalus.montagui_EMmeanByTSS_mergedData_mergedRun_mergedAlgo",0.0426717762237594
"735",45,"wave_fetch",3.4431156317393,"Chthamalus.montagui_EMciSupByTSS_mergedData_mergedRun_mergedAlgo",0.0856567103862034
"736",46,"wave_fetch",3.4609824960882,"Chthamalus.montagui_EMmeanByROC_mergedData_mergedRun_mergedAlgo",0.0427447850905861
"737",46,"wave_fetch",3.4609824960882,"Chthamalus.montagui_EMciSupByTSS_mergedData_mergedRun_mergedAlgo",0.0857400909319787
"738",46,"wave_fetch",3.4609824960882,"Chthamalus.montagui_EMmeanByTSS_mergedData_mergedRun_mergedAlgo",0.0427447850905861
"739",47,"wave_fetch",3.4788493604371,"Chthamalus.montagui_EMciSupByTSS_mergedData_mergedRun_mergedAlgo",0.0858242257636293
"740",47,"wave_fetch",3.4788493604371,"Chthamalus.montagui_EMmeanByTSS_mergedData_mergedRun_mergedAlgo",0.0428182093513657
"741",47,"wave_fetch",3.4788493604371,"Chthamalus.montagui_EMmeanByROC_mergedData_mergedRun_mergedAlgo",0.0428182093513657
"742",48,"wave_fetch",3.49671622478601,"Chthamalus.montagui_EMmeanByROC_mergedData_mergedRun_mergedAlgo",0.0428920512433631
"743",48,"wave_fetch",3.49671622478601,"Chthamalus.montagui_EMciSupByTSS_mergedData_mergedRun_mergedAlgo",0.0859091218266939
"744",48,"wave_fetch",3.49671622478601,"Chthamalus.montagui_EMmeanByTSS_mergedData_mergedRun_mergedAlgo",0.0428920512433631
"745",49,"wave_fetch",3.51458308913491,"Chthamalus.montagui_EMmeanByROC_mergedData_mergedRun_mergedAlgo",0.0429663133287509
"746",49,"wave_fetch",3.51458308913491,"Chthamalus.montagui_EMciSupByTSS_mergedData_mergedRun_mergedAlgo",0.085994786205351
"747",49,"wave_fetch",3.51458308913491,"Chthamalus.montagui_EMmeanByTSS_mergedData_mergedRun_mergedAlgo",0.0429663133287509
"748",50,"wave_fetch",3.53244995348381,"Chthamalus.montagui_EMmeanByROC_mergedData_mergedRun_mergedAlgo",0.0432909990826469
"749",50,"wave_fetch",3.53244995348381,"Chthamalus.montagui_EMciSupByTSS_mergedData_mergedRun_mergedAlgo",0.0866604751949649
"750",50,"wave_fetch",3.53244995348381,"Chthamalus.montagui_EMmeanByTSS_mergedData_mergedRun_mergedAlgo",0.0432909990826469
"751",51,"wave_fetch",3.55031681783272,"Chthamalus.montagui_EMmeanByROC_mergedData_mergedRun_mergedAlgo",0.0433661143852145
"752",51,"wave_fetch",3.55031681783272,"Chthamalus.montagui_EMciSupByTSS_mergedData_mergedRun_mergedAlgo",0.0867472906782351
"753",51,"wave_fetch",3.55031681783272,"Chthamalus.montagui_EMmeanByTSS_mergedData_mergedRun_mergedAlgo",0.0433661143852145
"754",52,"wave_fetch",3.56818368218162,"Chthamalus.montagui_EMmeanByROC_mergedData_mergedRun_mergedAlgo",0.0439416710045507
"755",52,"wave_fetch",3.56818368218162,"Chthamalus.montagui_EMciSupByTSS_mergedData_mergedRun_mergedAlgo",0.088006184806114
"756",52,"wave_fetch",3.56818368218162,"Chthamalus.montagui_EMmeanByTSS_mergedData_mergedRun_mergedAlgo",0.0439416710045507
"757",53,"wave_fetch",3.58605054653052,"Chthamalus.montagui_EMmeanByROC_mergedData_mergedRun_mergedAlgo",0.0447676940359458
"758",53,"wave_fetch",3.58605054653052,"Chthamalus.montagui_EMciSupByTSS_mergedData_mergedRun_mergedAlgo",0.0898596657013956
"759",53,"wave_fetch",3.58605054653052,"Chthamalus.montagui_EMmeanByTSS_mergedData_mergedRun_mergedAlgo",0.0447676940359458
"760",54,"wave_fetch",3.60391741087942,"Chthamalus.montagui_EMmeanByTSS_mergedData_mergedRun_mergedAlgo",0.044844236331081
"761",54,"wave_fetch",3.60391741087942,"Chthamalus.montagui_EMmeanByROC_mergedData_mergedRun_mergedAlgo",0.044844236331081
"762",54,"wave_fetch",3.60391741087942,"Chthamalus.montagui_EMciSupByTSS_mergedData_mergedRun_mergedAlgo",0.089946870481089
"763",55,"wave_fetch",3.62178427522833,"Chthamalus.montagui_EMmeanByROC_mergedData_mergedRun_mergedAlgo",0.0471714036129657
"764",55,"wave_fetch",3.62178427522833,"Chthamalus.montagui_EMciSupByTSS_mergedData_mergedRun_mergedAlgo",0.0955554995455072
"765",55,"wave_fetch",3.62178427522833,"Chthamalus.montagui_EMmeanByTSS_mergedData_mergedRun_mergedAlgo",0.0471714036129657
"766",56,"wave_fetch",3.63965113957723,"Chthamalus.montagui_EMciSupByTSS_mergedData_mergedRun_mergedAlgo",0.11570418053812
"767",56,"wave_fetch",3.63965113957723,"Chthamalus.montagui_EMmeanByROC_mergedData_mergedRun_mergedAlgo",0.0554993929210318
"768",56,"wave_fetch",3.63965113957723,"Chthamalus.montagui_EMmeanByTSS_mergedData_mergedRun_mergedAlgo",0.0554993929210318
"769",57,"wave_fetch",3.65751800392613,"Chthamalus.montagui_EMmeanByROC_mergedData_mergedRun_mergedAlgo",0.0588285423471056
"770",57,"wave_fetch",3.65751800392613,"Chthamalus.montagui_EMciSupByTSS_mergedData_mergedRun_mergedAlgo",0.123173396036445
"771",57,"wave_fetch",3.65751800392613,"Chthamalus.montagui_EMmeanByTSS_mergedData_mergedRun_mergedAlgo",0.0588285423471056
"772",58,"wave_fetch",3.67538486827504,"Chthamalus.montagui_EMmeanByROC_mergedData_mergedRun_mergedAlgo",0.0666593801257425
"773",58,"wave_fetch",3.67538486827504,"Chthamalus.montagui_EMmeanByTSS_mergedData_mergedRun_mergedAlgo",0.0666593801257425
"774",58,"wave_fetch",3.67538486827504,"Chthamalus.montagui_EMciSupByTSS_mergedData_mergedRun_mergedAlgo",0.144177802204305
"775",59,"wave_fetch",3.69325173262394,"Chthamalus.montagui_EMmeanByROC_mergedData_mergedRun_mergedAlgo",0.0689926468254178
"776",59,"wave_fetch",3.69325173262394,"Chthamalus.montagui_EMciSupByTSS_mergedData_mergedRun_mergedAlgo",0.151365106907222
"777",59,"wave_fetch",3.69325173262394,"Chthamalus.montagui_EMmeanByTSS_mergedData_mergedRun_mergedAlgo",0.0689926468254178
"778",60,"wave_fetch",3.71111859697284,"Chthamalus.montagui_EMciSupByTSS_mergedData_mergedRun_mergedAlgo",0.156522603878786
"779",60,"wave_fetch",3.71111859697284,"Chthamalus.montagui_EMmeanByTSS_mergedData_mergedRun_mergedAlgo",0.0708292512308165
"780",60,"wave_fetch",3.71111859697284,"Chthamalus.montagui_EMmeanByROC_mergedData_mergedRun_mergedAlgo",0.0708292512308165
"781",61,"wave_fetch",3.72898546132174,"Chthamalus.montagui_EMmeanByTSS_mergedData_mergedRun_mergedAlgo",0.0729201195263504
"782",61,"wave_fetch",3.72898546132174,"Chthamalus.montagui_EMmeanByROC_mergedData_mergedRun_mergedAlgo",0.0729201195263504
"783",61,"wave_fetch",3.72898546132174,"Chthamalus.montagui_EMciSupByTSS_mergedData_mergedRun_mergedAlgo",0.162170859497768
"784",62,"wave_fetch",3.74685232567065,"Chthamalus.montagui_EMmeanByROC_mergedData_mergedRun_mergedAlgo",0.0862659211378838
"785",62,"wave_fetch",3.74685232567065,"Chthamalus.montagui_EMciSupByTSS_mergedData_mergedRun_mergedAlgo",0.189458232466672
"786",62,"wave_fetch",3.74685232567065,"Chthamalus.montagui_EMmeanByTSS_mergedData_mergedRun_mergedAlgo",0.0862659211378838
"787",63,"wave_fetch",3.76471919001955,"Chthamalus.montagui_EMciSupByTSS_mergedData_mergedRun_mergedAlgo",0.217069983574108
"788",63,"wave_fetch",3.76471919001955,"Chthamalus.montagui_EMmeanByROC_mergedData_mergedRun_mergedAlgo",0.0976167078337352
"789",63,"wave_fetch",3.76471919001955,"Chthamalus.montagui_EMmeanByTSS_mergedData_mergedRun_mergedAlgo",0.0976167078337352
"790",64,"wave_fetch",3.78258605436845,"Chthamalus.montagui_EMmeanByROC_mergedData_mergedRun_mergedAlgo",0.0959715717916541
"791",64,"wave_fetch",3.78258605436845,"Chthamalus.montagui_EMciSupByTSS_mergedData_mergedRun_mergedAlgo",0.212861143904708
"792",64,"wave_fetch",3.78258605436845,"Chthamalus.montagui_EMmeanByTSS_mergedData_mergedRun_mergedAlgo",0.0959715717916541
"793",65,"wave_fetch",3.80045291871736,"Chthamalus.montagui_EMmeanByROC_mergedData_mergedRun_mergedAlgo",0.0943284785383798
"794",65,"wave_fetch",3.80045291871736,"Chthamalus.montagui_EMmeanByTSS_mergedData_mergedRun_mergedAlgo",0.0943284785383798
"795",65,"wave_fetch",3.80045291871736,"Chthamalus.montagui_EMciSupByTSS_mergedData_mergedRun_mergedAlgo",0.20871296238215
"796",66,"wave_fetch",3.81831978306626,"Chthamalus.montagui_EMmeanByROC_mergedData_mergedRun_mergedAlgo",0.0956844197067002
"797",66,"wave_fetch",3.81831978306626,"Chthamalus.montagui_EMciSupByTSS_mergedData_mergedRun_mergedAlgo",0.211883285918401
"798",66,"wave_fetch",3.81831978306626,"Chthamalus.montagui_EMmeanByTSS_mergedData_mergedRun_mergedAlgo",0.0956844197067002
"799",67,"wave_fetch",3.83618664741516,"Chthamalus.montagui_EMciSupByTSS_mergedData_mergedRun_mergedAlgo",0.214539452436425
"800",67,"wave_fetch",3.83618664741516,"Chthamalus.montagui_EMmeanByTSS_mergedData_mergedRun_mergedAlgo",0.0967859367007493
"801",67,"wave_fetch",3.83618664741516,"Chthamalus.montagui_EMmeanByROC_mergedData_mergedRun_mergedAlgo",0.0967859367007493
"802",68,"wave_fetch",3.85405351176406,"Chthamalus.montagui_EMmeanByROC_mergedData_mergedRun_mergedAlgo",0.0978799136900612
"803",68,"wave_fetch",3.85405351176406,"Chthamalus.montagui_EMciSupByTSS_mergedData_mergedRun_mergedAlgo",0.217134542782292
"804",68,"wave_fetch",3.85405351176406,"Chthamalus.montagui_EMmeanByTSS_mergedData_mergedRun_mergedAlgo",0.0978799136900612
"805",69,"wave_fetch",3.87192037611297,"Chthamalus.montagui_EMmeanByROC_mergedData_mergedRun_mergedAlgo",0.0987143964565226
"806",69,"wave_fetch",3.87192037611297,"Chthamalus.montagui_EMciSupByTSS_mergedData_mergedRun_mergedAlgo",0.218931115771393
"807",69,"wave_fetch",3.87192037611297,"Chthamalus.montagui_EMmeanByTSS_mergedData_mergedRun_mergedAlgo",0.0987143964565226
"808",70,"wave_fetch",3.88978724046187,"Chthamalus.montagui_EMmeanByROC_mergedData_mergedRun_mergedAlgo",0.0987891430864768
"809",70,"wave_fetch",3.88978724046187,"Chthamalus.montagui_EMciSupByTSS_mergedData_mergedRun_mergedAlgo",0.218990746559923
"810",70,"wave_fetch",3.88978724046187,"Chthamalus.montagui_EMmeanByTSS_mergedData_mergedRun_mergedAlgo",0.0987891430864768
"811",71,"wave_fetch",3.90765410481077,"Chthamalus.montagui_EMmeanByROC_mergedData_mergedRun_mergedAlgo",0.0991056944010337
"812",71,"wave_fetch",3.90765410481077,"Chthamalus.montagui_EMciSupByTSS_mergedData_mergedRun_mergedAlgo",0.21976784901262
"813",71,"wave_fetch",3.90765410481077,"Chthamalus.montagui_EMmeanByTSS_mergedData_mergedRun_mergedAlgo",0.0991056944010337
"814",72,"wave_fetch",3.92552096915968,"Chthamalus.montagui_EMmeanByROC_mergedData_mergedRun_mergedAlgo",0.0936669363476741
"815",72,"wave_fetch",3.92552096915968,"Chthamalus.montagui_EMciSupByTSS_mergedData_mergedRun_mergedAlgo",0.207618638259222
"816",72,"wave_fetch",3.92552096915968,"Chthamalus.montagui_EMmeanByTSS_mergedData_mergedRun_mergedAlgo",0.0936669363476741
"817",73,"wave_fetch",3.94338783350858,"Chthamalus.montagui_EMmeanByROC_mergedData_mergedRun_mergedAlgo",0.0937263246209308
"818",73,"wave_fetch",3.94338783350858,"Chthamalus.montagui_EMciSupByTSS_mergedData_mergedRun_mergedAlgo",0.207674761750462
"819",73,"wave_fetch",3.94338783350858,"Chthamalus.montagui_EMmeanByTSS_mergedData_mergedRun_mergedAlgo",0.0937263246209308
"820",74,"wave_fetch",3.96125469785748,"Chthamalus.montagui_EMmeanByTSS_mergedData_mergedRun_mergedAlgo",0.0942870568094005
"821",74,"wave_fetch",3.96125469785748,"Chthamalus.montagui_EMmeanByROC_mergedData_mergedRun_mergedAlgo",0.0942870568094005
"822",74,"wave_fetch",3.96125469785748,"Chthamalus.montagui_EMciSupByTSS_mergedData_mergedRun_mergedAlgo",0.208801274183431
"823",75,"wave_fetch",3.97912156220638,"Chthamalus.montagui_EMmeanByROC_mergedData_mergedRun_mergedAlgo",0.0936014606389909
"824",75,"wave_fetch",3.97912156220638,"Chthamalus.montagui_EMciSupByTSS_mergedData_mergedRun_mergedAlgo",0.206824216680899
"825",75,"wave_fetch",3.97912156220638,"Chthamalus.montagui_EMmeanByTSS_mergedData_mergedRun_mergedAlgo",0.0936014606389909
"826",76,"wave_fetch",3.99698842655529,"Chthamalus.montagui_EMciSupByTSS_mergedData_mergedRun_mergedAlgo",0.206885497518684
"827",76,"wave_fetch",3.99698842655529,"Chthamalus.montagui_EMmeanByROC_mergedData_mergedRun_mergedAlgo",0.0936707421168046
"828",76,"wave_fetch",3.99698842655529,"Chthamalus.montagui_EMmeanByTSS_mergedData_mergedRun_mergedAlgo",0.0936707421168046
"829",77,"wave_fetch",4.01485529090419,"Chthamalus.montagui_EMmeanByROC_mergedData_mergedRun_mergedAlgo",0.097745079475213
"830",77,"wave_fetch",4.01485529090419,"Chthamalus.montagui_EMciSupByTSS_mergedData_mergedRun_mergedAlgo",0.216969326480674
"831",77,"wave_fetch",4.01485529090419,"Chthamalus.montagui_EMmeanByTSS_mergedData_mergedRun_mergedAlgo",0.097745079475213
"832",78,"wave_fetch",4.03272215525309,"Chthamalus.montagui_EMmeanByROC_mergedData_mergedRun_mergedAlgo",0.101323934843412
"833",78,"wave_fetch",4.03272215525309,"Chthamalus.montagui_EMmeanByTSS_mergedData_mergedRun_mergedAlgo",0.101323934843412
"834",78,"wave_fetch",4.03272215525309,"Chthamalus.montagui_EMciSupByTSS_mergedData_mergedRun_mergedAlgo",0.225434104418845
"835",79,"wave_fetch",4.050589019602,"Chthamalus.montagui_EMmeanByROC_mergedData_mergedRun_mergedAlgo",0.0999064231720937
"836",79,"wave_fetch",4.050589019602,"Chthamalus.montagui_EMciSupByTSS_mergedData_mergedRun_mergedAlgo",0.221710052755828
"837",79,"wave_fetch",4.050589019602,"Chthamalus.montagui_EMmeanByTSS_mergedData_mergedRun_mergedAlgo",0.0999064231720937
"838",80,"wave_fetch",4.0684558839509,"Chthamalus.montagui_EMciSupByTSS_mergedData_mergedRun_mergedAlgo",0.215008512021999
"839",80,"wave_fetch",4.0684558839509,"Chthamalus.montagui_EMmeanByTSS_mergedData_mergedRun_mergedAlgo",0.0974916157460009
"840",80,"wave_fetch",4.0684558839509,"Chthamalus.montagui_EMmeanByROC_mergedData_mergedRun_mergedAlgo",0.0974916157460009
"841",81,"wave_fetch",4.0863227482998,"Chthamalus.montagui_EMmeanByTSS_mergedData_mergedRun_mergedAlgo",0.0930787237978704
"842",81,"wave_fetch",4.0863227482998,"Chthamalus.montagui_EMmeanByROC_mergedData_mergedRun_mergedAlgo",0.0930787237978704
"843",81,"wave_fetch",4.0863227482998,"Chthamalus.montagui_EMciSupByTSS_mergedData_mergedRun_mergedAlgo",0.203547880121523
"844",82,"wave_fetch",4.1041896126487,"Chthamalus.montagui_EMmeanByROC_mergedData_mergedRun_mergedAlgo",0.0891671674506137
"845",82,"wave_fetch",4.1041896126487,"Chthamalus.montagui_EMciSupByTSS_mergedData_mergedRun_mergedAlgo",0.193664971112155
"846",82,"wave_fetch",4.1041896126487,"Chthamalus.montagui_EMmeanByTSS_mergedData_mergedRun_mergedAlgo",0.0891671674506137
"847",83,"wave_fetch",4.12205647699761,"Chthamalus.montagui_EMciSupByTSS_mergedData_mergedRun_mergedAlgo",0.181473345345542
"848",83,"wave_fetch",4.12205647699761,"Chthamalus.montagui_EMmeanByROC_mergedData_mergedRun_mergedAlgo",0.0842565669149876
"849",83,"wave_fetch",4.12205647699761,"Chthamalus.montagui_EMmeanByTSS_mergedData_mergedRun_mergedAlgo",0.0842565669149876
"850",84,"wave_fetch",4.13992334134651,"Chthamalus.montagui_EMmeanByROC_mergedData_mergedRun_mergedAlgo",0.076096697345456
"851",84,"wave_fetch",4.13992334134651,"Chthamalus.montagui_EMciSupByTSS_mergedData_mergedRun_mergedAlgo",0.161438045212992
"852",84,"wave_fetch",4.13992334134651,"Chthamalus.montagui_EMmeanByTSS_mergedData_mergedRun_mergedAlgo",0.076096697345456
"853",85,"wave_fetch",4.15779020569541,"Chthamalus.montagui_EMmeanByROC_mergedData_mergedRun_mergedAlgo",0.0744374375783752
"854",85,"wave_fetch",4.15779020569541,"Chthamalus.montagui_EMmeanByTSS_mergedData_mergedRun_mergedAlgo",0.0744374375783752
"855",85,"wave_fetch",4.15779020569541,"Chthamalus.montagui_EMciSupByTSS_mergedData_mergedRun_mergedAlgo",0.157309884903205
"856",86,"wave_fetch",4.17565707004432,"Chthamalus.montagui_EMmeanByROC_mergedData_mergedRun_mergedAlgo",0.0745287281847444
"857",86,"wave_fetch",4.17565707004432,"Chthamalus.montagui_EMciSupByTSS_mergedData_mergedRun_mergedAlgo",0.157393089462401
"858",86,"wave_fetch",4.17565707004432,"Chthamalus.montagui_EMmeanByTSS_mergedData_mergedRun_mergedAlgo",0.0745287281847444
"859",87,"wave_fetch",4.19352393439322,"Chthamalus.montagui_EMciSupByTSS_mergedData_mergedRun_mergedAlgo",0.157476987228812
"860",87,"wave_fetch",4.19352393439322,"Chthamalus.montagui_EMmeanByTSS_mergedData_mergedRun_mergedAlgo",0.0746205429645989
"861",87,"wave_fetch",4.19352393439322,"Chthamalus.montagui_EMmeanByROC_mergedData_mergedRun_mergedAlgo",0.0746205429645989
"862",88,"wave_fetch",4.21139079874212,"Chthamalus.montagui_EMmeanByROC_mergedData_mergedRun_mergedAlgo",0.0747128720437937
"863",88,"wave_fetch",4.21139079874212,"Chthamalus.montagui_EMciSupByTSS_mergedData_mergedRun_mergedAlgo",0.157561579916435
"864",88,"wave_fetch",4.21139079874212,"Chthamalus.montagui_EMmeanByTSS_mergedData_mergedRun_mergedAlgo",0.0747128720437937
"865",89,"wave_fetch",4.22925766309102,"Chthamalus.montagui_EMmeanByROC_mergedData_mergedRun_mergedAlgo",0.074805712917656
"866",89,"wave_fetch",4.22925766309102,"Chthamalus.montagui_EMciSupByTSS_mergedData_mergedRun_mergedAlgo",0.157646871833307
"867",89,"wave_fetch",4.22925766309102,"Chthamalus.montagui_EMmeanByTSS_mergedData_mergedRun_mergedAlgo",0.074805712917656
"868",90,"wave_fetch",4.24712452743993,"Chthamalus.montagui_EMmeanByROC_mergedData_mergedRun_mergedAlgo",0.0748990661528834
"869",90,"wave_fetch",4.24712452743993,"Chthamalus.montagui_EMciSupByTSS_mergedData_mergedRun_mergedAlgo",0.157732868392699
"870",90,"wave_fetch",4.24712452743993,"Chthamalus.montagui_EMmeanByTSS_mergedData_mergedRun_mergedAlgo",0.0748990661528834
"871",91,"wave_fetch",4.26499139178883,"Chthamalus.montagui_EMmeanByROC_mergedData_mergedRun_mergedAlgo",0.07499293350339
"872",91,"wave_fetch",4.26499139178883,"Chthamalus.montagui_EMciSupByTSS_mergedData_mergedRun_mergedAlgo",0.157819575462959
"873",91,"wave_fetch",4.26499139178883,"Chthamalus.montagui_EMmeanByTSS_mergedData_mergedRun_mergedAlgo",0.07499293350339
"874",92,"wave_fetch",4.28285825613773,"Chthamalus.montagui_EMmeanByROC_mergedData_mergedRun_mergedAlgo",0.0750873171514096
"875",92,"wave_fetch",4.28285825613773,"Chthamalus.montagui_EMciSupByTSS_mergedData_mergedRun_mergedAlgo",0.157906999106703
"876",92,"wave_fetch",4.28285825613773,"Chthamalus.montagui_EMmeanByTSS_mergedData_mergedRun_mergedAlgo",0.0750873171514096
"877",93,"wave_fetch",4.30072512048664,"Chthamalus.montagui_EMmeanByROC_mergedData_mergedRun_mergedAlgo",0.0751822194254557
"878",93,"wave_fetch",4.30072512048664,"Chthamalus.montagui_EMciSupByTSS_mergedData_mergedRun_mergedAlgo",0.15799514548438
"879",93,"wave_fetch",4.30072512048664,"Chthamalus.montagui_EMmeanByTSS_mergedData_mergedRun_mergedAlgo",0.0751822194254557
"880",94,"wave_fetch",4.31859198483554,"Chthamalus.montagui_EMmeanByTSS_mergedData_mergedRun_mergedAlgo",0.0752776427032856
"881",94,"wave_fetch",4.31859198483554,"Chthamalus.montagui_EMmeanByROC_mergedData_mergedRun_mergedAlgo",0.0752776427032856
"882",94,"wave_fetch",4.31859198483554,"Chthamalus.montagui_EMciSupByTSS_mergedData_mergedRun_mergedAlgo",0.158084020821386
"883",95,"wave_fetch",4.33645884918444,"Chthamalus.montagui_EMmeanByROC_mergedData_mergedRun_mergedAlgo",0.0753735893809012
"884",95,"wave_fetch",4.33645884918444,"Chthamalus.montagui_EMciSupByTSS_mergedData_mergedRun_mergedAlgo",0.158173631397774
"885",95,"wave_fetch",4.33645884918444,"Chthamalus.montagui_EMmeanByTSS_mergedData_mergedRun_mergedAlgo",0.0753735893809012
"886",96,"wave_fetch",4.35432571353334,"Chthamalus.montagui_EMciSupByTSS_mergedData_mergedRun_mergedAlgo",0.158263983545404
"887",96,"wave_fetch",4.35432571353334,"Chthamalus.montagui_EMmeanByROC_mergedData_mergedRun_mergedAlgo",0.0754700618633152
"888",96,"wave_fetch",4.35432571353334,"Chthamalus.montagui_EMmeanByTSS_mergedData_mergedRun_mergedAlgo",0.0754700618633152
"889",97,"wave_fetch",4.37219257788225,"Chthamalus.montagui_EMmeanByROC_mergedData_mergedRun_mergedAlgo",0.0755670625619572
"890",97,"wave_fetch",4.37219257788225,"Chthamalus.montagui_EMciSupByTSS_mergedData_mergedRun_mergedAlgo",0.15835508364733
"891",97,"wave_fetch",4.37219257788225,"Chthamalus.montagui_EMmeanByTSS_mergedData_mergedRun_mergedAlgo",0.0755670625619572
"892",98,"wave_fetch",4.39005944223115,"Chthamalus.montagui_EMmeanByROC_mergedData_mergedRun_mergedAlgo",0.0756645938939815
"893",98,"wave_fetch",4.39005944223115,"Chthamalus.montagui_EMmeanByTSS_mergedData_mergedRun_mergedAlgo",0.0756645938939815
"894",98,"wave_fetch",4.39005944223115,"Chthamalus.montagui_EMciSupByTSS_mergedData_mergedRun_mergedAlgo",0.158446938137844
"895",99,"wave_fetch",4.40792630658005,"Chthamalus.montagui_EMmeanByROC_mergedData_mergedRun_mergedAlgo",0.0757626582820176
"896",99,"wave_fetch",4.40792630658005,"Chthamalus.montagui_EMciSupByTSS_mergedData_mergedRun_mergedAlgo",0.158539553502662
"897",99,"wave_fetch",4.40792630658005,"Chthamalus.montagui_EMmeanByTSS_mergedData_mergedRun_mergedAlgo",0.0757626582820176
"898",100,"wave_fetch",4.42579317092896,"Chthamalus.montagui_EMciSupByTSS_mergedData_mergedRun_mergedAlgo",0.158632936279166
"899",100,"wave_fetch",4.42579317092896,"Chthamalus.montagui_EMmeanByTSS_mergedData_mergedRun_mergedAlgo",0.0758612581541068
"900",100,"wave_fetch",4.42579317092896,"Chthamalus.montagui_EMmeanByROC_mergedData_mergedRun_mergedAlgo",0.0758612581541068
