"","id","expl.name","expl.val","pred.name","pred.val"
"1",1,"ocean_temp",9.97082319535777,"Chthamalus.montagui_PA1_RUN1_GAM",0.97018816392076
"2",1,"ocean_temp",9.97082319535777,"Chthamalus.montagui_PA1_allRun_MAXENT",0
"3",1,"ocean_temp",9.97082319535777,"Chthamalus.montagui_allData_allRun_GLM",2.22044604925031e-16
"4",1,"ocean_temp",9.97082319535777,"Chthamalus.montagui_PA1_RUN1_RF",0.174
"5",1,"ocean_temp",9.97082319535777,"Chthamalus.montagui_PA1_RUN1_GLM",2.22044604925031e-16
"6",1,"ocean_temp",9.97082319535777,"Chthamalus.montagui_allData_allRun_GAM",0.220103444122552
"7",2,"ocean_temp",10.002865243032,"Chthamalus.montagui_PA1_allRun_MAXENT",0
"8",2,"ocean_temp",10.002865243032,"Chthamalus.montagui_allData_allRun_GLM",2.22044604925031e-16
"9",2,"ocean_temp",10.002865243032,"Chthamalus.montagui_PA1_RUN1_RF",0.174
"10",2,"ocean_temp",10.002865243032,"Chthamalus.montagui_PA1_RUN1_GLM",2.22044604925031e-16
"11",2,"ocean_temp",10.002865243032,"Chthamalus.montagui_PA1_RUN1_GAM",0.971717910958354
"12",2,"ocean_temp",10.002865243032,"Chthamalus.montagui_allData_allRun_GAM",0.228567795941626
"13",3,"ocean_temp",10.0349072907063,"Chthamalus.montagui_PA1_RUN1_GAM",0.973171332124677
"14",3,"ocean_temp",10.0349072907063,"Chthamalus.montagui_PA1_RUN1_GLM",2.22044604925031e-16
"15",3,"ocean_temp",10.0349072907063,"Chthamalus.montagui_PA1_RUN1_RF",0.174
"16",3,"ocean_temp",10.0349072907063,"Chthamalus.montagui_PA1_allRun_MAXENT",0
"17",3,"ocean_temp",10.0349072907063,"Chthamalus.montagui_allData_allRun_GLM",2.22044604925031e-16
"18",3,"ocean_temp",10.0349072907063,"Chthamalus.montagui_allData_allRun_GAM",0.237258629773658
"19",4,"ocean_temp",10.0669493383806,"Chthamalus.montagui_PA1_RUN1_GLM",2.22044604925031e-16
"20",4,"ocean_temp",10.0669493383806,"Chthamalus.montagui_PA1_RUN1_GAM",0.974552017811355
"21",4,"ocean_temp",10.0669493383806,"Chthamalus.montagui_PA1_allRun_MAXENT",0
"22",4,"ocean_temp",10.0669493383806,"Chthamalus.montagui_allData_allRun_GLM",2.22044604925031e-16
"23",4,"ocean_temp",10.0669493383806,"Chthamalus.montagui_PA1_RUN1_RF",0.174
"24",4,"ocean_temp",10.0669493383806,"Chthamalus.montagui_allData_allRun_GAM",0.246174463621368
"25",5,"ocean_temp",10.0989913860549,"Chthamalus.montagui_PA1_RUN1_RF",0.174
"26",5,"ocean_temp",10.0989913860549,"Chthamalus.montagui_PA1_RUN1_GAM",0.97586341145903
"27",5,"ocean_temp",10.0989913860549,"Chthamalus.montagui_allData_allRun_GAM",0.255313191887437
"28",5,"ocean_temp",10.0989913860549,"Chthamalus.montagui_PA1_allRun_MAXENT",0
"29",5,"ocean_temp",10.0989913860549,"Chthamalus.montagui_PA1_RUN1_GLM",2.22044604925031e-16
"30",5,"ocean_temp",10.0989913860549,"Chthamalus.montagui_allData_allRun_GLM",2.22044604925031e-16
"31",6,"ocean_temp",10.1310334337291,"Chthamalus.montagui_PA1_RUN1_GLM",2.22044604925031e-16
"32",6,"ocean_temp",10.1310334337291,"Chthamalus.montagui_PA1_RUN1_GAM",0.977108813307545
"33",6,"ocean_temp",10.1310334337291,"Chthamalus.montagui_allData_allRun_GLM",2.22044604925031e-16
"34",6,"ocean_temp",10.1310334337291,"Chthamalus.montagui_PA1_allRun_MAXENT",0
"35",6,"ocean_temp",10.1310334337291,"Chthamalus.montagui_PA1_RUN1_RF",0.174
"36",6,"ocean_temp",10.1310334337291,"Chthamalus.montagui_allData_allRun_GAM",0.264672062111491
"37",7,"ocean_temp",10.1630754814034,"Chthamalus.montagui_PA1_RUN1_GLM",2.22044604925031e-16
"38",7,"ocean_temp",10.1630754814034,"Chthamalus.montagui_PA1_RUN1_GAM",0.978291384307167
"39",7,"ocean_temp",10.1630754814034,"Chthamalus.montagui_PA1_RUN1_RF",0.174
"40",7,"ocean_temp",10.1630754814034,"Chthamalus.montagui_PA1_allRun_MAXENT",0
"41",7,"ocean_temp",10.1630754814034,"Chthamalus.montagui_allData_allRun_GAM",0.27424765453246
"42",7,"ocean_temp",10.1630754814034,"Chthamalus.montagui_allData_allRun_GLM",2.22044604925031e-16
"43",8,"ocean_temp",10.1951175290777,"Chthamalus.montagui_PA1_RUN1_GAM",0.979414150152958
"44",8,"ocean_temp",10.1951175290777,"Chthamalus.montagui_PA1_allRun_MAXENT",0
"45",8,"ocean_temp",10.1951175290777,"Chthamalus.montagui_PA1_RUN1_GLM",2.22044604925031e-16
"46",8,"ocean_temp",10.1951175290777,"Chthamalus.montagui_PA1_RUN1_RF",0.174
"47",8,"ocean_temp",10.1951175290777,"Chthamalus.montagui_allData_allRun_GLM",2.22044604925031e-16
"48",8,"ocean_temp",10.1951175290777,"Chthamalus.montagui_allData_allRun_GAM",0.284035864862079
"49",9,"ocean_temp",10.227159576752,"Chthamalus.montagui_PA1_RUN1_GLM",2.22044604925031e-16
"50",9,"ocean_temp",10.227159576752,"Chthamalus.montagui_allData_allRun_GLM",2.22044604925031e-16
"51",9,"ocean_temp",10.227159576752,"Chthamalus.montagui_PA1_allRun_MAXENT",0
"52",9,"ocean_temp",10.227159576752,"Chthamalus.montagui_PA1_RUN1_RF",0.174
"53",9,"ocean_temp",10.227159576752,"Chthamalus.montagui_PA1_RUN1_GAM",0.98048000540811
"54",9,"ocean_temp",10.227159576752,"Chthamalus.montagui_allData_allRun_GAM",0.294031890646337
"55",10,"ocean_temp",10.2592016244262,"Chthamalus.montagui_PA1_RUN1_GAM",0.981491717686163
"56",10,"ocean_temp",10.2592016244262,"Chthamalus.montagui_PA1_RUN1_RF",0.174
"57",10,"ocean_temp",10.2592016244262,"Chthamalus.montagui_allData_allRun_GAM",0.304230221575067
"58",10,"ocean_temp",10.2592016244262,"Chthamalus.montagui_PA1_allRun_MAXENT",0
"59",10,"ocean_temp",10.2592016244262,"Chthamalus.montagui_PA1_RUN1_GLM",2.22044604925031e-16
"60",10,"ocean_temp",10.2592016244262,"Chthamalus.montagui_allData_allRun_GLM",2.22044604925031e-16
"61",11,"ocean_temp",10.2912436721005,"Chthamalus.montagui_PA1_RUN1_GAM",0.98245193186525
"62",11,"ocean_temp",10.2912436721005,"Chthamalus.montagui_PA1_RUN1_GLM",2.22044604925031e-16
"63",11,"ocean_temp",10.2912436721005,"Chthamalus.montagui_allData_allRun_GLM",2.22044604925031e-16
"64",11,"ocean_temp",10.2912436721005,"Chthamalus.montagui_PA1_allRun_MAXENT",0
"65",11,"ocean_temp",10.2912436721005,"Chthamalus.montagui_PA1_RUN1_RF",0.174
"66",11,"ocean_temp",10.2912436721005,"Chthamalus.montagui_allData_allRun_GAM",0.31462463407513
"67",12,"ocean_temp",10.3232857197748,"Chthamalus.montagui_PA1_RUN1_GLM",2.22044604925031e-16
"68",12,"ocean_temp",10.3232857197748,"Chthamalus.montagui_PA1_allRun_MAXENT",0
"69",12,"ocean_temp",10.3232857197748,"Chthamalus.montagui_PA1_RUN1_GAM",0.983363174310761
"70",12,"ocean_temp",10.3232857197748,"Chthamalus.montagui_PA1_RUN1_RF",0.174
"71",12,"ocean_temp",10.3232857197748,"Chthamalus.montagui_allData_allRun_GLM",2.22044604925031e-16
"72",12,"ocean_temp",10.3232857197748,"Chthamalus.montagui_allData_allRun_GAM",0.325208190492685
"73",13,"ocean_temp",10.3553277674491,"Chthamalus.montagui_PA1_RUN1_GAM",0.984227857085848
"74",13,"ocean_temp",10.3553277674491,"Chthamalus.montagui_PA1_RUN1_RF",0.174
"75",13,"ocean_temp",10.3553277674491,"Chthamalus.montagui_PA1_allRun_MAXENT",0
"76",13,"ocean_temp",10.3553277674491,"Chthamalus.montagui_PA1_RUN1_GLM",2.22044604925031e-16
"77",13,"ocean_temp",10.3553277674491,"Chthamalus.montagui_allData_allRun_GAM",0.335973243129793
"78",13,"ocean_temp",10.3553277674491,"Chthamalus.montagui_allData_allRun_GLM",2.22044604925031e-16
"79",14,"ocean_temp",10.3873698151233,"Chthamalus.montagui_PA1_RUN1_GLM",2.22044604925031e-16
"80",14,"ocean_temp",10.3873698151233,"Chthamalus.montagui_allData_allRun_GLM",2.22044604925031e-16
"81",14,"ocean_temp",10.3873698151233,"Chthamalus.montagui_PA1_allRun_MAXENT",0
"82",14,"ocean_temp",10.3873698151233,"Chthamalus.montagui_PA1_RUN1_GAM",0.985048282131741
"83",14,"ocean_temp",10.3873698151233,"Chthamalus.montagui_PA1_RUN1_RF",0.174
"84",14,"ocean_temp",10.3873698151233,"Chthamalus.montagui_allData_allRun_GAM",0.346911443356192
"85",15,"ocean_temp",10.4194118627976,"Chthamalus.montagui_PA1_RUN1_GAM",0.985826645402309
"86",15,"ocean_temp",10.4194118627976,"Chthamalus.montagui_PA1_RUN1_RF",0.174
"87",15,"ocean_temp",10.4194118627976,"Chthamalus.montagui_PA1_RUN1_GLM",2.22044604925031e-16
"88",15,"ocean_temp",10.4194118627976,"Chthamalus.montagui_allData_allRun_GAM",0.358013755962923
"89",15,"ocean_temp",10.4194118627976,"Chthamalus.montagui_PA1_allRun_MAXENT",0
"90",15,"ocean_temp",10.4194118627976,"Chthamalus.montagui_allData_allRun_GLM",2.22044604925031e-16
"91",16,"ocean_temp",10.4514539104719,"Chthamalus.montagui_PA1_RUN1_GAM",0.986565040939605
"92",16,"ocean_temp",10.4514539104719,"Chthamalus.montagui_PA1_allRun_MAXENT",0
"93",16,"ocean_temp",10.4514539104719,"Chthamalus.montagui_PA1_RUN1_GLM",2.22044604925031e-16
"94",16,"ocean_temp",10.4514539104719,"Chthamalus.montagui_allData_allRun_GLM",2.22044604925031e-16
"95",16,"ocean_temp",10.4514539104719,"Chthamalus.montagui_PA1_RUN1_RF",0.174
"96",16,"ocean_temp",10.4514539104719,"Chthamalus.montagui_allData_allRun_GAM",0.369270478866315
"97",17,"ocean_temp",10.4834959581461,"Chthamalus.montagui_PA1_RUN1_GLM",2.22044604925031e-16
"98",17,"ocean_temp",10.4834959581461,"Chthamalus.montagui_allData_allRun_GLM",2.22044604925031e-16
"99",17,"ocean_temp",10.4834959581461,"Chthamalus.montagui_PA1_RUN1_GAM",0.987265464879042
"100",17,"ocean_temp",10.4834959581461,"Chthamalus.montagui_PA1_RUN1_RF",0.174
"101",17,"ocean_temp",10.4834959581461,"Chthamalus.montagui_PA1_allRun_MAXENT",0
"102",17,"ocean_temp",10.4834959581461,"Chthamalus.montagui_allData_allRun_GAM",0.380671268206402
"103",18,"ocean_temp",10.5155380058204,"Chthamalus.montagui_PA1_RUN1_RF",0.174
"104",18,"ocean_temp",10.5155380058204,"Chthamalus.montagui_PA1_RUN1_GLM",2.22044604925031e-16
"105",18,"ocean_temp",10.5155380058204,"Chthamalus.montagui_PA1_allRun_MAXENT",0
"106",18,"ocean_temp",10.5155380058204,"Chthamalus.montagui_allData_allRun_GAM",0.392205168814053
"107",18,"ocean_temp",10.5155380058204,"Chthamalus.montagui_allData_allRun_GLM",2.22044604925031e-16
"108",18,"ocean_temp",10.5155380058204,"Chthamalus.montagui_PA1_RUN1_GAM",0.987929819374648
"109",19,"ocean_temp",10.5475800534947,"Chthamalus.montagui_PA1_RUN1_GLM",2.22044604925031e-16
"110",19,"ocean_temp",10.5475800534947,"Chthamalus.montagui_PA1_allRun_MAXENT",0
"111",19,"ocean_temp",10.5475800534947,"Chthamalus.montagui_allData_allRun_GAM",0.403860649950377
"112",19,"ocean_temp",10.5475800534947,"Chthamalus.montagui_PA1_RUN1_RF",0.174
"113",19,"ocean_temp",10.5475800534947,"Chthamalus.montagui_PA1_RUN1_GAM",0.98855991643659
"114",19,"ocean_temp",10.5475800534947,"Chthamalus.montagui_allData_allRun_GLM",2.22044604925031e-16
"115",20,"ocean_temp",10.579622101169,"Chthamalus.montagui_allData_allRun_GAM",0.415625646146551
"116",20,"ocean_temp",10.579622101169,"Chthamalus.montagui_allData_allRun_GLM",2.22044604925031e-16
"117",20,"ocean_temp",10.579622101169,"Chthamalus.montagui_PA1_allRun_MAXENT",0
"118",20,"ocean_temp",10.579622101169,"Chthamalus.montagui_PA1_RUN1_GLM",2.22044604925031e-16
"119",20,"ocean_temp",10.579622101169,"Chthamalus.montagui_PA1_RUN1_RF",0.174
"120",20,"ocean_temp",10.579622101169,"Chthamalus.montagui_PA1_RUN1_GAM",0.989157481674494
"121",21,"ocean_temp",10.6116641488432,"Chthamalus.montagui_allData_allRun_GLM",2.22044604925031e-16
"122",21,"ocean_temp",10.6116641488432,"Chthamalus.montagui_PA1_allRun_MAXENT",0
"123",21,"ocean_temp",10.6116641488432,"Chthamalus.montagui_PA1_RUN1_GLM",2.22044604925031e-16
"124",21,"ocean_temp",10.6116641488432,"Chthamalus.montagui_PA1_RUN1_RF",0.174
"125",21,"ocean_temp",10.6116641488432,"Chthamalus.montagui_allData_allRun_GAM",0.427487602898699
"126",21,"ocean_temp",10.6116641488432,"Chthamalus.montagui_PA1_RUN1_GAM",0.989724157941414
"127",22,"ocean_temp",10.6437061965175,"Chthamalus.montagui_PA1_RUN1_GLM",2.22044604925031e-16
"128",22,"ocean_temp",10.6437061965175,"Chthamalus.montagui_PA1_allRun_MAXENT",0
"129",22,"ocean_temp",10.6437061965175,"Chthamalus.montagui_PA1_RUN1_GAM",0.990261508874552
"130",22,"ocean_temp",10.6437061965175,"Chthamalus.montagui_PA1_RUN1_RF",0.174
"131",22,"ocean_temp",10.6437061965175,"Chthamalus.montagui_allData_allRun_GLM",2.22044604925031e-16
"132",22,"ocean_temp",10.6437061965175,"Chthamalus.montagui_allData_allRun_GAM",0.439433526899269
"133",23,"ocean_temp",10.6757482441918,"Chthamalus.montagui_PA1_allRun_MAXENT",0
"134",23,"ocean_temp",10.6757482441918,"Chthamalus.montagui_PA1_RUN1_RF",0.174
"135",23,"ocean_temp",10.6757482441918,"Chthamalus.montagui_allData_allRun_GLM",2.22044604925031e-16
"136",23,"ocean_temp",10.6757482441918,"Chthamalus.montagui_PA1_RUN1_GLM",2.22044604925031e-16
"137",23,"ocean_temp",10.6757482441918,"Chthamalus.montagui_allData_allRun_GAM",0.45145004041495
"138",23,"ocean_temp",10.6757482441918,"Chthamalus.montagui_PA1_RUN1_GAM",0.99077102232971
"139",24,"ocean_temp",10.7077902918661,"Chthamalus.montagui_PA1_RUN1_GLM",2.22044604925031e-16
"140",24,"ocean_temp",10.7077902918661,"Chthamalus.montagui_PA1_RUN1_GAM",0.991254113707504
"141",24,"ocean_temp",10.7077902918661,"Chthamalus.montagui_PA1_allRun_MAXENT",0
"142",24,"ocean_temp",10.7077902918661,"Chthamalus.montagui_PA1_RUN1_RF",0.174
"143",24,"ocean_temp",10.7077902918661,"Chthamalus.montagui_allData_allRun_GLM",2.22044604925031e-16
"144",24,"ocean_temp",10.7077902918661,"Chthamalus.montagui_allData_allRun_GAM",0.46352343935673
"145",25,"ocean_temp",10.7398323395403,"Chthamalus.montagui_PA1_RUN1_GLM",2.22044604925031e-16
"146",25,"ocean_temp",10.7398323395403,"Chthamalus.montagui_PA1_allRun_MAXENT",0
"147",25,"ocean_temp",10.7398323395403,"Chthamalus.montagui_PA1_RUN1_GAM",0.991712129170085
"148",25,"ocean_temp",10.7398323395403,"Chthamalus.montagui_PA1_RUN1_RF",0.174
"149",25,"ocean_temp",10.7398323395403,"Chthamalus.montagui_allData_allRun_GLM",2.22044604925031e-16
"150",25,"ocean_temp",10.7398323395403,"Chthamalus.montagui_allData_allRun_GAM",0.47563975452596
"151",26,"ocean_temp",10.7718743872146,"Chthamalus.montagui_PA1_allRun_MAXENT",0
"152",26,"ocean_temp",10.7718743872146,"Chthamalus.montagui_PA1_RUN1_RF",0.174
"153",26,"ocean_temp",10.7718743872146,"Chthamalus.montagui_PA1_RUN1_GLM",2.22044604925031e-16
"154",26,"ocean_temp",10.7718743872146,"Chthamalus.montagui_allData_allRun_GLM",2.22044604925031e-16
"155",26,"ocean_temp",10.7718743872146,"Chthamalus.montagui_PA1_RUN1_GAM",0.992146348747804
"156",26,"ocean_temp",10.7718743872146,"Chthamalus.montagui_allData_allRun_GAM",0.487784815469508
"157",27,"ocean_temp",10.8039164348889,"Chthamalus.montagui_PA1_allRun_MAXENT",0
"158",27,"ocean_temp",10.8039164348889,"Chthamalus.montagui_PA1_RUN1_GLM",2.22044604925031e-16
"159",27,"ocean_temp",10.8039164348889,"Chthamalus.montagui_PA1_RUN1_RF",0.174
"160",27,"ocean_temp",10.8039164348889,"Chthamalus.montagui_PA1_RUN1_GAM",0.992557989335942
"161",27,"ocean_temp",10.8039164348889,"Chthamalus.montagui_allData_allRun_GLM",2.22044604925031e-16
"162",27,"ocean_temp",10.8039164348889,"Chthamalus.montagui_allData_allRun_GAM",0.499944316331795
"163",28,"ocean_temp",10.8359584825631,"Chthamalus.montagui_PA1_RUN1_GLM",2.22044604925031e-16
"164",28,"ocean_temp",10.8359584825631,"Chthamalus.montagui_PA1_allRun_MAXENT",0
"165",28,"ocean_temp",10.8359584825631,"Chthamalus.montagui_PA1_RUN1_GAM",0.992948207582071
"166",28,"ocean_temp",10.8359584825631,"Chthamalus.montagui_PA1_RUN1_RF",0.174
"167",28,"ocean_temp",10.8359584825631,"Chthamalus.montagui_allData_allRun_GLM",2.22044604925031e-16
"168",28,"ocean_temp",10.8359584825631,"Chthamalus.montagui_allData_allRun_GAM",0.512103883058595
"169",29,"ocean_temp",10.8680005302374,"Chthamalus.montagui_PA1_RUN1_GLM",2.22044604925031e-16
"170",29,"ocean_temp",10.8680005302374,"Chthamalus.montagui_PA1_allRun_MAXENT",0
"171",29,"ocean_temp",10.8680005302374,"Chthamalus.montagui_PA1_RUN1_GAM",0.993318102665094
"172",29,"ocean_temp",10.8680005302374,"Chthamalus.montagui_PA1_RUN1_RF",0.174
"173",29,"ocean_temp",10.8680005302374,"Chthamalus.montagui_allData_allRun_GLM",2.22044604925031e-16
"174",29,"ocean_temp",10.8680005302374,"Chthamalus.montagui_allData_allRun_GAM",0.524249141284448
"175",30,"ocean_temp",10.9000425779117,"Chthamalus.montagui_PA1_allRun_MAXENT",0
"176",30,"ocean_temp",10.9000425779117,"Chthamalus.montagui_PA1_RUN1_RF",0.174
"177",30,"ocean_temp",10.9000425779117,"Chthamalus.montagui_PA1_RUN1_GAM",0.993668718967428
"178",30,"ocean_temp",10.9000425779117,"Chthamalus.montagui_allData_allRun_GLM",2.22044604925031e-16
"179",30,"ocean_temp",10.9000425779117,"Chthamalus.montagui_PA1_RUN1_GLM",2.22044604925031e-16
"180",30,"ocean_temp",10.9000425779117,"Chthamalus.montagui_allData_allRun_GAM",0.536365784222757
"181",31,"ocean_temp",10.932084625586,"Chthamalus.montagui_PA1_allRun_MAXENT",0
"182",31,"ocean_temp",10.932084625586,"Chthamalus.montagui_PA1_RUN1_GLM",2.22044604925031e-16
"183",31,"ocean_temp",10.932084625586,"Chthamalus.montagui_PA1_RUN1_RF",0.174
"184",31,"ocean_temp",10.932084625586,"Chthamalus.montagui_PA1_RUN1_GAM",0.994001048642073
"185",31,"ocean_temp",10.932084625586,"Chthamalus.montagui_allData_allRun_GAM",0.548439639879227
"186",31,"ocean_temp",10.932084625586,"Chthamalus.montagui_allData_allRun_GLM",2.22044604925031e-16
"187",32,"ocean_temp",10.9641266732602,"Chthamalus.montagui_PA1_RUN1_GLM",2.22044604925031e-16
"188",32,"ocean_temp",10.9641266732602,"Chthamalus.montagui_PA1_allRun_MAXENT",0
"189",32,"ocean_temp",10.9641266732602,"Chthamalus.montagui_PA1_RUN1_GAM",0.994316034076595
"190",32,"ocean_temp",10.9641266732602,"Chthamalus.montagui_PA1_RUN1_RF",0.174
"191",32,"ocean_temp",10.9641266732602,"Chthamalus.montagui_allData_allRun_GLM",2.22044604925031e-16
"192",32,"ocean_temp",10.9641266732602,"Chthamalus.montagui_allData_allRun_GAM",0.560456736919104
"193",33,"ocean_temp",10.9961687209345,"Chthamalus.montagui_PA1_RUN1_GLM",2.22044604925031e-16
"194",33,"ocean_temp",10.9961687209345,"Chthamalus.montagui_PA1_allRun_MAXENT",0
"195",33,"ocean_temp",10.9961687209345,"Chthamalus.montagui_PA1_RUN1_GAM",0.994614570256317
"196",33,"ocean_temp",10.9961687209345,"Chthamalus.montagui_PA1_RUN1_RF",0.174
"197",33,"ocean_temp",10.9961687209345,"Chthamalus.montagui_allData_allRun_GLM",2.22044604925031e-16
"198",33,"ocean_temp",10.9961687209345,"Chthamalus.montagui_allData_allRun_GAM",0.572403368543453
"199",34,"ocean_temp",11.0282107686088,"Chthamalus.montagui_PA1_allRun_MAXENT",0
"200",34,"ocean_temp",11.0282107686088,"Chthamalus.montagui_PA1_RUN1_GLM",2.22044604925031e-16
"201",34,"ocean_temp",11.0282107686088,"Chthamalus.montagui_PA1_RUN1_RF",0.174
"202",34,"ocean_temp",11.0282107686088,"Chthamalus.montagui_PA1_RUN1_GAM",0.994897507029148
"203",34,"ocean_temp",11.0282107686088,"Chthamalus.montagui_allData_allRun_GLM",2.22044604925031e-16
"204",34,"ocean_temp",11.0282107686088,"Chthamalus.montagui_allData_allRun_GAM",0.584266153761895
"205",35,"ocean_temp",11.0602528162831,"Chthamalus.montagui_PA1_allRun_MAXENT",0
"206",35,"ocean_temp",11.0602528162831,"Chthamalus.montagui_PA1_RUN1_RF",0.174
"207",35,"ocean_temp",11.0602528162831,"Chthamalus.montagui_PA1_RUN1_GLM",2.22044604925031e-16
"208",35,"ocean_temp",11.0602528162831,"Chthamalus.montagui_allData_allRun_GLM",2.22044604925031e-16
"209",35,"ocean_temp",11.0602528162831,"Chthamalus.montagui_PA1_RUN1_GAM",0.995165651274628
"210",35,"ocean_temp",11.0602528162831,"Chthamalus.montagui_allData_allRun_GAM",0.596032095493876
"211",36,"ocean_temp",11.0922948639573,"Chthamalus.montagui_PA1_RUN1_GLM",2.22044604925031e-16
"212",36,"ocean_temp",11.0922948639573,"Chthamalus.montagui_PA1_allRun_MAXENT",0
"213",36,"ocean_temp",11.0922948639573,"Chthamalus.montagui_PA1_RUN1_GAM",0.995419768979932
"214",36,"ocean_temp",11.0922948639573,"Chthamalus.montagui_PA1_RUN1_RF",0.174
"215",36,"ocean_temp",11.0922948639573,"Chthamalus.montagui_allData_allRun_GLM",2.22044604925031e-16
"216",36,"ocean_temp",11.0922948639573,"Chthamalus.montagui_allData_allRun_GAM",0.60768863498296
"217",37,"ocean_temp",11.1243369116316,"Chthamalus.montagui_PA1_RUN1_GLM",2.22044604925031e-16
"218",37,"ocean_temp",11.1243369116316,"Chthamalus.montagui_PA1_RUN1_GAM",0.995660587225588
"219",37,"ocean_temp",11.1243369116316,"Chthamalus.montagui_PA1_allRun_MAXENT",0
"220",37,"ocean_temp",11.1243369116316,"Chthamalus.montagui_PA1_RUN1_RF",0.174
"221",37,"ocean_temp",11.1243369116316,"Chthamalus.montagui_allData_allRun_GLM",2.22044604925031e-16
"222",37,"ocean_temp",11.1243369116316,"Chthamalus.montagui_allData_allRun_GAM",0.619223702067642
"223",38,"ocean_temp",11.1563789593059,"Chthamalus.montagui_PA1_allRun_MAXENT",0
"224",38,"ocean_temp",11.1563789593059,"Chthamalus.montagui_PA1_RUN1_GLM",2.22044604925031e-16
"225",38,"ocean_temp",11.1563789593059,"Chthamalus.montagui_PA1_RUN1_RF",0.174
"226",38,"ocean_temp",11.1563789593059,"Chthamalus.montagui_PA1_RUN1_GAM",0.995888796083786
"227",38,"ocean_temp",11.1563789593059,"Chthamalus.montagui_allData_allRun_GLM",2.22044604925031e-16
"228",38,"ocean_temp",11.1563789593059,"Chthamalus.montagui_allData_allRun_GAM",0.630625760919622
"229",39,"ocean_temp",11.1884210069801,"Chthamalus.montagui_PA1_allRun_MAXENT",0
"230",39,"ocean_temp",11.1884210069801,"Chthamalus.montagui_PA1_RUN1_RF",0.174
"231",39,"ocean_temp",11.1884210069801,"Chthamalus.montagui_allData_allRun_GLM",2.22044604925031e-16
"232",39,"ocean_temp",11.1884210069801,"Chthamalus.montagui_PA1_RUN1_GLM",2.22044604925031e-16
"233",39,"ocean_temp",11.1884210069801,"Chthamalus.montagui_allData_allRun_GAM",0.641883850929177
"234",39,"ocean_temp",11.1884210069801,"Chthamalus.montagui_PA1_RUN1_GAM",0.996105050432145
"235",40,"ocean_temp",11.2204630546544,"Chthamalus.montagui_allData_allRun_GLM",2.22044604925031e-16
"236",40,"ocean_temp",11.2204630546544,"Chthamalus.montagui_PA1_RUN1_GLM",2.22044604925031e-16
"237",40,"ocean_temp",11.2204630546544,"Chthamalus.montagui_PA1_allRun_MAXENT",0
"238",40,"ocean_temp",11.2204630546544,"Chthamalus.montagui_allData_allRun_GAM",0.652987622492175
"239",40,"ocean_temp",11.2204630546544,"Chthamalus.montagui_PA1_RUN1_RF",0.174
"240",40,"ocean_temp",11.2204630546544,"Chthamalus.montagui_PA1_RUN1_GAM",0.996309971685846
"241",41,"ocean_temp",11.2525051023287,"Chthamalus.montagui_allData_allRun_GLM",2.22044604925031e-16
"242",41,"ocean_temp",11.2525051023287,"Chthamalus.montagui_allData_allRun_GAM",0.663927367526152
"243",41,"ocean_temp",11.2525051023287,"Chthamalus.montagui_PA1_RUN1_GAM",0.996504149451037
"244",41,"ocean_temp",11.2525051023287,"Chthamalus.montagui_PA1_RUN1_GLM",2.22044604925031e-16
"245",41,"ocean_temp",11.2525051023287,"Chthamalus.montagui_PA1_allRun_MAXENT",0
"246",41,"ocean_temp",11.2525051023287,"Chthamalus.montagui_PA1_RUN1_RF",0.174
"247",42,"ocean_temp",11.284547150003,"Chthamalus.montagui_PA1_RUN1_GAM",0.996688143102389
"248",42,"ocean_temp",11.284547150003,"Chthamalus.montagui_allData_allRun_GLM",2.22044604925031e-16
"249",42,"ocean_temp",11.284547150003,"Chthamalus.montagui_PA1_allRun_MAXENT",0
"250",42,"ocean_temp",11.284547150003,"Chthamalus.montagui_PA1_RUN1_GLM",2.22044604925031e-16
"251",42,"ocean_temp",11.284547150003,"Chthamalus.montagui_PA1_RUN1_RF",0.174
"252",42,"ocean_temp",11.284547150003,"Chthamalus.montagui_allData_allRun_GAM",0.674694044617863
"253",43,"ocean_temp",11.3165891976772,"Chthamalus.montagui_PA1_RUN1_GAM",0.996862483287664
"254",43,"ocean_temp",11.3165891976772,"Chthamalus.montagui_PA1_RUN1_RF",0.174
"255",43,"ocean_temp",11.3165891976772,"Chthamalus.montagui_PA1_RUN1_GLM",2.22044604925031e-16
"256",43,"ocean_temp",11.3165891976772,"Chthamalus.montagui_PA1_allRun_MAXENT",0
"257",43,"ocean_temp",11.3165891976772,"Chthamalus.montagui_allData_allRun_GLM",2.22044604925031e-16
"258",43,"ocean_temp",11.3165891976772,"Chthamalus.montagui_allData_allRun_GAM",0.685279298776824
"259",44,"ocean_temp",11.3486312453515,"Chthamalus.montagui_PA1_allRun_MAXENT",0
"260",44,"ocean_temp",11.3486312453515,"Chthamalus.montagui_PA1_RUN1_GAM",0.997027673362122
"261",44,"ocean_temp",11.3486312453515,"Chthamalus.montagui_PA1_RUN1_GLM",2.22044604925031e-16
"262",44,"ocean_temp",11.3486312453515,"Chthamalus.montagui_allData_allRun_GLM",2.22044604925031e-16
"263",44,"ocean_temp",11.3486312453515,"Chthamalus.montagui_PA1_RUN1_RF",0.174
"264",44,"ocean_temp",11.3486312453515,"Chthamalus.montagui_allData_allRun_GAM",0.695675475837401
"265",45,"ocean_temp",11.3806732930258,"Chthamalus.montagui_PA1_RUN1_GLM",2.22044604925031e-16
"266",45,"ocean_temp",11.3806732930258,"Chthamalus.montagui_PA1_RUN1_GAM",0.997184190755531
"267",45,"ocean_temp",11.3806732930258,"Chthamalus.montagui_allData_allRun_GAM",0.705875631617921
"268",45,"ocean_temp",11.3806732930258,"Chthamalus.montagui_PA1_RUN1_RF",0.174
"269",45,"ocean_temp",11.3806732930258,"Chthamalus.montagui_PA1_allRun_MAXENT",0
"270",45,"ocean_temp",11.3806732930258,"Chthamalus.montagui_allData_allRun_GLM",2.22044604925031e-16
"271",46,"ocean_temp",11.4127153407001,"Chthamalus.montagui_PA1_RUN1_GAM",0.997332488274506
"272",46,"ocean_temp",11.4127153407001,"Chthamalus.montagui_PA1_RUN1_GLM",2.22044604925031e-16
"273",46,"ocean_temp",11.4127153407001,"Chthamalus.montagui_PA1_allRun_MAXENT",0
"274",46,"ocean_temp",11.4127153407001,"Chthamalus.montagui_PA1_RUN1_RF",0.176
"275",46,"ocean_temp",11.4127153407001,"Chthamalus.montagui_allData_allRun_GLM",2.22044604925031e-16
"276",46,"ocean_temp",11.4127153407001,"Chthamalus.montagui_allData_allRun_GAM",0.715873536002939
"277",47,"ocean_temp",11.4447573883743,"Chthamalus.montagui_PA1_RUN1_GLM",2.22044604925031e-16
"278",47,"ocean_temp",11.4447573883743,"Chthamalus.montagui_PA1_allRun_MAXENT",0
"279",47,"ocean_temp",11.4447573883743,"Chthamalus.montagui_PA1_RUN1_GAM",0.997472995342841
"280",47,"ocean_temp",11.4447573883743,"Chthamalus.montagui_allData_allRun_GLM",2.22044604925031e-16
"281",47,"ocean_temp",11.4447573883743,"Chthamalus.montagui_PA1_RUN1_RF",0.176
"282",47,"ocean_temp",11.4447573883743,"Chthamalus.montagui_allData_allRun_GAM",0.725663672168559
"283",48,"ocean_temp",11.4767994360486,"Chthamalus.montagui_PA1_RUN1_GAM",0.997606119182418
"284",48,"ocean_temp",11.4767994360486,"Chthamalus.montagui_PA1_RUN1_RF",0.176
"285",48,"ocean_temp",11.4767994360486,"Chthamalus.montagui_PA1_RUN1_GLM",2.22044604925031e-16
"286",48,"ocean_temp",11.4767994360486,"Chthamalus.montagui_PA1_allRun_MAXENT",0
"287",48,"ocean_temp",11.4767994360486,"Chthamalus.montagui_allData_allRun_GAM",0.735241231216664
"288",48,"ocean_temp",11.4767994360486,"Chthamalus.montagui_allData_allRun_GLM",2.22044604925031e-16
"289",49,"ocean_temp",11.5088414837229,"Chthamalus.montagui_PA1_RUN1_GLM",2.22044604925031e-16
"290",49,"ocean_temp",11.5088414837229,"Chthamalus.montagui_PA1_allRun_MAXENT",0
"291",49,"ocean_temp",11.5088414837229,"Chthamalus.montagui_allData_allRun_GLM",2.22044604925031e-16
"292",49,"ocean_temp",11.5088414837229,"Chthamalus.montagui_PA1_RUN1_GAM",0.997732245937221
"293",49,"ocean_temp",11.5088414837229,"Chthamalus.montagui_allData_allRun_GAM",0.744602102521903
"294",49,"ocean_temp",11.5088414837229,"Chthamalus.montagui_PA1_RUN1_RF",0.176
"295",50,"ocean_temp",11.5408835313972,"Chthamalus.montagui_PA1_RUN1_GLM",2.22044604925031e-16
"296",50,"ocean_temp",11.5408835313972,"Chthamalus.montagui_PA1_RUN1_GAM",0.997851741742917
"297",50,"ocean_temp",11.5408835313972,"Chthamalus.montagui_PA1_RUN1_RF",0.176
"298",50,"ocean_temp",11.5408835313972,"Chthamalus.montagui_allData_allRun_GAM",0.753742860127939
"299",50,"ocean_temp",11.5408835313972,"Chthamalus.montagui_PA1_allRun_MAXENT",0
"300",50,"ocean_temp",11.5408835313972,"Chthamalus.montagui_allData_allRun_GLM",2.22044604925031e-16
"301",51,"ocean_temp",11.5729255790714,"Chthamalus.montagui_PA1_RUN1_GAM",0.997964953744371
"302",51,"ocean_temp",11.5729255790714,"Chthamalus.montagui_PA1_RUN1_RF",0.176
"303",51,"ocean_temp",11.5729255790714,"Chthamalus.montagui_PA1_RUN1_GLM",2.22044604925031e-16
"304",51,"ocean_temp",11.5729255790714,"Chthamalus.montagui_PA1_allRun_MAXENT",0
"305",51,"ocean_temp",11.5729255790714,"Chthamalus.montagui_allData_allRun_GLM",2.22044604925031e-16
"306",51,"ocean_temp",11.5729255790714,"Chthamalus.montagui_allData_allRun_GAM",0.762660745552005
"307",52,"ocean_temp",11.6049676267457,"Chthamalus.montagui_PA1_allRun_MAXENT",0
"308",52,"ocean_temp",11.6049676267457,"Chthamalus.montagui_PA1_RUN1_GLM",2.22044604925031e-16
"309",52,"ocean_temp",11.6049676267457,"Chthamalus.montagui_allData_allRun_GLM",2.22044604925031e-16
"310",52,"ocean_temp",11.6049676267457,"Chthamalus.montagui_PA1_RUN1_GAM",0.998072211063398
"311",52,"ocean_temp",11.6049676267457,"Chthamalus.montagui_PA1_RUN1_RF",0.176
"312",52,"ocean_temp",11.6049676267457,"Chthamalus.montagui_allData_allRun_GAM",0.771353647374928
"313",53,"ocean_temp",11.63700967442,"Chthamalus.montagui_PA1_RUN1_GAM",0.998173825718992
"314",53,"ocean_temp",11.63700967442,"Chthamalus.montagui_PA1_RUN1_GLM",2.22044604925031e-16
"315",53,"ocean_temp",11.63700967442,"Chthamalus.montagui_PA1_RUN1_RF",0.176
"316",53,"ocean_temp",11.63700967442,"Chthamalus.montagui_allData_allRun_GAM",0.779820078002318
"317",53,"ocean_temp",11.63700967442,"Chthamalus.montagui_PA1_allRun_MAXENT",0
"318",53,"ocean_temp",11.63700967442,"Chthamalus.montagui_allData_allRun_GLM",2.22044604925031e-16
"319",54,"ocean_temp",11.6690517220942,"Chthamalus.montagui_PA1_RUN1_GLM",2.22044604925031e-16
"320",54,"ocean_temp",11.6690517220942,"Chthamalus.montagui_PA1_allRun_MAXENT",0
"321",54,"ocean_temp",11.6690517220942,"Chthamalus.montagui_PA1_RUN1_GAM",0.998270093502156
"322",54,"ocean_temp",11.6690517220942,"Chthamalus.montagui_allData_allRun_GLM",2.22044604925031e-16
"323",54,"ocean_temp",11.6690517220942,"Chthamalus.montagui_PA1_RUN1_RF",0.176
"324",54,"ocean_temp",11.6690517220942,"Chthamalus.montagui_allData_allRun_GAM",0.788059147986729
"325",55,"ocean_temp",11.7010937697685,"Chthamalus.montagui_PA1_RUN1_GLM",2.22044604925031e-16
"326",55,"ocean_temp",11.7010937697685,"Chthamalus.montagui_PA1_RUN1_GAM",0.998361294807432
"327",55,"ocean_temp",11.7010937697685,"Chthamalus.montagui_PA1_allRun_MAXENT",0
"328",55,"ocean_temp",11.7010937697685,"Chthamalus.montagui_PA1_RUN1_RF",0.182
"329",55,"ocean_temp",11.7010937697685,"Chthamalus.montagui_allData_allRun_GAM",0.796070538297883
"330",55,"ocean_temp",11.7010937697685,"Chthamalus.montagui_allData_allRun_GLM",2.22044604925031e-16
"331",56,"ocean_temp",11.7331358174428,"Chthamalus.montagui_PA1_RUN1_GAM",0.998447695423105
"332",56,"ocean_temp",11.7331358174428,"Chthamalus.montagui_PA1_RUN1_RF",0.184
"333",56,"ocean_temp",11.7331358174428,"Chthamalus.montagui_PA1_allRun_MAXENT",0
"334",56,"ocean_temp",11.7331358174428,"Chthamalus.montagui_PA1_RUN1_GLM",2.22044604925031e-16
"335",56,"ocean_temp",11.7331358174428,"Chthamalus.montagui_allData_allRun_GLM",2.22044604925031e-16
"336",56,"ocean_temp",11.7331358174428,"Chthamalus.montagui_allData_allRun_GAM",0.803854470919408
"337",57,"ocean_temp",11.7651778651171,"Chthamalus.montagui_PA1_RUN1_GLM",2.22044604925031e-16
"338",57,"ocean_temp",11.7651778651171,"Chthamalus.montagui_PA1_allRun_MAXENT",0
"339",57,"ocean_temp",11.7651778651171,"Chthamalus.montagui_PA1_RUN1_GAM",0.998529547282004
"340",57,"ocean_temp",11.7651778651171,"Chthamalus.montagui_allData_allRun_GAM",0.811411678139017
"341",57,"ocean_temp",11.7651778651171,"Chthamalus.montagui_allData_allRun_GLM",2.22044604925031e-16
"342",57,"ocean_temp",11.7651778651171,"Chthamalus.montagui_PA1_RUN1_RF",0.186
"343",58,"ocean_temp",11.7972199127913,"Chthamalus.montagui_PA1_RUN1_GLM",2.22044604925031e-16
"344",58,"ocean_temp",11.7972199127913,"Chthamalus.montagui_PA1_RUN1_GAM",0.998607089174758
"345",58,"ocean_temp",11.7972199127913,"Chthamalus.montagui_PA1_RUN1_RF",0.188
"346",58,"ocean_temp",11.7972199127913,"Chthamalus.montagui_allData_allRun_GAM",0.818743370881226
"347",58,"ocean_temp",11.7972199127913,"Chthamalus.montagui_PA1_allRun_MAXENT",0
"348",58,"ocean_temp",11.7972199127913,"Chthamalus.montagui_allData_allRun_GLM",2.22044604925031e-16
"349",59,"ocean_temp",11.8292619604656,"Chthamalus.montagui_PA1_RUN1_GLM",2.22044604925031e-16
"350",59,"ocean_temp",11.8292619604656,"Chthamalus.montagui_PA1_allRun_MAXENT",0
"351",59,"ocean_temp",11.8292619604656,"Chthamalus.montagui_allData_allRun_GAM",0.825851206413035
"352",59,"ocean_temp",11.8292619604656,"Chthamalus.montagui_PA1_RUN1_RF",0.214
"353",59,"ocean_temp",11.8292619604656,"Chthamalus.montagui_PA1_RUN1_GAM",0.998680547427253
"354",59,"ocean_temp",11.8292619604656,"Chthamalus.montagui_allData_allRun_GLM",2.22044604925031e-16
"355",60,"ocean_temp",11.8613040081399,"Chthamalus.montagui_PA1_allRun_MAXENT",0
"356",60,"ocean_temp",11.8613040081399,"Chthamalus.montagui_PA1_RUN1_RF",0.252
"357",60,"ocean_temp",11.8613040081399,"Chthamalus.montagui_allData_allRun_GAM",0.832737255729541
"358",60,"ocean_temp",11.8613040081399,"Chthamalus.montagui_allData_allRun_GLM",2.22044604925031e-16
"359",60,"ocean_temp",11.8613040081399,"Chthamalus.montagui_PA1_RUN1_GLM",2.22044604925031e-16
"360",60,"ocean_temp",11.8613040081399,"Chthamalus.montagui_PA1_RUN1_GAM",0.998750136544017
"361",61,"ocean_temp",11.8933460558142,"Chthamalus.montagui_allData_allRun_GLM",2.22044604925031e-16
"362",61,"ocean_temp",11.8933460558142,"Chthamalus.montagui_PA1_allRun_MAXENT",0
"363",61,"ocean_temp",11.8933460558142,"Chthamalus.montagui_PA1_RUN1_GLM",2.22044604925031e-16
"364",61,"ocean_temp",11.8933460558142,"Chthamalus.montagui_PA1_RUN1_RF",0.256
"365",61,"ocean_temp",11.8933460558142,"Chthamalus.montagui_allData_allRun_GAM",0.839403970902695
"366",61,"ocean_temp",11.8933460558142,"Chthamalus.montagui_PA1_RUN1_GAM",0.998816059819132
"367",62,"ocean_temp",11.9253881034884,"Chthamalus.montagui_allData_allRun_GLM",2.22044604925031e-16
"368",62,"ocean_temp",11.9253881034884,"Chthamalus.montagui_PA1_RUN1_GLM",2.22044604925031e-16
"369",62,"ocean_temp",11.9253881034884,"Chthamalus.montagui_allData_allRun_GAM",0.845854152650766
"370",62,"ocean_temp",11.9253881034884,"Chthamalus.montagui_PA1_RUN1_GAM",0.998878509916258
"371",62,"ocean_temp",11.9253881034884,"Chthamalus.montagui_PA1_allRun_MAXENT",0
"372",62,"ocean_temp",11.9253881034884,"Chthamalus.montagui_PA1_RUN1_RF",0.256
"373",63,"ocean_temp",11.9574301511627,"Chthamalus.montagui_PA1_RUN1_GLM",2.22044604925031e-16
"374",63,"ocean_temp",11.9574301511627,"Chthamalus.montagui_PA1_RUN1_GAM",0.99893766941925
"375",63,"ocean_temp",11.9574301511627,"Chthamalus.montagui_allData_allRun_GLM",2.22044604925031e-16
"376",63,"ocean_temp",11.9574301511627,"Chthamalus.montagui_PA1_allRun_MAXENT",0
"377",63,"ocean_temp",11.9574301511627,"Chthamalus.montagui_allData_allRun_GAM",0.852090918359101
"378",63,"ocean_temp",11.9574301511627,"Chthamalus.montagui_PA1_RUN1_RF",0.276
"379",64,"ocean_temp",11.989472198837,"Chthamalus.montagui_PA1_RUN1_GLM",2.22044604925031e-16
"380",64,"ocean_temp",11.989472198837,"Chthamalus.montagui_PA1_RUN1_GAM",0.998993711354789
"381",64,"ocean_temp",11.989472198837,"Chthamalus.montagui_PA1_allRun_MAXENT",0
"382",64,"ocean_temp",11.989472198837,"Chthamalus.montagui_PA1_RUN1_RF",0.286
"383",64,"ocean_temp",11.989472198837,"Chthamalus.montagui_allData_allRun_GLM",2.22044604925031e-16
"384",64,"ocean_temp",11.989472198837,"Chthamalus.montagui_allData_allRun_GAM",0.858117670757053
"385",65,"ocean_temp",12.0215142465112,"Chthamalus.montagui_PA1_RUN1_GLM",2.22044604925031e-16
"386",65,"ocean_temp",12.0215142465112,"Chthamalus.montagui_PA1_RUN1_GAM",0.99904679968841
"387",65,"ocean_temp",12.0215142465112,"Chthamalus.montagui_PA1_allRun_MAXENT",0
"388",65,"ocean_temp",12.0215142465112,"Chthamalus.montagui_allData_allRun_GLM",2.22044604925031e-16
"389",65,"ocean_temp",12.0215142465112,"Chthamalus.montagui_PA1_RUN1_RF",0.286
"390",65,"ocean_temp",12.0215142465112,"Chthamalus.montagui_allData_allRun_GAM",0.863938067428633
"391",66,"ocean_temp",12.0535562941855,"Chthamalus.montagui_PA1_RUN1_GLM",2.22044604925031e-16
"392",66,"ocean_temp",12.0535562941855,"Chthamalus.montagui_allData_allRun_GLM",2.22044604925031e-16
"393",66,"ocean_temp",12.0535562941855,"Chthamalus.montagui_PA1_RUN1_GAM",0.99909708979522
"394",66,"ocean_temp",12.0535562941855,"Chthamalus.montagui_allData_allRun_GAM",0.869555991309609
"395",66,"ocean_temp",12.0535562941855,"Chthamalus.montagui_PA1_allRun_MAXENT",0
"396",66,"ocean_temp",12.0535562941855,"Chthamalus.montagui_PA1_RUN1_RF",0.262
"397",67,"ocean_temp",12.0855983418598,"Chthamalus.montagui_PA1_RUN1_GLM",2.22044604925031e-16
"398",67,"ocean_temp",12.0855983418598,"Chthamalus.montagui_PA1_RUN1_GAM",0.999144728906549
"399",67,"ocean_temp",12.0855983418598,"Chthamalus.montagui_allData_allRun_GLM",2.22044604925031e-16
"400",67,"ocean_temp",12.0855983418598,"Chthamalus.montagui_PA1_allRun_MAXENT",0
"401",67,"ocean_temp",12.0855983418598,"Chthamalus.montagui_allData_allRun_GAM",0.874975522298179
"402",67,"ocean_temp",12.0855983418598,"Chthamalus.montagui_PA1_RUN1_RF",0.262
"403",68,"ocean_temp",12.1176403895341,"Chthamalus.montagui_PA1_RUN1_GLM",2.22044604925031e-16
"404",68,"ocean_temp",12.1176403895341,"Chthamalus.montagui_PA1_RUN1_GAM",0.99918985653374
"405",68,"ocean_temp",12.1176403895341,"Chthamalus.montagui_PA1_allRun_MAXENT",0
"406",68,"ocean_temp",12.1176403895341,"Chthamalus.montagui_allData_allRun_GLM",2.22044604925031e-16
"407",68,"ocean_temp",12.1176403895341,"Chthamalus.montagui_PA1_RUN1_RF",0.262
"408",68,"ocean_temp",12.1176403895341,"Chthamalus.montagui_allData_allRun_GAM",0.880200910083282
"409",69,"ocean_temp",12.1496824372083,"Chthamalus.montagui_PA1_RUN1_GLM",2.22044604925031e-16
"410",69,"ocean_temp",12.1496824372083,"Chthamalus.montagui_PA1_RUN1_GAM",0.999232604870187
"411",69,"ocean_temp",12.1496824372083,"Chthamalus.montagui_PA1_allRun_MAXENT",0
"412",69,"ocean_temp",12.1496824372083,"Chthamalus.montagui_allData_allRun_GLM",2.22044604925031e-16
"413",69,"ocean_temp",12.1496824372083,"Chthamalus.montagui_PA1_RUN1_RF",0.262
"414",69,"ocean_temp",12.1496824372083,"Chthamalus.montagui_allData_allRun_GAM",0.885236548272417
"415",70,"ocean_temp",12.1817244848826,"Chthamalus.montagui_PA1_RUN1_GAM",0.999273099172732
"416",70,"ocean_temp",12.1817244848826,"Chthamalus.montagui_PA1_RUN1_GLM",2.22044604925031e-16
"417",70,"ocean_temp",12.1817244848826,"Chthamalus.montagui_allData_allRun_GLM",2.22044604925031e-16
"418",70,"ocean_temp",12.1817244848826,"Chthamalus.montagui_PA1_allRun_MAXENT",0
"419",70,"ocean_temp",12.1817244848826,"Chthamalus.montagui_allData_allRun_GAM",0.890086949879818
"420",70,"ocean_temp",12.1817244848826,"Chthamalus.montagui_PA1_RUN1_RF",0.408
"421",71,"ocean_temp",12.2137665325569,"Chthamalus.montagui_PA1_RUN1_GLM",2.22044604925031e-16
"422",71,"ocean_temp",12.2137665325569,"Chthamalus.montagui_allData_allRun_GAM",0.894756724217633
"423",71,"ocean_temp",12.2137665325569,"Chthamalus.montagui_PA1_RUN1_GAM",0.999311458123429
"424",71,"ocean_temp",12.2137665325569,"Chthamalus.montagui_allData_allRun_GLM",2.22044604925031e-16
"425",71,"ocean_temp",12.2137665325569,"Chthamalus.montagui_PA1_allRun_MAXENT",0
"426",71,"ocean_temp",12.2137665325569,"Chthamalus.montagui_PA1_RUN1_RF",0.408
"427",72,"ocean_temp",12.2458085802312,"Chthamalus.montagui_PA1_RUN1_GLM",2.22044604925031e-16
"428",72,"ocean_temp",12.2458085802312,"Chthamalus.montagui_PA1_RUN1_GAM",0.999347794172674
"429",72,"ocean_temp",12.2458085802312,"Chthamalus.montagui_PA1_allRun_MAXENT",0
"430",72,"ocean_temp",12.2458085802312,"Chthamalus.montagui_allData_allRun_GLM",2.22044604925031e-16
"431",72,"ocean_temp",12.2458085802312,"Chthamalus.montagui_PA1_RUN1_RF",0.408
"432",72,"ocean_temp",12.2458085802312,"Chthamalus.montagui_allData_allRun_GAM",0.899250555214812
"433",73,"ocean_temp",12.2778506279054,"Chthamalus.montagui_PA1_RUN1_GLM",2.22044604925031e-16
"434",73,"ocean_temp",12.2778506279054,"Chthamalus.montagui_PA1_RUN1_GAM",0.99938221386463
"435",73,"ocean_temp",12.2778506279054,"Chthamalus.montagui_PA1_allRun_MAXENT",0
"436",73,"ocean_temp",12.2778506279054,"Chthamalus.montagui_allData_allRun_GLM",2.22044604925031e-16
"437",73,"ocean_temp",12.2778506279054,"Chthamalus.montagui_PA1_RUN1_RF",0.4
"438",73,"ocean_temp",12.2778506279054,"Chthamalus.montagui_allData_allRun_GAM",0.903573181173713
"439",74,"ocean_temp",12.3098926755797,"Chthamalus.montagui_PA1_RUN1_GLM",2.22044604925031e-16
"440",74,"ocean_temp",12.3098926755797,"Chthamalus.montagui_PA1_RUN1_GAM",0.999414818145839
"441",74,"ocean_temp",12.3098926755797,"Chthamalus.montagui_allData_allRun_GLM",2.22044604925031e-16
"442",74,"ocean_temp",12.3098926755797,"Chthamalus.montagui_PA1_allRun_MAXENT",0
"443",74,"ocean_temp",12.3098926755797,"Chthamalus.montagui_allData_allRun_GAM",0.907729375960153
"444",74,"ocean_temp",12.3098926755797,"Chthamalus.montagui_PA1_RUN1_RF",0.4
"445",75,"ocean_temp",12.341934723254,"Chthamalus.montagui_PA1_RUN1_GLM",2.22044604925031e-16
"446",75,"ocean_temp",12.341934723254,"Chthamalus.montagui_allData_allRun_GLM",2.22044604925031e-16
"447",75,"ocean_temp",12.341934723254,"Chthamalus.montagui_PA1_RUN1_GAM",0.999445702657877
"448",75,"ocean_temp",12.341934723254,"Chthamalus.montagui_allData_allRun_GAM",0.911723931611003
"449",75,"ocean_temp",12.341934723254,"Chthamalus.montagui_PA1_allRun_MAXENT",0
"450",75,"ocean_temp",12.341934723254,"Chthamalus.montagui_PA1_RUN1_RF",0.4
"451",76,"ocean_temp",12.3739767709283,"Chthamalus.montagui_PA1_RUN1_GLM",2.22044604925031e-16
"452",76,"ocean_temp",12.3739767709283,"Chthamalus.montagui_PA1_RUN1_GAM",0.999474958014858
"453",76,"ocean_temp",12.3739767709283,"Chthamalus.montagui_PA1_allRun_MAXENT",0
"454",76,"ocean_temp",12.3739767709283,"Chthamalus.montagui_allData_allRun_GLM",2.22044604925031e-16
"455",76,"ocean_temp",12.3739767709283,"Chthamalus.montagui_PA1_RUN1_RF",0.464
"456",76,"ocean_temp",12.3739767709283,"Chthamalus.montagui_allData_allRun_GAM",0.915561642333089
"457",77,"ocean_temp",12.4060188186025,"Chthamalus.montagui_PA1_RUN1_GLM",2.22044604925031e-16
"458",77,"ocean_temp",12.4060188186025,"Chthamalus.montagui_PA1_RUN1_GAM",0.999502670066543
"459",77,"ocean_temp",12.4060188186025,"Chthamalus.montagui_PA1_allRun_MAXENT",0
"460",77,"ocean_temp",12.4060188186025,"Chthamalus.montagui_PA1_RUN1_RF",0.462
"461",77,"ocean_temp",12.4060188186025,"Chthamalus.montagui_allData_allRun_GLM",2.22044604925031e-16
"462",77,"ocean_temp",12.4060188186025,"Chthamalus.montagui_allData_allRun_GAM",0.919247289858034
"463",78,"ocean_temp",12.4380608662768,"Chthamalus.montagui_allData_allRun_GLM",2.22044604925031e-16
"464",78,"ocean_temp",12.4380608662768,"Chthamalus.montagui_PA1_RUN1_GLM",2.22044604925031e-16
"465",78,"ocean_temp",12.4380608662768,"Chthamalus.montagui_allData_allRun_GAM",0.922785630110866
"466",78,"ocean_temp",12.4380608662768,"Chthamalus.montagui_PA1_RUN1_GAM",0.999528920147813
"467",78,"ocean_temp",12.4380608662768,"Chthamalus.montagui_PA1_allRun_MAXENT",0
"468",78,"ocean_temp",12.4380608662768,"Chthamalus.montagui_PA1_RUN1_RF",0.462
"469",79,"ocean_temp",12.4701029139511,"Chthamalus.montagui_PA1_RUN1_GLM",2.22044604925031e-16
"470",79,"ocean_temp",12.4701029139511,"Chthamalus.montagui_PA1_RUN1_GAM",0.999553785315175
"471",79,"ocean_temp",12.4701029139511,"Chthamalus.montagui_PA1_allRun_MAXENT",0
"472",79,"ocean_temp",12.4701029139511,"Chthamalus.montagui_allData_allRun_GLM",2.22044604925031e-16
"473",79,"ocean_temp",12.4701029139511,"Chthamalus.montagui_PA1_RUN1_RF",0.502
"474",79,"ocean_temp",12.4701029139511,"Chthamalus.montagui_allData_allRun_GAM",0.926181381143674
"475",80,"ocean_temp",12.5021449616253,"Chthamalus.montagui_allData_allRun_GLM",2.22044604925031e-16
"476",80,"ocean_temp",12.5021449616253,"Chthamalus.montagui_PA1_RUN1_GLM",2.22044604925031e-16
"477",80,"ocean_temp",12.5021449616253,"Chthamalus.montagui_PA1_allRun_MAXENT",0
"478",80,"ocean_temp",12.5021449616253,"Chthamalus.montagui_allData_allRun_GAM",0.929439212281434
"479",80,"ocean_temp",12.5021449616253,"Chthamalus.montagui_PA1_RUN1_RF",0.502
"480",80,"ocean_temp",12.5021449616253,"Chthamalus.montagui_PA1_RUN1_GAM",0.999577338570978
"481",81,"ocean_temp",12.5341870092996,"Chthamalus.montagui_allData_allRun_GLM",2.22044604925031e-16
"482",81,"ocean_temp",12.5341870092996,"Chthamalus.montagui_PA1_allRun_MAXENT",0
"483",81,"ocean_temp",12.5341870092996,"Chthamalus.montagui_allData_allRun_GAM",0.932563734423034
"484",81,"ocean_temp",12.5341870092996,"Chthamalus.montagui_PA1_RUN1_RF",0.502
"485",81,"ocean_temp",12.5341870092996,"Chthamalus.montagui_PA1_RUN1_GAM",0.999599649075966
"486",81,"ocean_temp",12.5341870092996,"Chthamalus.montagui_PA1_RUN1_GLM",2.22044604925031e-16
"487",82,"ocean_temp",12.5662290569739,"Chthamalus.montagui_PA1_RUN1_GAM",0.999620782350766
"488",82,"ocean_temp",12.5662290569739,"Chthamalus.montagui_allData_allRun_GLM",2.22044604925031e-16
"489",82,"ocean_temp",12.5662290569739,"Chthamalus.montagui_PA1_allRun_MAXENT",0
"490",82,"ocean_temp",12.5662290569739,"Chthamalus.montagui_PA1_RUN1_GLM",2.22044604925031e-16
"491",82,"ocean_temp",12.5662290569739,"Chthamalus.montagui_PA1_RUN1_RF",0.502
"492",82,"ocean_temp",12.5662290569739,"Chthamalus.montagui_allData_allRun_GAM",0.935559491438288
"493",83,"ocean_temp",12.5982711046482,"Chthamalus.montagui_allData_allRun_GLM",2.22044604925031e-16
"494",83,"ocean_temp",12.5982711046482,"Chthamalus.montagui_PA1_RUN1_GAM",0.999640800466866
"495",83,"ocean_temp",12.5982711046482,"Chthamalus.montagui_PA1_RUN1_GLM",2.22044604925031e-16
"496",83,"ocean_temp",12.5982711046482,"Chthamalus.montagui_PA1_RUN1_RF",0.488
"497",83,"ocean_temp",12.5982711046482,"Chthamalus.montagui_allData_allRun_GAM",0.938430952600026
"498",83,"ocean_temp",12.5982711046482,"Chthamalus.montagui_PA1_allRun_MAXENT",0
"499",84,"ocean_temp",12.6303131523224,"Chthamalus.montagui_PA1_RUN1_GLM",2.22044604925031e-16
"500",84,"ocean_temp",12.6303131523224,"Chthamalus.montagui_PA1_RUN1_RF",0.582
"501",84,"ocean_temp",12.6303131523224,"Chthamalus.montagui_PA1_allRun_MAXENT",0
"502",84,"ocean_temp",12.6303131523224,"Chthamalus.montagui_allData_allRun_GLM",2.22044604925031e-16
"503",84,"ocean_temp",12.6303131523224,"Chthamalus.montagui_PA1_RUN1_GAM",0.999659762227654
"504",84,"ocean_temp",12.6303131523224,"Chthamalus.montagui_allData_allRun_GAM",0.941182505989251
"505",85,"ocean_temp",12.6623551999967,"Chthamalus.montagui_PA1_RUN1_GLM",2.22044604925031e-16
"506",85,"ocean_temp",12.6623551999967,"Chthamalus.montagui_PA1_allRun_MAXENT",0
"507",85,"ocean_temp",12.6623551999967,"Chthamalus.montagui_PA1_RUN1_GAM",0.99967772333999
"508",85,"ocean_temp",12.6623551999967,"Chthamalus.montagui_allData_allRun_GAM",0.943818452811619
"509",85,"ocean_temp",12.6623551999967,"Chthamalus.montagui_PA1_RUN1_RF",0.554
"510",85,"ocean_temp",12.6623551999967,"Chthamalus.montagui_allData_allRun_GLM",2.22044604925031e-16
"511",86,"ocean_temp",12.694397247671,"Chthamalus.montagui_PA1_RUN1_GAM",0.999694736576838
"512",86,"ocean_temp",12.694397247671,"Chthamalus.montagui_PA1_RUN1_RF",0.512
"513",86,"ocean_temp",12.694397247671,"Chthamalus.montagui_PA1_RUN1_GLM",2.22044604925031e-16
"514",86,"ocean_temp",12.694397247671,"Chthamalus.montagui_allData_allRun_GAM",0.946343002563484
"515",86,"ocean_temp",12.694397247671,"Chthamalus.montagui_PA1_allRun_MAXENT",0
"516",86,"ocean_temp",12.694397247671,"Chthamalus.montagui_allData_allRun_GLM",2.22044604925031e-16
"517",87,"ocean_temp",12.7264392953453,"Chthamalus.montagui_PA1_RUN1_GLM",2.22044604925031e-16
"518",87,"ocean_temp",12.7264392953453,"Chthamalus.montagui_PA1_allRun_MAXENT",0
"519",87,"ocean_temp",12.7264392953453,"Chthamalus.montagui_allData_allRun_GLM",2.22044604925031e-16
"520",87,"ocean_temp",12.7264392953453,"Chthamalus.montagui_PA1_RUN1_RF",0.514
"521",87,"ocean_temp",12.7264392953453,"Chthamalus.montagui_PA1_RUN1_GAM",0.999710851931392
"522",87,"ocean_temp",12.7264392953453,"Chthamalus.montagui_allData_allRun_GAM",0.948760268987141
"523",88,"ocean_temp",12.7584813430195,"Chthamalus.montagui_PA1_RUN1_GAM",0.999726116763143
"524",88,"ocean_temp",12.7584813430195,"Chthamalus.montagui_PA1_RUN1_GLM",2.22044604925031e-16
"525",88,"ocean_temp",12.7584813430195,"Chthamalus.montagui_allData_allRun_GAM",0.951074266755949
"526",88,"ocean_temp",12.7584813430195,"Chthamalus.montagui_PA1_RUN1_RF",0.514
"527",88,"ocean_temp",12.7584813430195,"Chthamalus.montagui_PA1_allRun_MAXENT",0
"528",88,"ocean_temp",12.7584813430195,"Chthamalus.montagui_allData_allRun_GLM",2.22044604925031e-16
"529",89,"ocean_temp",12.7905233906938,"Chthamalus.montagui_PA1_RUN1_GLM",2.22044604925031e-16
"530",89,"ocean_temp",12.7905233906938,"Chthamalus.montagui_PA1_RUN1_GAM",0.999740575936319
"531",89,"ocean_temp",12.7905233906938,"Chthamalus.montagui_PA1_allRun_MAXENT",0
"532",89,"ocean_temp",12.7905233906938,"Chthamalus.montagui_allData_allRun_GLM",2.22044604925031e-16
"533",89,"ocean_temp",12.7905233906938,"Chthamalus.montagui_PA1_RUN1_RF",0.552
"534",89,"ocean_temp",12.7905233906938,"Chthamalus.montagui_allData_allRun_GAM",0.953288908831961
"535",90,"ocean_temp",12.8225654383681,"Chthamalus.montagui_PA1_RUN1_GLM",2.22044604925031e-16
"536",90,"ocean_temp",12.8225654383681,"Chthamalus.montagui_PA1_allRun_MAXENT",0
"537",90,"ocean_temp",12.8225654383681,"Chthamalus.montagui_PA1_RUN1_RF",0.56
"538",90,"ocean_temp",12.8225654383681,"Chthamalus.montagui_PA1_RUN1_GAM",0.999754271951065
"539",90,"ocean_temp",12.8225654383681,"Chthamalus.montagui_allData_allRun_GAM",0.955408004440708
"540",90,"ocean_temp",12.8225654383681,"Chthamalus.montagui_allData_allRun_GLM",2.22044604925031e-16
"541",91,"ocean_temp",12.8546074860423,"Chthamalus.montagui_PA1_RUN1_GAM",0.999767245067767
"542",91,"ocean_temp",12.8546074860423,"Chthamalus.montagui_allData_allRun_GAM",0.957435257609861
"543",91,"ocean_temp",12.8546074860423,"Chthamalus.montagui_PA1_RUN1_RF",0.568
"544",91,"ocean_temp",12.8546074860423,"Chthamalus.montagui_PA1_RUN1_GLM",2.22044604925031e-16
"545",91,"ocean_temp",12.8546074860423,"Chthamalus.montagui_PA1_allRun_MAXENT",0
"546",91,"ocean_temp",12.8546074860423,"Chthamalus.montagui_allData_allRun_GLM",2.22044604925031e-16
"547",92,"ocean_temp",12.8866495337166,"Chthamalus.montagui_PA1_RUN1_GLM",2.22044604925031e-16
"548",92,"ocean_temp",12.8866495337166,"Chthamalus.montagui_allData_allRun_GLM",2.22044604925031e-16
"549",92,"ocean_temp",12.8866495337166,"Chthamalus.montagui_PA1_allRun_MAXENT",0
"550",92,"ocean_temp",12.8866495337166,"Chthamalus.montagui_PA1_RUN1_RF",0.568
"551",92,"ocean_temp",12.8866495337166,"Chthamalus.montagui_PA1_RUN1_GAM",0.999779533424858
"552",92,"ocean_temp",12.8866495337166,"Chthamalus.montagui_allData_allRun_GAM",0.959374266221168
"553",93,"ocean_temp",12.9186915813909,"Chthamalus.montagui_PA1_RUN1_GLM",2.22044604925031e-16
"554",93,"ocean_temp",12.9186915813909,"Chthamalus.montagui_PA1_RUN1_GAM",0.999791173150458
"555",93,"ocean_temp",12.9186915813909,"Chthamalus.montagui_PA1_allRun_MAXENT",0
"556",93,"ocean_temp",12.9186915813909,"Chthamalus.montagui_allData_allRun_GAM",0.961228521527346
"557",93,"ocean_temp",12.9186915813909,"Chthamalus.montagui_PA1_RUN1_RF",0.568
"558",93,"ocean_temp",12.9186915813909,"Chthamalus.montagui_allData_allRun_GLM",2.22044604925031e-16
"559",94,"ocean_temp",12.9507336290652,"Chthamalus.montagui_PA1_RUN1_GAM",0.999802198468149
"560",94,"ocean_temp",12.9507336290652,"Chthamalus.montagui_PA1_RUN1_GLM",2.22044604925031e-16
"561",94,"ocean_temp",12.9507336290652,"Chthamalus.montagui_PA1_RUN1_RF",0.568
"562",94,"ocean_temp",12.9507336290652,"Chthamalus.montagui_PA1_allRun_MAXENT",0
"563",94,"ocean_temp",12.9507336290652,"Chthamalus.montagui_allData_allRun_GLM",2.22044604925031e-16
"564",94,"ocean_temp",12.9507336290652,"Chthamalus.montagui_allData_allRun_GAM",0.963001408088352
"565",95,"ocean_temp",12.9827756767394,"Chthamalus.montagui_PA1_RUN1_GLM",2.22044604925031e-16
"566",95,"ocean_temp",12.9827756767394,"Chthamalus.montagui_PA1_allRun_MAXENT",0
"567",95,"ocean_temp",12.9827756767394,"Chthamalus.montagui_PA1_RUN1_RF",0.568
"568",95,"ocean_temp",12.9827756767394,"Chthamalus.montagui_PA1_RUN1_GAM",0.999812641797217
"569",95,"ocean_temp",12.9827756767394,"Chthamalus.montagui_allData_allRun_GLM",2.22044604925031e-16
"570",95,"ocean_temp",12.9827756767394,"Chthamalus.montagui_allData_allRun_GAM",0.964696204084107
"571",96,"ocean_temp",13.0148177244137,"Chthamalus.montagui_PA1_RUN1_GAM",0.999822533847626
"572",96,"ocean_temp",13.0148177244137,"Chthamalus.montagui_allData_allRun_GAM",0.966316081963234
"573",96,"ocean_temp",13.0148177244137,"Chthamalus.montagui_PA1_RUN1_RF",0.522
"574",96,"ocean_temp",13.0148177244137,"Chthamalus.montagui_PA1_RUN1_GLM",2.22044604925031e-16
"575",96,"ocean_temp",13.0148177244137,"Chthamalus.montagui_allData_allRun_GLM",2.22044604925031e-16
"576",96,"ocean_temp",13.0148177244137,"Chthamalus.montagui_PA1_allRun_MAXENT",0
"577",97,"ocean_temp",13.046859772088,"Chthamalus.montagui_PA1_RUN1_GLM",2.22044604925031e-16
"578",97,"ocean_temp",13.046859772088,"Chthamalus.montagui_PA1_allRun_MAXENT",0
"579",97,"ocean_temp",13.046859772088,"Chthamalus.montagui_PA1_RUN1_GAM",0.999831903710012
"580",97,"ocean_temp",13.046859772088,"Chthamalus.montagui_PA1_RUN1_RF",0.522
"581",97,"ocean_temp",13.046859772088,"Chthamalus.montagui_allData_allRun_GLM",2.22044604925031e-16
"582",97,"ocean_temp",13.046859772088,"Chthamalus.montagui_allData_allRun_GAM",0.967864109390213
"583",98,"ocean_temp",13.0789018197623,"Chthamalus.montagui_PA1_RUN1_GLM",2.22044604925031e-16
"584",98,"ocean_temp",13.0789018197623,"Chthamalus.montagui_PA1_RUN1_GAM",0.99984077894095
"585",98,"ocean_temp",13.0789018197623,"Chthamalus.montagui_PA1_RUN1_RF",0.522
"586",98,"ocean_temp",13.0789018197623,"Chthamalus.montagui_PA1_allRun_MAXENT",0
"587",98,"ocean_temp",13.0789018197623,"Chthamalus.montagui_allData_allRun_GAM",0.9693432504557
"588",98,"ocean_temp",13.0789018197623,"Chthamalus.montagui_allData_allRun_GLM",2.22044604925031e-16
"589",99,"ocean_temp",13.1109438674365,"Chthamalus.montagui_PA1_RUN1_GLM",2.22044604925031e-16
"590",99,"ocean_temp",13.1109438674365,"Chthamalus.montagui_allData_allRun_GLM",2.22044604925031e-16
"591",99,"ocean_temp",13.1109438674365,"Chthamalus.montagui_allData_allRun_GAM",0.970756367117484
"592",99,"ocean_temp",13.1109438674365,"Chthamalus.montagui_PA1_allRun_MAXENT",0
"593",99,"ocean_temp",13.1109438674365,"Chthamalus.montagui_PA1_RUN1_GAM",0.999849185643744
"594",99,"ocean_temp",13.1109438674365,"Chthamalus.montagui_PA1_RUN1_RF",0.522
"595",100,"ocean_temp",13.1429859151108,"Chthamalus.montagui_PA1_RUN1_GLM",2.22044604925031e-16
"596",100,"ocean_temp",13.1429859151108,"Chthamalus.montagui_allData_allRun_GAM",0.97210622084179
"597",100,"ocean_temp",13.1429859151108,"Chthamalus.montagui_PA1_allRun_MAXENT",0
"598",100,"ocean_temp",13.1429859151108,"Chthamalus.montagui_PA1_RUN1_GAM",0.999857148544978
"599",100,"ocean_temp",13.1429859151108,"Chthamalus.montagui_PA1_RUN1_RF",0.522
"600",100,"ocean_temp",13.1429859151108,"Chthamalus.montagui_allData_allRun_GLM",2.22044604925031e-16
"601",1,"ph",8.03396335388411,"Chthamalus.montagui_PA1_RUN1_GAM",0.97018816392076
"602",1,"ph",8.03396335388411,"Chthamalus.montagui_PA1_allRun_MAXENT",0
"603",1,"ph",8.03396335388411,"Chthamalus.montagui_allData_allRun_GLM",2.22044604925031e-16
"604",1,"ph",8.03396335388411,"Chthamalus.montagui_PA1_RUN1_RF",0.174
"605",1,"ph",8.03396335388411,"Chthamalus.montagui_PA1_RUN1_GLM",2.22044604925031e-16
"606",1,"ph",8.03396335388411,"Chthamalus.montagui_allData_allRun_GAM",0.220103444122552
"607",2,"ph",8.03464340135912,"Chthamalus.montagui_PA1_allRun_MAXENT",0
"608",2,"ph",8.03464340135912,"Chthamalus.montagui_allData_allRun_GLM",2.22044604925031e-16
"609",2,"ph",8.03464340135912,"Chthamalus.montagui_PA1_RUN1_RF",0.174
"610",2,"ph",8.03464340135912,"Chthamalus.montagui_PA1_RUN1_GLM",2.22044604925031e-16
"611",2,"ph",8.03464340135912,"Chthamalus.montagui_PA1_RUN1_GAM",0.965559009430248
"612",2,"ph",8.03464340135912,"Chthamalus.montagui_allData_allRun_GAM",0.207869258143458
"613",3,"ph",8.03532344883413,"Chthamalus.montagui_PA1_RUN1_GAM",0.960240501835873
"614",3,"ph",8.03532344883413,"Chthamalus.montagui_PA1_RUN1_GLM",2.22044604925031e-16
"615",3,"ph",8.03532344883413,"Chthamalus.montagui_PA1_RUN1_RF",0.156
"616",3,"ph",8.03532344883413,"Chthamalus.montagui_PA1_allRun_MAXENT",0
"617",3,"ph",8.03532344883413,"Chthamalus.montagui_allData_allRun_GLM",2.22044604925031e-16
"618",3,"ph",8.03532344883413,"Chthamalus.montagui_allData_allRun_GAM",0.196144068972941
"619",4,"ph",8.03600349630913,"Chthamalus.montagui_PA1_RUN1_GLM",2.22044604925031e-16
"620",4,"ph",8.03600349630913,"Chthamalus.montagui_PA1_RUN1_GAM",0.954139698998065
"621",4,"ph",8.03600349630913,"Chthamalus.montagui_PA1_allRun_MAXENT",0
"622",4,"ph",8.03600349630913,"Chthamalus.montagui_allData_allRun_GLM",2.22044604925031e-16
"623",4,"ph",8.03600349630913,"Chthamalus.montagui_PA1_RUN1_RF",0.156
"624",4,"ph",8.03600349630913,"Chthamalus.montagui_allData_allRun_GAM",0.184925856314693
"625",5,"ph",8.03668354378414,"Chthamalus.montagui_PA1_RUN1_RF",0.156
"626",5,"ph",8.03668354378414,"Chthamalus.montagui_PA1_RUN1_GAM",0.9471542912444
"627",5,"ph",8.03668354378414,"Chthamalus.montagui_allData_allRun_GAM",0.174210206290066
"628",5,"ph",8.03668354378414,"Chthamalus.montagui_PA1_allRun_MAXENT",0
"629",5,"ph",8.03668354378414,"Chthamalus.montagui_PA1_RUN1_GLM",2.22044604925031e-16
"630",5,"ph",8.03668354378414,"Chthamalus.montagui_allData_allRun_GLM",2.22044604925031e-16
"631",6,"ph",8.03736359125915,"Chthamalus.montagui_PA1_RUN1_GLM",2.22044604925031e-16
"632",6,"ph",8.03736359125915,"Chthamalus.montagui_PA1_RUN1_GAM",0.939172703027113
"633",6,"ph",8.03736359125915,"Chthamalus.montagui_allData_allRun_GLM",2.22044604925031e-16
"634",6,"ph",8.03736359125915,"Chthamalus.montagui_PA1_allRun_MAXENT",0
"635",6,"ph",8.03736359125915,"Chthamalus.montagui_PA1_RUN1_RF",0.156
"636",6,"ph",8.03736359125915,"Chthamalus.montagui_allData_allRun_GAM",0.163990553250962
"637",7,"ph",8.03804363873415,"Chthamalus.montagui_PA1_RUN1_GLM",2.22044604925031e-16
"638",7,"ph",8.03804363873415,"Chthamalus.montagui_PA1_RUN1_GAM",0.930074608687407
"639",7,"ph",8.03804363873415,"Chthamalus.montagui_PA1_RUN1_RF",0.156
"640",7,"ph",8.03804363873415,"Chthamalus.montagui_PA1_allRun_MAXENT",0
"641",7,"ph",8.03804363873415,"Chthamalus.montagui_allData_allRun_GAM",0.154258423653095
"642",7,"ph",8.03804363873415,"Chthamalus.montagui_allData_allRun_GLM",2.22044604925031e-16
"643",8,"ph",8.03872368620916,"Chthamalus.montagui_PA1_RUN1_GAM",0.919731994376352
"644",8,"ph",8.03872368620916,"Chthamalus.montagui_PA1_allRun_MAXENT",0
"645",8,"ph",8.03872368620916,"Chthamalus.montagui_PA1_RUN1_GLM",2.22044604925031e-16
"646",8,"ph",8.03872368620916,"Chthamalus.montagui_PA1_RUN1_RF",0.156
"647",8,"ph",8.03872368620916,"Chthamalus.montagui_allData_allRun_GLM",2.22044604925031e-16
"648",8,"ph",8.03872368620916,"Chthamalus.montagui_allData_allRun_GAM",0.145003677577527
"649",9,"ph",8.03940373368417,"Chthamalus.montagui_PA1_RUN1_GLM",2.22044604925031e-16
"650",9,"ph",8.03940373368417,"Chthamalus.montagui_allData_allRun_GLM",2.22044604925031e-16
"651",9,"ph",8.03940373368417,"Chthamalus.montagui_PA1_allRun_MAXENT",0
"652",9,"ph",8.03940373368417,"Chthamalus.montagui_PA1_RUN1_RF",0.156
"653",9,"ph",8.03940373368417,"Chthamalus.montagui_PA1_RUN1_GAM",0.908010913287015
"654",9,"ph",8.03940373368417,"Chthamalus.montagui_allData_allRun_GAM",0.136214744141564
"655",10,"ph",8.04008378115917,"Chthamalus.montagui_PA1_RUN1_GAM",0.894774088029412
"656",10,"ph",8.04008378115917,"Chthamalus.montagui_PA1_RUN1_RF",0.156
"657",10,"ph",8.04008378115917,"Chthamalus.montagui_allData_allRun_GAM",0.127878847701789
"658",10,"ph",8.04008378115917,"Chthamalus.montagui_PA1_allRun_MAXENT",0
"659",10,"ph",8.04008378115917,"Chthamalus.montagui_PA1_RUN1_GLM",2.22044604925031e-16
"660",10,"ph",8.04008378115917,"Chthamalus.montagui_allData_allRun_GLM",2.22044604925031e-16
"661",11,"ph",8.04076382863418,"Chthamalus.montagui_PA1_RUN1_GAM",0.879884506280057
"662",11,"ph",8.04076382863418,"Chthamalus.montagui_PA1_RUN1_GLM",2.22044604925031e-16
"663",11,"ph",8.04076382863418,"Chthamalus.montagui_allData_allRun_GLM",2.22044604925031e-16
"664",11,"ph",8.04076382863418,"Chthamalus.montagui_PA1_allRun_MAXENT",0
"665",11,"ph",8.04076382863418,"Chthamalus.montagui_PA1_RUN1_RF",0.156
"666",11,"ph",8.04076382863418,"Chthamalus.montagui_allData_allRun_GAM",0.119982222391395
"667",12,"ph",8.04144387610919,"Chthamalus.montagui_PA1_RUN1_GLM",2.22044604925031e-16
"668",12,"ph",8.04144387610919,"Chthamalus.montagui_PA1_allRun_MAXENT",0
"669",12,"ph",8.04144387610919,"Chthamalus.montagui_PA1_RUN1_GAM",0.863210126569308
"670",12,"ph",8.04144387610919,"Chthamalus.montagui_PA1_RUN1_RF",0.156
"671",12,"ph",8.04144387610919,"Chthamalus.montagui_allData_allRun_GLM",2.22044604925031e-16
"672",12,"ph",8.04144387610919,"Chthamalus.montagui_allData_allRun_GAM",0.112510313139625
"673",13,"ph",8.04212392358419,"Chthamalus.montagui_PA1_RUN1_GAM",0.84462975250355
"674",13,"ph",8.04212392358419,"Chthamalus.montagui_PA1_RUN1_RF",0.21
"675",13,"ph",8.04212392358419,"Chthamalus.montagui_PA1_allRun_MAXENT",0
"676",13,"ph",8.04212392358419,"Chthamalus.montagui_PA1_RUN1_GLM",2.22044604925031e-16
"677",13,"ph",8.04212392358419,"Chthamalus.montagui_allData_allRun_GAM",0.105447961873798
"678",13,"ph",8.04212392358419,"Chthamalus.montagui_allData_allRun_GLM",2.22044604925031e-16
"679",14,"ph",8.0428039710592,"Chthamalus.montagui_PA1_RUN1_GLM",2.22044604925031e-16
"680",14,"ph",8.0428039710592,"Chthamalus.montagui_allData_allRun_GLM",2.22044604925031e-16
"681",14,"ph",8.0428039710592,"Chthamalus.montagui_PA1_allRun_MAXENT",0
"682",14,"ph",8.0428039710592,"Chthamalus.montagui_PA1_RUN1_GAM",0.824040039107158
"683",14,"ph",8.0428039710592,"Chthamalus.montagui_PA1_RUN1_RF",0.21
"684",14,"ph",8.0428039710592,"Chthamalus.montagui_allData_allRun_GAM",0.0987795781001344
"685",15,"ph",8.04348401853421,"Chthamalus.montagui_PA1_RUN1_GAM",0.801363460856151
"686",15,"ph",8.04348401853421,"Chthamalus.montagui_PA1_RUN1_RF",0.208
"687",15,"ph",8.04348401853421,"Chthamalus.montagui_PA1_RUN1_GLM",2.22044604925031e-16
"688",15,"ph",8.04348401853421,"Chthamalus.montagui_allData_allRun_GAM",0.0924892934900785
"689",15,"ph",8.04348401853421,"Chthamalus.montagui_PA1_allRun_MAXENT",0
"690",15,"ph",8.04348401853421,"Chthamalus.montagui_allData_allRun_GLM",2.22044604925031e-16
"691",16,"ph",8.04416406600922,"Chthamalus.montagui_PA1_RUN1_GAM",0.776556900328159
"692",16,"ph",8.04416406600922,"Chthamalus.montagui_PA1_allRun_MAXENT",0
"693",16,"ph",8.04416406600922,"Chthamalus.montagui_PA1_RUN1_GLM",2.22044604925031e-16
"694",16,"ph",8.04416406600922,"Chthamalus.montagui_allData_allRun_GLM",2.22044604925031e-16
"695",16,"ph",8.04416406600922,"Chthamalus.montagui_PA1_RUN1_RF",0.208
"696",16,"ph",8.04416406600922,"Chthamalus.montagui_allData_allRun_GAM",0.0865611004648668
"697",17,"ph",8.04484411348422,"Chthamalus.montagui_PA1_RUN1_GLM",2.22044604925031e-16
"698",17,"ph",8.04484411348422,"Chthamalus.montagui_allData_allRun_GLM",2.22044604925031e-16
"699",17,"ph",8.04484411348422,"Chthamalus.montagui_PA1_RUN1_GAM",0.749620321936768
"700",17,"ph",8.04484411348422,"Chthamalus.montagui_PA1_RUN1_RF",0.222
"701",17,"ph",8.04484411348422,"Chthamalus.montagui_PA1_allRun_MAXENT",0
"702",17,"ph",8.04484411348422,"Chthamalus.montagui_allData_allRun_GAM",0.0809789750738815
"703",18,"ph",8.04552416095923,"Chthamalus.montagui_PA1_RUN1_RF",0.222
"704",18,"ph",8.04552416095923,"Chthamalus.montagui_PA1_RUN1_GLM",2.22044604925031e-16
"705",18,"ph",8.04552416095923,"Chthamalus.montagui_PA1_allRun_MAXENT",0
"706",18,"ph",8.04552416095923,"Chthamalus.montagui_allData_allRun_GAM",0.0757269847034864
"707",18,"ph",8.04552416095923,"Chthamalus.montagui_allData_allRun_GLM",2.22044604925031e-16
"708",18,"ph",8.04552416095923,"Chthamalus.montagui_PA1_RUN1_GAM",0.720604801927114
"709",19,"ph",8.04620420843424,"Chthamalus.montagui_PA1_RUN1_GLM",2.22044604925031e-16
"710",19,"ph",8.04620420843424,"Chthamalus.montagui_PA1_allRun_MAXENT",0
"711",19,"ph",8.04620420843424,"Chthamalus.montagui_allData_allRun_GAM",0.0707893813402426
"712",19,"ph",8.04620420843424,"Chthamalus.montagui_PA1_RUN1_RF",0.222
"713",19,"ph",8.04620420843424,"Chthamalus.montagui_PA1_RUN1_GAM",0.689619031031693
"714",19,"ph",8.04620420843424,"Chthamalus.montagui_allData_allRun_GLM",2.22044604925031e-16
"715",20,"ph",8.04688425590924,"Chthamalus.montagui_allData_allRun_GAM",0.0661506812479072
"716",20,"ph",8.04688425590924,"Chthamalus.montagui_allData_allRun_GLM",2.22044604925031e-16
"717",20,"ph",8.04688425590924,"Chthamalus.montagui_PA1_allRun_MAXENT",0
"718",20,"ph",8.04688425590924,"Chthamalus.montagui_PA1_RUN1_GLM",2.22044604925031e-16
"719",20,"ph",8.04688425590924,"Chthamalus.montagui_PA1_RUN1_RF",0.222
"720",20,"ph",8.04688425590924,"Chthamalus.montagui_PA1_RUN1_GAM",0.656833335580754
"721",21,"ph",8.04756430338425,"Chthamalus.montagui_allData_allRun_GLM",2.22044604925031e-16
"722",21,"ph",8.04756430338425,"Chthamalus.montagui_PA1_allRun_MAXENT",0
"723",21,"ph",8.04756430338425,"Chthamalus.montagui_PA1_RUN1_GLM",2.22044604925031e-16
"724",21,"ph",8.04756430338425,"Chthamalus.montagui_PA1_RUN1_RF",0.222
"725",21,"ph",8.04756430338425,"Chthamalus.montagui_allData_allRun_GAM",0.0617957320113166
"726",21,"ph",8.04756430338425,"Chthamalus.montagui_PA1_RUN1_GAM",0.622480321320473
"727",22,"ph",8.04824435085926,"Chthamalus.montagui_PA1_RUN1_GLM",2.22044604925031e-16
"728",22,"ph",8.04824435085926,"Chthamalus.montagui_PA1_allRun_MAXENT",0
"729",22,"ph",8.04824435085926,"Chthamalus.montagui_PA1_RUN1_GAM",0.586851462234184
"730",22,"ph",8.04824435085926,"Chthamalus.montagui_PA1_RUN1_RF",0.182
"731",22,"ph",8.04824435085926,"Chthamalus.montagui_allData_allRun_GLM",2.22044604925031e-16
"732",22,"ph",8.04824435085926,"Chthamalus.montagui_allData_allRun_GAM",0.0577097679544838
"733",23,"ph",8.04892439833426,"Chthamalus.montagui_PA1_allRun_MAXENT",0
"734",23,"ph",8.04892439833426,"Chthamalus.montagui_PA1_RUN1_RF",0.162
"735",23,"ph",8.04892439833426,"Chthamalus.montagui_allData_allRun_GLM",2.22044604925031e-16
"736",23,"ph",8.04892439833426,"Chthamalus.montagui_PA1_RUN1_GLM",2.22044604925031e-16
"737",23,"ph",8.04892439833426,"Chthamalus.montagui_allData_allRun_GAM",0.0538784549648415
"738",23,"ph",8.04892439833426,"Chthamalus.montagui_PA1_RUN1_GAM",0.550289335779346
"739",24,"ph",8.04960444580927,"Chthamalus.montagui_PA1_RUN1_GLM",2.22044604925031e-16
"740",24,"ph",8.04960444580927,"Chthamalus.montagui_PA1_RUN1_GAM",0.513175708120282
"741",24,"ph",8.04960444580927,"Chthamalus.montagui_PA1_allRun_MAXENT",0
"742",24,"ph",8.04960444580927,"Chthamalus.montagui_PA1_RUN1_RF",0.136
"743",24,"ph",8.04960444580927,"Chthamalus.montagui_allData_allRun_GLM",2.22044604925031e-16
"744",24,"ph",8.04960444580927,"Chthamalus.montagui_allData_allRun_GAM",0.0502879257530287
"745",25,"ph",8.05028449328428,"Chthamalus.montagui_PA1_RUN1_GLM",2.22044604925031e-16
"746",25,"ph",8.05028449328428,"Chthamalus.montagui_PA1_allRun_MAXENT",0
"747",25,"ph",8.05028449328428,"Chthamalus.montagui_PA1_RUN1_GAM",0.475916220560311
"748",25,"ph",8.05028449328428,"Chthamalus.montagui_PA1_RUN1_RF",0.166
"749",25,"ph",8.05028449328428,"Chthamalus.montagui_allData_allRun_GLM",2.22044604925031e-16
"750",25,"ph",8.05028449328428,"Chthamalus.montagui_allData_allRun_GAM",0.0469248065558696
"751",26,"ph",8.05096454075928,"Chthamalus.montagui_PA1_allRun_MAXENT",0
"752",26,"ph",8.05096454075928,"Chthamalus.montagui_PA1_RUN1_RF",0.184
"753",26,"ph",8.05096454075928,"Chthamalus.montagui_PA1_RUN1_GLM",2.22044604925031e-16
"754",26,"ph",8.05096454075928,"Chthamalus.montagui_allData_allRun_GLM",2.22044604925031e-16
"755",26,"ph",8.05096454075928,"Chthamalus.montagui_PA1_RUN1_GAM",0.438922917887935
"756",26,"ph",8.05096454075928,"Chthamalus.montagui_allData_allRun_GAM",0.0437762362519001
"757",27,"ph",8.05164458823429,"Chthamalus.montagui_PA1_allRun_MAXENT",0
"758",27,"ph",8.05164458823429,"Chthamalus.montagui_PA1_RUN1_GLM",2.22044604925031e-16
"759",27,"ph",8.05164458823429,"Chthamalus.montagui_PA1_RUN1_RF",0.166
"760",27,"ph",8.05164458823429,"Chthamalus.montagui_PA1_RUN1_GAM",0.40259618697777
"761",27,"ph",8.05164458823429,"Chthamalus.montagui_allData_allRun_GLM",2.22044604925031e-16
"762",27,"ph",8.05164458823429,"Chthamalus.montagui_allData_allRun_GAM",0.0408298788093313
"763",28,"ph",8.0523246357093,"Chthamalus.montagui_PA1_RUN1_GLM",2.22044604925031e-16
"764",28,"ph",8.0523246357093,"Chthamalus.montagui_PA1_allRun_MAXENT",0
"765",28,"ph",8.0523246357093,"Chthamalus.montagui_PA1_RUN1_GAM",0.367307765629961
"766",28,"ph",8.0523246357093,"Chthamalus.montagui_PA1_RUN1_RF",0.134
"767",28,"ph",8.0523246357093,"Chthamalus.montagui_allData_allRun_GLM",2.22044604925031e-16
"768",28,"ph",8.0523246357093,"Chthamalus.montagui_allData_allRun_GAM",0.0380739299290518
"769",29,"ph",8.05300468318431,"Chthamalus.montagui_PA1_RUN1_GLM",2.22044604925031e-16
"770",29,"ph",8.05300468318431,"Chthamalus.montagui_PA1_allRun_MAXENT",0
"771",29,"ph",8.05300468318431,"Chthamalus.montagui_PA1_RUN1_GAM",0.333386315978989
"772",29,"ph",8.05300468318431,"Chthamalus.montagui_PA1_RUN1_RF",0.146
"773",29,"ph",8.05300468318431,"Chthamalus.montagui_allData_allRun_GLM",2.22044604925031e-16
"774",29,"ph",8.05300468318431,"Chthamalus.montagui_allData_allRun_GAM",0.035497118682307
"775",30,"ph",8.05368473065931,"Chthamalus.montagui_PA1_allRun_MAXENT",0
"776",30,"ph",8.05368473065931,"Chthamalus.montagui_PA1_RUN1_RF",0.086
"777",30,"ph",8.05368473065931,"Chthamalus.montagui_PA1_RUN1_GAM",0.301106672203862
"778",30,"ph",8.05368473065931,"Chthamalus.montagui_allData_allRun_GLM",2.22044604925031e-16
"779",30,"ph",8.05368473065931,"Chthamalus.montagui_PA1_RUN1_GLM",2.22044604925031e-16
"780",30,"ph",8.05368473065931,"Chthamalus.montagui_allData_allRun_GAM",0.0330887048779298
"781",31,"ph",8.05436477813432,"Chthamalus.montagui_PA1_allRun_MAXENT",0
"782",31,"ph",8.05436477813432,"Chthamalus.montagui_PA1_RUN1_GLM",2.22044604925031e-16
"783",31,"ph",8.05436477813432,"Chthamalus.montagui_PA1_RUN1_RF",0.03
"784",31,"ph",8.05436477813432,"Chthamalus.montagui_PA1_RUN1_GAM",0.270683354412556
"785",31,"ph",8.05436477813432,"Chthamalus.montagui_allData_allRun_GAM",0.0308384728277018
"786",31,"ph",8.05436477813432,"Chthamalus.montagui_allData_allRun_GLM",2.22044604925031e-16
"787",32,"ph",8.05504482560933,"Chthamalus.montagui_PA1_RUN1_GLM",2.22044604925031e-16
"788",32,"ph",8.05504482560933,"Chthamalus.montagui_PA1_allRun_MAXENT",0
"789",32,"ph",8.05504482560933,"Chthamalus.montagui_PA1_RUN1_GAM",0.242268396304118
"790",32,"ph",8.05504482560933,"Chthamalus.montagui_PA1_RUN1_RF",0.01
"791",32,"ph",8.05504482560933,"Chthamalus.montagui_allData_allRun_GLM",2.22044604925031e-16
"792",32,"ph",8.05504482560933,"Chthamalus.montagui_allData_allRun_GAM",0.0287367221139919
"793",33,"ph",8.05572487308434,"Chthamalus.montagui_PA1_RUN1_GLM",2.22044604925031e-16
"794",33,"ph",8.05572487308434,"Chthamalus.montagui_PA1_allRun_MAXENT",0
"795",33,"ph",8.05572487308434,"Chthamalus.montagui_PA1_RUN1_GAM",0.215953061685284
"796",33,"ph",8.05572487308434,"Chthamalus.montagui_PA1_RUN1_RF",0.01
"797",33,"ph",8.05572487308434,"Chthamalus.montagui_allData_allRun_GLM",2.22044604925031e-16
"798",33,"ph",8.05572487308434,"Chthamalus.montagui_allData_allRun_GAM",0.026774255900467
"799",34,"ph",8.05640492055934,"Chthamalus.montagui_PA1_allRun_MAXENT",0
"800",34,"ph",8.05640492055934,"Chthamalus.montagui_PA1_RUN1_GLM",2.22044604925031e-16
"801",34,"ph",8.05640492055934,"Chthamalus.montagui_PA1_RUN1_RF",0.01
"802",34,"ph",8.05640492055934,"Chthamalus.montagui_PA1_RUN1_GAM",0.191772690943678
"803",34,"ph",8.05640492055934,"Chthamalus.montagui_allData_allRun_GLM",2.22044604925031e-16
"804",34,"ph",8.05640492055934,"Chthamalus.montagui_allData_allRun_GAM",0.0249423672672086
"805",35,"ph",8.05708496803435,"Chthamalus.montagui_PA1_allRun_MAXENT",0
"806",35,"ph",8.05708496803435,"Chthamalus.montagui_PA1_RUN1_RF",0.006
"807",35,"ph",8.05708496803435,"Chthamalus.montagui_PA1_RUN1_GLM",2.22044604925031e-16
"808",35,"ph",8.05708496803435,"Chthamalus.montagui_allData_allRun_GLM",2.22044604925031e-16
"809",35,"ph",8.05708496803435,"Chthamalus.montagui_PA1_RUN1_GAM",0.169713749002069
"810",35,"ph",8.05708496803435,"Chthamalus.montagui_allData_allRun_GAM",0.0232328239947512
"811",36,"ph",8.05776501550936,"Chthamalus.montagui_PA1_RUN1_GLM",2.22044604925031e-16
"812",36,"ph",8.05776501550936,"Chthamalus.montagui_PA1_allRun_MAXENT",0
"813",36,"ph",8.05776501550936,"Chthamalus.montagui_PA1_RUN1_GAM",0.149722129732377
"814",36,"ph",8.05776501550936,"Chthamalus.montagui_PA1_RUN1_RF",0.006
"815",36,"ph",8.05776501550936,"Chthamalus.montagui_allData_allRun_GLM",2.22044604925031e-16
"816",36,"ph",8.05776501550936,"Chthamalus.montagui_allData_allRun_GAM",0.0216378521693696
"817",37,"ph",8.05844506298436,"Chthamalus.montagui_PA1_RUN1_GLM",2.22044604925031e-16
"818",37,"ph",8.05844506298436,"Chthamalus.montagui_PA1_RUN1_GAM",0.131711871983068
"819",37,"ph",8.05844506298436,"Chthamalus.montagui_PA1_allRun_MAXENT",0
"820",37,"ph",8.05844506298436,"Chthamalus.montagui_PA1_RUN1_RF",0.002
"821",37,"ph",8.05844506298436,"Chthamalus.montagui_allData_allRun_GLM",2.22044604925031e-16
"822",37,"ph",8.05844506298436,"Chthamalus.montagui_allData_allRun_GAM",0.0201501189334076
"823",38,"ph",8.05912511045937,"Chthamalus.montagui_PA1_allRun_MAXENT",0
"824",38,"ph",8.05912511045937,"Chthamalus.montagui_PA1_RUN1_GLM",2.22044604925031e-16
"825",38,"ph",8.05912511045937,"Chthamalus.montagui_PA1_RUN1_RF",0.002
"826",38,"ph",8.05912511045937,"Chthamalus.montagui_PA1_RUN1_GAM",0.115573612923952
"827",38,"ph",8.05912511045937,"Chthamalus.montagui_allData_allRun_GLM",2.22044604925031e-16
"828",38,"ph",8.05912511045937,"Chthamalus.montagui_allData_allRun_GAM",0.0187627146601481
"829",39,"ph",8.05980515793438,"Chthamalus.montagui_PA1_allRun_MAXENT",0
"830",39,"ph",8.05980515793438,"Chthamalus.montagui_PA1_RUN1_RF",0.002
"831",39,"ph",8.05980515793438,"Chthamalus.montagui_allData_allRun_GLM",2.22044604925031e-16
"832",39,"ph",8.05980515793438,"Chthamalus.montagui_PA1_RUN1_GLM",2.22044604925031e-16
"833",39,"ph",8.05980515793438,"Chthamalus.montagui_allData_allRun_GAM",0.0174691347928276
"834",39,"ph",8.05980515793438,"Chthamalus.montagui_PA1_RUN1_GAM",0.101182301396933
"835",40,"ph",8.06048520540938,"Chthamalus.montagui_allData_allRun_GLM",2.22044604925031e-16
"836",40,"ph",8.06048520540938,"Chthamalus.montagui_PA1_RUN1_GLM",2.22044604925031e-16
"837",40,"ph",8.06048520540938,"Chthamalus.montagui_PA1_allRun_MAXENT",0
"838",40,"ph",8.06048520540938,"Chthamalus.montagui_allData_allRun_GAM",0.0162632615510301
"839",40,"ph",8.06048520540938,"Chthamalus.montagui_PA1_RUN1_RF",0.002
"840",40,"ph",8.06048520540938,"Chthamalus.montagui_PA1_RUN1_GAM",0.0884038834490162
"841",41,"ph",8.06116525288439,"Chthamalus.montagui_allData_allRun_GLM",2.22044604925031e-16
"842",41,"ph",8.06116525288439,"Chthamalus.montagui_allData_allRun_GAM",0.0151393456756444
"843",41,"ph",8.06116525288439,"Chthamalus.montagui_PA1_RUN1_GAM",0.0771008329909602
"844",41,"ph",8.06116525288439,"Chthamalus.montagui_PA1_RUN1_GLM",2.22044604925031e-16
"845",41,"ph",8.06116525288439,"Chthamalus.montagui_PA1_allRun_MAXENT",0
"846",41,"ph",8.06116525288439,"Chthamalus.montagui_PA1_RUN1_RF",0
"847",42,"ph",8.0618453003594,"Chthamalus.montagui_PA1_RUN1_GAM",0.0671365230170103
"848",42,"ph",8.0618453003594,"Chthamalus.montagui_allData_allRun_GLM",2.22044604925031e-16
"849",42,"ph",8.0618453003594,"Chthamalus.montagui_PA1_allRun_MAXENT",0
"850",42,"ph",8.0618453003594,"Chthamalus.montagui_PA1_RUN1_GLM",2.22044604925031e-16
"851",42,"ph",8.0618453003594,"Chthamalus.montagui_PA1_RUN1_RF",0
"852",42,"ph",8.0618453003594,"Chthamalus.montagui_allData_allRun_GAM",0.0140919883546805
"853",43,"ph",8.0625253478344,"Chthamalus.montagui_PA1_RUN1_GAM",0.0583785163158597
"854",43,"ph",8.0625253478344,"Chthamalus.montagui_PA1_RUN1_RF",0
"855",43,"ph",8.0625253478344,"Chthamalus.montagui_PA1_RUN1_GLM",2.22044604925031e-16
"856",43,"ph",8.0625253478344,"Chthamalus.montagui_PA1_allRun_MAXENT",0
"857",43,"ph",8.0625253478344,"Chthamalus.montagui_allData_allRun_GLM",2.22044604925031e-16
"858",43,"ph",8.0625253478344,"Chthamalus.montagui_allData_allRun_GAM",0.0131161234470749
"859",44,"ph",8.06320539530941,"Chthamalus.montagui_PA1_allRun_MAXENT",0
"860",44,"ph",8.06320539530941,"Chthamalus.montagui_PA1_RUN1_GAM",0.050700903802254
"861",44,"ph",8.06320539530941,"Chthamalus.montagui_PA1_RUN1_GLM",2.22044604925031e-16
"862",44,"ph",8.06320539530941,"Chthamalus.montagui_allData_allRun_GLM",2.22044604925031e-16
"863",44,"ph",8.06320539530941,"Chthamalus.montagui_PA1_RUN1_RF",0
"864",44,"ph",8.06320539530941,"Chthamalus.montagui_allData_allRun_GAM",0.012207000099176
"865",45,"ph",8.06388544278442,"Chthamalus.montagui_PA1_RUN1_GLM",2.22044604925031e-16
"866",45,"ph",8.06388544278442,"Chthamalus.montagui_PA1_RUN1_GAM",0.0439858407524927
"867",45,"ph",8.06388544278442,"Chthamalus.montagui_allData_allRun_GAM",0.0113601658293774
"868",45,"ph",8.06388544278442,"Chthamalus.montagui_PA1_RUN1_RF",0
"869",45,"ph",8.06388544278442,"Chthamalus.montagui_PA1_allRun_MAXENT",0
"870",45,"ph",8.06388544278442,"Chthamalus.montagui_allData_allRun_GLM",2.22044604925031e-16
"871",46,"ph",8.06456549025942,"Chthamalus.montagui_PA1_RUN1_GAM",0.0381244340136634
"872",46,"ph",8.06456549025942,"Chthamalus.montagui_PA1_RUN1_GLM",2.22044604925031e-16
"873",46,"ph",8.06456549025942,"Chthamalus.montagui_PA1_allRun_MAXENT",0
"874",46,"ph",8.06456549025942,"Chthamalus.montagui_PA1_RUN1_RF",0
"875",46,"ph",8.06456549025942,"Chthamalus.montagui_allData_allRun_GLM",2.22044604925031e-16
"876",46,"ph",8.06456549025942,"Chthamalus.montagui_allData_allRun_GAM",0.0105714501393244
"877",47,"ph",8.06524553773443,"Chthamalus.montagui_PA1_RUN1_GLM",2.22044604925031e-16
"878",47,"ph",8.06524553773443,"Chthamalus.montagui_PA1_allRun_MAXENT",0
"879",47,"ph",8.06524553773443,"Chthamalus.montagui_PA1_RUN1_GAM",0.033017123562352
"880",47,"ph",8.06524553773443,"Chthamalus.montagui_allData_allRun_GLM",2.22044604925031e-16
"881",47,"ph",8.06524553773443,"Chthamalus.montagui_PA1_RUN1_RF",0
"882",47,"ph",8.06524553773443,"Chthamalus.montagui_allData_allRun_GAM",0.00983694869572647
"883",48,"ph",8.06592558520944,"Chthamalus.montagui_PA1_RUN1_GAM",0.0285736851210817
"884",48,"ph",8.06592558520944,"Chthamalus.montagui_PA1_RUN1_RF",0
"885",48,"ph",8.06592558520944,"Chthamalus.montagui_PA1_RUN1_GLM",2.22044604925031e-16
"886",48,"ph",8.06592558520944,"Chthamalus.montagui_PA1_allRun_MAXENT",0
"887",48,"ph",8.06592558520944,"Chthamalus.montagui_allData_allRun_GAM",0.00915300811428529
"888",48,"ph",8.06592558520944,"Chthamalus.montagui_allData_allRun_GLM",2.22044604925031e-16
"889",49,"ph",8.06660563268445,"Chthamalus.montagui_PA1_RUN1_GLM",2.22044604925031e-16
"890",49,"ph",8.06660563268445,"Chthamalus.montagui_PA1_allRun_MAXENT",0
"891",49,"ph",8.06660563268445,"Chthamalus.montagui_allData_allRun_GLM",2.22044604925031e-16
"892",49,"ph",8.06660563268445,"Chthamalus.montagui_PA1_RUN1_GAM",0.0247129609349589
"893",49,"ph",8.06660563268445,"Chthamalus.montagui_allData_allRun_GAM",0.00851621136661171
"894",49,"ph",8.06660563268445,"Chthamalus.montagui_PA1_RUN1_RF",0
"895",50,"ph",8.06728568015945,"Chthamalus.montagui_PA1_RUN1_GLM",2.22044604925031e-16
"896",50,"ph",8.06728568015945,"Chthamalus.montagui_PA1_RUN1_GAM",0.021362405970975
"897",50,"ph",8.06728568015945,"Chthamalus.montagui_PA1_RUN1_RF",0
"898",50,"ph",8.06728568015945,"Chthamalus.montagui_allData_allRun_GAM",0.00792336382213757
"899",50,"ph",8.06728568015945,"Chthamalus.montagui_PA1_allRun_MAXENT",0
"900",50,"ph",8.06728568015945,"Chthamalus.montagui_allData_allRun_GLM",2.22044604925031e-16
"901",51,"ph",8.06796572763446,"Chthamalus.montagui_PA1_RUN1_GAM",0.0184575183626198
"902",51,"ph",8.06796572763446,"Chthamalus.montagui_PA1_RUN1_RF",0
"903",51,"ph",8.06796572763446,"Chthamalus.montagui_PA1_RUN1_GLM",2.22044604925031e-16
"904",51,"ph",8.06796572763446,"Chthamalus.montagui_PA1_allRun_MAXENT",0
"905",51,"ph",8.06796572763446,"Chthamalus.montagui_allData_allRun_GLM",2.22044604925031e-16
"906",51,"ph",8.06796572763446,"Chthamalus.montagui_allData_allRun_GAM",0.00737147992939021
"907",52,"ph",8.06864577510947,"Chthamalus.montagui_PA1_allRun_MAXENT",0
"908",52,"ph",8.06864577510947,"Chthamalus.montagui_PA1_RUN1_GLM",2.22044604925031e-16
"909",52,"ph",8.06864577510947,"Chthamalus.montagui_allData_allRun_GLM",2.22044604925031e-16
"910",52,"ph",8.06864577510947,"Chthamalus.montagui_PA1_RUN1_GAM",0.0159412067341275
"911",52,"ph",8.06864577510947,"Chthamalus.montagui_PA1_RUN1_RF",0
"912",52,"ph",8.06864577510947,"Chthamalus.montagui_allData_allRun_GAM",0.00685777053486377
"913",53,"ph",8.06932582258447,"Chthamalus.montagui_PA1_RUN1_GAM",0.0137631334108226
"914",53,"ph",8.06932582258447,"Chthamalus.montagui_PA1_RUN1_GLM",2.22044604925031e-16
"915",53,"ph",8.06932582258447,"Chthamalus.montagui_PA1_RUN1_RF",0
"916",53,"ph",8.06932582258447,"Chthamalus.montagui_allData_allRun_GAM",0.00637963083249666
"917",53,"ph",8.06932582258447,"Chthamalus.montagui_PA1_allRun_MAXENT",0
"918",53,"ph",8.06932582258447,"Chthamalus.montagui_allData_allRun_GLM",2.22044604925031e-16
"919",54,"ph",8.07000587005948,"Chthamalus.montagui_PA1_RUN1_GLM",2.22044604925031e-16
"920",54,"ph",8.07000587005948,"Chthamalus.montagui_PA1_allRun_MAXENT",0
"921",54,"ph",8.07000587005948,"Chthamalus.montagui_PA1_RUN1_GAM",0.011879061430303
"922",54,"ph",8.07000587005948,"Chthamalus.montagui_allData_allRun_GLM",2.22044604925031e-16
"923",54,"ph",8.07000587005948,"Chthamalus.montagui_PA1_RUN1_RF",0
"924",54,"ph",8.07000587005948,"Chthamalus.montagui_allData_allRun_GAM",0.00593462893267906
"925",55,"ph",8.07068591753449,"Chthamalus.montagui_PA1_RUN1_GLM",2.22044604925031e-16
"926",55,"ph",8.07068591753449,"Chthamalus.montagui_PA1_RUN1_GAM",0.010250224493644
"927",55,"ph",8.07068591753449,"Chthamalus.montagui_PA1_allRun_MAXENT",0
"928",55,"ph",8.07068591753449,"Chthamalus.montagui_PA1_RUN1_RF",0
"929",55,"ph",8.07068591753449,"Chthamalus.montagui_allData_allRun_GAM",0.00552049503629529
"930",55,"ph",8.07068591753449,"Chthamalus.montagui_allData_allRun_GLM",2.22044604925031e-16
"931",56,"ph",8.07136596500949,"Chthamalus.montagui_PA1_RUN1_GAM",0.00884273223143586
"932",56,"ph",8.07136596500949,"Chthamalus.montagui_PA1_RUN1_RF",0
"933",56,"ph",8.07136596500949,"Chthamalus.montagui_PA1_allRun_MAXENT",0
"934",56,"ph",8.07136596500949,"Chthamalus.montagui_PA1_RUN1_GLM",2.22044604925031e-16
"935",56,"ph",8.07136596500949,"Chthamalus.montagui_allData_allRun_GLM",2.22044604925031e-16
"936",56,"ph",8.07136596500949,"Chthamalus.montagui_allData_allRun_GAM",0.00513511119678611
"937",57,"ph",8.0720460124845,"Chthamalus.montagui_PA1_RUN1_GLM",2.22044604925031e-16
"938",57,"ph",8.0720460124845,"Chthamalus.montagui_PA1_allRun_MAXENT",0
"939",57,"ph",8.0720460124845,"Chthamalus.montagui_PA1_RUN1_GAM",0.0076270180717612
"940",57,"ph",8.0720460124845,"Chthamalus.montagui_allData_allRun_GAM",0.00477650165113435
"941",57,"ph",8.0720460124845,"Chthamalus.montagui_allData_allRun_GLM",2.22044604925031e-16
"942",57,"ph",8.0720460124845,"Chthamalus.montagui_PA1_RUN1_RF",0
"943",58,"ph",8.07272605995951,"Chthamalus.montagui_PA1_RUN1_GLM",2.22044604925031e-16
"944",58,"ph",8.07272605995951,"Chthamalus.montagui_PA1_RUN1_GAM",0.0065773332693715
"945",58,"ph",8.07272605995951,"Chthamalus.montagui_PA1_RUN1_RF",0
"946",58,"ph",8.07272605995951,"Chthamalus.montagui_allData_allRun_GAM",0.00444282369927252
"947",58,"ph",8.07272605995951,"Chthamalus.montagui_PA1_allRun_MAXENT",0
"948",58,"ph",8.07272605995951,"Chthamalus.montagui_allData_allRun_GLM",2.22044604925031e-16
"949",59,"ph",8.07340610743451,"Chthamalus.montagui_PA1_RUN1_GLM",2.22044604925031e-16
"950",59,"ph",8.07340610743451,"Chthamalus.montagui_PA1_allRun_MAXENT",0
"951",59,"ph",8.07340610743451,"Chthamalus.montagui_allData_allRun_GAM",0.00413235911035842
"952",59,"ph",8.07340610743451,"Chthamalus.montagui_PA1_RUN1_RF",0
"953",59,"ph",8.07340610743451,"Chthamalus.montagui_PA1_RUN1_GAM",0.00567128800029357
"954",59,"ph",8.07340610743451,"Chthamalus.montagui_allData_allRun_GLM",2.22044604925031e-16
"955",60,"ph",8.07408615490952,"Chthamalus.montagui_PA1_allRun_MAXENT",0
"956",60,"ph",8.07408615490952,"Chthamalus.montagui_PA1_RUN1_RF",0
"957",60,"ph",8.07408615490952,"Chthamalus.montagui_allData_allRun_GAM",0.00384350603370078
"958",60,"ph",8.07408615490952,"Chthamalus.montagui_allData_allRun_GLM",2.22044604925031e-16
"959",60,"ph",8.07408615490952,"Chthamalus.montagui_PA1_RUN1_GLM",2.22044604925031e-16
"960",60,"ph",8.07408615490952,"Chthamalus.montagui_PA1_RUN1_GAM",0.00488943860099557
"961",61,"ph",8.07476620238453,"Chthamalus.montagui_allData_allRun_GLM",2.22044604925031e-16
"962",61,"ph",8.07476620238453,"Chthamalus.montagui_PA1_allRun_MAXENT",0
"963",61,"ph",8.07476620238453,"Chthamalus.montagui_PA1_RUN1_GLM",2.22044604925031e-16
"964",61,"ph",8.07476620238453,"Chthamalus.montagui_PA1_RUN1_RF",0
"965",61,"ph",8.07476620238453,"Chthamalus.montagui_allData_allRun_GAM",0.00357477139182593
"966",61,"ph",8.07476620238453,"Chthamalus.montagui_PA1_RUN1_GAM",0.00421491883408822
"967",62,"ph",8.07544624985954,"Chthamalus.montagui_allData_allRun_GLM",2.22044604925031e-16
"968",62,"ph",8.07544624985954,"Chthamalus.montagui_PA1_RUN1_GLM",2.22044604925031e-16
"969",62,"ph",8.07544624985954,"Chthamalus.montagui_allData_allRun_GAM",0.00332476373304456
"970",62,"ph",8.07544624985954,"Chthamalus.montagui_PA1_RUN1_GAM",0.00363311233118261
"971",62,"ph",8.07544624985954,"Chthamalus.montagui_PA1_allRun_MAXENT",0
"972",62,"ph",8.07544624985954,"Chthamalus.montagui_PA1_RUN1_RF",0
"973",63,"ph",8.07612629733454,"Chthamalus.montagui_PA1_RUN1_GLM",2.22044604925031e-16
"974",63,"ph",8.07612629733454,"Chthamalus.montagui_PA1_RUN1_GAM",0.0031313629707548
"975",63,"ph",8.07612629733454,"Chthamalus.montagui_allData_allRun_GLM",2.22044604925031e-16
"976",63,"ph",8.07612629733454,"Chthamalus.montagui_PA1_allRun_MAXENT",0
"977",63,"ph",8.07612629733454,"Chthamalus.montagui_allData_allRun_GAM",0.003092186521062
"978",63,"ph",8.07612629733454,"Chthamalus.montagui_PA1_RUN1_RF",0
"979",64,"ph",8.07680634480955,"Chthamalus.montagui_PA1_RUN1_GLM",2.22044604925031e-16
"980",64,"ph",8.07680634480955,"Chthamalus.montagui_PA1_RUN1_GAM",0.00269871979565421
"981",64,"ph",8.07680634480955,"Chthamalus.montagui_PA1_allRun_MAXENT",0
"982",64,"ph",8.07680634480955,"Chthamalus.montagui_PA1_RUN1_RF",0
"983",64,"ph",8.07680634480955,"Chthamalus.montagui_allData_allRun_GLM",2.22044604925031e-16
"984",64,"ph",8.07680634480955,"Chthamalus.montagui_allData_allRun_GAM",0.00287583183945547
"985",65,"ph",8.07748639228456,"Chthamalus.montagui_PA1_RUN1_GLM",2.22044604925031e-16
"986",65,"ph",8.07748639228456,"Chthamalus.montagui_PA1_RUN1_GAM",0.00232571308684948
"987",65,"ph",8.07748639228456,"Chthamalus.montagui_PA1_allRun_MAXENT",0
"988",65,"ph",8.07748639228456,"Chthamalus.montagui_allData_allRun_GLM",2.22044604925031e-16
"989",65,"ph",8.07748639228456,"Chthamalus.montagui_PA1_RUN1_RF",0
"990",65,"ph",8.07748639228456,"Chthamalus.montagui_allData_allRun_GAM",0.0026745744893071
"991",66,"ph",8.07816643975957,"Chthamalus.montagui_PA1_RUN1_GLM",2.22044604925031e-16
"992",66,"ph",8.07816643975957,"Chthamalus.montagui_allData_allRun_GLM",2.22044604925031e-16
"993",66,"ph",8.07816643975957,"Chthamalus.montagui_PA1_RUN1_GAM",0.00200415833089133
"994",66,"ph",8.07816643975957,"Chthamalus.montagui_allData_allRun_GAM",0.00248736645882733
"995",66,"ph",8.07816643975957,"Chthamalus.montagui_PA1_allRun_MAXENT",0
"996",66,"ph",8.07816643975957,"Chthamalus.montagui_PA1_RUN1_RF",0
"997",67,"ph",8.07884648723457,"Chthamalus.montagui_PA1_RUN1_GLM",2.22044604925031e-16
"998",67,"ph",8.07884648723457,"Chthamalus.montagui_PA1_RUN1_GAM",0.00172698500768109
"999",67,"ph",8.07884648723457,"Chthamalus.montagui_allData_allRun_GLM",2.22044604925031e-16
"1000",67,"ph",8.07884648723457,"Chthamalus.montagui_PA1_allRun_MAXENT",0
"1001",67,"ph",8.07884648723457,"Chthamalus.montagui_allData_allRun_GAM",0.00231323174446787
"1002",67,"ph",8.07884648723457,"Chthamalus.montagui_PA1_RUN1_RF",0
"1003",68,"ph",8.07952653470958,"Chthamalus.montagui_PA1_RUN1_GLM",2.22044604925031e-16
"1004",68,"ph",8.07952653470958,"Chthamalus.montagui_PA1_RUN1_GAM",0.00148808735259039
"1005",68,"ph",8.07952653470958,"Chthamalus.montagui_PA1_allRun_MAXENT",0
"1006",68,"ph",8.07952653470958,"Chthamalus.montagui_allData_allRun_GLM",2.22044604925031e-16
"1007",68,"ph",8.07952653470958,"Chthamalus.montagui_PA1_RUN1_RF",0
"1008",68,"ph",8.07952653470958,"Chthamalus.montagui_allData_allRun_GAM",0.0021512615036988
"1009",69,"ph",8.08020658218459,"Chthamalus.montagui_PA1_RUN1_GLM",2.22044604925031e-16
"1010",69,"ph",8.08020658218459,"Chthamalus.montagui_PA1_RUN1_GAM",0.00128219449212111
"1011",69,"ph",8.08020658218459,"Chthamalus.montagui_PA1_allRun_MAXENT",0
"1012",69,"ph",8.08020658218459,"Chthamalus.montagui_allData_allRun_GLM",2.22044604925031e-16
"1013",69,"ph",8.08020658218459,"Chthamalus.montagui_PA1_RUN1_RF",0
"1014",69,"ph",8.08020658218459,"Chthamalus.montagui_allData_allRun_GAM",0.00200060952040994
"1015",70,"ph",8.08088662965959,"Chthamalus.montagui_PA1_RUN1_GAM",0.00110475760057277
"1016",70,"ph",8.08088662965959,"Chthamalus.montagui_PA1_RUN1_GLM",2.22044604925031e-16
"1017",70,"ph",8.08088662965959,"Chthamalus.montagui_allData_allRun_GLM",2.22044604925031e-16
"1018",70,"ph",8.08088662965959,"Chthamalus.montagui_PA1_allRun_MAXENT",0
"1019",70,"ph",8.08088662965959,"Chthamalus.montagui_allData_allRun_GAM",0.00186048796465133
"1020",70,"ph",8.08088662965959,"Chthamalus.montagui_PA1_RUN1_RF",0
"1021",71,"ph",8.0815666771346,"Chthamalus.montagui_PA1_RUN1_GLM",2.22044604925031e-16
"1022",71,"ph",8.0815666771346,"Chthamalus.montagui_allData_allRun_GAM",0.00173016342923793
"1023",71,"ph",8.0815666771346,"Chthamalus.montagui_PA1_RUN1_GAM",0.00095185196714184
"1024",71,"ph",8.0815666771346,"Chthamalus.montagui_allData_allRun_GLM",2.22044604925031e-16
"1025",71,"ph",8.0815666771346,"Chthamalus.montagui_PA1_allRun_MAXENT",0
"1026",71,"ph",8.0815666771346,"Chthamalus.montagui_PA1_RUN1_RF",0
"1027",72,"ph",8.08224672460961,"Chthamalus.montagui_PA1_RUN1_GLM",2.22044604925031e-16
"1028",72,"ph",8.08224672460961,"Chthamalus.montagui_PA1_RUN1_GAM",0.000820092092432411
"1029",72,"ph",8.08224672460961,"Chthamalus.montagui_PA1_allRun_MAXENT",0
"1030",72,"ph",8.08224672460961,"Chthamalus.montagui_allData_allRun_GLM",2.22044604925031e-16
"1031",72,"ph",8.08224672460961,"Chthamalus.montagui_PA1_RUN1_RF",0
"1032",72,"ph",8.08224672460961,"Chthamalus.montagui_allData_allRun_GAM",0.00160895322655639
"1033",73,"ph",8.08292677208461,"Chthamalus.montagui_PA1_RUN1_GLM",2.22044604925031e-16
"1034",73,"ph",8.08292677208461,"Chthamalus.montagui_PA1_RUN1_GAM",0.000706558146939044
"1035",73,"ph",8.08292677208461,"Chthamalus.montagui_PA1_allRun_MAXENT",0
"1036",73,"ph",8.08292677208461,"Chthamalus.montagui_allData_allRun_GLM",2.22044604925031e-16
"1037",73,"ph",8.08292677208461,"Chthamalus.montagui_PA1_RUN1_RF",0
"1038",73,"ph",8.08292677208461,"Chthamalus.montagui_allData_allRun_GAM",0.00149622192969603
"1039",74,"ph",8.08360681955962,"Chthamalus.montagui_PA1_RUN1_GLM",2.22044604925031e-16
"1040",74,"ph",8.08360681955962,"Chthamalus.montagui_PA1_RUN1_GAM",0.000608732319990924
"1041",74,"ph",8.08360681955962,"Chthamalus.montagui_allData_allRun_GLM",2.22044604925031e-16
"1042",74,"ph",8.08360681955962,"Chthamalus.montagui_PA1_allRun_MAXENT",0
"1043",74,"ph",8.08360681955962,"Chthamalus.montagui_allData_allRun_GAM",0.00139137814284726
"1044",74,"ph",8.08360681955962,"Chthamalus.montagui_PA1_RUN1_RF",0
"1045",75,"ph",8.08428686703463,"Chthamalus.montagui_PA1_RUN1_GLM",2.22044604925031e-16
"1046",75,"ph",8.08428686703463,"Chthamalus.montagui_allData_allRun_GLM",2.22044604925031e-16
"1047",75,"ph",8.08428686703463,"Chthamalus.montagui_PA1_RUN1_GAM",0.000524443765297596
"1048",75,"ph",8.08428686703463,"Chthamalus.montagui_allData_allRun_GAM",0.0012938714866682
"1049",75,"ph",8.08428686703463,"Chthamalus.montagui_PA1_allRun_MAXENT",0
"1050",75,"ph",8.08428686703463,"Chthamalus.montagui_PA1_RUN1_RF",0
"1051",76,"ph",8.08496691450963,"Chthamalus.montagui_PA1_RUN1_GLM",2.22044604925031e-16
"1052",76,"ph",8.08496691450963,"Chthamalus.montagui_PA1_RUN1_GAM",0.000451821008976259
"1053",76,"ph",8.08496691450963,"Chthamalus.montagui_PA1_allRun_MAXENT",0
"1054",76,"ph",8.08496691450963,"Chthamalus.montagui_allData_allRun_GLM",2.22044604925031e-16
"1055",76,"ph",8.08496691450963,"Chthamalus.montagui_PA1_RUN1_RF",0
"1056",76,"ph",8.08496691450963,"Chthamalus.montagui_allData_allRun_GAM",0.00120318978510346
"1057",77,"ph",8.08564696198464,"Chthamalus.montagui_PA1_RUN1_GLM",2.22044604925031e-16
"1058",77,"ph",8.08564696198464,"Chthamalus.montagui_PA1_RUN1_GAM",0.000389250828494664
"1059",77,"ph",8.08564696198464,"Chthamalus.montagui_PA1_allRun_MAXENT",0
"1060",77,"ph",8.08564696198464,"Chthamalus.montagui_PA1_RUN1_RF",0
"1061",77,"ph",8.08564696198464,"Chthamalus.montagui_allData_allRun_GLM",2.22044604925031e-16
"1062",77,"ph",8.08564696198464,"Chthamalus.montagui_allData_allRun_GAM",0.00111885644086431
"1063",78,"ph",8.08632700945965,"Chthamalus.montagui_allData_allRun_GLM",2.22044604925031e-16
"1064",78,"ph",8.08632700945965,"Chthamalus.montagui_PA1_RUN1_GLM",2.22044604925031e-16
"1065",78,"ph",8.08632700945965,"Chthamalus.montagui_allData_allRun_GAM",0.00104042798751066
"1066",78,"ph",8.08632700945965,"Chthamalus.montagui_PA1_RUN1_GAM",0.000335342737509338
"1067",78,"ph",8.08632700945965,"Chthamalus.montagui_PA1_allRun_MAXENT",0
"1068",78,"ph",8.08632700945965,"Chthamalus.montagui_PA1_RUN1_RF",0
"1069",79,"ph",8.08700705693465,"Chthamalus.montagui_PA1_RUN1_GLM",2.22044604925031e-16
"1070",79,"ph",8.08700705693465,"Chthamalus.montagui_PA1_RUN1_GAM",0.000288898323340626
"1071",79,"ph",8.08700705693465,"Chthamalus.montagui_PA1_allRun_MAXENT",0
"1072",79,"ph",8.08700705693465,"Chthamalus.montagui_allData_allRun_GLM",2.22044604925031e-16
"1073",79,"ph",8.08700705693465,"Chthamalus.montagui_PA1_RUN1_RF",0
"1074",79,"ph",8.08700705693465,"Chthamalus.montagui_allData_allRun_GAM",0.000967491806750134
"1075",80,"ph",8.08768710440966,"Chthamalus.montagui_allData_allRun_GLM",2.22044604925031e-16
"1076",80,"ph",8.08768710440966,"Chthamalus.montagui_PA1_RUN1_GLM",2.22044604925031e-16
"1077",80,"ph",8.08768710440966,"Chthamalus.montagui_PA1_allRun_MAXENT",0
"1078",80,"ph",8.08768710440966,"Chthamalus.montagui_allData_allRun_GAM",0.000899664000247722
"1079",80,"ph",8.08768710440966,"Chthamalus.montagui_PA1_RUN1_RF",0
"1080",80,"ph",8.08768710440966,"Chthamalus.montagui_PA1_RUN1_GAM",0.000248884782188804
"1081",81,"ph",8.08836715188467,"Chthamalus.montagui_allData_allRun_GLM",2.22044604925031e-16
"1082",81,"ph",8.08836715188467,"Chthamalus.montagui_PA1_allRun_MAXENT",0
"1083",81,"ph",8.08836715188467,"Chthamalus.montagui_allData_allRun_GAM",0.000836587405861255
"1084",81,"ph",8.08836715188467,"Chthamalus.montagui_PA1_RUN1_RF",0
"1085",81,"ph",8.08836715188467,"Chthamalus.montagui_PA1_RUN1_GAM",0.000214412083455789
"1086",81,"ph",8.08836715188467,"Chthamalus.montagui_PA1_RUN1_GLM",2.22044604925031e-16
"1087",82,"ph",8.08904719935968,"Chthamalus.montagui_PA1_RUN1_GAM",0.000184713269994764
"1088",82,"ph",8.08904719935968,"Chthamalus.montagui_allData_allRun_GLM",2.22044604925031e-16
"1089",82,"ph",8.08904719935968,"Chthamalus.montagui_PA1_allRun_MAXENT",0
"1090",82,"ph",8.08904719935968,"Chthamalus.montagui_PA1_RUN1_GLM",2.22044604925031e-16
"1091",82,"ph",8.08904719935968,"Chthamalus.montagui_PA1_RUN1_RF",0
"1092",82,"ph",8.08904719935968,"Chthamalus.montagui_allData_allRun_GAM",0.000777929748828752
"1093",83,"ph",8.08972724683468,"Chthamalus.montagui_allData_allRun_GLM",2.22044604925031e-16
"1094",83,"ph",8.08972724683468,"Chthamalus.montagui_PA1_RUN1_GAM",0.000159127466972191
"1095",83,"ph",8.08972724683468,"Chthamalus.montagui_PA1_RUN1_GLM",2.22044604925031e-16
"1096",83,"ph",8.08972724683468,"Chthamalus.montagui_PA1_RUN1_RF",0
"1097",83,"ph",8.08972724683468,"Chthamalus.montagui_allData_allRun_GAM",0.000723381919012696
"1098",83,"ph",8.08972724683468,"Chthamalus.montagui_PA1_allRun_MAXENT",0
"1099",84,"ph",8.09040729430969,"Chthamalus.montagui_PA1_RUN1_GLM",2.22044604925031e-16
"1100",84,"ph",8.09040729430969,"Chthamalus.montagui_PA1_RUN1_RF",0
"1101",84,"ph",8.09040729430969,"Chthamalus.montagui_PA1_allRun_MAXENT",0
"1102",84,"ph",8.09040729430969,"Chthamalus.montagui_allData_allRun_GLM",2.22044604925031e-16
"1103",84,"ph",8.09040729430969,"Chthamalus.montagui_PA1_RUN1_GAM",0.000137085229385817
"1104",84,"ph",8.09040729430969,"Chthamalus.montagui_allData_allRun_GAM",0.000672656365845421
"1105",85,"ph",8.0910873417847,"Chthamalus.montagui_PA1_RUN1_GLM",2.22044604925031e-16
"1106",85,"ph",8.0910873417847,"Chthamalus.montagui_PA1_allRun_MAXENT",0
"1107",85,"ph",8.0910873417847,"Chthamalus.montagui_PA1_RUN1_GAM",0.000118095908180432
"1108",85,"ph",8.0910873417847,"Chthamalus.montagui_allData_allRun_GAM",0.000625485603150416
"1109",85,"ph",8.0910873417847,"Chthamalus.montagui_PA1_RUN1_RF",0
"1110",85,"ph",8.0910873417847,"Chthamalus.montagui_allData_allRun_GLM",2.22044604925031e-16
"1111",86,"ph",8.0917673892597,"Chthamalus.montagui_PA1_RUN1_GAM",0.000101736758224886
"1112",86,"ph",8.0917673892597,"Chthamalus.montagui_PA1_RUN1_RF",0
"1113",86,"ph",8.0917673892597,"Chthamalus.montagui_PA1_RUN1_GLM",2.22044604925031e-16
"1114",86,"ph",8.0917673892597,"Chthamalus.montagui_allData_allRun_GAM",0.000581620816495554
"1115",86,"ph",8.0917673892597,"Chthamalus.montagui_PA1_allRun_MAXENT",0
"1116",86,"ph",8.0917673892597,"Chthamalus.montagui_allData_allRun_GLM",2.22044604925031e-16
"1117",87,"ph",8.09244743673471,"Chthamalus.montagui_PA1_RUN1_GLM",2.22044604925031e-16
"1118",87,"ph",8.09244743673471,"Chthamalus.montagui_PA1_allRun_MAXENT",0
"1119",87,"ph",8.09244743673471,"Chthamalus.montagui_allData_allRun_GLM",2.22044604925031e-16
"1120",87,"ph",8.09244743673471,"Chthamalus.montagui_PA1_RUN1_RF",0
"1121",87,"ph",8.09244743673471,"Chthamalus.montagui_PA1_RUN1_GAM",8.7643549005982e-05
"1122",87,"ph",8.09244743673471,"Chthamalus.montagui_allData_allRun_GAM",0.000540830566208472
"1123",88,"ph",8.09312748420972,"Chthamalus.montagui_PA1_RUN1_GAM",7.55024714633218e-05
"1124",88,"ph",8.09312748420972,"Chthamalus.montagui_PA1_RUN1_GLM",2.22044604925031e-16
"1125",88,"ph",8.09312748420972,"Chthamalus.montagui_allData_allRun_GAM",0.000502899579616206
"1126",88,"ph",8.09312748420972,"Chthamalus.montagui_PA1_RUN1_RF",0
"1127",88,"ph",8.09312748420972,"Chthamalus.montagui_PA1_allRun_MAXENT",0
"1128",88,"ph",8.09312748420972,"Chthamalus.montagui_allData_allRun_GLM",2.22044604925031e-16
"1129",89,"ph",8.09380753168472,"Chthamalus.montagui_PA1_RUN1_GLM",2.22044604925031e-16
"1130",89,"ph",8.09380753168472,"Chthamalus.montagui_PA1_RUN1_GAM",6.50431625960946e-05
"1131",89,"ph",8.09380753168472,"Chthamalus.montagui_PA1_allRun_MAXENT",0
"1132",89,"ph",8.09380753168472,"Chthamalus.montagui_allData_allRun_GLM",2.22044604925031e-16
"1133",89,"ph",8.09380753168472,"Chthamalus.montagui_PA1_RUN1_RF",0
"1134",89,"ph",8.09380753168472,"Chthamalus.montagui_allData_allRun_GAM",0.000467627626491903
"1135",90,"ph",8.09448757915973,"Chthamalus.montagui_PA1_RUN1_GLM",2.22044604925031e-16
"1136",90,"ph",8.09448757915973,"Chthamalus.montagui_PA1_allRun_MAXENT",0
"1137",90,"ph",8.09448757915973,"Chthamalus.montagui_PA1_RUN1_RF",0
"1138",90,"ph",8.09448757915973,"Chthamalus.montagui_PA1_RUN1_GAM",5.60326938738263e-05
"1139",90,"ph",8.09448757915973,"Chthamalus.montagui_allData_allRun_GAM",0.00043482847207463
"1140",90,"ph",8.09448757915973,"Chthamalus.montagui_allData_allRun_GLM",2.22044604925031e-16
"1141",91,"ph",8.09516762663474,"Chthamalus.montagui_PA1_RUN1_GAM",4.82703905865727e-05
"1142",91,"ph",8.09516762663474,"Chthamalus.montagui_allData_allRun_GAM",0.000404328902402287
"1143",91,"ph",8.09516762663474,"Chthamalus.montagui_PA1_RUN1_RF",0
"1144",91,"ph",8.09516762663474,"Chthamalus.montagui_PA1_RUN1_GLM",2.22044604925031e-16
"1145",91,"ph",8.09516762663474,"Chthamalus.montagui_PA1_allRun_MAXENT",0
"1146",91,"ph",8.09516762663474,"Chthamalus.montagui_allData_allRun_GLM",2.22044604925031e-16
"1147",92,"ph",8.09584767410974,"Chthamalus.montagui_PA1_RUN1_GLM",2.22044604925031e-16
"1148",92,"ph",8.09584767410974,"Chthamalus.montagui_allData_allRun_GLM",2.22044604925031e-16
"1149",92,"ph",8.09584767410974,"Chthamalus.montagui_PA1_allRun_MAXENT",0
"1150",92,"ph",8.09584767410974,"Chthamalus.montagui_PA1_RUN1_RF",0
"1151",92,"ph",8.09584767410974,"Chthamalus.montagui_PA1_RUN1_GAM",4.15833675059489e-05
"1152",92,"ph",8.09584767410974,"Chthamalus.montagui_allData_allRun_GAM",0.000375967817037251
"1153",93,"ph",8.09652772158475,"Chthamalus.montagui_PA1_RUN1_GLM",2.22044604925031e-16
"1154",93,"ph",8.09652772158475,"Chthamalus.montagui_PA1_RUN1_GAM",3.58226819834498e-05
"1155",93,"ph",8.09652772158475,"Chthamalus.montagui_PA1_allRun_MAXENT",0
"1156",93,"ph",8.09652772158475,"Chthamalus.montagui_allData_allRun_GAM",0.000349595384590859
"1157",93,"ph",8.09652772158475,"Chthamalus.montagui_PA1_RUN1_RF",0
"1158",93,"ph",8.09652772158475,"Chthamalus.montagui_allData_allRun_GLM",2.22044604925031e-16
"1159",94,"ph",8.09720776905976,"Chthamalus.montagui_PA1_RUN1_GAM",3.08600192169718e-05
"1160",94,"ph",8.09720776905976,"Chthamalus.montagui_PA1_RUN1_GLM",2.22044604925031e-16
"1161",94,"ph",8.09720776905976,"Chthamalus.montagui_PA1_RUN1_RF",0
"1162",94,"ph",8.09720776905976,"Chthamalus.montagui_PA1_allRun_MAXENT",0
"1163",94,"ph",8.09720776905976,"Chthamalus.montagui_allData_allRun_GLM",2.22044604925031e-16
"1164",94,"ph",8.09720776905976,"Chthamalus.montagui_allData_allRun_GAM",0.000325072256758275
"1165",95,"ph",8.09788781653477,"Chthamalus.montagui_PA1_RUN1_GLM",2.22044604925031e-16
"1166",95,"ph",8.09788781653477,"Chthamalus.montagui_PA1_allRun_MAXENT",0
"1167",95,"ph",8.09788781653477,"Chthamalus.montagui_PA1_RUN1_RF",0
"1168",95,"ph",8.09788781653477,"Chthamalus.montagui_PA1_RUN1_GAM",2.65848361592876e-05
"1169",95,"ph",8.09788781653477,"Chthamalus.montagui_allData_allRun_GLM",2.22044604925031e-16
"1170",95,"ph",8.09788781653477,"Chthamalus.montagui_allData_allRun_GAM",0.000302268836856675
"1171",96,"ph",8.09856786400977,"Chthamalus.montagui_PA1_RUN1_GAM",2.29019006777704e-05
"1172",96,"ph",8.09856786400977,"Chthamalus.montagui_allData_allRun_GAM",0.000281064599132084
"1173",96,"ph",8.09856786400977,"Chthamalus.montagui_PA1_RUN1_RF",0
"1174",96,"ph",8.09856786400977,"Chthamalus.montagui_PA1_RUN1_GLM",2.22044604925031e-16
"1175",96,"ph",8.09856786400977,"Chthamalus.montagui_allData_allRun_GLM",2.22044604925031e-16
"1176",96,"ph",8.09856786400977,"Chthamalus.montagui_PA1_allRun_MAXENT",0
"1177",97,"ph",8.09924791148478,"Chthamalus.montagui_PA1_RUN1_GLM",2.22044604925031e-16
"1178",97,"ph",8.09924791148478,"Chthamalus.montagui_PA1_allRun_MAXENT",0
"1179",97,"ph",8.09924791148478,"Chthamalus.montagui_PA1_RUN1_GAM",1.97291713177295e-05
"1180",97,"ph",8.09924791148478,"Chthamalus.montagui_PA1_RUN1_RF",0
"1181",97,"ph",8.09924791148478,"Chthamalus.montagui_allData_allRun_GLM",2.22044604925031e-16
"1182",97,"ph",8.09924791148478,"Chthamalus.montagui_allData_allRun_GAM",0.000261347455345606
"1183",98,"ph",8.09992795895979,"Chthamalus.montagui_PA1_RUN1_GLM",2.22044604925031e-16
"1184",98,"ph",8.09992795895979,"Chthamalus.montagui_PA1_RUN1_GAM",1.69959705647208e-05
"1185",98,"ph",8.09992795895979,"Chthamalus.montagui_PA1_RUN1_RF",0
"1186",98,"ph",8.09992795895979,"Chthamalus.montagui_PA1_allRun_MAXENT",0
"1187",98,"ph",8.09992795895979,"Chthamalus.montagui_allData_allRun_GAM",0.000243013165388979
"1188",98,"ph",8.09992795895979,"Chthamalus.montagui_allData_allRun_GLM",2.22044604925031e-16
"1189",99,"ph",8.1006080064348,"Chthamalus.montagui_PA1_RUN1_GLM",2.22044604925031e-16
"1190",99,"ph",8.1006080064348,"Chthamalus.montagui_allData_allRun_GLM",2.22044604925031e-16
"1191",99,"ph",8.1006080064348,"Chthamalus.montagui_allData_allRun_GAM",0.000225964788894581
"1192",99,"ph",8.1006080064348,"Chthamalus.montagui_PA1_allRun_MAXENT",0
"1193",99,"ph",8.1006080064348,"Chthamalus.montagui_PA1_RUN1_GAM",1.46414110053329e-05
"1194",99,"ph",8.1006080064348,"Chthamalus.montagui_PA1_RUN1_RF",0
"1195",100,"ph",8.1012880539098,"Chthamalus.montagui_PA1_RUN1_GLM",2.22044604925031e-16
"1196",100,"ph",8.1012880539098,"Chthamalus.montagui_allData_allRun_GAM",0.000210112175013679
"1197",100,"ph",8.1012880539098,"Chthamalus.montagui_PA1_allRun_MAXENT",0
"1198",100,"ph",8.1012880539098,"Chthamalus.montagui_PA1_RUN1_GAM",1.26130393956407e-05
"1199",100,"ph",8.1012880539098,"Chthamalus.montagui_PA1_RUN1_RF",0
"1200",100,"ph",8.1012880539098,"Chthamalus.montagui_allData_allRun_GLM",2.22044604925031e-16
"1201",1,"wave_fetch",2.65697360038757,"Chthamalus.montagui_PA1_RUN1_GAM",0.97018816392076
"1202",1,"wave_fetch",2.65697360038757,"Chthamalus.montagui_PA1_allRun_MAXENT",0
"1203",1,"wave_fetch",2.65697360038757,"Chthamalus.montagui_allData_allRun_GLM",2.22044604925031e-16
"1204",1,"wave_fetch",2.65697360038757,"Chthamalus.montagui_PA1_RUN1_RF",0.174
"1205",1,"wave_fetch",2.65697360038757,"Chthamalus.montagui_PA1_RUN1_GLM",2.22044604925031e-16
"1206",1,"wave_fetch",2.65697360038757,"Chthamalus.montagui_allData_allRun_GAM",0.220103444122552
"1207",2,"wave_fetch",2.67484046473648,"Chthamalus.montagui_PA1_allRun_MAXENT",0
"1208",2,"wave_fetch",2.67484046473648,"Chthamalus.montagui_allData_allRun_GLM",2.22044604925031e-16
"1209",2,"wave_fetch",2.67484046473648,"Chthamalus.montagui_PA1_RUN1_RF",0.174
"1210",2,"wave_fetch",2.67484046473648,"Chthamalus.montagui_PA1_RUN1_GLM",2.22044604925031e-16
"1211",2,"wave_fetch",2.67484046473648,"Chthamalus.montagui_PA1_RUN1_GAM",0.969071289167688
"1212",2,"wave_fetch",2.67484046473648,"Chthamalus.montagui_allData_allRun_GAM",0.218630635990068
"1213",3,"wave_fetch",2.69270732908538,"Chthamalus.montagui_PA1_RUN1_GAM",0.967913955486926
"1214",3,"wave_fetch",2.69270732908538,"Chthamalus.montagui_PA1_RUN1_GLM",2.22044604925031e-16
"1215",3,"wave_fetch",2.69270732908538,"Chthamalus.montagui_PA1_RUN1_RF",0.174
"1216",3,"wave_fetch",2.69270732908538,"Chthamalus.montagui_PA1_allRun_MAXENT",0
"1217",3,"wave_fetch",2.69270732908538,"Chthamalus.montagui_allData_allRun_GLM",2.22044604925031e-16
"1218",3,"wave_fetch",2.69270732908538,"Chthamalus.montagui_allData_allRun_GAM",0.217164938843574
"1219",4,"wave_fetch",2.71057419343428,"Chthamalus.montagui_PA1_RUN1_GLM",2.22044604925031e-16
"1220",4,"wave_fetch",2.71057419343428,"Chthamalus.montagui_PA1_RUN1_GAM",0.966714802557544
"1221",4,"wave_fetch",2.71057419343428,"Chthamalus.montagui_PA1_allRun_MAXENT",0
"1222",4,"wave_fetch",2.71057419343428,"Chthamalus.montagui_allData_allRun_GLM",2.22044604925031e-16
"1223",4,"wave_fetch",2.71057419343428,"Chthamalus.montagui_PA1_RUN1_RF",0.174
"1224",4,"wave_fetch",2.71057419343428,"Chthamalus.montagui_allData_allRun_GAM",0.215706355123875
"1225",5,"wave_fetch",2.72844105778318,"Chthamalus.montagui_PA1_RUN1_RF",0.174
"1226",5,"wave_fetch",2.72844105778318,"Chthamalus.montagui_PA1_RUN1_GAM",0.965472432323753
"1227",5,"wave_fetch",2.72844105778318,"Chthamalus.montagui_allData_allRun_GAM",0.214254886724521
"1228",5,"wave_fetch",2.72844105778318,"Chthamalus.montagui_PA1_allRun_MAXENT",0
"1229",5,"wave_fetch",2.72844105778318,"Chthamalus.montagui_PA1_RUN1_GLM",2.22044604925031e-16
"1230",5,"wave_fetch",2.72844105778318,"Chthamalus.montagui_allData_allRun_GLM",2.22044604925031e-16
"1231",6,"wave_fetch",2.74630792213209,"Chthamalus.montagui_PA1_RUN1_GLM",2.22044604925031e-16
"1232",6,"wave_fetch",2.74630792213209,"Chthamalus.montagui_PA1_RUN1_GAM",0.964185408570166
"1233",6,"wave_fetch",2.74630792213209,"Chthamalus.montagui_allData_allRun_GLM",2.22044604925031e-16
"1234",6,"wave_fetch",2.74630792213209,"Chthamalus.montagui_PA1_allRun_MAXENT",0
"1235",6,"wave_fetch",2.74630792213209,"Chthamalus.montagui_PA1_RUN1_RF",0.174
"1236",6,"wave_fetch",2.74630792213209,"Chthamalus.montagui_allData_allRun_GAM",0.212810534996889
"1237",7,"wave_fetch",2.76417478648099,"Chthamalus.montagui_PA1_RUN1_GLM",2.22044604925031e-16
"1238",7,"wave_fetch",2.76417478648099,"Chthamalus.montagui_PA1_RUN1_GAM",0.962852256547045
"1239",7,"wave_fetch",2.76417478648099,"Chthamalus.montagui_PA1_RUN1_RF",0.174
"1240",7,"wave_fetch",2.76417478648099,"Chthamalus.montagui_PA1_allRun_MAXENT",0
"1241",7,"wave_fetch",2.76417478648099,"Chthamalus.montagui_allData_allRun_GAM",0.2113733007553
"1242",7,"wave_fetch",2.76417478648099,"Chthamalus.montagui_allData_allRun_GLM",2.22044604925031e-16
"1243",8,"wave_fetch",2.78204165082989,"Chthamalus.montagui_PA1_RUN1_GAM",0.961471462651098
"1244",8,"wave_fetch",2.78204165082989,"Chthamalus.montagui_PA1_allRun_MAXENT",0
"1245",8,"wave_fetch",2.78204165082989,"Chthamalus.montagui_PA1_RUN1_GLM",2.22044604925031e-16
"1246",8,"wave_fetch",2.78204165082989,"Chthamalus.montagui_PA1_RUN1_RF",0.174
"1247",8,"wave_fetch",2.78204165082989,"Chthamalus.montagui_allData_allRun_GLM",2.22044604925031e-16
"1248",8,"wave_fetch",2.78204165082989,"Chthamalus.montagui_allData_allRun_GAM",0.209943184282193
"1249",9,"wave_fetch",2.7999085151788,"Chthamalus.montagui_PA1_RUN1_GLM",2.22044604925031e-16
"1250",9,"wave_fetch",2.7999085151788,"Chthamalus.montagui_allData_allRun_GLM",2.22044604925031e-16
"1251",9,"wave_fetch",2.7999085151788,"Chthamalus.montagui_PA1_allRun_MAXENT",0
"1252",9,"wave_fetch",2.7999085151788,"Chthamalus.montagui_PA1_RUN1_RF",0.174
"1253",9,"wave_fetch",2.7999085151788,"Chthamalus.montagui_PA1_RUN1_GAM",0.960041474167729
"1254",9,"wave_fetch",2.7999085151788,"Chthamalus.montagui_allData_allRun_GAM",0.208520185333329
"1255",10,"wave_fetch",2.8177753795277,"Chthamalus.montagui_PA1_RUN1_GAM",0.95856069908097
"1256",10,"wave_fetch",2.8177753795277,"Chthamalus.montagui_PA1_RUN1_RF",0.174
"1257",10,"wave_fetch",2.8177753795277,"Chthamalus.montagui_allData_allRun_GAM",0.207104303143035
"1258",10,"wave_fetch",2.8177753795277,"Chthamalus.montagui_PA1_allRun_MAXENT",0
"1259",10,"wave_fetch",2.8177753795277,"Chthamalus.montagui_PA1_RUN1_GLM",2.22044604925031e-16
"1260",10,"wave_fetch",2.8177753795277,"Chthamalus.montagui_allData_allRun_GLM",2.22044604925031e-16
"1261",11,"wave_fetch",2.8356422438766,"Chthamalus.montagui_PA1_RUN1_GAM",0.957027505957706
"1262",11,"wave_fetch",2.8356422438766,"Chthamalus.montagui_PA1_RUN1_GLM",2.22044604925031e-16
"1263",11,"wave_fetch",2.8356422438766,"Chthamalus.montagui_allData_allRun_GLM",2.22044604925031e-16
"1264",11,"wave_fetch",2.8356422438766,"Chthamalus.montagui_PA1_allRun_MAXENT",0
"1265",11,"wave_fetch",2.8356422438766,"Chthamalus.montagui_PA1_RUN1_RF",0.174
"1266",11,"wave_fetch",2.8356422438766,"Chthamalus.montagui_allData_allRun_GAM",0.20569553642949
"1267",12,"wave_fetch",2.8535091082255,"Chthamalus.montagui_PA1_RUN1_GLM",2.22044604925031e-16
"1268",12,"wave_fetch",2.8535091082255,"Chthamalus.montagui_PA1_allRun_MAXENT",0
"1269",12,"wave_fetch",2.8535091082255,"Chthamalus.montagui_PA1_RUN1_GAM",0.955440223913135
"1270",12,"wave_fetch",2.8535091082255,"Chthamalus.montagui_PA1_RUN1_RF",0.174
"1271",12,"wave_fetch",2.8535091082255,"Chthamalus.montagui_allData_allRun_GLM",2.22044604925031e-16
"1272",12,"wave_fetch",2.8535091082255,"Chthamalus.montagui_allData_allRun_GAM",0.204293883400045
"1273",13,"wave_fetch",2.87137597257441,"Chthamalus.montagui_PA1_RUN1_GAM",0.953797142664782
"1274",13,"wave_fetch",2.87137597257441,"Chthamalus.montagui_PA1_RUN1_RF",0.174
"1275",13,"wave_fetch",2.87137597257441,"Chthamalus.montagui_PA1_allRun_MAXENT",0
"1276",13,"wave_fetch",2.87137597257441,"Chthamalus.montagui_PA1_RUN1_GLM",2.22044604925031e-16
"1277",13,"wave_fetch",2.87137597257441,"Chthamalus.montagui_allData_allRun_GAM",0.202899341756571
"1278",13,"wave_fetch",2.87137597257441,"Chthamalus.montagui_allData_allRun_GLM",2.22044604925031e-16
"1279",14,"wave_fetch",2.88924283692331,"Chthamalus.montagui_PA1_RUN1_GLM",2.22044604925031e-16
"1280",14,"wave_fetch",2.88924283692331,"Chthamalus.montagui_allData_allRun_GLM",2.22044604925031e-16
"1281",14,"wave_fetch",2.88924283692331,"Chthamalus.montagui_PA1_allRun_MAXENT",0
"1282",14,"wave_fetch",2.88924283692331,"Chthamalus.montagui_PA1_RUN1_GAM",0.952096512682745
"1283",14,"wave_fetch",2.88924283692331,"Chthamalus.montagui_PA1_RUN1_RF",0.174
"1284",14,"wave_fetch",2.88924283692331,"Chthamalus.montagui_allData_allRun_GAM",0.201511908700847
"1285",15,"wave_fetch",2.90710970127221,"Chthamalus.montagui_PA1_RUN1_GAM",0.950336545444204
"1286",15,"wave_fetch",2.90710970127221,"Chthamalus.montagui_PA1_RUN1_RF",0.174
"1287",15,"wave_fetch",2.90710970127221,"Chthamalus.montagui_PA1_RUN1_GLM",2.22044604925031e-16
"1288",15,"wave_fetch",2.90710970127221,"Chthamalus.montagui_allData_allRun_GAM",0.200131580939969
"1289",15,"wave_fetch",2.90710970127221,"Chthamalus.montagui_PA1_allRun_MAXENT",0
"1290",15,"wave_fetch",2.90710970127221,"Chthamalus.montagui_allData_allRun_GLM",2.22044604925031e-16
"1291",16,"wave_fetch",2.92497656562112,"Chthamalus.montagui_PA1_RUN1_GAM",0.948515413800582
"1292",16,"wave_fetch",2.92497656562112,"Chthamalus.montagui_PA1_allRun_MAXENT",0
"1293",16,"wave_fetch",2.92497656562112,"Chthamalus.montagui_PA1_RUN1_GLM",2.22044604925031e-16
"1294",16,"wave_fetch",2.92497656562112,"Chthamalus.montagui_allData_allRun_GLM",2.22044604925031e-16
"1295",16,"wave_fetch",2.92497656562112,"Chthamalus.montagui_PA1_RUN1_RF",0.174
"1296",16,"wave_fetch",2.92497656562112,"Chthamalus.montagui_allData_allRun_GAM",0.198758354691792
"1297",17,"wave_fetch",2.94284342997002,"Chthamalus.montagui_PA1_RUN1_GLM",2.22044604925031e-16
"1298",17,"wave_fetch",2.94284342997002,"Chthamalus.montagui_allData_allRun_GLM",2.22044604925031e-16
"1299",17,"wave_fetch",2.94284342997002,"Chthamalus.montagui_PA1_RUN1_GAM",0.946631252466107
"1300",17,"wave_fetch",2.94284342997002,"Chthamalus.montagui_PA1_RUN1_RF",0.174
"1301",17,"wave_fetch",2.94284342997002,"Chthamalus.montagui_PA1_allRun_MAXENT",0
"1302",17,"wave_fetch",2.94284342997002,"Chthamalus.montagui_allData_allRun_GAM",0.197392225690397
"1303",18,"wave_fetch",2.96071029431892,"Chthamalus.montagui_PA1_RUN1_RF",0.174
"1304",18,"wave_fetch",2.96071029431892,"Chthamalus.montagui_PA1_RUN1_GLM",2.22044604925031e-16
"1305",18,"wave_fetch",2.96071029431892,"Chthamalus.montagui_PA1_allRun_MAXENT",0
"1306",18,"wave_fetch",2.96071029431892,"Chthamalus.montagui_allData_allRun_GAM",0.196033189191581
"1307",18,"wave_fetch",2.96071029431892,"Chthamalus.montagui_allData_allRun_GLM",2.22044604925031e-16
"1308",18,"wave_fetch",2.96071029431892,"Chthamalus.montagui_PA1_RUN1_GAM",0.944682158636853
"1309",19,"wave_fetch",2.97857715866782,"Chthamalus.montagui_PA1_RUN1_GLM",2.22044604925031e-16
"1310",19,"wave_fetch",2.97857715866782,"Chthamalus.montagui_PA1_allRun_MAXENT",0
"1311",19,"wave_fetch",2.97857715866782,"Chthamalus.montagui_allData_allRun_GAM",0.19468123997837
"1312",19,"wave_fetch",2.97857715866782,"Chthamalus.montagui_PA1_RUN1_RF",0.174
"1313",19,"wave_fetch",2.97857715866782,"Chthamalus.montagui_PA1_RUN1_GAM",0.942666192749651
"1314",19,"wave_fetch",2.97857715866782,"Chthamalus.montagui_allData_allRun_GLM",2.22044604925031e-16
"1315",20,"wave_fetch",2.99644402301673,"Chthamalus.montagui_allData_allRun_GAM",0.193336372366554
"1316",20,"wave_fetch",2.99644402301673,"Chthamalus.montagui_allData_allRun_GLM",2.22044604925031e-16
"1317",20,"wave_fetch",2.99644402301673,"Chthamalus.montagui_PA1_allRun_MAXENT",0
"1318",20,"wave_fetch",2.99644402301673,"Chthamalus.montagui_PA1_RUN1_GLM",2.22044604925031e-16
"1319",20,"wave_fetch",2.99644402301673,"Chthamalus.montagui_PA1_RUN1_RF",0.174
"1320",20,"wave_fetch",2.99644402301673,"Chthamalus.montagui_PA1_RUN1_GAM",0.940581379390598
"1321",21,"wave_fetch",3.01431088736563,"Chthamalus.montagui_allData_allRun_GLM",2.22044604925031e-16
"1322",21,"wave_fetch",3.01431088736563,"Chthamalus.montagui_PA1_allRun_MAXENT",0
"1323",21,"wave_fetch",3.01431088736563,"Chthamalus.montagui_PA1_RUN1_GLM",2.22044604925031e-16
"1324",21,"wave_fetch",3.01431088736563,"Chthamalus.montagui_PA1_RUN1_RF",0.174
"1325",21,"wave_fetch",3.01431088736563,"Chthamalus.montagui_allData_allRun_GAM",0.191998580210237
"1326",21,"wave_fetch",3.01431088736563,"Chthamalus.montagui_PA1_RUN1_GAM",0.938425708363136
"1327",22,"wave_fetch",3.03217775171453,"Chthamalus.montagui_PA1_RUN1_GLM",2.22044604925031e-16
"1328",22,"wave_fetch",3.03217775171453,"Chthamalus.montagui_PA1_allRun_MAXENT",0
"1329",22,"wave_fetch",3.03217775171453,"Chthamalus.montagui_PA1_RUN1_GAM",0.936197135925955
"1330",22,"wave_fetch",3.03217775171453,"Chthamalus.montagui_PA1_RUN1_RF",0.174
"1331",22,"wave_fetch",3.03217775171453,"Chthamalus.montagui_allData_allRun_GLM",2.22044604925031e-16
"1332",22,"wave_fetch",3.03217775171453,"Chthamalus.montagui_allData_allRun_GAM",0.190667856907407
"1333",23,"wave_fetch",3.05004461606344,"Chthamalus.montagui_PA1_allRun_MAXENT",0
"1334",23,"wave_fetch",3.05004461606344,"Chthamalus.montagui_PA1_RUN1_RF",0.174
"1335",23,"wave_fetch",3.05004461606344,"Chthamalus.montagui_allData_allRun_GLM",2.22044604925031e-16
"1336",23,"wave_fetch",3.05004461606344,"Chthamalus.montagui_PA1_RUN1_GLM",2.22044604925031e-16
"1337",23,"wave_fetch",3.05004461606344,"Chthamalus.montagui_allData_allRun_GAM",0.189344195405524
"1338",23,"wave_fetch",3.05004461606344,"Chthamalus.montagui_PA1_RUN1_GAM",0.933893586211186
"1339",24,"wave_fetch",3.06791148041234,"Chthamalus.montagui_PA1_RUN1_GLM",2.22044604925031e-16
"1340",24,"wave_fetch",3.06791148041234,"Chthamalus.montagui_PA1_RUN1_GAM",0.931512952833514
"1341",24,"wave_fetch",3.06791148041234,"Chthamalus.montagui_PA1_allRun_MAXENT",0
"1342",24,"wave_fetch",3.06791148041234,"Chthamalus.montagui_PA1_RUN1_RF",0.174
"1343",24,"wave_fetch",3.06791148041234,"Chthamalus.montagui_allData_allRun_GLM",2.22044604925031e-16
"1344",24,"wave_fetch",3.06791148041234,"Chthamalus.montagui_allData_allRun_GAM",0.188027588207114
"1345",25,"wave_fetch",3.08577834476124,"Chthamalus.montagui_PA1_RUN1_GLM",2.22044604925031e-16
"1346",25,"wave_fetch",3.08577834476124,"Chthamalus.montagui_PA1_allRun_MAXENT",0
"1347",25,"wave_fetch",3.08577834476124,"Chthamalus.montagui_PA1_RUN1_GAM",0.929053100701004
"1348",25,"wave_fetch",3.08577834476124,"Chthamalus.montagui_PA1_RUN1_RF",0.174
"1349",25,"wave_fetch",3.08577834476124,"Chthamalus.montagui_allData_allRun_GLM",2.22044604925031e-16
"1350",25,"wave_fetch",3.08577834476124,"Chthamalus.montagui_allData_allRun_GAM",0.186718027375384
"1351",26,"wave_fetch",3.10364520911014,"Chthamalus.montagui_PA1_allRun_MAXENT",0
"1352",26,"wave_fetch",3.10364520911014,"Chthamalus.montagui_PA1_RUN1_RF",0.174
"1353",26,"wave_fetch",3.10364520911014,"Chthamalus.montagui_PA1_RUN1_GLM",2.22044604925031e-16
"1354",26,"wave_fetch",3.10364520911014,"Chthamalus.montagui_allData_allRun_GLM",2.22044604925031e-16
"1355",26,"wave_fetch",3.10364520911014,"Chthamalus.montagui_PA1_RUN1_GAM",0.92651186803848
"1356",26,"wave_fetch",3.10364520911014,"Chthamalus.montagui_allData_allRun_GAM",0.185415504539841
"1357",27,"wave_fetch",3.12151207345905,"Chthamalus.montagui_PA1_allRun_MAXENT",0
"1358",27,"wave_fetch",3.12151207345905,"Chthamalus.montagui_PA1_RUN1_GLM",2.22044604925031e-16
"1359",27,"wave_fetch",3.12151207345905,"Chthamalus.montagui_PA1_RUN1_RF",0.174
"1360",27,"wave_fetch",3.12151207345905,"Chthamalus.montagui_PA1_RUN1_GAM",0.923887068634338
"1361",27,"wave_fetch",3.12151207345905,"Chthamalus.montagui_allData_allRun_GLM",2.22044604925031e-16
"1362",27,"wave_fetch",3.12151207345905,"Chthamalus.montagui_allData_allRun_GAM",0.184120010901922
"1363",28,"wave_fetch",3.13937893780795,"Chthamalus.montagui_PA1_RUN1_GLM",2.22044604925031e-16
"1364",28,"wave_fetch",3.13937893780795,"Chthamalus.montagui_PA1_allRun_MAXENT",0
"1365",28,"wave_fetch",3.13937893780795,"Chthamalus.montagui_PA1_RUN1_GAM",0.921176494321622
"1366",28,"wave_fetch",3.13937893780795,"Chthamalus.montagui_PA1_RUN1_RF",0.174
"1367",28,"wave_fetch",3.13937893780795,"Chthamalus.montagui_allData_allRun_GLM",2.22044604925031e-16
"1368",28,"wave_fetch",3.13937893780795,"Chthamalus.montagui_allData_allRun_GAM",0.182831537240635
"1369",29,"wave_fetch",3.15724580215685,"Chthamalus.montagui_PA1_RUN1_GLM",2.22044604925031e-16
"1370",29,"wave_fetch",3.15724580215685,"Chthamalus.montagui_PA1_allRun_MAXENT",0
"1371",29,"wave_fetch",3.15724580215685,"Chthamalus.montagui_PA1_RUN1_GAM",0.918377917704043
"1372",29,"wave_fetch",3.15724580215685,"Chthamalus.montagui_PA1_RUN1_RF",0.174
"1373",29,"wave_fetch",3.15724580215685,"Chthamalus.montagui_allData_allRun_GLM",2.22044604925031e-16
"1374",29,"wave_fetch",3.15724580215685,"Chthamalus.montagui_allData_allRun_GAM",0.181550073918197
"1375",30,"wave_fetch",3.17511266650576,"Chthamalus.montagui_PA1_allRun_MAXENT",0
"1376",30,"wave_fetch",3.17511266650576,"Chthamalus.montagui_PA1_RUN1_RF",0.174
"1377",30,"wave_fetch",3.17511266650576,"Chthamalus.montagui_PA1_RUN1_GAM",0.915489095137443
"1378",30,"wave_fetch",3.17511266650576,"Chthamalus.montagui_allData_allRun_GLM",2.22044604925031e-16
"1379",30,"wave_fetch",3.17511266650576,"Chthamalus.montagui_PA1_RUN1_GLM",2.22044604925031e-16
"1380",30,"wave_fetch",3.17511266650576,"Chthamalus.montagui_allData_allRun_GAM",0.180275610885688
"1381",31,"wave_fetch",3.19297953085466,"Chthamalus.montagui_PA1_allRun_MAXENT",0
"1382",31,"wave_fetch",3.19297953085466,"Chthamalus.montagui_PA1_RUN1_GLM",2.22044604925031e-16
"1383",31,"wave_fetch",3.19297953085466,"Chthamalus.montagui_PA1_RUN1_RF",0.174
"1384",31,"wave_fetch",3.19297953085466,"Chthamalus.montagui_PA1_RUN1_GAM",0.912507769976863
"1385",31,"wave_fetch",3.19297953085466,"Chthamalus.montagui_allData_allRun_GAM",0.179008137688695
"1386",31,"wave_fetch",3.19297953085466,"Chthamalus.montagui_allData_allRun_GLM",1.06326153437175e-13
"1387",32,"wave_fetch",3.21084639520356,"Chthamalus.montagui_PA1_RUN1_GLM",2.22044604925031e-16
"1388",32,"wave_fetch",3.21084639520356,"Chthamalus.montagui_PA1_allRun_MAXENT",0
"1389",32,"wave_fetch",3.21084639520356,"Chthamalus.montagui_PA1_RUN1_GAM",0.909431676098998
"1390",32,"wave_fetch",3.21084639520356,"Chthamalus.montagui_PA1_RUN1_RF",0.174
"1391",32,"wave_fetch",3.21084639520356,"Chthamalus.montagui_allData_allRun_GLM",4.45842969898706e-13
"1392",32,"wave_fetch",3.21084639520356,"Chthamalus.montagui_allData_allRun_GAM",0.177747643472968
"1393",33,"wave_fetch",3.22871325955246,"Chthamalus.montagui_PA1_RUN1_GLM",2.22044604925031e-16
"1394",33,"wave_fetch",3.22871325955246,"Chthamalus.montagui_PA1_allRun_MAXENT",0
"1395",33,"wave_fetch",3.22871325955246,"Chthamalus.montagui_PA1_RUN1_GAM",0.906258541709255
"1396",33,"wave_fetch",3.22871325955246,"Chthamalus.montagui_PA1_RUN1_RF",0.174
"1397",33,"wave_fetch",3.22871325955246,"Chthamalus.montagui_allData_allRun_GLM",1.79863674398624e-12
"1398",33,"wave_fetch",3.22871325955246,"Chthamalus.montagui_allData_allRun_GAM",0.176494116990071
"1399",34,"wave_fetch",3.24658012390137,"Chthamalus.montagui_PA1_allRun_MAXENT",0
"1400",34,"wave_fetch",3.24658012390137,"Chthamalus.montagui_PA1_RUN1_GLM",2.22044604925031e-16
"1401",34,"wave_fetch",3.24658012390137,"Chthamalus.montagui_PA1_RUN1_RF",0.174
"1402",34,"wave_fetch",3.24658012390137,"Chthamalus.montagui_PA1_RUN1_GAM",0.902986093442036
"1403",34,"wave_fetch",3.24658012390137,"Chthamalus.montagui_allData_allRun_GLM",6.98111379825611e-12
"1404",34,"wave_fetch",3.24658012390137,"Chthamalus.montagui_allData_allRun_GAM",0.175247546603029
"1405",35,"wave_fetch",3.26444698825027,"Chthamalus.montagui_PA1_allRun_MAXENT",0
"1406",35,"wave_fetch",3.26444698825027,"Chthamalus.montagui_PA1_RUN1_RF",0.174
"1407",35,"wave_fetch",3.26444698825027,"Chthamalus.montagui_PA1_RUN1_GLM",1
"1408",35,"wave_fetch",3.26444698825027,"Chthamalus.montagui_allData_allRun_GLM",2.60690792011166e-11
"1409",35,"wave_fetch",3.26444698825027,"Chthamalus.montagui_PA1_RUN1_GAM",0.899612060762037
"1410",35,"wave_fetch",3.26444698825027,"Chthamalus.montagui_allData_allRun_GAM",0.17400792029198
"1411",36,"wave_fetch",3.28231385259917,"Chthamalus.montagui_PA1_RUN1_GLM",1
"1412",36,"wave_fetch",3.28231385259917,"Chthamalus.montagui_PA1_allRun_MAXENT",0
"1413",36,"wave_fetch",3.28231385259917,"Chthamalus.montagui_PA1_RUN1_GAM",0.896134180673477
"1414",36,"wave_fetch",3.28231385259917,"Chthamalus.montagui_PA1_RUN1_RF",0.174
"1415",36,"wave_fetch",3.28231385259917,"Chthamalus.montagui_allData_allRun_GLM",9.36583243391276e-11
"1416",36,"wave_fetch",3.28231385259917,"Chthamalus.montagui_allData_allRun_GAM",0.17277522565981
"1417",37,"wave_fetch",3.30018071694808,"Chthamalus.montagui_PA1_RUN1_GLM",1
"1418",37,"wave_fetch",3.30018071694808,"Chthamalus.montagui_PA1_RUN1_GAM",0.89255020274307
"1419",37,"wave_fetch",3.30018071694808,"Chthamalus.montagui_PA1_allRun_MAXENT",0
"1420",37,"wave_fetch",3.30018071694808,"Chthamalus.montagui_PA1_RUN1_RF",0.174
"1421",37,"wave_fetch",3.30018071694808,"Chthamalus.montagui_allData_allRun_GLM",3.23732866878197e-10
"1422",37,"wave_fetch",3.30018071694808,"Chthamalus.montagui_allData_allRun_GAM",0.1715494499378
"1423",38,"wave_fetch",3.31804758129698,"Chthamalus.montagui_PA1_allRun_MAXENT",0
"1424",38,"wave_fetch",3.31804758129698,"Chthamalus.montagui_PA1_RUN1_GLM",1
"1425",38,"wave_fetch",3.31804758129698,"Chthamalus.montagui_PA1_RUN1_RF",0.174
"1426",38,"wave_fetch",3.31804758129698,"Chthamalus.montagui_PA1_RUN1_GAM",0.888857894441349
"1427",38,"wave_fetch",3.31804758129698,"Chthamalus.montagui_allData_allRun_GLM",1.07658152009996e-09
"1428",38,"wave_fetch",3.31804758129698,"Chthamalus.montagui_allData_allRun_GAM",0.170330579991244
"1429",39,"wave_fetch",3.33591444564588,"Chthamalus.montagui_PA1_allRun_MAXENT",0
"1430",39,"wave_fetch",3.33591444564588,"Chthamalus.montagui_PA1_RUN1_RF",0.174
"1431",39,"wave_fetch",3.33591444564588,"Chthamalus.montagui_allData_allRun_GLM",3.44450457094062e-09
"1432",39,"wave_fetch",3.33591444564588,"Chthamalus.montagui_PA1_RUN1_GLM",1
"1433",39,"wave_fetch",3.33591444564588,"Chthamalus.montagui_allData_allRun_GAM",0.16911860232508
"1434",39,"wave_fetch",3.33591444564588,"Chthamalus.montagui_PA1_RUN1_GAM",0.885055046805542
"1435",40,"wave_fetch",3.35378130999478,"Chthamalus.montagui_allData_allRun_GLM",1.06029405393784e-08
"1436",40,"wave_fetch",3.35378130999478,"Chthamalus.montagui_PA1_RUN1_GLM",1
"1437",40,"wave_fetch",3.35378130999478,"Chthamalus.montagui_PA1_allRun_MAXENT",0
"1438",40,"wave_fetch",3.35378130999478,"Chthamalus.montagui_allData_allRun_GAM",0.167913503089496
"1439",40,"wave_fetch",3.35378130999478,"Chthamalus.montagui_PA1_RUN1_RF",0.174
"1440",40,"wave_fetch",3.35378130999478,"Chthamalus.montagui_PA1_RUN1_GAM",0.881139480425644
"1441",41,"wave_fetch",3.37164817434369,"Chthamalus.montagui_allData_allRun_GLM",3.14011532494871e-08
"1442",41,"wave_fetch",3.37164817434369,"Chthamalus.montagui_allData_allRun_GAM",0.166715268085532
"1443",41,"wave_fetch",3.37164817434369,"Chthamalus.montagui_PA1_RUN1_GAM",0.877109051753567
"1444",41,"wave_fetch",3.37164817434369,"Chthamalus.montagui_PA1_RUN1_GLM",1
"1445",41,"wave_fetch",3.37164817434369,"Chthamalus.montagui_PA1_allRun_MAXENT",0
"1446",41,"wave_fetch",3.37164817434369,"Chthamalus.montagui_PA1_RUN1_RF",0.174
"1447",42,"wave_fetch",3.38951503869259,"Chthamalus.montagui_PA1_RUN1_GAM",0.872961659733344
"1448",42,"wave_fetch",3.38951503869259,"Chthamalus.montagui_allData_allRun_GLM",8.94714699691573e-08
"1449",42,"wave_fetch",3.38951503869259,"Chthamalus.montagui_PA1_allRun_MAXENT",0
"1450",42,"wave_fetch",3.38951503869259,"Chthamalus.montagui_PA1_RUN1_GLM",1
"1451",42,"wave_fetch",3.38951503869259,"Chthamalus.montagui_PA1_RUN1_RF",0.174
"1452",42,"wave_fetch",3.38951503869259,"Chthamalus.montagui_allData_allRun_GAM",0.16552388277067
"1453",43,"wave_fetch",3.40738190304149,"Chthamalus.montagui_PA1_RUN1_GAM",0.868695252748235
"1454",43,"wave_fetch",3.40738190304149,"Chthamalus.montagui_PA1_RUN1_RF",0.174
"1455",43,"wave_fetch",3.40738190304149,"Chthamalus.montagui_PA1_RUN1_GLM",1
"1456",43,"wave_fetch",3.40738190304149,"Chthamalus.montagui_PA1_allRun_MAXENT",0
"1457",43,"wave_fetch",3.40738190304149,"Chthamalus.montagui_allData_allRun_GLM",2.45269317345859e-07
"1458",43,"wave_fetch",3.40738190304149,"Chthamalus.montagui_allData_allRun_GAM",0.164339332264407
"1459",44,"wave_fetch",3.4252487673904,"Chthamalus.montagui_PA1_allRun_MAXENT",0
"1460",44,"wave_fetch",3.4252487673904,"Chthamalus.montagui_PA1_RUN1_GAM",0.864307835878269
"1461",44,"wave_fetch",3.4252487673904,"Chthamalus.montagui_PA1_RUN1_GLM",1
"1462",44,"wave_fetch",3.4252487673904,"Chthamalus.montagui_allData_allRun_GLM",6.46876662295992e-07
"1463",44,"wave_fetch",3.4252487673904,"Chthamalus.montagui_PA1_RUN1_RF",0.174
"1464",44,"wave_fetch",3.4252487673904,"Chthamalus.montagui_allData_allRun_GAM",0.163161601353817
"1465",45,"wave_fetch",3.4431156317393,"Chthamalus.montagui_PA1_RUN1_GLM",1
"1466",45,"wave_fetch",3.4431156317393,"Chthamalus.montagui_PA1_RUN1_GAM",0.859797478459296
"1467",45,"wave_fetch",3.4431156317393,"Chthamalus.montagui_allData_allRun_GAM",0.161990674499097
"1468",45,"wave_fetch",3.4431156317393,"Chthamalus.montagui_PA1_RUN1_RF",0.174
"1469",45,"wave_fetch",3.4431156317393,"Chthamalus.montagui_PA1_allRun_MAXENT",0
"1470",45,"wave_fetch",3.4431156317393,"Chthamalus.montagui_allData_allRun_GLM",1.64141804820777e-06
"1471",46,"wave_fetch",3.4609824960882,"Chthamalus.montagui_PA1_RUN1_GAM",0.855162321931927
"1472",46,"wave_fetch",3.4609824960882,"Chthamalus.montagui_PA1_RUN1_GLM",1
"1473",46,"wave_fetch",3.4609824960882,"Chthamalus.montagui_PA1_allRun_MAXENT",0
"1474",46,"wave_fetch",3.4609824960882,"Chthamalus.montagui_PA1_RUN1_RF",0.174
"1475",46,"wave_fetch",3.4609824960882,"Chthamalus.montagui_allData_allRun_GLM",4.00715413658205e-06
"1476",46,"wave_fetch",3.4609824960882,"Chthamalus.montagui_allData_allRun_GAM",0.16082653583909
"1477",47,"wave_fetch",3.4788493604371,"Chthamalus.montagui_PA1_RUN1_GLM",1
"1478",47,"wave_fetch",3.4788493604371,"Chthamalus.montagui_PA1_allRun_MAXENT",0
"1479",47,"wave_fetch",3.4788493604371,"Chthamalus.montagui_PA1_RUN1_GAM",0.8504005879659
"1480",47,"wave_fetch",3.4788493604371,"Chthamalus.montagui_allData_allRun_GLM",9.41176965862902e-06
"1481",47,"wave_fetch",3.4788493604371,"Chthamalus.montagui_PA1_RUN1_RF",0.174
"1482",47,"wave_fetch",3.4788493604371,"Chthamalus.montagui_allData_allRun_GAM",0.159669169196805
"1483",48,"wave_fetch",3.49671622478601,"Chthamalus.montagui_PA1_RUN1_GAM",0.845510586842395
"1484",48,"wave_fetch",3.49671622478601,"Chthamalus.montagui_PA1_RUN1_RF",0.174
"1485",48,"wave_fetch",3.49671622478601,"Chthamalus.montagui_PA1_RUN1_GLM",1
"1486",48,"wave_fetch",3.49671622478601,"Chthamalus.montagui_PA1_allRun_MAXENT",0
"1487",48,"wave_fetch",3.49671622478601,"Chthamalus.montagui_allData_allRun_GAM",0.158518558084897
"1488",48,"wave_fetch",3.49671622478601,"Chthamalus.montagui_allData_allRun_GLM",2.12678430943506e-05
"1489",49,"wave_fetch",3.51458308913491,"Chthamalus.montagui_PA1_RUN1_GLM",1
"1490",49,"wave_fetch",3.51458308913491,"Chthamalus.montagui_PA1_allRun_MAXENT",0
"1491",49,"wave_fetch",3.51458308913491,"Chthamalus.montagui_allData_allRun_GLM",4.62369978834216e-05
"1492",49,"wave_fetch",3.51458308913491,"Chthamalus.montagui_PA1_RUN1_GAM",0.840490726073648
"1493",49,"wave_fetch",3.51458308913491,"Chthamalus.montagui_allData_allRun_GAM",0.157374685711146
"1494",49,"wave_fetch",3.51458308913491,"Chthamalus.montagui_PA1_RUN1_RF",0.174
"1495",50,"wave_fetch",3.53244995348381,"Chthamalus.montagui_PA1_RUN1_GLM",1
"1496",50,"wave_fetch",3.53244995348381,"Chthamalus.montagui_PA1_RUN1_GAM",0.835339519235905
"1497",50,"wave_fetch",3.53244995348381,"Chthamalus.montagui_PA1_RUN1_RF",0.174
"1498",50,"wave_fetch",3.53244995348381,"Chthamalus.montagui_allData_allRun_GAM",0.156237534983907
"1499",50,"wave_fetch",3.53244995348381,"Chthamalus.montagui_PA1_allRun_MAXENT",0
"1500",50,"wave_fetch",3.53244995348381,"Chthamalus.montagui_allData_allRun_GLM",9.67084560290355e-05
"1501",51,"wave_fetch",3.55031681783272,"Chthamalus.montagui_PA1_RUN1_GAM",0.83005559498832
"1502",51,"wave_fetch",3.55031681783272,"Chthamalus.montagui_PA1_RUN1_RF",0.174
"1503",51,"wave_fetch",3.55031681783272,"Chthamalus.montagui_PA1_RUN1_GLM",1
"1504",51,"wave_fetch",3.55031681783272,"Chthamalus.montagui_PA1_allRun_MAXENT",0
"1505",51,"wave_fetch",3.55031681783272,"Chthamalus.montagui_allData_allRun_GLM",0.000194598008435343
"1506",51,"wave_fetch",3.55031681783272,"Chthamalus.montagui_allData_allRun_GAM",0.155107088517534
"1507",52,"wave_fetch",3.56818368218162,"Chthamalus.montagui_PA1_allRun_MAXENT",0
"1508",52,"wave_fetch",3.56818368218162,"Chthamalus.montagui_PA1_RUN1_GLM",1
"1509",52,"wave_fetch",3.56818368218162,"Chthamalus.montagui_allData_allRun_GLM",0.000376699862238408
"1510",52,"wave_fetch",3.56818368218162,"Chthamalus.montagui_PA1_RUN1_GAM",0.824637706246878
"1511",52,"wave_fetch",3.56818368218162,"Chthamalus.montagui_PA1_RUN1_RF",0.174
"1512",52,"wave_fetch",3.56818368218162,"Chthamalus.montagui_allData_allRun_GAM",0.153983328637787
"1513",53,"wave_fetch",3.58605054653052,"Chthamalus.montagui_PA1_RUN1_GAM",0.81908473947882
"1514",53,"wave_fetch",3.58605054653052,"Chthamalus.montagui_PA1_RUN1_GLM",1
"1515",53,"wave_fetch",3.58605054653052,"Chthamalus.montagui_PA1_RUN1_RF",0.174
"1516",53,"wave_fetch",3.58605054653052,"Chthamalus.montagui_allData_allRun_GAM",0.152866237387216
"1517",53,"wave_fetch",3.58605054653052,"Chthamalus.montagui_PA1_allRun_MAXENT",0
"1518",53,"wave_fetch",3.58605054653052,"Chthamalus.montagui_allData_allRun_GLM",0.000701471829889329
"1519",54,"wave_fetch",3.60391741087942,"Chthamalus.montagui_PA1_RUN1_GLM",1
"1520",54,"wave_fetch",3.60391741087942,"Chthamalus.montagui_PA1_allRun_MAXENT",0
"1521",54,"wave_fetch",3.60391741087942,"Chthamalus.montagui_PA1_RUN1_GAM",0.813395724079423
"1522",54,"wave_fetch",3.60391741087942,"Chthamalus.montagui_allData_allRun_GLM",0.00125644820448592
"1523",54,"wave_fetch",3.60391741087942,"Chthamalus.montagui_PA1_RUN1_RF",0.174
"1524",54,"wave_fetch",3.60391741087942,"Chthamalus.montagui_allData_allRun_GAM",0.151755796530514
"1525",55,"wave_fetch",3.62178427522833,"Chthamalus.montagui_PA1_RUN1_GLM",1
"1526",55,"wave_fetch",3.62178427522833,"Chthamalus.montagui_PA1_RUN1_GAM",0.807569841789326
"1527",55,"wave_fetch",3.62178427522833,"Chthamalus.montagui_PA1_allRun_MAXENT",0
"1528",55,"wave_fetch",3.62178427522833,"Chthamalus.montagui_PA1_RUN1_RF",0.174
"1529",55,"wave_fetch",3.62178427522833,"Chthamalus.montagui_allData_allRun_GAM",0.150651987559848
"1530",55,"wave_fetch",3.62178427522833,"Chthamalus.montagui_allData_allRun_GLM",0.00216443681468125
"1531",56,"wave_fetch",3.63965113957723,"Chthamalus.montagui_PA1_RUN1_GAM",0.801606436107019
"1532",56,"wave_fetch",3.63965113957723,"Chthamalus.montagui_PA1_RUN1_RF",0.198
"1533",56,"wave_fetch",3.63965113957723,"Chthamalus.montagui_PA1_allRun_MAXENT",0
"1534",56,"wave_fetch",3.63965113957723,"Chthamalus.montagui_PA1_RUN1_GLM",1
"1535",56,"wave_fetch",3.63965113957723,"Chthamalus.montagui_allData_allRun_GLM",0.00358542839956008
"1536",56,"wave_fetch",3.63965113957723,"Chthamalus.montagui_allData_allRun_GAM",0.149554791700166
"1537",57,"wave_fetch",3.65751800392613,"Chthamalus.montagui_PA1_RUN1_GLM",1
"1538",57,"wave_fetch",3.65751800392613,"Chthamalus.montagui_PA1_allRun_MAXENT",0
"1539",57,"wave_fetch",3.65751800392613,"Chthamalus.montagui_PA1_RUN1_GAM",0.795505021647562
"1540",57,"wave_fetch",3.65751800392613,"Chthamalus.montagui_allData_allRun_GAM",0.148464189914468
"1541",57,"wave_fetch",3.65751800392613,"Chthamalus.montagui_allData_allRun_GLM",0.00571016622770483
"1542",57,"wave_fetch",3.65751800392613,"Chthamalus.montagui_PA1_RUN1_RF",0.208
"1543",58,"wave_fetch",3.67538486827504,"Chthamalus.montagui_PA1_RUN1_GLM",1
"1544",58,"wave_fetch",3.67538486827504,"Chthamalus.montagui_PA1_RUN1_GAM",0.789265293395235
"1545",58,"wave_fetch",3.67538486827504,"Chthamalus.montagui_PA1_RUN1_RF",0.208
"1546",58,"wave_fetch",3.67538486827504,"Chthamalus.montagui_allData_allRun_GAM",0.147380162909061
"1547",58,"wave_fetch",3.67538486827504,"Chthamalus.montagui_PA1_allRun_MAXENT",0
"1548",58,"wave_fetch",3.67538486827504,"Chthamalus.montagui_allData_allRun_GLM",0.00874132443601983
"1549",59,"wave_fetch",3.69325173262394,"Chthamalus.montagui_PA1_RUN1_GLM",1
"1550",59,"wave_fetch",3.69325173262394,"Chthamalus.montagui_PA1_allRun_MAXENT",0
"1551",59,"wave_fetch",3.69325173262394,"Chthamalus.montagui_allData_allRun_GAM",0.14630269113877
"1552",59,"wave_fetch",3.69325173262394,"Chthamalus.montagui_PA1_RUN1_RF",0.208
"1553",59,"wave_fetch",3.69325173262394,"Chthamalus.montagui_PA1_RUN1_GAM",0.782887135794571
"1554",59,"wave_fetch",3.69325173262394,"Chthamalus.montagui_allData_allRun_GLM",0.0128600650030182
"1555",60,"wave_fetch",3.71111859697284,"Chthamalus.montagui_PA1_allRun_MAXENT",0
"1556",60,"wave_fetch",3.71111859697284,"Chthamalus.montagui_PA1_RUN1_RF",0.208
"1557",60,"wave_fetch",3.71111859697284,"Chthamalus.montagui_allData_allRun_GAM",0.145231754812134
"1558",60,"wave_fetch",3.71111859697284,"Chthamalus.montagui_allData_allRun_GLM",0.0181798503776002
"1559",60,"wave_fetch",3.71111859697284,"Chthamalus.montagui_PA1_RUN1_GLM",1
"1560",60,"wave_fetch",3.71111859697284,"Chthamalus.montagui_PA1_RUN1_GAM",0.776370631621276
"1561",61,"wave_fetch",3.72898546132174,"Chthamalus.montagui_allData_allRun_GLM",0.0246951898746238
"1562",61,"wave_fetch",3.72898546132174,"Chthamalus.montagui_PA1_allRun_MAXENT",0
"1563",61,"wave_fetch",3.72898546132174,"Chthamalus.montagui_PA1_RUN1_GLM",1
"1564",61,"wave_fetch",3.72898546132174,"Chthamalus.montagui_PA1_RUN1_RF",0.21
"1565",61,"wave_fetch",3.72898546132174,"Chthamalus.montagui_allData_allRun_GAM",0.144167333896561
"1566",61,"wave_fetch",3.72898546132174,"Chthamalus.montagui_PA1_RUN1_GAM",0.769716070571808
"1567",62,"wave_fetch",3.74685232567065,"Chthamalus.montagui_allData_allRun_GLM",0.0322384192035926
"1568",62,"wave_fetch",3.74685232567065,"Chthamalus.montagui_PA1_RUN1_GLM",1
"1569",62,"wave_fetch",3.74685232567065,"Chthamalus.montagui_allData_allRun_GAM",0.143109408123454
"1570",62,"wave_fetch",3.74685232567065,"Chthamalus.montagui_PA1_RUN1_GAM",0.762923957508066
"1571",62,"wave_fetch",3.74685232567065,"Chthamalus.montagui_PA1_allRun_MAXENT",0
"1572",62,"wave_fetch",3.74685232567065,"Chthamalus.montagui_PA1_RUN1_RF",0.322
"1573",63,"wave_fetch",3.76471919001955,"Chthamalus.montagui_PA1_RUN1_GLM",1
"1574",63,"wave_fetch",3.76471919001955,"Chthamalus.montagui_PA1_RUN1_GAM",0.755995020291659
"1575",63,"wave_fetch",3.76471919001955,"Chthamalus.montagui_allData_allRun_GLM",0.0404596104262946
"1576",63,"wave_fetch",3.76471919001955,"Chthamalus.montagui_PA1_allRun_MAXENT",0
"1577",63,"wave_fetch",3.76471919001955,"Chthamalus.montagui_allData_allRun_GAM",0.14205795699331
"1578",63,"wave_fetch",3.76471919001955,"Chthamalus.montagui_PA1_RUN1_RF",0.426
"1579",64,"wave_fetch",3.78258605436845,"Chthamalus.montagui_PA1_RUN1_GLM",1
"1580",64,"wave_fetch",3.78258605436845,"Chthamalus.montagui_PA1_RUN1_GAM",0.748930217140771
"1581",64,"wave_fetch",3.78258605436845,"Chthamalus.montagui_PA1_allRun_MAXENT",0
"1582",64,"wave_fetch",3.78258605436845,"Chthamalus.montagui_PA1_RUN1_RF",0.406
"1583",64,"wave_fetch",3.78258605436845,"Chthamalus.montagui_allData_allRun_GLM",0.0488409790768585
"1584",64,"wave_fetch",3.78258605436845,"Chthamalus.montagui_allData_allRun_GAM",0.141012959780778
"1585",65,"wave_fetch",3.80045291871736,"Chthamalus.montagui_PA1_RUN1_GLM",1
"1586",65,"wave_fetch",3.80045291871736,"Chthamalus.montagui_PA1_RUN1_GAM",0.74173074344164
"1587",65,"wave_fetch",3.80045291871736,"Chthamalus.montagui_PA1_allRun_MAXENT",0
"1588",65,"wave_fetch",3.80045291871736,"Chthamalus.montagui_allData_allRun_GLM",0.0567481129182282
"1589",65,"wave_fetch",3.80045291871736,"Chthamalus.montagui_PA1_RUN1_RF",0.4
"1590",65,"wave_fetch",3.80045291871736,"Chthamalus.montagui_allData_allRun_GAM",0.139974395539689
"1591",66,"wave_fetch",3.81831978306626,"Chthamalus.montagui_PA1_RUN1_GLM",1
"1592",66,"wave_fetch",3.81831978306626,"Chthamalus.montagui_allData_allRun_GLM",0.0635095894653291
"1593",66,"wave_fetch",3.81831978306626,"Chthamalus.montagui_PA1_RUN1_GAM",0.734398037946288
"1594",66,"wave_fetch",3.81831978306626,"Chthamalus.montagui_allData_allRun_GAM",0.138942243108052
"1595",66,"wave_fetch",3.81831978306626,"Chthamalus.montagui_PA1_allRun_MAXENT",0
"1596",66,"wave_fetch",3.81831978306626,"Chthamalus.montagui_PA1_RUN1_RF",0.388
"1597",67,"wave_fetch",3.83618664741516,"Chthamalus.montagui_PA1_RUN1_GLM",1
"1598",67,"wave_fetch",3.83618664741516,"Chthamalus.montagui_PA1_RUN1_GAM",0.726933788288376
"1599",67,"wave_fetch",3.83618664741516,"Chthamalus.montagui_allData_allRun_GLM",0.0685088461128658
"1600",67,"wave_fetch",3.83618664741516,"Chthamalus.montagui_PA1_allRun_MAXENT",0
"1601",67,"wave_fetch",3.83618664741516,"Chthamalus.montagui_allData_allRun_GAM",0.13791648111301
"1602",67,"wave_fetch",3.83618664741516,"Chthamalus.montagui_PA1_RUN1_RF",0.38
"1603",68,"wave_fetch",3.85405351176406,"Chthamalus.montagui_PA1_RUN1_GLM",1
"1604",68,"wave_fetch",3.85405351176406,"Chthamalus.montagui_PA1_RUN1_GAM",0.719339935749932
"1605",68,"wave_fetch",3.85405351176406,"Chthamalus.montagui_PA1_allRun_MAXENT",0
"1606",68,"wave_fetch",3.85405351176406,"Chthamalus.montagui_allData_allRun_GLM",0.0712703503352921
"1607",68,"wave_fetch",3.85405351176406,"Chthamalus.montagui_PA1_RUN1_RF",0.378
"1608",68,"wave_fetch",3.85405351176406,"Chthamalus.montagui_allData_allRun_GAM",0.136897087975771
"1609",69,"wave_fetch",3.87192037611297,"Chthamalus.montagui_PA1_RUN1_GLM",1
"1610",69,"wave_fetch",3.87192037611297,"Chthamalus.montagui_PA1_RUN1_GAM",0.711618679213361
"1611",69,"wave_fetch",3.87192037611297,"Chthamalus.montagui_PA1_allRun_MAXENT",0
"1612",69,"wave_fetch",3.87192037611297,"Chthamalus.montagui_allData_allRun_GLM",0.0715255067530907
"1613",69,"wave_fetch",3.87192037611297,"Chthamalus.montagui_PA1_RUN1_RF",0.392
"1614",69,"wave_fetch",3.87192037611297,"Chthamalus.montagui_allData_allRun_GAM",0.13588404191649
"1615",70,"wave_fetch",3.88978724046187,"Chthamalus.montagui_PA1_RUN1_GAM",0.703772478235459
"1616",70,"wave_fetch",3.88978724046187,"Chthamalus.montagui_PA1_RUN1_GLM",1
"1617",70,"wave_fetch",3.88978724046187,"Chthamalus.montagui_allData_allRun_GLM",0.0692493075199048
"1618",70,"wave_fetch",3.88978724046187,"Chthamalus.montagui_PA1_allRun_MAXENT",0
"1619",70,"wave_fetch",3.88978724046187,"Chthamalus.montagui_allData_allRun_GAM",0.134877320959127
"1620",70,"wave_fetch",3.88978724046187,"Chthamalus.montagui_PA1_RUN1_RF",0.392
"1621",71,"wave_fetch",3.90765410481077,"Chthamalus.montagui_PA1_RUN1_GLM",1
"1622",71,"wave_fetch",3.90765410481077,"Chthamalus.montagui_allData_allRun_GAM",0.133876902936256
"1623",71,"wave_fetch",3.90765410481077,"Chthamalus.montagui_PA1_RUN1_GAM",0.695804055183341
"1624",71,"wave_fetch",3.90765410481077,"Chthamalus.montagui_allData_allRun_GLM",0.0646637172987412
"1625",71,"wave_fetch",3.90765410481077,"Chthamalus.montagui_PA1_allRun_MAXENT",0
"1626",71,"wave_fetch",3.90765410481077,"Chthamalus.montagui_PA1_RUN1_RF",0.392
"1627",72,"wave_fetch",3.92552096915968,"Chthamalus.montagui_PA1_RUN1_GLM",1
"1628",72,"wave_fetch",3.92552096915968,"Chthamalus.montagui_PA1_RUN1_GAM",0.687716396376078
"1629",72,"wave_fetch",3.92552096915968,"Chthamalus.montagui_PA1_allRun_MAXENT",0
"1630",72,"wave_fetch",3.92552096915968,"Chthamalus.montagui_allData_allRun_GLM",0.0582074625335687
"1631",72,"wave_fetch",3.92552096915968,"Chthamalus.montagui_PA1_RUN1_RF",0.392
"1632",72,"wave_fetch",3.92552096915968,"Chthamalus.montagui_allData_allRun_GAM",0.132882765493851
"1633",73,"wave_fetch",3.94338783350858,"Chthamalus.montagui_PA1_RUN1_GLM",1
"1634",73,"wave_fetch",3.94338783350858,"Chthamalus.montagui_PA1_RUN1_GAM",0.679512752180589
"1635",73,"wave_fetch",3.94338783350858,"Chthamalus.montagui_PA1_allRun_MAXENT",0
"1636",73,"wave_fetch",3.94338783350858,"Chthamalus.montagui_allData_allRun_GLM",0.0504754141876081
"1637",73,"wave_fetch",3.94338783350858,"Chthamalus.montagui_PA1_RUN1_RF",0.392
"1638",73,"wave_fetch",3.94338783350858,"Chthamalus.montagui_allData_allRun_GAM",0.13189488609602
"1639",74,"wave_fetch",3.96125469785748,"Chthamalus.montagui_PA1_RUN1_GLM",1
"1640",74,"wave_fetch",3.96125469785748,"Chthamalus.montagui_PA1_RUN1_GAM",0.671196636015836
"1641",74,"wave_fetch",3.96125469785748,"Chthamalus.montagui_allData_allRun_GLM",0.0421354605627763
"1642",74,"wave_fetch",3.96125469785748,"Chthamalus.montagui_PA1_allRun_MAXENT",0
"1643",74,"wave_fetch",3.96125469785748,"Chthamalus.montagui_allData_allRun_GAM",0.130913242029708
"1644",74,"wave_fetch",3.96125469785748,"Chthamalus.montagui_PA1_RUN1_RF",0.392
"1645",75,"wave_fetch",3.97912156220638,"Chthamalus.montagui_PA1_RUN1_GLM",1
"1646",75,"wave_fetch",3.97912156220638,"Chthamalus.montagui_allData_allRun_GLM",0.0338363895479737
"1647",75,"wave_fetch",3.97912156220638,"Chthamalus.montagui_PA1_RUN1_GAM",0.662771822225644
"1648",75,"wave_fetch",3.97912156220638,"Chthamalus.montagui_allData_allRun_GAM",0.129937810409362
"1649",75,"wave_fetch",3.97912156220638,"Chthamalus.montagui_PA1_allRun_MAXENT",0
"1650",75,"wave_fetch",3.97912156220638,"Chthamalus.montagui_PA1_RUN1_RF",0.392
"1651",76,"wave_fetch",3.99698842655529,"Chthamalus.montagui_PA1_RUN1_GLM",1
"1652",76,"wave_fetch",3.99698842655529,"Chthamalus.montagui_PA1_RUN1_GAM",0.654242342787488
"1653",76,"wave_fetch",3.99698842655529,"Chthamalus.montagui_PA1_allRun_MAXENT",0
"1654",76,"wave_fetch",3.99698842655529,"Chthamalus.montagui_allData_allRun_GLM",0.0261243946400305
"1655",76,"wave_fetch",3.99698842655529,"Chthamalus.montagui_PA1_RUN1_RF",0.392
"1656",76,"wave_fetch",3.99698842655529,"Chthamalus.montagui_allData_allRun_GAM",0.128968568181551
"1657",77,"wave_fetch",4.01485529090419,"Chthamalus.montagui_PA1_RUN1_GLM",1
"1658",77,"wave_fetch",4.01485529090419,"Chthamalus.montagui_PA1_RUN1_GAM",0.645612482832322
"1659",77,"wave_fetch",4.01485529090419,"Chthamalus.montagui_PA1_allRun_MAXENT",0
"1660",77,"wave_fetch",4.01485529090419,"Chthamalus.montagui_PA1_RUN1_RF",0.396
"1661",77,"wave_fetch",4.01485529090419,"Chthamalus.montagui_allData_allRun_GLM",0.019385201407343
"1662",77,"wave_fetch",4.01485529090419,"Chthamalus.montagui_allData_allRun_GAM",0.128005492129555
"1663",78,"wave_fetch",4.03272215525309,"Chthamalus.montagui_allData_allRun_GLM",0.0138221613292964
"1664",78,"wave_fetch",4.03272215525309,"Chthamalus.montagui_PA1_RUN1_GLM",1
"1665",78,"wave_fetch",4.03272215525309,"Chthamalus.montagui_allData_allRun_GAM",0.127048558877902
"1666",78,"wave_fetch",4.03272215525309,"Chthamalus.montagui_PA1_RUN1_GAM",0.63688677495881
"1667",78,"wave_fetch",4.03272215525309,"Chthamalus.montagui_PA1_allRun_MAXENT",0
"1668",78,"wave_fetch",4.03272215525309,"Chthamalus.montagui_PA1_RUN1_RF",0.4
"1669",79,"wave_fetch",4.050589019602,"Chthamalus.montagui_PA1_RUN1_GLM",1
"1670",79,"wave_fetch",4.050589019602,"Chthamalus.montagui_PA1_RUN1_GAM",0.628069992334306
"1671",79,"wave_fetch",4.050589019602,"Chthamalus.montagui_PA1_allRun_MAXENT",0
"1672",79,"wave_fetch",4.050589019602,"Chthamalus.montagui_allData_allRun_GLM",0.00947014979737664
"1673",79,"wave_fetch",4.050589019602,"Chthamalus.montagui_PA1_RUN1_RF",0.4
"1674",79,"wave_fetch",4.050589019602,"Chthamalus.montagui_allData_allRun_GAM",0.126097744896881
"1675",80,"wave_fetch",4.0684558839509,"Chthamalus.montagui_allData_allRun_GLM",0.00623535383482091
"1676",80,"wave_fetch",4.0684558839509,"Chthamalus.montagui_PA1_RUN1_GLM",1
"1677",80,"wave_fetch",4.0684558839509,"Chthamalus.montagui_PA1_allRun_MAXENT",0
"1678",80,"wave_fetch",4.0684558839509,"Chthamalus.montagui_allData_allRun_GAM",0.125153026506995
"1679",80,"wave_fetch",4.0684558839509,"Chthamalus.montagui_PA1_RUN1_RF",0.4
"1680",80,"wave_fetch",4.0684558839509,"Chthamalus.montagui_PA1_RUN1_GAM",0.619167140584203
"1681",81,"wave_fetch",4.0863227482998,"Chthamalus.montagui_allData_allRun_GLM",0.0039461028264836
"1682",81,"wave_fetch",4.0863227482998,"Chthamalus.montagui_PA1_allRun_MAXENT",0
"1683",81,"wave_fetch",4.0863227482998,"Chthamalus.montagui_allData_allRun_GAM",0.12421437988339
"1684",81,"wave_fetch",4.0863227482998,"Chthamalus.montagui_PA1_RUN1_RF",0.394
"1685",81,"wave_fetch",4.0863227482998,"Chthamalus.montagui_PA1_RUN1_GAM",0.610183448481128
"1686",81,"wave_fetch",4.0863227482998,"Chthamalus.montagui_PA1_RUN1_GLM",1
"1687",82,"wave_fetch",4.1041896126487,"Chthamalus.montagui_PA1_RUN1_GAM",0.601124357455384
"1688",82,"wave_fetch",4.1041896126487,"Chthamalus.montagui_allData_allRun_GLM",0.00240087381276738
"1689",82,"wave_fetch",4.1041896126487,"Chthamalus.montagui_PA1_allRun_MAXENT",0
"1690",82,"wave_fetch",4.1041896126487,"Chthamalus.montagui_PA1_RUN1_GLM",1
"1691",82,"wave_fetch",4.1041896126487,"Chthamalus.montagui_PA1_RUN1_RF",0.394
"1692",82,"wave_fetch",4.1041896126487,"Chthamalus.montagui_allData_allRun_GAM",0.12328178106023
"1693",83,"wave_fetch",4.12205647699761,"Chthamalus.montagui_allData_allRun_GLM",0.00140459226611582
"1694",83,"wave_fetch",4.12205647699761,"Chthamalus.montagui_PA1_RUN1_GAM",0.591995509958291
"1695",83,"wave_fetch",4.12205647699761,"Chthamalus.montagui_PA1_RUN1_GLM",1
"1696",83,"wave_fetch",4.12205647699761,"Chthamalus.montagui_PA1_RUN1_RF",0.366
"1697",83,"wave_fetch",4.12205647699761,"Chthamalus.montagui_allData_allRun_GAM",0.122355205935042
"1698",83,"wave_fetch",4.12205647699761,"Chthamalus.montagui_PA1_allRun_MAXENT",0
"1699",84,"wave_fetch",4.13992334134651,"Chthamalus.montagui_PA1_RUN1_GLM",1
"1700",84,"wave_fetch",4.13992334134651,"Chthamalus.montagui_PA1_RUN1_RF",0.304
"1701",84,"wave_fetch",4.13992334134651,"Chthamalus.montagui_PA1_allRun_MAXENT",0
"1702",84,"wave_fetch",4.13992334134651,"Chthamalus.montagui_allData_allRun_GLM",0.000790286398068119
"1703",84,"wave_fetch",4.13992334134651,"Chthamalus.montagui_PA1_RUN1_GAM",0.582802736720197
"1704",84,"wave_fetch",4.13992334134651,"Chthamalus.montagui_allData_allRun_GAM",0.121434630273008
"1705",85,"wave_fetch",4.15779020569541,"Chthamalus.montagui_PA1_RUN1_GLM",1
"1706",85,"wave_fetch",4.15779020569541,"Chthamalus.montagui_PA1_allRun_MAXENT",0
"1707",85,"wave_fetch",4.15779020569541,"Chthamalus.montagui_PA1_RUN1_GAM",0.57355204295508
"1708",85,"wave_fetch",4.15779020569541,"Chthamalus.montagui_allData_allRun_GAM",0.120520029711219
"1709",85,"wave_fetch",4.15779020569541,"Chthamalus.montagui_PA1_RUN1_RF",0.294
"1710",85,"wave_fetch",4.15779020569541,"Chthamalus.montagui_allData_allRun_GLM",0.000427689852683936
"1711",86,"wave_fetch",4.17565707004432,"Chthamalus.montagui_PA1_RUN1_GAM",0.564249593573446
"1712",86,"wave_fetch",4.17565707004432,"Chthamalus.montagui_PA1_RUN1_RF",0.29
"1713",86,"wave_fetch",4.17565707004432,"Chthamalus.montagui_PA1_RUN1_GLM",1
"1714",86,"wave_fetch",4.17565707004432,"Chthamalus.montagui_allData_allRun_GAM",0.119611379762894
"1715",86,"wave_fetch",4.17565707004432,"Chthamalus.montagui_PA1_allRun_MAXENT",0
"1716",86,"wave_fetch",4.17565707004432,"Chthamalus.montagui_allData_allRun_GLM",0.000222650979487729
"1717",87,"wave_fetch",4.19352393439322,"Chthamalus.montagui_PA1_RUN1_GLM",1
"1718",87,"wave_fetch",4.19352393439322,"Chthamalus.montagui_PA1_allRun_MAXENT",0
"1719",87,"wave_fetch",4.19352393439322,"Chthamalus.montagui_allData_allRun_GLM",0.000111506245487209
"1720",87,"wave_fetch",4.19352393439322,"Chthamalus.montagui_PA1_RUN1_RF",0.276
"1721",87,"wave_fetch",4.19352393439322,"Chthamalus.montagui_PA1_RUN1_GAM",0.554901697474723
"1722",87,"wave_fetch",4.19352393439322,"Chthamalus.montagui_allData_allRun_GAM",0.11870865582154
"1723",88,"wave_fetch",4.21139079874212,"Chthamalus.montagui_PA1_RUN1_GAM",0.545514790999292
"1724",88,"wave_fetch",4.21139079874212,"Chthamalus.montagui_PA1_RUN1_GLM",1
"1725",88,"wave_fetch",4.21139079874212,"Chthamalus.montagui_allData_allRun_GAM",0.117811833165088
"1726",88,"wave_fetch",4.21139079874212,"Chthamalus.montagui_PA1_RUN1_RF",0.276
"1727",88,"wave_fetch",4.21139079874212,"Chthamalus.montagui_PA1_allRun_MAXENT",0
"1728",88,"wave_fetch",4.21139079874212,"Chthamalus.montagui_allData_allRun_GLM",5.37242439815669e-05
"1729",89,"wave_fetch",4.22925766309102,"Chthamalus.montagui_PA1_RUN1_GLM",1
"1730",89,"wave_fetch",4.22925766309102,"Chthamalus.montagui_PA1_RUN1_GAM",0.536095420628583
"1731",89,"wave_fetch",4.22925766309102,"Chthamalus.montagui_PA1_allRun_MAXENT",0
"1732",89,"wave_fetch",4.22925766309102,"Chthamalus.montagui_allData_allRun_GLM",2.49028224028939e-05
"1733",89,"wave_fetch",4.22925766309102,"Chthamalus.montagui_PA1_RUN1_RF",0.276
"1734",89,"wave_fetch",4.22925766309102,"Chthamalus.montagui_allData_allRun_GAM",0.116920886959972
"1735",90,"wave_fetch",4.24712452743993,"Chthamalus.montagui_PA1_RUN1_GLM",1
"1736",90,"wave_fetch",4.24712452743993,"Chthamalus.montagui_PA1_allRun_MAXENT",0
"1737",90,"wave_fetch",4.24712452743993,"Chthamalus.montagui_PA1_RUN1_RF",0.276
"1738",90,"wave_fetch",4.24712452743993,"Chthamalus.montagui_PA1_RUN1_GAM",0.526650225029213
"1739",90,"wave_fetch",4.24712452743993,"Chthamalus.montagui_allData_allRun_GAM",0.116035792265169
"1740",90,"wave_fetch",4.24712452743993,"Chthamalus.montagui_allData_allRun_GLM",1.11055487440335e-05
"1741",91,"wave_fetch",4.26499139178883,"Chthamalus.montagui_PA1_RUN1_GAM",0.517185916543788
"1742",91,"wave_fetch",4.26499139178883,"Chthamalus.montagui_allData_allRun_GAM",0.115156524036199
"1743",91,"wave_fetch",4.26499139178883,"Chthamalus.montagui_PA1_RUN1_RF",0.276
"1744",91,"wave_fetch",4.26499139178883,"Chthamalus.montagui_PA1_RUN1_GLM",1
"1745",91,"wave_fetch",4.26499139178883,"Chthamalus.montagui_PA1_allRun_MAXENT",0
"1746",91,"wave_fetch",4.26499139178883,"Chthamalus.montagui_allData_allRun_GLM",4.7648359567759e-06
"1747",92,"wave_fetch",4.28285825613773,"Chthamalus.montagui_PA1_RUN1_GLM",1
"1748",92,"wave_fetch",4.28285825613773,"Chthamalus.montagui_allData_allRun_GLM",1.96686278642472e-06
"1749",92,"wave_fetch",4.28285825613773,"Chthamalus.montagui_PA1_allRun_MAXENT",0
"1750",92,"wave_fetch",4.28285825613773,"Chthamalus.montagui_PA1_RUN1_RF",0.276
"1751",92,"wave_fetch",4.28285825613773,"Chthamalus.montagui_PA1_RUN1_GAM",0.507709262236669
"1752",92,"wave_fetch",4.28285825613773,"Chthamalus.montagui_allData_allRun_GAM",0.11428305712908
"1753",93,"wave_fetch",4.30072512048664,"Chthamalus.montagui_PA1_RUN1_GLM",1
"1754",93,"wave_fetch",4.30072512048664,"Chthamalus.montagui_PA1_RUN1_GAM",0.498227064607576
"1755",93,"wave_fetch",4.30072512048664,"Chthamalus.montagui_PA1_allRun_MAXENT",0
"1756",93,"wave_fetch",4.30072512048664,"Chthamalus.montagui_allData_allRun_GAM",0.113415366304232
"1757",93,"wave_fetch",4.30072512048664,"Chthamalus.montagui_PA1_RUN1_RF",0.276
"1758",93,"wave_fetch",4.30072512048664,"Chthamalus.montagui_allData_allRun_GLM",7.81122578238841e-07
"1759",94,"wave_fetch",4.31859198483554,"Chthamalus.montagui_PA1_RUN1_GAM",0.48874614208938
"1760",94,"wave_fetch",4.31859198483554,"Chthamalus.montagui_PA1_RUN1_GLM",1
"1761",94,"wave_fetch",4.31859198483554,"Chthamalus.montagui_PA1_RUN1_RF",0.276
"1762",94,"wave_fetch",4.31859198483554,"Chthamalus.montagui_PA1_allRun_MAXENT",0
"1763",94,"wave_fetch",4.31859198483554,"Chthamalus.montagui_allData_allRun_GLM",2.98458348519305e-07
"1764",94,"wave_fetch",4.31859198483554,"Chthamalus.montagui_allData_allRun_GAM",0.112553426230353
"1765",95,"wave_fetch",4.33645884918444,"Chthamalus.montagui_PA1_RUN1_GLM",1
"1766",95,"wave_fetch",4.33645884918444,"Chthamalus.montagui_PA1_allRun_MAXENT",0
"1767",95,"wave_fetch",4.33645884918444,"Chthamalus.montagui_PA1_RUN1_RF",0.276
"1768",95,"wave_fetch",4.33645884918444,"Chthamalus.montagui_PA1_RUN1_GAM",0.47927330944867
"1769",95,"wave_fetch",4.33645884918444,"Chthamalus.montagui_allData_allRun_GLM",1.09715468549193e-07
"1770",95,"wave_fetch",4.33645884918444,"Chthamalus.montagui_allData_allRun_GAM",0.111697211488233
"1771",96,"wave_fetch",4.35432571353334,"Chthamalus.montagui_PA1_RUN1_GAM",0.469815358208695
"1772",96,"wave_fetch",4.35432571353334,"Chthamalus.montagui_allData_allRun_GAM",0.11084669657454
"1773",96,"wave_fetch",4.35432571353334,"Chthamalus.montagui_PA1_RUN1_RF",0.276
"1774",96,"wave_fetch",4.35432571353334,"Chthamalus.montagui_PA1_RUN1_GLM",2.22044604925031e-16
"1775",96,"wave_fetch",4.35432571353334,"Chthamalus.montagui_allData_allRun_GLM",3.88035678689048e-08
"1776",96,"wave_fetch",4.35432571353334,"Chthamalus.montagui_PA1_allRun_MAXENT",0
"1777",97,"wave_fetch",4.37219257788225,"Chthamalus.montagui_PA1_RUN1_GLM",2.22044604925031e-16
"1778",97,"wave_fetch",4.37219257788225,"Chthamalus.montagui_PA1_allRun_MAXENT",0
"1779",97,"wave_fetch",4.37219257788225,"Chthamalus.montagui_PA1_RUN1_GAM",0.460379037214076
"1780",97,"wave_fetch",4.37219257788225,"Chthamalus.montagui_PA1_RUN1_RF",0.276
"1781",97,"wave_fetch",4.37219257788225,"Chthamalus.montagui_allData_allRun_GLM",1.32036850063394e-08
"1782",97,"wave_fetch",4.37219257788225,"Chthamalus.montagui_allData_allRun_GAM",0.11000185590555
"1783",98,"wave_fetch",4.39005944223115,"Chthamalus.montagui_PA1_RUN1_GLM",2.22044604925031e-16
"1784",98,"wave_fetch",4.39005944223115,"Chthamalus.montagui_PA1_RUN1_GAM",0.450971033455149
"1785",98,"wave_fetch",4.39005944223115,"Chthamalus.montagui_PA1_RUN1_RF",0.276
"1786",98,"wave_fetch",4.39005944223115,"Chthamalus.montagui_PA1_allRun_MAXENT",0
"1787",98,"wave_fetch",4.39005944223115,"Chthamalus.montagui_allData_allRun_GAM",0.109162663820843
"1788",98,"wave_fetch",4.39005944223115,"Chthamalus.montagui_allData_allRun_GLM",4.32253343501635e-09
"1789",99,"wave_fetch",4.40792630658005,"Chthamalus.montagui_PA1_RUN1_GLM",2.22044604925031e-16
"1790",99,"wave_fetch",4.40792630658005,"Chthamalus.montagui_allData_allRun_GLM",1.36144870384318e-09
"1791",99,"wave_fetch",4.40792630658005,"Chthamalus.montagui_allData_allRun_GAM",0.108329094586946
"1792",99,"wave_fetch",4.40792630658005,"Chthamalus.montagui_PA1_allRun_MAXENT",0
"1793",99,"wave_fetch",4.40792630658005,"Chthamalus.montagui_PA1_RUN1_GAM",0.441597953267151
"1794",99,"wave_fetch",4.40792630658005,"Chthamalus.montagui_PA1_RUN1_RF",0.276
"1795",100,"wave_fetch",4.42579317092896,"Chthamalus.montagui_PA1_RUN1_GLM",2.22044604925031e-16
"1796",100,"wave_fetch",4.42579317092896,"Chthamalus.montagui_allData_allRun_GAM",0.107501122400938
"1797",100,"wave_fetch",4.42579317092896,"Chthamalus.montagui_PA1_allRun_MAXENT",0
"1798",100,"wave_fetch",4.42579317092896,"Chthamalus.montagui_PA1_RUN1_GAM",0.432266304015539
"1799",100,"wave_fetch",4.42579317092896,"Chthamalus.montagui_PA1_RUN1_RF",0.276
"1800",100,"wave_fetch",4.42579317092896,"Chthamalus.montagui_allData_allRun_GLM",4.12556962992557e-10
