"","id","expl.name","expl.val","pred.name","pred.val"
"1",1,"ocean_temp",9.87024059757041,"Semibalanus.balanoides_PA1_RUN1_GAM",0.608543126430197
"2",1,"ocean_temp",9.87024059757041,"Semibalanus.balanoides_PA1_allRun_MAXENT",0.0644277
"3",1,"ocean_temp",9.87024059757041,"Semibalanus.balanoides_allData_allRun_GLM",0.549452103768161
"4",1,"ocean_temp",9.87024059757041,"Semibalanus.balanoides_PA1_RUN1_RF",0.418
"5",1,"ocean_temp",9.87024059757041,"Semibalanus.balanoides_PA1_RUN1_GLM",0.614561631840127
"6",1,"ocean_temp",9.87024059757041,"Semibalanus.balanoides_allData_allRun_GAM",0.501793917165005
"7",2,"ocean_temp",9.9024515834,"Semibalanus.balanoides_PA1_allRun_MAXENT",0.0915814
"8",2,"ocean_temp",9.9024515834,"Semibalanus.balanoides_allData_allRun_GLM",0.550302204017973
"9",2,"ocean_temp",9.9024515834,"Semibalanus.balanoides_PA1_RUN1_RF",0.418
"10",2,"ocean_temp",9.9024515834,"Semibalanus.balanoides_PA1_RUN1_GLM",0.618817342125825
"11",2,"ocean_temp",9.9024515834,"Semibalanus.balanoides_PA1_RUN1_GAM",0.611243874820979
"12",2,"ocean_temp",9.9024515834,"Semibalanus.balanoides_allData_allRun_GAM",0.503875028348161
"13",3,"ocean_temp",9.93466256922959,"Semibalanus.balanoides_PA1_RUN1_GAM",0.613937811037121
"14",3,"ocean_temp",9.93466256922959,"Semibalanus.balanoides_PA1_RUN1_GLM",0.623026130358883
"15",3,"ocean_temp",9.93466256922959,"Semibalanus.balanoides_PA1_RUN1_RF",0.418
"16",3,"ocean_temp",9.93466256922959,"Semibalanus.balanoides_PA1_allRun_MAXENT",0.129362
"17",3,"ocean_temp",9.93466256922959,"Semibalanus.balanoides_allData_allRun_GLM",0.551170918847455
"18",3,"ocean_temp",9.93466256922959,"Semibalanus.balanoides_allData_allRun_GAM",0.505956005269197
"19",4,"ocean_temp",9.96687355505918,"Semibalanus.balanoides_PA1_RUN1_GLM",0.627187815530553
"20",4,"ocean_temp",9.96687355505918,"Semibalanus.balanoides_PA1_RUN1_GAM",0.616624787922849
"21",4,"ocean_temp",9.96687355505918,"Semibalanus.balanoides_PA1_allRun_MAXENT",0.1811
"22",4,"ocean_temp",9.96687355505918,"Semibalanus.balanoides_allData_allRun_GLM",0.552058222854611
"23",4,"ocean_temp",9.96687355505918,"Semibalanus.balanoides_PA1_RUN1_RF",0.418
"24",4,"ocean_temp",9.96687355505918,"Semibalanus.balanoides_allData_allRun_GAM",0.508036775843229
"25",5,"ocean_temp",9.99908454088876,"Semibalanus.balanoides_PA1_RUN1_RF",0.418
"26",5,"ocean_temp",9.99908454088876,"Semibalanus.balanoides_PA1_RUN1_GAM",0.619304659976063
"27",5,"ocean_temp",9.99908454088876,"Semibalanus.balanoides_allData_allRun_GAM",0.51011726801399
"28",5,"ocean_temp",9.99908454088876,"Semibalanus.balanoides_PA1_allRun_MAXENT",0.250354
"29",5,"ocean_temp",9.99908454088876,"Semibalanus.balanoides_PA1_RUN1_GLM",0.631302247045954
"30",5,"ocean_temp",9.99908454088876,"Semibalanus.balanoides_allData_allRun_GLM",0.552964089504028
"31",6,"ocean_temp",10.0312955267183,"Semibalanus.balanoides_PA1_RUN1_GLM",0.635369303846926
"32",6,"ocean_temp",10.0312955267183,"Semibalanus.balanoides_PA1_RUN1_GAM",0.621977283376109
"33",6,"ocean_temp",10.0312955267183,"Semibalanus.balanoides_allData_allRun_GLM",0.553888491097451
"34",6,"ocean_temp",10.0312955267183,"Semibalanus.balanoides_PA1_allRun_MAXENT",0.340051
"35",6,"ocean_temp",10.0312955267183,"Semibalanus.balanoides_PA1_RUN1_RF",0.418
"36",6,"ocean_temp",10.0312955267183,"Semibalanus.balanoides_allData_allRun_GAM",0.512197409763763
"37",7,"ocean_temp",10.0635065125479,"Semibalanus.balanoides_PA1_RUN1_GLM",0.639388893525838
"38",7,"ocean_temp",10.0635065125479,"Semibalanus.balanoides_PA1_RUN1_GAM",0.624642516010708
"39",7,"ocean_temp",10.0635065125479,"Semibalanus.balanoides_PA1_RUN1_RF",0.418
"40",7,"ocean_temp",10.0635065125479,"Semibalanus.balanoides_PA1_allRun_MAXENT",0.450852
"41",7,"ocean_temp",10.0635065125479,"Semibalanus.balanoides_allData_allRun_GAM",0.514277129123366
"42",7,"ocean_temp",10.0635065125479,"Semibalanus.balanoides_allData_allRun_GLM",0.554831398740179
"43",8,"ocean_temp",10.0957174983775,"Semibalanus.balanoides_PA1_RUN1_GAM",0.627300217502119
"44",8,"ocean_temp",10.0957174983775,"Semibalanus.balanoides_PA1_allRun_MAXENT",0.578726
"45",8,"ocean_temp",10.0957174983775,"Semibalanus.balanoides_PA1_RUN1_GLM",0.643360951431935
"46",8,"ocean_temp",10.0957174983775,"Semibalanus.balanoides_PA1_RUN1_RF",0.418
"47",8,"ocean_temp",10.0957174983775,"Semibalanus.balanoides_allData_allRun_GLM",0.555792782296094
"48",8,"ocean_temp",10.0957174983775,"Semibalanus.balanoides_allData_allRun_GAM",0.51635635418213
"49",9,"ocean_temp",10.1279284842071,"Semibalanus.balanoides_PA1_RUN1_GLM",0.647285439772218
"50",9,"ocean_temp",10.1279284842071,"Semibalanus.balanoides_allData_allRun_GLM",0.556772610356546
"51",9,"ocean_temp",10.1279284842071,"Semibalanus.balanoides_PA1_allRun_MAXENT",0.712576
"52",9,"ocean_temp",10.1279284842071,"Semibalanus.balanoides_PA1_RUN1_RF",0.418
"53",9,"ocean_temp",10.1279284842071,"Semibalanus.balanoides_PA1_RUN1_GAM",0.629950249232405
"54",9,"ocean_temp",10.1279284842071,"Semibalanus.balanoides_allData_allRun_GAM",0.518435013097789
"55",10,"ocean_temp",10.1601394700367,"Semibalanus.balanoides_PA1_RUN1_GAM",0.632592474367891
"56",10,"ocean_temp",10.1601394700367,"Semibalanus.balanoides_PA1_RUN1_RF",0.418
"57",10,"ocean_temp",10.1601394700367,"Semibalanus.balanoides_allData_allRun_GAM",0.520513034106422
"58",10,"ocean_temp",10.1601394700367,"Semibalanus.balanoides_PA1_allRun_MAXENT",0.834401
"59",10,"ocean_temp",10.1601394700367,"Semibalanus.balanoides_PA1_RUN1_GLM",0.651162346708279
"60",10,"ocean_temp",10.1601394700367,"Semibalanus.balanoides_allData_allRun_GLM",0.557770850199692
"61",11,"ocean_temp",10.1923504558663,"Semibalanus.balanoides_PA1_RUN1_GAM",0.635226757882767
"62",11,"ocean_temp",10.1923504558663,"Semibalanus.balanoides_PA1_RUN1_GLM",0.654991685453687
"63",11,"ocean_temp",10.1923504558663,"Semibalanus.balanoides_allData_allRun_GLM",0.55878746775652
"64",11,"ocean_temp",10.1923504558663,"Semibalanus.balanoides_PA1_allRun_MAXENT",0.925239
"65",11,"ocean_temp",10.1923504558663,"Semibalanus.balanoides_PA1_RUN1_RF",0.418
"66",11,"ocean_temp",10.1923504558663,"Semibalanus.balanoides_allData_allRun_GAM",0.522590345532335
"67",12,"ocean_temp",10.2245614416959,"Semibalanus.balanoides_PA1_RUN1_GLM",0.6587734933704
"68",12,"ocean_temp",10.2245614416959,"Semibalanus.balanoides_PA1_allRun_MAXENT",0.976256
"69",12,"ocean_temp",10.2245614416959,"Semibalanus.balanoides_PA1_RUN1_GAM",0.637852966581843
"70",12,"ocean_temp",10.2245614416959,"Semibalanus.balanoides_PA1_RUN1_RF",0.418
"71",12,"ocean_temp",10.2245614416959,"Semibalanus.balanoides_allData_allRun_GLM",0.559822427563806
"72",12,"ocean_temp",10.2245614416959,"Semibalanus.balanoides_allData_allRun_GAM",0.524666875797953
"73",13,"ocean_temp",10.2567724275255,"Semibalanus.balanoides_PA1_RUN1_GAM",0.640470969122443
"74",13,"ocean_temp",10.2567724275255,"Semibalanus.balanoides_PA1_RUN1_RF",0.418
"75",13,"ocean_temp",10.2567724275255,"Semibalanus.balanoides_PA1_allRun_MAXENT",0.995459
"76",13,"ocean_temp",10.2567724275255,"Semibalanus.balanoides_PA1_RUN1_GLM",0.662507831067992
"77",13,"ocean_temp",10.2567724275255,"Semibalanus.balanoides_allData_allRun_GAM",0.526742553433613
"78",13,"ocean_temp",10.2567724275255,"Semibalanus.balanoides_allData_allRun_GLM",0.560875692730946
"79",14,"ocean_temp",10.288983413355,"Semibalanus.balanoides_PA1_RUN1_GLM",0.666194781508289
"80",14,"ocean_temp",10.288983413355,"Semibalanus.balanoides_allData_allRun_GLM",0.561947224898268
"81",14,"ocean_temp",10.288983413355,"Semibalanus.balanoides_PA1_allRun_MAXENT",0.999582
"82",14,"ocean_temp",10.288983413355,"Semibalanus.balanoides_PA1_RUN1_GAM",0.643080636035446
"83",14,"ocean_temp",10.288983413355,"Semibalanus.balanoides_PA1_RUN1_RF",0.418
"84",14,"ocean_temp",10.288983413355,"Semibalanus.balanoides_allData_allRun_GAM",0.528817307087392
"85",15,"ocean_temp",10.3211943991846,"Semibalanus.balanoides_PA1_RUN1_GAM",0.645681839745429
"86",15,"ocean_temp",10.3211943991846,"Semibalanus.balanoides_PA1_RUN1_RF",0.424
"87",15,"ocean_temp",10.3211943991846,"Semibalanus.balanoides_PA1_RUN1_GLM",0.669834449114026
"88",15,"ocean_temp",10.3211943991846,"Semibalanus.balanoides_allData_allRun_GAM",0.530891065534903
"89",15,"ocean_temp",10.3211943991846,"Semibalanus.balanoides_PA1_allRun_MAXENT",0.999987
"90",15,"ocean_temp",10.3211943991846,"Semibalanus.balanoides_allData_allRun_GLM",0.563036984197579
"91",16,"ocean_temp",10.3534053850142,"Semibalanus.balanoides_PA1_RUN1_GAM",0.648274454590006
"92",16,"ocean_temp",10.3534053850142,"Semibalanus.balanoides_PA1_allRun_MAXENT",1
"93",16,"ocean_temp",10.3534053850142,"Semibalanus.balanoides_PA1_RUN1_GLM",0.673426958886089
"94",16,"ocean_temp",10.3534053850142,"Semibalanus.balanoides_allData_allRun_GLM",0.564144929208728
"95",16,"ocean_temp",10.3534053850142,"Semibalanus.balanoides_PA1_RUN1_RF",0.518
"96",16,"ocean_temp",10.3534053850142,"Semibalanus.balanoides_allData_allRun_GAM",0.532963757688979
"97",17,"ocean_temp",10.3856163708438,"Semibalanus.balanoides_PA1_RUN1_GLM",0.676972455528557
"98",17,"ocean_temp",10.3856163708438,"Semibalanus.balanoides_allData_allRun_GLM",0.565271016921145
"99",17,"ocean_temp",10.3856163708438,"Semibalanus.balanoides_PA1_RUN1_GAM",0.650858356838234
"100",17,"ocean_temp",10.3856163708438,"Semibalanus.balanoides_PA1_RUN1_RF",0.548
"101",17,"ocean_temp",10.3856163708438,"Semibalanus.balanoides_PA1_allRun_MAXENT",1
"102",17,"ocean_temp",10.3856163708438,"Semibalanus.balanoides_allData_allRun_GAM",0.535035312609401
"103",18,"ocean_temp",10.4178273566734,"Semibalanus.balanoides_PA1_RUN1_RF",0.544
"104",18,"ocean_temp",10.4178273566734,"Semibalanus.balanoides_PA1_RUN1_GLM",0.680471102583954
"105",18,"ocean_temp",10.4178273566734,"Semibalanus.balanoides_PA1_allRun_MAXENT",1
"106",18,"ocean_temp",10.4178273566734,"Semibalanus.balanoides_allData_allRun_GAM",0.537105659512533
"107",18,"ocean_temp",10.4178273566734,"Semibalanus.balanoides_allData_allRun_GLM",0.566415202692316
"108",18,"ocean_temp",10.4178273566734,"Semibalanus.balanoides_PA1_RUN1_GAM",0.653433424708179
"109",19,"ocean_temp",10.450038342503,"Semibalanus.balanoides_PA1_RUN1_GLM",0.683923081579779
"110",19,"ocean_temp",10.450038342503,"Semibalanus.balanoides_PA1_allRun_MAXENT",1
"111",19,"ocean_temp",10.450038342503,"Semibalanus.balanoides_allData_allRun_GAM",0.539174727780954
"112",19,"ocean_temp",10.450038342503,"Semibalanus.balanoides_PA1_RUN1_RF",0.544
"113",19,"ocean_temp",10.450038342503,"Semibalanus.balanoides_PA1_RUN1_GAM",0.655999538383597
"114",19,"ocean_temp",10.450038342503,"Semibalanus.balanoides_allData_allRun_GLM",0.567577440203244
"115",20,"ocean_temp",10.4822493283326,"Semibalanus.balanoides_allData_allRun_GAM",0.541242446972971
"116",20,"ocean_temp",10.4822493283326,"Semibalanus.balanoides_allData_allRun_GLM",0.568757681418945
"117",20,"ocean_temp",10.4822493283326,"Semibalanus.balanoides_PA1_allRun_MAXENT",1
"118",20,"ocean_temp",10.4822493283326,"Semibalanus.balanoides_PA1_RUN1_GLM",0.687328591187075
"119",20,"ocean_temp",10.4822493283326,"Semibalanus.balanoides_PA1_RUN1_RF",0.552
"120",20,"ocean_temp",10.4822493283326,"Semibalanus.balanoides_PA1_RUN1_GAM",0.658556580029756
"121",21,"ocean_temp",10.5144603141622,"Semibalanus.balanoides_allData_allRun_GLM",0.569955876545073
"122",21,"ocean_temp",10.5144603141622,"Semibalanus.balanoides_PA1_allRun_MAXENT",1
"123",21,"ocean_temp",10.5144603141622,"Semibalanus.balanoides_PA1_RUN1_GLM",0.690687846391368
"124",21,"ocean_temp",10.5144603141622,"Semibalanus.balanoides_PA1_RUN1_RF",0.582
"125",21,"ocean_temp",10.5144603141622,"Semibalanus.balanoides_allData_allRun_GAM",0.543308746832157
"126",21,"ocean_temp",10.5144603141622,"Semibalanus.balanoides_PA1_RUN1_GAM",0.661104433808365
"127",22,"ocean_temp",10.5466712999918,"Semibalanus.balanoides_PA1_RUN1_GLM",0.694001077679296
"128",22,"ocean_temp",10.5466712999918,"Semibalanus.balanoides_PA1_allRun_MAXENT",1
"129",22,"ocean_temp",10.5466712999918,"Semibalanus.balanoides_PA1_RUN1_GAM",0.663642985891648
"130",22,"ocean_temp",10.5466712999918,"Semibalanus.balanoides_PA1_RUN1_RF",0.588
"131",22,"ocean_temp",10.5466712999918,"Semibalanus.balanoides_allData_allRun_GLM",0.571171973986071
"132",22,"ocean_temp",10.5466712999918,"Semibalanus.balanoides_allData_allRun_GAM",0.545373557296784
"133",23,"ocean_temp",10.5788822858213,"Semibalanus.balanoides_PA1_allRun_MAXENT",1
"134",23,"ocean_temp",10.5788822858213,"Semibalanus.balanoides_PA1_RUN1_RF",0.588
"135",23,"ocean_temp",10.5788822858213,"Semibalanus.balanoides_allData_allRun_GLM",0.572405920299509
"136",23,"ocean_temp",10.5788822858213,"Semibalanus.balanoides_PA1_RUN1_GLM",0.697268530238417
"137",23,"ocean_temp",10.5788822858213,"Semibalanus.balanoides_allData_allRun_GAM",0.547436808509248
"138",23,"ocean_temp",10.5788822858213,"Semibalanus.balanoides_PA1_RUN1_GAM",0.666172124475543
"139",24,"ocean_temp",10.6110932716509,"Semibalanus.balanoides_PA1_RUN1_GLM",0.700490463173369
"140",24,"ocean_temp",10.6110932716509,"Semibalanus.balanoides_PA1_RUN1_GAM",0.668691739792003
"141",24,"ocean_temp",10.6110932716509,"Semibalanus.balanoides_PA1_allRun_MAXENT",1
"142",24,"ocean_temp",10.6110932716509,"Semibalanus.balanoides_PA1_RUN1_RF",0.53
"143",24,"ocean_temp",10.6110932716509,"Semibalanus.balanoides_allData_allRun_GLM",0.573657660155565
"144",24,"ocean_temp",10.6110932716509,"Semibalanus.balanoides_allData_allRun_GAM",0.549498430825361
"145",25,"ocean_temp",10.6433042574805,"Semibalanus.balanoides_PA1_RUN1_GLM",0.703667148738314
"146",25,"ocean_temp",10.6433042574805,"Semibalanus.balanoides_PA1_allRun_MAXENT",1
"147",25,"ocean_temp",10.6433042574805,"Semibalanus.balanoides_PA1_RUN1_GAM",0.671201724120496
"148",25,"ocean_temp",10.6433042574805,"Semibalanus.balanoides_PA1_RUN1_RF",0.514
"149",25,"ocean_temp",10.6433042574805,"Semibalanus.balanoides_allData_allRun_GLM",0.574927136292759
"150",25,"ocean_temp",10.6433042574805,"Semibalanus.balanoides_allData_allRun_GAM",0.551558354823648
"151",26,"ocean_temp",10.6755152433101,"Semibalanus.balanoides_PA1_allRun_MAXENT",1
"152",26,"ocean_temp",10.6755152433101,"Semibalanus.balanoides_PA1_RUN1_RF",0.516
"153",26,"ocean_temp",10.6755152433101,"Semibalanus.balanoides_PA1_RUN1_GLM",0.706798871586046
"154",26,"ocean_temp",10.6755152433101,"Semibalanus.balanoides_allData_allRun_GLM",0.576214289475316
"155",26,"ocean_temp",10.6755152433101,"Semibalanus.balanoides_PA1_RUN1_GAM",0.673701971798577
"156",26,"ocean_temp",10.6755152433101,"Semibalanus.balanoides_allData_allRun_GAM",0.553616511314577
"157",27,"ocean_temp",10.7077262291397,"Semibalanus.balanoides_PA1_allRun_MAXENT",1
"158",27,"ocean_temp",10.7077262291397,"Semibalanus.balanoides_PA1_RUN1_GLM",0.709885928033694
"159",27,"ocean_temp",10.7077262291397,"Semibalanus.balanoides_PA1_RUN1_RF",0.494
"160",27,"ocean_temp",10.7077262291397,"Semibalanus.balanoides_PA1_RUN1_GAM",0.67619237923163
"161",27,"ocean_temp",10.7077262291397,"Semibalanus.balanoides_allData_allRun_GLM",0.577519058447748
"162",27,"ocean_temp",10.7077262291397,"Semibalanus.balanoides_allData_allRun_GAM",0.555672831349658
"163",28,"ocean_temp",10.7399372149693,"Semibalanus.balanoides_PA1_RUN1_GLM",0.712928625347309
"164",28,"ocean_temp",10.7399372149693,"Semibalanus.balanoides_PA1_allRun_MAXENT",1
"165",28,"ocean_temp",10.7399372149693,"Semibalanus.balanoides_PA1_RUN1_GAM",0.678672844901749
"166",28,"ocean_temp",10.7399372149693,"Semibalanus.balanoides_PA1_RUN1_RF",0.484
"167",28,"ocean_temp",10.7399372149693,"Semibalanus.balanoides_allData_allRun_GLM",0.578841379890239
"168",28,"ocean_temp",10.7399372149693,"Semibalanus.balanoides_allData_allRun_GAM",0.557727246230545
"169",29,"ocean_temp",10.7721482007989,"Semibalanus.balanoides_PA1_RUN1_GLM",0.715927281043244
"170",29,"ocean_temp",10.7721482007989,"Semibalanus.balanoides_PA1_allRun_MAXENT",0.999999
"171",29,"ocean_temp",10.7721482007989,"Semibalanus.balanoides_PA1_RUN1_GAM",0.681143269375774
"172",29,"ocean_temp",10.7721482007989,"Semibalanus.balanoides_PA1_RUN1_RF",0.482
"173",29,"ocean_temp",10.7721482007989,"Semibalanus.balanoides_allData_allRun_GLM",0.5801811883802
"174",29,"ocean_temp",10.7721482007989,"Semibalanus.balanoides_allData_allRun_GAM",0.559779687518025
"175",30,"ocean_temp",10.8043591866285,"Semibalanus.balanoides_PA1_allRun_MAXENT",0.999983
"176",30,"ocean_temp",10.8043591866285,"Semibalanus.balanoides_PA1_RUN1_RF",0.464
"177",30,"ocean_temp",10.8043591866285,"Semibalanus.balanoides_PA1_RUN1_GAM",0.68360355531247
"178",30,"ocean_temp",10.8043591866285,"Semibalanus.balanoides_allData_allRun_GLM",0.581538416342255
"179",30,"ocean_temp",10.8043591866285,"Semibalanus.balanoides_PA1_RUN1_GLM",0.718882222209041
"180",30,"ocean_temp",10.8043591866285,"Semibalanus.balanoides_allData_allRun_GAM",0.561830087040968
"181",31,"ocean_temp",10.836570172458,"Semibalanus.balanoides_PA1_allRun_MAXENT",0.999861
"182",31,"ocean_temp",10.836570172458,"Semibalanus.balanoides_PA1_RUN1_GLM",0.72179378484171
"183",31,"ocean_temp",10.836570172458,"Semibalanus.balanoides_PA1_RUN1_RF",0.458
"184",31,"ocean_temp",10.836570172458,"Semibalanus.balanoides_PA1_RUN1_GAM",0.686053607468886
"185",31,"ocean_temp",10.836570172458,"Semibalanus.balanoides_allData_allRun_GAM",0.563878376905141
"186",31,"ocean_temp",10.836570172458,"Semibalanus.balanoides_allData_allRun_GLM",0.582912994008025
"187",32,"ocean_temp",10.8687811582876,"Semibalanus.balanoides_PA1_RUN1_GLM",0.724662313204896
"188",32,"ocean_temp",10.8687811582876,"Semibalanus.balanoides_PA1_allRun_MAXENT",0.99924
"189",32,"ocean_temp",10.8687811582876,"Semibalanus.balanoides_PA1_RUN1_GAM",0.688493332705841
"190",32,"ocean_temp",10.8687811582876,"Semibalanus.balanoides_PA1_RUN1_RF",0.46
"191",32,"ocean_temp",10.8687811582876,"Semibalanus.balanoides_allData_allRun_GLM",0.584304849371519
"192",32,"ocean_temp",10.8687811582876,"Semibalanus.balanoides_allData_allRun_GAM",0.565924489501993
"193",33,"ocean_temp",10.9009921441172,"Semibalanus.balanoides_PA1_RUN1_GLM",0.727488159205924
"194",33,"ocean_temp",10.9009921441172,"Semibalanus.balanoides_PA1_allRun_MAXENT",0.996997
"195",33,"ocean_temp",10.9009921441172,"Semibalanus.balanoides_PA1_RUN1_GAM",0.690922639992649
"196",33,"ocean_temp",10.9009921441172,"Semibalanus.balanoides_PA1_RUN1_RF",0.456
"197",33,"ocean_temp",10.9009921441172,"Semibalanus.balanoides_allData_allRun_GLM",0.585713908146402
"198",33,"ocean_temp",10.9009921441172,"Semibalanus.balanoides_allData_allRun_GAM",0.567968357517373
"199",34,"ocean_temp",10.9332031299468,"Semibalanus.balanoides_PA1_allRun_MAXENT",0.990878
"200",34,"ocean_temp",10.9332031299468,"Semibalanus.balanoides_PA1_RUN1_GLM",0.730271681790227
"201",34,"ocean_temp",10.9332031299468,"Semibalanus.balanoides_PA1_RUN1_RF",0.456
"202",34,"ocean_temp",10.9332031299468,"Semibalanus.balanoides_PA1_RUN1_GAM",0.69334144041096
"203",34,"ocean_temp",10.9332031299468,"Semibalanus.balanoides_allData_allRun_GLM",0.587140093720735
"204",34,"ocean_temp",10.9332031299468,"Semibalanus.balanoides_allData_allRun_GAM",0.570009913940087
"205",35,"ocean_temp",10.9654141157764,"Semibalanus.balanoides_PA1_allRun_MAXENT",0.977595
"206",35,"ocean_temp",10.9654141157764,"Semibalanus.balanoides_PA1_RUN1_RF",0.458
"207",35,"ocean_temp",10.9654141157764,"Semibalanus.balanoides_PA1_RUN1_GLM",0.73301324635539
"208",35,"ocean_temp",10.9654141157764,"Semibalanus.balanoides_allData_allRun_GLM",0.588583327112788
"209",35,"ocean_temp",10.9654141157764,"Semibalanus.balanoides_PA1_RUN1_GAM",0.695749647157825
"210",35,"ocean_temp",10.9654141157764,"Semibalanus.balanoides_allData_allRun_GAM",0.572049092070447
"211",36,"ocean_temp",10.997625101606,"Semibalanus.balanoides_PA1_RUN1_GLM",0.735713224184094
"212",36,"ocean_temp",10.997625101606,"Semibalanus.balanoides_PA1_allRun_MAXENT",0.953671
"213",36,"ocean_temp",10.997625101606,"Semibalanus.balanoides_PA1_RUN1_GAM",0.69814717554795
"214",36,"ocean_temp",10.997625101606,"Semibalanus.balanoides_PA1_RUN1_RF",0.462
"215",36,"ocean_temp",10.997625101606,"Semibalanus.balanoides_allData_allRun_GLM",0.590043526933233
"216",36,"ocean_temp",10.997625101606,"Semibalanus.balanoides_allData_allRun_GAM",0.57408582552869
"217",37,"ocean_temp",11.0298360874356,"Semibalanus.balanoides_PA1_RUN1_GLM",0.738371991895741
"218",37,"ocean_temp",11.0298360874356,"Semibalanus.balanoides_PA1_RUN1_GAM",0.700533943015155
"219",37,"ocean_temp",11.0298360874356,"Semibalanus.balanoides_PA1_allRun_MAXENT",0.919423
"220",37,"ocean_temp",11.0298360874356,"Semibalanus.balanoides_PA1_RUN1_RF",0.46
"221",37,"ocean_temp",11.0298360874356,"Semibalanus.balanoides_allData_allRun_GLM",0.591520609336129
"222",37,"ocean_temp",11.0298360874356,"Semibalanus.balanoides_allData_allRun_GAM",0.576120048263345
"223",38,"ocean_temp",11.0620470732652,"Semibalanus.balanoides_PA1_allRun_MAXENT",0.92618
"224",38,"ocean_temp",11.0620470732652,"Semibalanus.balanoides_PA1_RUN1_GLM",0.740989930916014
"225",38,"ocean_temp",11.0620470732652,"Semibalanus.balanoides_PA1_RUN1_RF",0.454
"226",38,"ocean_temp",11.0620470732652,"Semibalanus.balanoides_PA1_RUN1_GAM",0.702909869113043
"227",38,"ocean_temp",11.0620470732652,"Semibalanus.balanoides_allData_allRun_GLM",0.593014487979909
"228",38,"ocean_temp",11.0620470732652,"Semibalanus.balanoides_allData_allRun_GAM",0.578151694559439
"229",39,"ocean_temp",11.0942580590947,"Semibalanus.balanoides_PA1_allRun_MAXENT",0.934391
"230",39,"ocean_temp",11.0942580590947,"Semibalanus.balanoides_PA1_RUN1_RF",0.454
"231",39,"ocean_temp",11.0942580590947,"Semibalanus.balanoides_allData_allRun_GLM",0.594525073984301
"232",39,"ocean_temp",11.0942580590947,"Semibalanus.balanoides_PA1_RUN1_GLM",0.743567426966542
"233",39,"ocean_temp",11.0942580590947,"Semibalanus.balanoides_allData_allRun_GAM",0.580180699046679
"234",39,"ocean_temp",11.0942580590947,"Semibalanus.balanoides_PA1_RUN1_GAM",0.705274875514913
"235",40,"ocean_temp",11.1264690449243,"Semibalanus.balanoides_allData_allRun_GLM",0.596052275889396
"236",40,"ocean_temp",11.1264690449243,"Semibalanus.balanoides_PA1_RUN1_GLM",0.746104869570945
"237",40,"ocean_temp",11.1264690449243,"Semibalanus.balanoides_PA1_allRun_MAXENT",0.941999
"238",40,"ocean_temp",11.1264690449243,"Semibalanus.balanoides_allData_allRun_GAM",0.582206996707495
"239",40,"ocean_temp",11.1264690449243,"Semibalanus.balanoides_PA1_RUN1_RF",0.47
"240",40,"ocean_temp",11.1264690449243,"Semibalanus.balanoides_PA1_RUN1_GAM",0.70762888601286
"241",41,"ocean_temp",11.1586800307539,"Semibalanus.balanoides_allData_allRun_GLM",0.597595999612521
"242",41,"ocean_temp",11.1586800307539,"Semibalanus.balanoides_allData_allRun_GAM",0.584230522885023
"243",41,"ocean_temp",11.1586800307539,"Semibalanus.balanoides_PA1_RUN1_GAM",0.709971826516189
"244",41,"ocean_temp",11.1586800307539,"Semibalanus.balanoides_PA1_RUN1_GLM",0.748602651580586
"245",41,"ocean_temp",11.1586800307539,"Semibalanus.balanoides_PA1_allRun_MAXENT",0.94901
"246",41,"ocean_temp",11.1586800307539,"Semibalanus.balanoides_PA1_RUN1_RF",0.46
"247",42,"ocean_temp",11.1908910165835,"Semibalanus.balanoides_PA1_RUN1_GAM",0.712303625049024
"248",42,"ocean_temp",11.1908910165835,"Semibalanus.balanoides_allData_allRun_GLM",0.59915614840735
"249",42,"ocean_temp",11.1908910165835,"Semibalanus.balanoides_PA1_allRun_MAXENT",0.955434
"250",42,"ocean_temp",11.1908910165835,"Semibalanus.balanoides_PA1_RUN1_GLM",0.751061168717505
"251",42,"ocean_temp",11.1908910165835,"Semibalanus.balanoides_PA1_RUN1_RF",0.466
"252",42,"ocean_temp",11.1908910165835,"Semibalanus.balanoides_allData_allRun_GAM",0.586251213290925
"253",43,"ocean_temp",11.2231020024131,"Semibalanus.balanoides_PA1_RUN1_GAM",0.714624211747206
"254",43,"ocean_temp",11.2231020024131,"Semibalanus.balanoides_PA1_RUN1_RF",0.454
"255",43,"ocean_temp",11.2231020024131,"Semibalanus.balanoides_PA1_RUN1_GLM",0.753480819134806
"256",43,"ocean_temp",11.2231020024131,"Semibalanus.balanoides_PA1_allRun_MAXENT",0.961286
"257",43,"ocean_temp",11.2231020024131,"Semibalanus.balanoides_allData_allRun_GLM",0.60073262282442
"258",43,"ocean_temp",11.2231020024131,"Semibalanus.balanoides_allData_allRun_GAM",0.588269004013161
"259",44,"ocean_temp",11.2553129882427,"Semibalanus.balanoides_PA1_allRun_MAXENT",0.966582
"260",44,"ocean_temp",11.2553129882427,"Semibalanus.balanoides_PA1_RUN1_GAM",0.71693351885447
"261",44,"ocean_temp",11.2553129882427,"Semibalanus.balanoides_PA1_RUN1_GLM",0.755862002995004
"262",44,"ocean_temp",11.2553129882427,"Semibalanus.balanoides_allData_allRun_GLM",0.602325320673966
"263",44,"ocean_temp",11.2553129882427,"Semibalanus.balanoides_PA1_RUN1_RF",0.452
"264",44,"ocean_temp",11.2553129882427,"Semibalanus.balanoides_allData_allRun_GAM",0.590283831523661
"265",45,"ocean_temp",11.2875239740723,"Semibalanus.balanoides_PA1_RUN1_GLM",0.75820512206481
"266",45,"ocean_temp",11.2875239740723,"Semibalanus.balanoides_PA1_RUN1_GAM",0.719231480717903
"267",45,"ocean_temp",11.2875239740723,"Semibalanus.balanoides_allData_allRun_GAM",0.592295632685828
"268",45,"ocean_temp",11.2875239740723,"Semibalanus.balanoides_PA1_RUN1_RF",0.45
"269",45,"ocean_temp",11.2875239740723,"Semibalanus.balanoides_PA1_allRun_MAXENT",0.971346
"270",45,"ocean_temp",11.2875239740723,"Semibalanus.balanoides_allData_allRun_GLM",0.603934136982387
"271",46,"ocean_temp",11.3197349599019,"Semibalanus.balanoides_PA1_RUN1_GAM",0.721518033782709
"272",46,"ocean_temp",11.3197349599019,"Semibalanus.balanoides_PA1_RUN1_GLM",0.760510579326911
"273",46,"ocean_temp",11.3197349599019,"Semibalanus.balanoides_PA1_allRun_MAXENT",0.9756
"274",46,"ocean_temp",11.3197349599019,"Semibalanus.balanoides_PA1_RUN1_RF",0.418
"275",46,"ocean_temp",11.3197349599019,"Semibalanus.balanoides_allData_allRun_GLM",0.605558963953784
"276",46,"ocean_temp",11.3197349599019,"Semibalanus.balanoides_allData_allRun_GAM",0.594304344762004
"277",47,"ocean_temp",11.3519459457314,"Semibalanus.balanoides_PA1_RUN1_GLM",0.762778778608313
"278",47,"ocean_temp",11.3519459457314,"Semibalanus.balanoides_PA1_allRun_MAXENT",0.979374
"279",47,"ocean_temp",11.3519459457314,"Semibalanus.balanoides_PA1_RUN1_GAM",0.723793116586283
"280",47,"ocean_temp",11.3519459457314,"Semibalanus.balanoides_allData_allRun_GLM",0.607199690937425
"281",47,"ocean_temp",11.3519459457314,"Semibalanus.balanoides_PA1_RUN1_RF",0.376
"282",47,"ocean_temp",11.3519459457314,"Semibalanus.balanoides_allData_allRun_GAM",0.596309905420776
"283",48,"ocean_temp",11.384156931561,"Semibalanus.balanoides_PA1_RUN1_GAM",0.726056669751612
"284",48,"ocean_temp",11.384156931561,"Semibalanus.balanoides_PA1_RUN1_RF",0.376
"285",48,"ocean_temp",11.384156931561,"Semibalanus.balanoides_PA1_RUN1_GLM",0.765010124224644
"286",48,"ocean_temp",11.384156931561,"Semibalanus.balanoides_PA1_allRun_MAXENT",0.982696
"287",48,"ocean_temp",11.384156931561,"Semibalanus.balanoides_allData_allRun_GAM",0.598312252744228
"288",48,"ocean_temp",11.384156931561,"Semibalanus.balanoides_allData_allRun_GLM",0.608856204384688
"289",49,"ocean_temp",11.4163679173906,"Semibalanus.balanoides_PA1_RUN1_GLM",0.767205020639501
"290",49,"ocean_temp",11.4163679173906,"Semibalanus.balanoides_PA1_allRun_MAXENT",0.985597
"291",49,"ocean_temp",11.4163679173906,"Semibalanus.balanoides_allData_allRun_GLM",0.610528387817263
"292",49,"ocean_temp",11.4163679173906,"Semibalanus.balanoides_PA1_RUN1_GAM",0.728308635979995
"293",49,"ocean_temp",11.4163679173906,"Semibalanus.balanoides_allData_allRun_GAM",0.600311325234993
"294",49,"ocean_temp",11.4163679173906,"Semibalanus.balanoides_PA1_RUN1_RF",0.374
"295",50,"ocean_temp",11.4485789032202,"Semibalanus.balanoides_PA1_RUN1_GLM",0.769363872140514
"296",50,"ocean_temp",11.4485789032202,"Semibalanus.balanoides_PA1_RUN1_GAM",0.730548960043161
"297",50,"ocean_temp",11.4485789032202,"Semibalanus.balanoides_PA1_RUN1_RF",0.374
"298",50,"ocean_temp",11.4485789032202,"Semibalanus.balanoides_allData_allRun_GAM",0.602307061823267
"299",50,"ocean_temp",11.4485789032202,"Semibalanus.balanoides_PA1_allRun_MAXENT",0.988112
"300",50,"ocean_temp",11.4485789032202,"Semibalanus.balanoides_allData_allRun_GLM",0.612216121787575
"301",51,"ocean_temp",11.4807898890498,"Semibalanus.balanoides_PA1_RUN1_GAM",0.732777588774697
"302",51,"ocean_temp",11.4807898890498,"Semibalanus.balanoides_PA1_RUN1_RF",0.372
"303",51,"ocean_temp",11.4807898890498,"Semibalanus.balanoides_PA1_RUN1_GLM",0.771487082528976
"304",51,"ocean_temp",11.4807898890498,"Semibalanus.balanoides_PA1_allRun_MAXENT",0.990272
"305",51,"ocean_temp",11.4807898890498,"Semibalanus.balanoides_allData_allRun_GLM",0.613919283850528
"306",51,"ocean_temp",11.4807898890498,"Semibalanus.balanoides_allData_allRun_GAM",0.604299401873702
"307",52,"ocean_temp",11.5130008748794,"Semibalanus.balanoides_PA1_allRun_MAXENT",0.992112
"308",52,"ocean_temp",11.5130008748794,"Semibalanus.balanoides_PA1_RUN1_GLM",0.773575054824689
"309",52,"ocean_temp",11.5130008748794,"Semibalanus.balanoides_allData_allRun_GLM",0.615637748524996
"310",52,"ocean_temp",11.5130008748794,"Semibalanus.balanoides_PA1_RUN1_GAM",0.734994471060887
"311",52,"ocean_temp",11.5130008748794,"Semibalanus.balanoides_PA1_RUN1_RF",0.382
"312",52,"ocean_temp",11.5130008748794,"Semibalanus.balanoides_allData_allRun_GAM",0.606288285192113
"313",53,"ocean_temp",11.545211860709,"Semibalanus.balanoides_PA1_RUN1_GAM",0.737199557830922
"314",53,"ocean_temp",11.545211860709,"Semibalanus.balanoides_PA1_RUN1_GLM",0.775628190985233
"315",53,"ocean_temp",11.545211860709,"Semibalanus.balanoides_PA1_RUN1_RF",0.392
"316",53,"ocean_temp",11.545211860709,"Semibalanus.balanoides_allData_allRun_GAM",0.60827365203215
"317",53,"ocean_temp",11.545211860709,"Semibalanus.balanoides_PA1_allRun_MAXENT",0.993664
"318",53,"ocean_temp",11.545211860709,"Semibalanus.balanoides_allData_allRun_GLM",0.617371387261577
"319",54,"ocean_temp",11.5774228465386,"Semibalanus.balanoides_PA1_RUN1_GLM",0.777646891638066
"320",54,"ocean_temp",11.5774228465386,"Semibalanus.balanoides_PA1_allRun_MAXENT",0.994961
"321",54,"ocean_temp",11.5774228465386,"Semibalanus.balanoides_PA1_RUN1_GAM",0.73939280204653
"322",54,"ocean_temp",11.5774228465386,"Semibalanus.balanoides_allData_allRun_GLM",0.619120068416594
"323",54,"ocean_temp",11.5774228465386,"Semibalanus.balanoides_PA1_RUN1_RF",0.386
"324",54,"ocean_temp",11.5774228465386,"Semibalanus.balanoides_allData_allRun_GAM",0.610255443101791
"325",55,"ocean_temp",11.6096338323681,"Semibalanus.balanoides_PA1_RUN1_GLM",0.77963155582738
"326",55,"ocean_temp",11.6096338323681,"Semibalanus.balanoides_PA1_RUN1_GAM",0.741574158691015
"327",55,"ocean_temp",11.6096338323681,"Semibalanus.balanoides_PA1_allRun_MAXENT",0.996033
"328",55,"ocean_temp",11.6096338323681,"Semibalanus.balanoides_PA1_RUN1_RF",0.386
"329",55,"ocean_temp",11.6096338323681,"Semibalanus.balanoides_allData_allRun_GAM",0.612233599569769
"330",55,"ocean_temp",11.6096338323681,"Semibalanus.balanoides_allData_allRun_GLM",0.620883657216928
"331",56,"ocean_temp",11.6418448181977,"Semibalanus.balanoides_PA1_RUN1_GAM",0.743743584757735
"332",56,"ocean_temp",11.6418448181977,"Semibalanus.balanoides_PA1_RUN1_RF",0.386
"333",56,"ocean_temp",11.6418448181977,"Semibalanus.balanoides_PA1_allRun_MAXENT",0.996912
"334",56,"ocean_temp",11.6418448181977,"Semibalanus.balanoides_PA1_RUN1_GLM",0.781582580772987
"335",56,"ocean_temp",11.6418448181977,"Semibalanus.balanoides_allData_allRun_GLM",0.622662015732113
"336",56,"ocean_temp",11.6418448181977,"Semibalanus.balanoides_allData_allRun_GAM",0.614208063071802
"337",57,"ocean_temp",11.6740558040273,"Semibalanus.balanoides_PA1_RUN1_GLM",0.783500361641678
"338",57,"ocean_temp",11.6740558040273,"Semibalanus.balanoides_PA1_allRun_MAXENT",0.997622
"339",57,"ocean_temp",11.6740558040273,"Semibalanus.balanoides_PA1_RUN1_GAM",0.745901039238002
"340",57,"ocean_temp",11.6740558040273,"Semibalanus.balanoides_allData_allRun_GAM",0.616178775716766
"341",57,"ocean_temp",11.6740558040273,"Semibalanus.balanoides_allData_allRun_GLM",0.624455002847696
"342",57,"ocean_temp",11.6740558040273,"Semibalanus.balanoides_PA1_RUN1_RF",0.39
"343",58,"ocean_temp",11.7062667898569,"Semibalanus.balanoides_PA1_RUN1_GLM",0.785385291331638
"344",58,"ocean_temp",11.7062667898569,"Semibalanus.balanoides_PA1_RUN1_GAM",0.74804648310849
"345",58,"ocean_temp",11.7062667898569,"Semibalanus.balanoides_PA1_RUN1_RF",0.41
"346",58,"ocean_temp",11.7062667898569,"Semibalanus.balanoides_allData_allRun_GAM",0.618145680092704
"347",58,"ocean_temp",11.7062667898569,"Semibalanus.balanoides_PA1_allRun_MAXENT",0.998191
"348",58,"ocean_temp",11.7062667898569,"Semibalanus.balanoides_allData_allRun_GLM",0.626262474241619
"349",59,"ocean_temp",11.7384777756865,"Semibalanus.balanoides_PA1_RUN1_GLM",0.78723776026814
"350",59,"ocean_temp",11.7384777756865,"Semibalanus.balanoides_PA1_allRun_MAXENT",0.998641
"351",59,"ocean_temp",11.7384777756865,"Semibalanus.balanoides_allData_allRun_GAM",0.620108719272751
"352",59,"ocean_temp",11.7384777756865,"Semibalanus.balanoides_PA1_RUN1_RF",0.402
"353",59,"ocean_temp",11.7384777756865,"Semibalanus.balanoides_PA1_RUN1_GAM",0.750179879318075
"354",59,"ocean_temp",11.7384777756865,"Semibalanus.balanoides_allData_allRun_GLM",0.628084282355167
"355",60,"ocean_temp",11.7706887615161,"Semibalanus.balanoides_PA1_allRun_MAXENT",0.998992
"356",60,"ocean_temp",11.7706887615161,"Semibalanus.balanoides_PA1_RUN1_RF",0.436
"357",60,"ocean_temp",11.7706887615161,"Semibalanus.balanoides_allData_allRun_GAM",0.622067836820864
"358",60,"ocean_temp",11.7706887615161,"Semibalanus.balanoides_allData_allRun_GLM",0.6299202763705
"359",60,"ocean_temp",11.7706887615161,"Semibalanus.balanoides_PA1_RUN1_GLM",0.789058156210581
"360",60,"ocean_temp",11.7706887615161,"Semibalanus.balanoides_PA1_RUN1_GAM",0.75230119277418
"361",61,"ocean_temp",11.8028997473457,"Semibalanus.balanoides_allData_allRun_GLM",0.631770302189681
"362",61,"ocean_temp",11.8028997473457,"Semibalanus.balanoides_PA1_allRun_MAXENT",0.999262
"363",61,"ocean_temp",11.8028997473457,"Semibalanus.balanoides_PA1_RUN1_GLM",0.790846864070641
"364",61,"ocean_temp",11.8028997473457,"Semibalanus.balanoides_PA1_RUN1_RF",0.436
"365",61,"ocean_temp",11.8028997473457,"Semibalanus.balanoides_allData_allRun_GAM",0.62402297679748
"366",61,"ocean_temp",11.8028997473457,"Semibalanus.balanoides_PA1_RUN1_GAM",0.754410390328628
"367",62,"ocean_temp",11.8351107331753,"Semibalanus.balanoides_allData_allRun_GLM",0.633634202416948
"368",62,"ocean_temp",11.8351107331753,"Semibalanus.balanoides_PA1_RUN1_GLM",0.792604265741774
"369",62,"ocean_temp",11.8351107331753,"Semibalanus.balanoides_allData_allRun_GAM",0.625974083765055
"370",62,"ocean_temp",11.8351107331753,"Semibalanus.balanoides_PA1_RUN1_GAM",0.756507440763003
"371",62,"ocean_temp",11.8351107331753,"Semibalanus.balanoides_PA1_allRun_MAXENT",0.999467
"372",62,"ocean_temp",11.8351107331753,"Semibalanus.balanoides_PA1_RUN1_RF",0.456
"373",63,"ocean_temp",11.8673217190048,"Semibalanus.balanoides_PA1_RUN1_GLM",0.794330739937237
"374",63,"ocean_temp",11.8673217190048,"Semibalanus.balanoides_PA1_RUN1_GAM",0.758592314773559
"375",63,"ocean_temp",11.8673217190048,"Semibalanus.balanoides_allData_allRun_GLM",0.635511816335825
"376",63,"ocean_temp",11.8673217190048,"Semibalanus.balanoides_PA1_allRun_MAXENT",0.999621
"377",63,"ocean_temp",11.8673217190048,"Semibalanus.balanoides_allData_allRun_GAM",0.6279211027934
"378",63,"ocean_temp",11.8673217190048,"Semibalanus.balanoides_PA1_RUN1_RF",0.624
"379",64,"ocean_temp",11.8995327048344,"Semibalanus.balanoides_PA1_RUN1_GLM",0.79602666204057
"380",64,"ocean_temp",11.8995327048344,"Semibalanus.balanoides_PA1_RUN1_GAM",0.760664984955668
"381",64,"ocean_temp",11.8995327048344,"Semibalanus.balanoides_PA1_allRun_MAXENT",0.999735
"382",64,"ocean_temp",11.8995327048344,"Semibalanus.balanoides_PA1_RUN1_RF",0.63
"383",64,"ocean_temp",11.8995327048344,"Semibalanus.balanoides_allData_allRun_GLM",0.637402979892177
"384",64,"ocean_temp",11.8995327048344,"Semibalanus.balanoides_allData_allRun_GAM",0.629863979464963
"385",65,"ocean_temp",11.931743690664,"Semibalanus.balanoides_PA1_RUN1_GLM",0.797692403962773
"386",65,"ocean_temp",11.931743690664,"Semibalanus.balanoides_PA1_RUN1_GAM",0.762725425787811
"387",65,"ocean_temp",11.931743690664,"Semibalanus.balanoides_PA1_allRun_MAXENT",0.999753
"388",65,"ocean_temp",11.931743690664,"Semibalanus.balanoides_allData_allRun_GLM",0.639307525684871
"389",65,"ocean_temp",11.931743690664,"Semibalanus.balanoides_PA1_RUN1_RF",0.63
"390",65,"ocean_temp",11.931743690664,"Semibalanus.balanoides_allData_allRun_GAM",0.631802659879942
"391",66,"ocean_temp",11.9639546764936,"Semibalanus.balanoides_PA1_RUN1_GLM",0.799328334011094
"392",66,"ocean_temp",11.9639546764936,"Semibalanus.balanoides_allData_allRun_GLM",0.641225282943079
"393",66,"ocean_temp",11.9639546764936,"Semibalanus.balanoides_PA1_RUN1_GAM",0.7647736136152
"394",66,"ocean_temp",11.9639546764936,"Semibalanus.balanoides_allData_allRun_GAM",0.63373709066129
"395",66,"ocean_temp",11.9639546764936,"Semibalanus.balanoides_PA1_allRun_MAXENT",0.999747
"396",66,"ocean_temp",11.9639546764936,"Semibalanus.balanoides_PA1_RUN1_RF",0.63
"397",67,"ocean_temp",11.9961656623232,"Semibalanus.balanoides_PA1_RUN1_GLM",0.800934816765302
"398",67,"ocean_temp",11.9961656623232,"Semibalanus.balanoides_PA1_RUN1_GAM",0.766809526632938
"399",67,"ocean_temp",11.9961656623232,"Semibalanus.balanoides_allData_allRun_GLM",0.643156077523929
"400",67,"ocean_temp",11.9961656623232,"Semibalanus.balanoides_PA1_allRun_MAXENT",0.99974
"401",67,"ocean_temp",11.9961656623232,"Semibalanus.balanoides_allData_allRun_GAM",0.635667218959543
"402",67,"ocean_temp",11.9961656623232,"Semibalanus.balanoides_PA1_RUN1_RF",0.63
"403",68,"ocean_temp",12.0283766481528,"Semibalanus.balanoides_PA1_RUN1_GLM",0.802512212962269
"404",68,"ocean_temp",12.0283766481528,"Semibalanus.balanoides_PA1_RUN1_GAM",0.768833144868811
"405",68,"ocean_temp",12.0283766481528,"Semibalanus.balanoides_PA1_allRun_MAXENT",0.999734
"406",68,"ocean_temp",12.0283766481528,"Semibalanus.balanoides_allData_allRun_GLM",0.645099731896108
"407",68,"ocean_temp",12.0283766481528,"Semibalanus.balanoides_PA1_RUN1_RF",0.634
"408",68,"ocean_temp",12.0283766481528,"Semibalanus.balanoides_allData_allRun_GAM",0.637592992457563
"409",69,"ocean_temp",12.0605876339824,"Semibalanus.balanoides_PA1_RUN1_GLM",0.804060879389842
"410",69,"ocean_temp",12.0605876339824,"Semibalanus.balanoides_PA1_RUN1_GAM",0.770844450165698
"411",69,"ocean_temp",12.0605876339824,"Semibalanus.balanoides_PA1_allRun_MAXENT",0.999728
"412",69,"ocean_temp",12.0605876339824,"Semibalanus.balanoides_allData_allRun_GLM",0.647056065135483
"413",69,"ocean_temp",12.0605876339824,"Semibalanus.balanoides_PA1_RUN1_RF",0.618
"414",69,"ocean_temp",12.0605876339824,"Semibalanus.balanoides_allData_allRun_GAM",0.639514359375117
"415",70,"ocean_temp",12.092798619812,"Semibalanus.balanoides_PA1_RUN1_GAM",0.772843426163616
"416",70,"ocean_temp",12.092798619812,"Semibalanus.balanoides_PA1_RUN1_GLM",0.805581168787327
"417",70,"ocean_temp",12.092798619812,"Semibalanus.balanoides_allData_allRun_GLM",0.649024892919378
"418",70,"ocean_temp",12.092798619812,"Semibalanus.balanoides_PA1_allRun_MAXENT",0.999721
"419",70,"ocean_temp",12.092798619812,"Semibalanus.balanoides_allData_allRun_GAM",0.64143126847336
"420",70,"ocean_temp",12.092798619812,"Semibalanus.balanoides_PA1_RUN1_RF",0.618
"421",71,"ocean_temp",12.1250096056415,"Semibalanus.balanoides_PA1_RUN1_GLM",0.807073429753649
"422",71,"ocean_temp",12.1250096056415,"Semibalanus.balanoides_allData_allRun_GAM",0.643343669059114
"423",71,"ocean_temp",12.1250096056415,"Semibalanus.balanoides_PA1_RUN1_GAM",0.774830058281419
"424",71,"ocean_temp",12.1250096056415,"Semibalanus.balanoides_allData_allRun_GLM",0.651006027520438
"425",71,"ocean_temp",12.1250096056415,"Semibalanus.balanoides_PA1_allRun_MAXENT",0.999714
"426",71,"ocean_temp",12.1250096056415,"Semibalanus.balanoides_PA1_RUN1_RF",0.6
"427",72,"ocean_temp",12.1572205914711,"Semibalanus.balanoides_PA1_RUN1_GLM",0.808538006663502
"428",72,"ocean_temp",12.1572205914711,"Semibalanus.balanoides_PA1_RUN1_GAM",0.776804333698156
"429",72,"ocean_temp",12.1572205914711,"Semibalanus.balanoides_PA1_allRun_MAXENT",0.999707
"430",72,"ocean_temp",12.1572205914711,"Semibalanus.balanoides_allData_allRun_GLM",0.652999277807592
"431",72,"ocean_temp",12.1572205914711,"Semibalanus.balanoides_PA1_RUN1_RF",0.6
"432",72,"ocean_temp",12.1572205914711,"Semibalanus.balanoides_allData_allRun_GAM",0.645251510989079
"433",73,"ocean_temp",12.1894315773007,"Semibalanus.balanoides_PA1_RUN1_GLM",0.809975239589171
"434",73,"ocean_temp",12.1894315773007,"Semibalanus.balanoides_PA1_RUN1_GAM",0.778766241334122
"435",73,"ocean_temp",12.1894315773007,"Semibalanus.balanoides_PA1_allRun_MAXENT",0.9997
"436",73,"ocean_temp",12.1894315773007,"Semibalanus.balanoides_allData_allRun_GLM",0.655004449245873
"437",73,"ocean_temp",12.1894315773007,"Semibalanus.balanoides_PA1_RUN1_RF",0.566
"438",73,"ocean_temp",12.1894315773007,"Semibalanus.balanoides_allData_allRun_GAM",0.647154744673898
"439",74,"ocean_temp",12.2216425631303,"Semibalanus.balanoides_PA1_RUN1_GLM",0.811385464229443
"440",74,"ocean_temp",12.2216425631303,"Semibalanus.balanoides_PA1_RUN1_GAM",0.780715771831571
"441",74,"ocean_temp",12.2216425631303,"Semibalanus.balanoides_allData_allRun_GLM",0.657021343900103
"442",74,"ocean_temp",12.2216425631303,"Semibalanus.balanoides_PA1_allRun_MAXENT",0.999693
"443",74,"ocean_temp",12.2216425631303,"Semibalanus.balanoides_allData_allRun_GAM",0.649053321082038
"444",74,"ocean_temp",12.2216425631303,"Semibalanus.balanoides_PA1_RUN1_RF",0.538
"445",75,"ocean_temp",12.2538535489599,"Semibalanus.balanoides_PA1_RUN1_GLM",0.8127690118448
"446",75,"ocean_temp",12.2538535489599,"Semibalanus.balanoides_allData_allRun_GLM",0.659049760437573
"447",75,"ocean_temp",12.2538535489599,"Semibalanus.balanoides_PA1_RUN1_GAM",0.782652917535194
"448",75,"ocean_temp",12.2538535489599,"Semibalanus.balanoides_allData_allRun_GAM",0.650947191743594
"449",75,"ocean_temp",12.2538535489599,"Semibalanus.balanoides_PA1_allRun_MAXENT",0.999686
"450",75,"ocean_temp",12.2538535489599,"Semibalanus.balanoides_PA1_RUN1_RF",0.534
"451",76,"ocean_temp",12.2860645347895,"Semibalanus.balanoides_PA1_RUN1_GLM",0.814126209198465
"452",76,"ocean_temp",12.2860645347895,"Semibalanus.balanoides_PA1_RUN1_GAM",0.784577672472261
"453",76,"ocean_temp",12.2860645347895,"Semibalanus.balanoides_PA1_allRun_MAXENT",0.999678
"454",76,"ocean_temp",12.2860645347895,"Semibalanus.balanoides_allData_allRun_GLM",0.661089494137975
"455",76,"ocean_temp",12.2860645347895,"Semibalanus.balanoides_PA1_RUN1_RF",0.534
"456",76,"ocean_temp",12.2860645347895,"Semibalanus.balanoides_allData_allRun_GAM",0.652836308753921
"457",77,"ocean_temp",12.3182755206191,"Semibalanus.balanoides_PA1_RUN1_GLM",0.815457378502548
"458",77,"ocean_temp",12.3182755206191,"Semibalanus.balanoides_PA1_RUN1_GAM",0.786490032332538
"459",77,"ocean_temp",12.3182755206191,"Semibalanus.balanoides_PA1_allRun_MAXENT",0.999671
"460",77,"ocean_temp",12.3182755206191,"Semibalanus.balanoides_PA1_RUN1_RF",0.486
"461",77,"ocean_temp",12.3182755206191,"Semibalanus.balanoides_allData_allRun_GLM",0.663140336903223
"462",77,"ocean_temp",12.3182755206191,"Semibalanus.balanoides_allData_allRun_GAM",0.654720624777169
"463",78,"ocean_temp",12.3504865064487,"Semibalanus.balanoides_allData_allRun_GLM",0.665202077267256
"464",78,"ocean_temp",12.3504865064487,"Semibalanus.balanoides_PA1_RUN1_GLM",0.816762837370805
"465",78,"ocean_temp",12.3504865064487,"Semibalanus.balanoides_allData_allRun_GAM",0.656600093049618
"466",78,"ocean_temp",12.3504865064487,"Semibalanus.balanoides_PA1_RUN1_GAM",0.788389994447936
"467",78,"ocean_temp",12.3504865064487,"Semibalanus.balanoides_PA1_allRun_MAXENT",0.999663
"468",78,"ocean_temp",12.3504865064487,"Semibalanus.balanoides_PA1_RUN1_RF",0.482
"469",79,"ocean_temp",12.3826974922782,"Semibalanus.balanoides_PA1_RUN1_GLM",0.818042898774919
"470",79,"ocean_temp",12.3826974922782,"Semibalanus.balanoides_PA1_RUN1_GAM",0.790277557771933
"471",79,"ocean_temp",12.3826974922782,"Semibalanus.balanoides_PA1_allRun_MAXENT",0.999655
"472",79,"ocean_temp",12.3826974922782,"Semibalanus.balanoides_allData_allRun_GLM",0.66727450041319
"473",79,"ocean_temp",12.3826974922782,"Semibalanus.balanoides_PA1_RUN1_RF",0.506
"474",79,"ocean_temp",12.3826974922782,"Semibalanus.balanoides_allData_allRun_GAM",0.658474667382929
"475",80,"ocean_temp",12.4149084781078,"Semibalanus.balanoides_allData_allRun_GLM",0.669357388190509
"476",80,"ocean_temp",12.4149084781078,"Semibalanus.balanoides_PA1_RUN1_GLM",0.819297871007216
"477",80,"ocean_temp",12.4149084781078,"Semibalanus.balanoides_PA1_allRun_MAXENT",0.999647
"478",80,"ocean_temp",12.4149084781078,"Semibalanus.balanoides_allData_allRun_GAM",0.66034430216727
"479",80,"ocean_temp",12.4149084781078,"Semibalanus.balanoides_PA1_RUN1_RF",0.516
"480",80,"ocean_temp",12.4149084781078,"Semibalanus.balanoides_PA1_RUN1_GAM",0.792152722858776
"481",81,"ocean_temp",12.4471194639374,"Semibalanus.balanoides_allData_allRun_GLM",0.671450519132387
"482",81,"ocean_temp",12.4471194639374,"Semibalanus.balanoides_PA1_allRun_MAXENT",0.999634
"483",81,"ocean_temp",12.4471194639374,"Semibalanus.balanoides_allData_allRun_GAM",0.662208952374241
"484",81,"ocean_temp",12.4471194639374,"Semibalanus.balanoides_PA1_RUN1_RF",0.524
"485",81,"ocean_temp",12.4471194639374,"Semibalanus.balanoides_PA1_RUN1_GAM",0.794015491842469
"486",81,"ocean_temp",12.4471194639374,"Semibalanus.balanoides_PA1_RUN1_GLM",0.820528057646753
"487",82,"ocean_temp",12.479330449767,"Semibalanus.balanoides_PA1_RUN1_GAM",0.795865868415558
"488",82,"ocean_temp",12.479330449767,"Semibalanus.balanoides_allData_allRun_GLM",0.673553668480431
"489",82,"ocean_temp",12.479330449767,"Semibalanus.balanoides_PA1_allRun_MAXENT",0.999614
"490",82,"ocean_temp",12.479330449767,"Semibalanus.balanoides_PA1_RUN1_GLM",0.821733757530307
"491",82,"ocean_temp",12.479330449767,"Semibalanus.balanoides_PA1_RUN1_RF",0.502
"492",82,"ocean_temp",12.479330449767,"Semibalanus.balanoides_allData_allRun_GAM",0.664068573559729
"493",83,"ocean_temp",12.5115414355966,"Semibalanus.balanoides_allData_allRun_GLM",0.675666608208811
"494",83,"ocean_temp",12.5115414355966,"Semibalanus.balanoides_PA1_RUN1_GAM",0.797703857807769
"495",83,"ocean_temp",12.5115414355966,"Semibalanus.balanoides_PA1_RUN1_GLM",0.822915264727639
"496",83,"ocean_temp",12.5115414355966,"Semibalanus.balanoides_PA1_RUN1_RF",0.502
"497",83,"ocean_temp",12.5115414355966,"Semibalanus.balanoides_allData_allRun_GAM",0.665923121866588
"498",83,"ocean_temp",12.5115414355966,"Semibalanus.balanoides_PA1_allRun_MAXENT",0.999593
"499",84,"ocean_temp",12.5437524214262,"Semibalanus.balanoides_PA1_RUN1_GLM",0.824072868520248
"500",84,"ocean_temp",12.5437524214262,"Semibalanus.balanoides_PA1_RUN1_RF",0.528
"501",84,"ocean_temp",12.5437524214262,"Semibalanus.balanoides_PA1_allRun_MAXENT",0.999571
"502",84,"ocean_temp",12.5437524214262,"Semibalanus.balanoides_allData_allRun_GLM",0.677789107052632
"503",84,"ocean_temp",12.5437524214262,"Semibalanus.balanoides_PA1_RUN1_GAM",0.799529466764439
"504",84,"ocean_temp",12.5437524214262,"Semibalanus.balanoides_allData_allRun_GAM",0.667772554027228
"505",85,"ocean_temp",12.5759634072558,"Semibalanus.balanoides_PA1_RUN1_GLM",0.825206853384015
"506",85,"ocean_temp",12.5759634072558,"Semibalanus.balanoides_PA1_allRun_MAXENT",0.999548
"507",85,"ocean_temp",12.5759634072558,"Semibalanus.balanoides_PA1_RUN1_GAM",0.80134270352481
"508",85,"ocean_temp",12.5759634072558,"Semibalanus.balanoides_allData_allRun_GAM",0.669616827365996
"509",85,"ocean_temp",12.5759634072558,"Semibalanus.balanoides_PA1_RUN1_RF",0.532
"510",85,"ocean_temp",12.5759634072558,"Semibalanus.balanoides_allData_allRun_GLM",0.679920930535808
"511",86,"ocean_temp",12.6081743930854,"Semibalanus.balanoides_PA1_RUN1_GAM",0.803143577800181
"512",86,"ocean_temp",12.6081743930854,"Semibalanus.balanoides_PA1_RUN1_RF",0.55
"513",86,"ocean_temp",12.6081743930854,"Semibalanus.balanoides_PA1_RUN1_GLM",0.82631749897546
"514",86,"ocean_temp",12.6081743930854,"Semibalanus.balanoides_allData_allRun_GAM",0.671455899801499
"515",86,"ocean_temp",12.6081743930854,"Semibalanus.balanoides_PA1_allRun_MAXENT",0.999524
"516",86,"ocean_temp",12.6081743930854,"Semibalanus.balanoides_allData_allRun_GLM",0.682061841005641
"517",87,"ocean_temp",12.6403853789149,"Semibalanus.balanoides_PA1_RUN1_GLM",0.827405080121135
"518",87,"ocean_temp",12.6403853789149,"Semibalanus.balanoides_PA1_allRun_MAXENT",0.999499
"519",87,"ocean_temp",12.6403853789149,"Semibalanus.balanoides_allData_allRun_GLM",0.684211597671664
"520",87,"ocean_temp",12.6403853789149,"Semibalanus.balanoides_PA1_RUN1_RF",0.548
"521",87,"ocean_temp",12.6403853789149,"Semibalanus.balanoides_PA1_RUN1_GAM",0.804932100751924
"522",87,"ocean_temp",12.6403853789149,"Semibalanus.balanoides_allData_allRun_GAM",0.673289729848741
"523",88,"ocean_temp",12.6725963647445,"Semibalanus.balanoides_PA1_RUN1_GAM",0.80670828496939
"524",88,"ocean_temp",12.6725963647445,"Semibalanus.balanoides_PA1_RUN1_GLM",0.828469866809957
"525",88,"ocean_temp",12.6725963647445,"Semibalanus.balanoides_allData_allRun_GAM",0.675118276621172
"526",88,"ocean_temp",12.6725963647445,"Semibalanus.balanoides_PA1_RUN1_RF",0.534
"527",88,"ocean_temp",12.6725963647445,"Semibalanus.balanoides_PA1_allRun_MAXENT",0.999472
"528",88,"ocean_temp",12.6725963647445,"Semibalanus.balanoides_allData_allRun_GLM",0.686369956637007
"529",89,"ocean_temp",12.7048073505741,"Semibalanus.balanoides_PA1_RUN1_GLM",0.829512124188576
"530",89,"ocean_temp",12.7048073505741,"Semibalanus.balanoides_PA1_RUN1_GAM",0.808472144447702
"531",89,"ocean_temp",12.7048073505741,"Semibalanus.balanoides_PA1_allRun_MAXENT",0.999445
"532",89,"ocean_temp",12.7048073505741,"Semibalanus.balanoides_allData_allRun_GLM",0.688536670945173
"533",89,"ocean_temp",12.7048073505741,"Semibalanus.balanoides_PA1_RUN1_RF",0.534
"534",89,"ocean_temp",12.7048073505741,"Semibalanus.balanoides_allData_allRun_GAM",0.676941499832544
"535",90,"ocean_temp",12.7370183364037,"Semibalanus.balanoides_PA1_RUN1_GLM",0.830532112559629
"536",90,"ocean_temp",12.7370183364037,"Semibalanus.balanoides_PA1_allRun_MAXENT",0.999416
"537",90,"ocean_temp",12.7370183364037,"Semibalanus.balanoides_PA1_RUN1_RF",0.534
"538",90,"ocean_temp",12.7370183364037,"Semibalanus.balanoides_PA1_RUN1_GAM",0.810223694565467
"539",90,"ocean_temp",12.7370183364037,"Semibalanus.balanoides_allData_allRun_GAM",0.678759359798686
"540",90,"ocean_temp",12.7370183364037,"Semibalanus.balanoides_allData_allRun_GLM",0.690711490622496
"541",91,"ocean_temp",12.7692293222333,"Semibalanus.balanoides_PA1_RUN1_GAM",0.811962952062377
"542",91,"ocean_temp",12.7692293222333,"Semibalanus.balanoides_allData_allRun_GAM",0.680571817439143
"543",91,"ocean_temp",12.7692293222333,"Semibalanus.balanoides_PA1_RUN1_RF",0.532
"544",91,"ocean_temp",12.7692293222333,"Semibalanus.balanoides_PA1_RUN1_GLM",0.83153008738202
"545",91,"ocean_temp",12.7692293222333,"Semibalanus.balanoides_PA1_allRun_MAXENT",0.999386
"546",91,"ocean_temp",12.7692293222333,"Semibalanus.balanoides_allData_allRun_GLM",0.69289416272578
"547",92,"ocean_temp",12.8014403080629,"Semibalanus.balanoides_PA1_RUN1_GLM",0.832506299274455
"548",92,"ocean_temp",12.8014403080629,"Semibalanus.balanoides_allData_allRun_GLM",0.69508443138965
"549",92,"ocean_temp",12.8014403080629,"Semibalanus.balanoides_PA1_allRun_MAXENT",0.999354
"550",92,"ocean_temp",12.8014403080629,"Semibalanus.balanoides_PA1_RUN1_RF",0.546
"551",92,"ocean_temp",12.8014403080629,"Semibalanus.balanoides_PA1_RUN1_GAM",0.813689935016792
"552",92,"ocean_temp",12.8014403080629,"Semibalanus.balanoides_allData_allRun_GAM",0.682378834278639
"553",93,"ocean_temp",12.8336512938925,"Semibalanus.balanoides_PA1_RUN1_GLM",0.833460994019713
"554",93,"ocean_temp",12.8336512938925,"Semibalanus.balanoides_PA1_RUN1_GAM",0.815404662823214
"555",93,"ocean_temp",12.8336512938925,"Semibalanus.balanoides_PA1_allRun_MAXENT",0.999322
"556",93,"ocean_temp",12.8336512938925,"Semibalanus.balanoides_allData_allRun_GAM",0.684180372448465
"557",93,"ocean_temp",12.8336512938925,"Semibalanus.balanoides_PA1_RUN1_RF",0.55
"558",93,"ocean_temp",12.8336512938925,"Semibalanus.balanoides_allData_allRun_GLM",0.697282037881409
"559",94,"ocean_temp",12.8658622797221,"Semibalanus.balanoides_PA1_RUN1_GAM",0.817107156169739
"560",94,"ocean_temp",12.8658622797221,"Semibalanus.balanoides_PA1_RUN1_GLM",0.834394412572685
"561",94,"ocean_temp",12.8658622797221,"Semibalanus.balanoides_PA1_RUN1_RF",0.556
"562",94,"ocean_temp",12.8658622797221,"Semibalanus.balanoides_PA1_allRun_MAXENT",0.999287
"563",94,"ocean_temp",12.8658622797221,"Semibalanus.balanoides_allData_allRun_GLM",0.699486720656392
"564",94,"ocean_temp",12.8658622797221,"Semibalanus.balanoides_allData_allRun_GAM",0.685976394687695
"565",95,"ocean_temp",12.8980732655516,"Semibalanus.balanoides_PA1_RUN1_GLM",0.835306791069222
"566",95,"ocean_temp",12.8980732655516,"Semibalanus.balanoides_PA1_allRun_MAXENT",0.999251
"567",95,"ocean_temp",12.8980732655516,"Semibalanus.balanoides_PA1_RUN1_RF",0.588
"568",95,"ocean_temp",12.8980732655516,"Semibalanus.balanoides_PA1_RUN1_GAM",0.818797437015468
"569",95,"ocean_temp",12.8980732655516,"Semibalanus.balanoides_allData_allRun_GLM",0.701698215413866
"570",95,"ocean_temp",12.8980732655516,"Semibalanus.balanoides_allData_allRun_GAM",0.687766864344323
"571",96,"ocean_temp",12.9302842513812,"Semibalanus.balanoides_PA1_RUN1_GAM",0.820475528567893
"572",96,"ocean_temp",12.9302842513812,"Semibalanus.balanoides_allData_allRun_GAM",0.689551745376195
"573",96,"ocean_temp",12.9302842513812,"Semibalanus.balanoides_PA1_RUN1_RF",0.582
"574",96,"ocean_temp",12.9302842513812,"Semibalanus.balanoides_PA1_RUN1_GLM",0.836198360836683
"575",96,"ocean_temp",12.9302842513812,"Semibalanus.balanoides_allData_allRun_GLM",0.703916255160396
"576",96,"ocean_temp",12.9302842513812,"Semibalanus.balanoides_PA1_allRun_MAXENT",0.999214
"577",97,"ocean_temp",12.9624952372108,"Semibalanus.balanoides_PA1_RUN1_GLM",0.83706934840679
"578",97,"ocean_temp",12.9624952372108,"Semibalanus.balanoides_PA1_allRun_MAXENT",0.999175
"579",97,"ocean_temp",12.9624952372108,"Semibalanus.balanoides_PA1_RUN1_GAM",0.822141455260269
"580",97,"ocean_temp",12.9624952372108,"Semibalanus.balanoides_PA1_RUN1_RF",0.58
"581",97,"ocean_temp",12.9624952372108,"Semibalanus.balanoides_allData_allRun_GLM",0.706140570272967
"582",97,"ocean_temp",12.9624952372108,"Semibalanus.balanoides_allData_allRun_GAM",0.691331002351887
"583",98,"ocean_temp",12.9947062230404,"Semibalanus.balanoides_PA1_RUN1_GLM",0.837919975529521
"584",98,"ocean_temp",12.9947062230404,"Semibalanus.balanoides_PA1_RUN1_GAM",0.823795242728978
"585",98,"ocean_temp",12.9947062230404,"Semibalanus.balanoides_PA1_RUN1_RF",0.574
"586",98,"ocean_temp",12.9947062230404,"Semibalanus.balanoides_PA1_allRun_MAXENT",0.999135
"587",98,"ocean_temp",12.9947062230404,"Semibalanus.balanoides_allData_allRun_GAM",0.693104600451417
"588",98,"ocean_temp",12.9947062230404,"Semibalanus.balanoides_allData_allRun_GLM",0.708370888566457
"589",99,"ocean_temp",13.02691720887,"Semibalanus.balanoides_PA1_RUN1_GLM",0.838750459188245
"590",99,"ocean_temp",13.02691720887,"Semibalanus.balanoides_allData_allRun_GLM",0.710606935360927
"591",99,"ocean_temp",13.02691720887,"Semibalanus.balanoides_allData_allRun_GAM",0.694872505466859
"592",99,"ocean_temp",13.02691720887,"Semibalanus.balanoides_PA1_allRun_MAXENT",0.999093
"593",99,"ocean_temp",13.02691720887,"Semibalanus.balanoides_PA1_RUN1_GAM",0.825436917790893
"594",99,"ocean_temp",13.02691720887,"Semibalanus.balanoides_PA1_RUN1_RF",0.574
"595",100,"ocean_temp",13.0591281946996,"Semibalanus.balanoides_PA1_RUN1_GLM",0.83956101161652
"596",100,"ocean_temp",13.0591281946996,"Semibalanus.balanoides_allData_allRun_GAM",0.696634683802784
"597",100,"ocean_temp",13.0591281946996,"Semibalanus.balanoides_PA1_allRun_MAXENT",0.999049
"598",100,"ocean_temp",13.0591281946996,"Semibalanus.balanoides_PA1_RUN1_GAM",0.827066508420782
"599",100,"ocean_temp",13.0591281946996,"Semibalanus.balanoides_PA1_RUN1_RF",0.574
"600",100,"ocean_temp",13.0591281946996,"Semibalanus.balanoides_allData_allRun_GLM",0.712848433556243
"601",1,"ph",8.04637102954588,"Semibalanus.balanoides_PA1_RUN1_GAM",0.608543126430197
"602",1,"ph",8.04637102954588,"Semibalanus.balanoides_PA1_allRun_MAXENT",0.0644277
"603",1,"ph",8.04637102954588,"Semibalanus.balanoides_allData_allRun_GLM",0.549452103768161
"604",1,"ph",8.04637102954588,"Semibalanus.balanoides_PA1_RUN1_RF",0.418
"605",1,"ph",8.04637102954588,"Semibalanus.balanoides_PA1_RUN1_GLM",0.614561631840127
"606",1,"ph",8.04637102954588,"Semibalanus.balanoides_allData_allRun_GAM",0.501793917165005
"607",2,"ph",8.04692722744345,"Semibalanus.balanoides_PA1_allRun_MAXENT",0.0544016
"608",2,"ph",8.04692722744345,"Semibalanus.balanoides_allData_allRun_GLM",0.543671480884202
"609",2,"ph",8.04692722744345,"Semibalanus.balanoides_PA1_RUN1_RF",0.406
"610",2,"ph",8.04692722744345,"Semibalanus.balanoides_PA1_RUN1_GLM",0.612953985737865
"611",2,"ph",8.04692722744345,"Semibalanus.balanoides_PA1_RUN1_GAM",0.606372252630325
"612",2,"ph",8.04692722744345,"Semibalanus.balanoides_allData_allRun_GAM",0.498527727443654
"613",3,"ph",8.04748342534103,"Semibalanus.balanoides_PA1_RUN1_GAM",0.604197170172503
"614",3,"ph",8.04748342534103,"Semibalanus.balanoides_PA1_RUN1_GLM",0.611335094409296
"615",3,"ph",8.04748342534103,"Semibalanus.balanoides_PA1_RUN1_RF",0.392
"616",3,"ph",8.04748342534103,"Semibalanus.balanoides_PA1_allRun_MAXENT",0.0458973
"617",3,"ph",8.04748342534103,"Semibalanus.balanoides_allData_allRun_GLM",0.537929588881836
"618",3,"ph",8.04748342534103,"Semibalanus.balanoides_allData_allRun_GAM",0.495261663368126
"619",4,"ph",8.0480396232386,"Semibalanus.balanoides_PA1_RUN1_GLM",0.609704949557409
"620",4,"ph",8.0480396232386,"Semibalanus.balanoides_PA1_RUN1_GAM",0.602017957204108
"621",4,"ph",8.0480396232386,"Semibalanus.balanoides_PA1_allRun_MAXENT",0.0395303
"622",4,"ph",8.0480396232386,"Semibalanus.balanoides_allData_allRun_GLM",0.532228217537657
"623",4,"ph",8.0480396232386,"Semibalanus.balanoides_PA1_RUN1_RF",0.392
"624",4,"ph",8.0480396232386,"Semibalanus.balanoides_allData_allRun_GAM",0.491996003636169
"625",5,"ph",8.04859582113617,"Semibalanus.balanoides_PA1_RUN1_RF",0.392
"626",5,"ph",8.04859582113617,"Semibalanus.balanoides_PA1_RUN1_GAM",0.599834692512564
"627",5,"ph",8.04859582113617,"Semibalanus.balanoides_allData_allRun_GAM",0.488731026807501
"628",5,"ph",8.04859582113617,"Semibalanus.balanoides_PA1_allRun_MAXENT",0.0341843
"629",5,"ph",8.04859582113617,"Semibalanus.balanoides_PA1_RUN1_GLM",0.608063543929695
"630",5,"ph",8.04859582113617,"Semibalanus.balanoides_allData_allRun_GLM",0.52656908589488
"631",6,"ph",8.04915201903375,"Semibalanus.balanoides_PA1_RUN1_GLM",0.606410871343373
"632",6,"ph",8.04915201903375,"Semibalanus.balanoides_PA1_RUN1_GAM",0.597647455514991
"633",6,"ph",8.04915201903375,"Semibalanus.balanoides_allData_allRun_GLM",0.520953841643144
"634",6,"ph",8.04915201903375,"Semibalanus.balanoides_PA1_allRun_MAXENT",0.0295427
"635",6,"ph",8.04915201903375,"Semibalanus.balanoides_PA1_RUN1_RF",0.388
"636",6,"ph",8.04915201903375,"Semibalanus.balanoides_allData_allRun_GAM",0.485467011208851
"637",7,"ph",8.04970821693132,"Semibalanus.balanoides_PA1_RUN1_GLM",0.604746926708051
"638",7,"ph",8.04970821693132,"Semibalanus.balanoides_PA1_RUN1_GAM",0.595456326247561
"639",7,"ph",8.04970821693132,"Semibalanus.balanoides_PA1_RUN1_RF",0.396
"640",7,"ph",8.04970821693132,"Semibalanus.balanoides_PA1_allRun_MAXENT",0.0255295
"641",7,"ph",8.04970821693132,"Semibalanus.balanoides_allData_allRun_GAM",0.482204234839064
"642",7,"ph",8.04970821693132,"Semibalanus.balanoides_allData_allRun_GLM",0.515384060690315
"643",8,"ph",8.0502644148289,"Semibalanus.balanoides_PA1_RUN1_GAM",0.593261385354714
"644",8,"ph",8.0502644148289,"Semibalanus.balanoides_PA1_allRun_MAXENT",0.0220552
"645",8,"ph",8.0502644148289,"Semibalanus.balanoides_PA1_RUN1_GLM",0.603071706049243
"646",8,"ph",8.0502644148289,"Semibalanus.balanoides_PA1_RUN1_RF",0.398
"647",8,"ph",8.0502644148289,"Semibalanus.balanoides_allData_allRun_GLM",0.50986124691602
"648",8,"ph",8.0502644148289,"Semibalanus.balanoides_allData_allRun_GAM",0.478942975274513
"649",9,"ph",8.05082061272647,"Semibalanus.balanoides_PA1_RUN1_GLM",0.601385206533204
"650",9,"ph",8.05082061272647,"Semibalanus.balanoides_allData_allRun_GLM",0.504386832126197
"651",9,"ph",8.05082061272647,"Semibalanus.balanoides_PA1_allRun_MAXENT",0.0190491
"652",9,"ph",8.05082061272647,"Semibalanus.balanoides_PA1_RUN1_RF",0.396
"653",9,"ph",8.05082061272647,"Semibalanus.balanoides_PA1_RUN1_GAM",0.591062714078181
"654",9,"ph",8.05082061272647,"Semibalanus.balanoides_allData_allRun_GAM",0.475683509574823
"655",10,"ph",8.05137681062405,"Semibalanus.balanoides_PA1_RUN1_GAM",0.588860394245742
"656",10,"ph",8.05137681062405,"Semibalanus.balanoides_PA1_RUN1_RF",0.402
"657",10,"ph",8.05137681062405,"Semibalanus.balanoides_allData_allRun_GAM",0.472426114188877
"658",10,"ph",8.05137681062405,"Semibalanus.balanoides_PA1_allRun_MAXENT",0.0164493
"659",10,"ph",8.05137681062405,"Semibalanus.balanoides_PA1_RUN1_GLM",0.599687426489796
"660",10,"ph",8.05137681062405,"Semibalanus.balanoides_allData_allRun_GLM",0.49896217616109
"661",11,"ph",8.05193300852162,"Semibalanus.balanoides_PA1_RUN1_GAM",0.586654508259897
"662",11,"ph",8.05193300852162,"Semibalanus.balanoides_PA1_RUN1_GLM",0.597978365437842
"663",11,"ph",8.05193300852162,"Semibalanus.balanoides_allData_allRun_GLM",0.493588567183286
"664",11,"ph",8.05193300852162,"Semibalanus.balanoides_PA1_allRun_MAXENT",0.0146143
"665",11,"ph",8.05193300852162,"Semibalanus.balanoides_PA1_RUN1_RF",0.39
"666",11,"ph",8.05193300852162,"Semibalanus.balanoides_allData_allRun_GAM",0.469171064861423
"667",12,"ph",8.05248920641919,"Semibalanus.balanoides_PA1_RUN1_GLM",0.59625802410773
"668",12,"ph",8.05248920641919,"Semibalanus.balanoides_PA1_allRun_MAXENT",0.0142626
"669",12,"ph",8.05248920641919,"Semibalanus.balanoides_PA1_RUN1_GAM",0.584445139086242
"670",12,"ph",8.05248920641919,"Semibalanus.balanoides_PA1_RUN1_RF",0.398
"671",12,"ph",8.05248920641919,"Semibalanus.balanoides_allData_allRun_GLM",0.488267222110221
"672",12,"ph",8.05248920641919,"Semibalanus.balanoides_allData_allRun_GAM",0.46591863654
"673",13,"ph",8.05304540431677,"Semibalanus.balanoides_PA1_RUN1_GAM",0.582232370241729
"674",13,"ph",8.05304540431677,"Semibalanus.balanoides_PA1_RUN1_RF",0.404
"675",13,"ph",8.05304540431677,"Semibalanus.balanoides_PA1_allRun_MAXENT",0.0139193
"676",13,"ph",8.05304540431677,"Semibalanus.balanoides_PA1_RUN1_GLM",0.594526404466589
"677",13,"ph",8.05304540431677,"Semibalanus.balanoides_allData_allRun_GAM",0.462669103282581
"678",13,"ph",8.05304540431677,"Semibalanus.balanoides_allData_allRun_GLM",0.482999287224465
"679",14,"ph",8.05360160221434,"Semibalanus.balanoides_PA1_RUN1_GLM",0.592783509743111
"680",14,"ph",8.05360160221434,"Semibalanus.balanoides_allData_allRun_GLM",0.477785838883024
"681",14,"ph",8.05360160221434,"Semibalanus.balanoides_PA1_allRun_MAXENT",0.0135842
"682",14,"ph",8.05360160221434,"Semibalanus.balanoides_PA1_RUN1_GAM",0.580016285782749
"683",14,"ph",8.05360160221434,"Semibalanus.balanoides_PA1_RUN1_RF",0.412
"684",14,"ph",8.05360160221434,"Semibalanus.balanoides_allData_allRun_GAM",0.459422738165827
"685",15,"ph",8.05415780011192,"Semibalanus.balanoides_PA1_RUN1_GAM",0.577796970292958
"686",15,"ph",8.05415780011192,"Semibalanus.balanoides_PA1_RUN1_RF",0.412
"687",15,"ph",8.05415780011192,"Semibalanus.balanoides_PA1_RUN1_GLM",0.59102934444967
"688",15,"ph",8.05415780011192,"Semibalanus.balanoides_allData_allRun_GAM",0.456179813193978
"689",15,"ph",8.05415780011192,"Semibalanus.balanoides_PA1_allRun_MAXENT",0.0132566
"690",15,"ph",8.05415780011192,"Semibalanus.balanoides_allData_allRun_GLM",0.47262788439861
"691",16,"ph",8.05471399800949,"Semibalanus.balanoides_PA1_RUN1_GAM",0.575574508871039
"692",16,"ph",8.05471399800949,"Semibalanus.balanoides_PA1_allRun_MAXENT",0.0129373
"693",16,"ph",8.05471399800949,"Semibalanus.balanoides_PA1_RUN1_GLM",0.589263914409535
"694",16,"ph",8.05471399800949,"Semibalanus.balanoides_allData_allRun_GLM",0.467526363016667
"695",16,"ph",8.05471399800949,"Semibalanus.balanoides_PA1_RUN1_RF",0.42
"696",16,"ph",8.05471399800949,"Semibalanus.balanoides_allData_allRun_GAM",0.452940599208619
"697",17,"ph",8.05527019590706,"Semibalanus.balanoides_PA1_RUN1_GLM",0.58748722677851
"698",17,"ph",8.05527019590706,"Semibalanus.balanoides_allData_allRun_GLM",0.462482147025495
"699",17,"ph",8.05527019590706,"Semibalanus.balanoides_PA1_RUN1_GAM",0.573348987118185
"700",17,"ph",8.05527019590706,"Semibalanus.balanoides_PA1_RUN1_RF",0.422
"701",17,"ph",8.05527019590706,"Semibalanus.balanoides_PA1_allRun_MAXENT",0.0126257
"702",17,"ph",8.05527019590706,"Semibalanus.balanoides_allData_allRun_GAM",0.44970536579917
"703",18,"ph",8.05582639380464,"Semibalanus.balanoides_PA1_RUN1_RF",0.422
"704",18,"ph",8.05582639380464,"Semibalanus.balanoides_PA1_RUN1_GLM",0.5856992900721
"705",18,"ph",8.05582639380464,"Semibalanus.balanoides_PA1_allRun_MAXENT",0.0123216
"706",18,"ph",8.05582639380464,"Semibalanus.balanoides_allData_allRun_GAM",0.446474381214351
"707",18,"ph",8.05582639380464,"Semibalanus.balanoides_allData_allRun_GLM",0.457496042949708
"708",18,"ph",8.05582639380464,"Semibalanus.balanoides_PA1_RUN1_GAM",0.57112049112548
"709",19,"ph",8.05638259170221,"Semibalanus.balanoides_PA1_RUN1_GLM",0.583900114187055
"710",19,"ph",8.05638259170221,"Semibalanus.balanoides_PA1_allRun_MAXENT",0.0120247
"711",19,"ph",8.05638259170221,"Semibalanus.balanoides_allData_allRun_GAM",0.443247912274587
"712",19,"ph",8.05638259170221,"Semibalanus.balanoides_PA1_RUN1_RF",0.426
"713",19,"ph",8.05638259170221,"Semibalanus.balanoides_PA1_RUN1_GAM",0.568889107461126
"714",19,"ph",8.05638259170221,"Semibalanus.balanoides_allData_allRun_GLM",0.45256879286434
"715",20,"ph",8.05693878959979,"Semibalanus.balanoides_allData_allRun_GAM",0.440026224285358
"716",20,"ph",8.05693878959979,"Semibalanus.balanoides_allData_allRun_GLM",0.447701075780071
"717",20,"ph",8.05693878959979,"Semibalanus.balanoides_PA1_allRun_MAXENT",0.0117345
"718",20,"ph",8.05693878959979,"Semibalanus.balanoides_PA1_RUN1_GLM",0.582089710428214
"719",20,"ph",8.05693878959979,"Semibalanus.balanoides_PA1_RUN1_RF",0.424
"720",20,"ph",8.05693878959979,"Semibalanus.balanoides_PA1_RUN1_GAM",0.566654923157425
"721",21,"ph",8.05749498749736,"Semibalanus.balanoides_allData_allRun_GLM",0.442893509112679
"722",21,"ph",8.05749498749736,"Semibalanus.balanoides_PA1_allRun_MAXENT",0.0114517
"723",21,"ph",8.05749498749736,"Semibalanus.balanoides_PA1_RUN1_GLM",0.580268091531131
"724",21,"ph",8.05749498749736,"Semibalanus.balanoides_PA1_RUN1_RF",0.428
"725",21,"ph",8.05749498749736,"Semibalanus.balanoides_allData_allRun_GAM",0.436809580951776
"726",21,"ph",8.05749498749736,"Semibalanus.balanoides_PA1_RUN1_GAM",0.56441802569772
"727",22,"ph",8.05805118539493,"Semibalanus.balanoides_PA1_RUN1_GLM",0.578435271688431
"728",22,"ph",8.05805118539493,"Semibalanus.balanoides_PA1_allRun_MAXENT",0.0111756
"729",22,"ph",8.05805118539493,"Semibalanus.balanoides_PA1_RUN1_GAM",0.562178503003075
"730",22,"ph",8.05805118539493,"Semibalanus.balanoides_PA1_RUN1_RF",0.43
"731",22,"ph",8.05805118539493,"Semibalanus.balanoides_allData_allRun_GLM",0.438146650214791
"732",22,"ph",8.05805118539493,"Semibalanus.balanoides_allData_allRun_GAM",0.433598244294065
"733",23,"ph",8.05860738329251,"Semibalanus.balanoides_PA1_allRun_MAXENT",0.0109062
"734",23,"ph",8.05860738329251,"Semibalanus.balanoides_PA1_RUN1_RF",0.426
"735",23,"ph",8.05860738329251,"Semibalanus.balanoides_allData_allRun_GLM",0.433460997990438
"736",23,"ph",8.05860738329251,"Semibalanus.balanoides_PA1_RUN1_GLM",0.576591266571369
"737",23,"ph",8.05860738329251,"Semibalanus.balanoides_allData_allRun_GAM",0.43039247456445
"738",23,"ph",8.05860738329251,"Semibalanus.balanoides_PA1_RUN1_GAM",0.559936443418875
"739",24,"ph",8.05916358119008,"Semibalanus.balanoides_PA1_RUN1_GLM",0.57473609335675
"740",24,"ph",8.05916358119008,"Semibalanus.balanoides_PA1_RUN1_GAM",0.557691935701285
"741",24,"ph",8.05916358119008,"Semibalanus.balanoides_PA1_allRun_MAXENT",0.0106428
"742",24,"ph",8.05916358119008,"Semibalanus.balanoides_PA1_RUN1_RF",0.424
"743",24,"ph",8.05916358119008,"Semibalanus.balanoides_allData_allRun_GLM",0.428836994541314
"744",24,"ph",8.05916358119008,"Semibalanus.balanoides_allData_allRun_GAM",0.427192530165201
"745",25,"ph",8.05971977908766,"Semibalanus.balanoides_PA1_RUN1_GLM",0.572869770749913
"746",25,"ph",8.05971977908766,"Semibalanus.balanoides_PA1_allRun_MAXENT",0.0103862
"747",25,"ph",8.05971977908766,"Semibalanus.balanoides_PA1_RUN1_GAM",0.555445069003493
"748",25,"ph",8.05971977908766,"Semibalanus.balanoides_PA1_RUN1_RF",0.424
"749",25,"ph",8.05971977908766,"Semibalanus.balanoides_allData_allRun_GLM",0.424275026868541
"750",25,"ph",8.05971977908766,"Semibalanus.balanoides_allData_allRun_GAM",0.42399866756788
"751",26,"ph",8.06027597698523,"Semibalanus.balanoides_PA1_allRun_MAXENT",0.0101357
"752",26,"ph",8.06027597698523,"Semibalanus.balanoides_PA1_RUN1_RF",0.424
"753",26,"ph",8.06027597698523,"Semibalanus.balanoides_PA1_RUN1_GLM",0.570992319008396
"754",26,"ph",8.06027597698523,"Semibalanus.balanoides_allData_allRun_GLM",0.419775428613507
"755",26,"ph",8.06027597698523,"Semibalanus.balanoides_PA1_RUN1_GAM",0.553195932861931
"756",26,"ph",8.06027597698523,"Semibalanus.balanoides_allData_allRun_GAM",0.420811141234101
"757",27,"ph",8.06083217488281,"Semibalanus.balanoides_PA1_allRun_MAXENT",0.00989122
"758",27,"ph",8.06083217488281,"Semibalanus.balanoides_PA1_RUN1_GLM",0.569103759967061
"759",27,"ph",8.06083217488281,"Semibalanus.balanoides_PA1_RUN1_RF",0.424
"760",27,"ph",8.06083217488281,"Semibalanus.balanoides_PA1_RUN1_GAM",0.550944617182242
"761",27,"ph",8.06083217488281,"Semibalanus.balanoides_allData_allRun_GLM",0.415338481838629
"762",27,"ph",8.06083217488281,"Semibalanus.balanoides_allData_allRun_GAM",0.417630203537536
"763",28,"ph",8.06138837278038,"Semibalanus.balanoides_PA1_RUN1_GLM",0.567204117061106
"764",28,"ph",8.06138837278038,"Semibalanus.balanoides_PA1_allRun_MAXENT",0.00965261
"765",28,"ph",8.06138837278038,"Semibalanus.balanoides_PA1_RUN1_GAM",0.548691212225243
"766",28,"ph",8.06138837278038,"Semibalanus.balanoides_PA1_RUN1_RF",0.424
"767",28,"ph",8.06138837278038,"Semibalanus.balanoides_allData_allRun_GLM",0.410964418814677
"768",28,"ph",8.06138837278038,"Semibalanus.balanoides_allData_allRun_GAM",0.414456104687482
"769",29,"ph",8.06194457067795,"Semibalanus.balanoides_PA1_RUN1_GLM",0.565293415350396
"770",29,"ph",8.06194457067795,"Semibalanus.balanoides_PA1_allRun_MAXENT",0.00941933
"771",29,"ph",8.06194457067795,"Semibalanus.balanoides_PA1_RUN1_GAM",0.546435808592658
"772",29,"ph",8.06194457067795,"Semibalanus.balanoides_PA1_RUN1_RF",0.472
"773",29,"ph",8.06194457067795,"Semibalanus.balanoides_allData_allRun_GLM",0.406653423841072
"774",29,"ph",8.06194457067795,"Semibalanus.balanoides_allData_allRun_GAM",0.411289092653818
"775",30,"ph",8.06250076857553,"Semibalanus.balanoides_PA1_allRun_MAXENT",0.00919205
"776",30,"ph",8.06250076857553,"Semibalanus.balanoides_PA1_RUN1_RF",0.472
"777",30,"ph",8.06250076857553,"Semibalanus.balanoides_PA1_RUN1_GAM",0.544178497212772
"778",30,"ph",8.06250076857553,"Semibalanus.balanoides_allData_allRun_GLM",0.402405635079644
"779",30,"ph",8.06250076857553,"Semibalanus.balanoides_PA1_RUN1_GLM",0.563371681542418
"780",30,"ph",8.06250076857553,"Semibalanus.balanoides_allData_allRun_GAM",0.408129413093556
"781",31,"ph",8.0630569664731,"Semibalanus.balanoides_PA1_allRun_MAXENT",0.00897023
"782",31,"ph",8.0630569664731,"Semibalanus.balanoides_PA1_RUN1_GLM",0.561438944016644
"783",31,"ph",8.0630569664731,"Semibalanus.balanoides_PA1_RUN1_RF",0.492
"784",31,"ph",8.0630569664731,"Semibalanus.balanoides_PA1_RUN1_GAM",0.541919369326072
"785",31,"ph",8.0630569664731,"Semibalanus.balanoides_allData_allRun_GAM",0.404977309278984
"786",31,"ph",8.0630569664731,"Semibalanus.balanoides_allData_allRun_GLM",0.398221146387337
"787",32,"ph",8.06361316437068,"Semibalanus.balanoides_PA1_RUN1_GLM",0.559495232847824
"788",32,"ph",8.06361316437068,"Semibalanus.balanoides_PA1_allRun_MAXENT",0.00875374
"789",32,"ph",8.06361316437068,"Semibalanus.balanoides_PA1_RUN1_GAM",0.539658516470545
"790",32,"ph",8.06361316437068,"Semibalanus.balanoides_PA1_RUN1_RF",0.512
"791",32,"ph",8.06361316437068,"Semibalanus.balanoides_allData_allRun_GLM",0.394100009147836
"792",32,"ph",8.06361316437068,"Semibalanus.balanoides_allData_allRun_GAM",0.401833022027334
"793",33,"ph",8.06416936226825,"Semibalanus.balanoides_PA1_RUN1_GLM",0.557540579827298
"794",33,"ph",8.06416936226825,"Semibalanus.balanoides_PA1_allRun_MAXENT",0.00854245
"795",33,"ph",8.06416936226825,"Semibalanus.balanoides_PA1_RUN1_GAM",0.537396030467147
"796",33,"ph",8.06416936226825,"Semibalanus.balanoides_PA1_RUN1_RF",0.516
"797",33,"ph",8.06416936226825,"Semibalanus.balanoides_allData_allRun_GLM",0.390042234118788
"798",33,"ph",8.06416936226825,"Semibalanus.balanoides_allData_allRun_GAM",0.398696789632261
"799",34,"ph",8.06472556016582,"Semibalanus.balanoides_PA1_allRun_MAXENT",0.00833589
"800",34,"ph",8.06472556016582,"Semibalanus.balanoides_PA1_RUN1_GLM",0.555575018488564
"801",34,"ph",8.06472556016582,"Semibalanus.balanoides_PA1_RUN1_RF",0.56
"802",34,"ph",8.06472556016582,"Semibalanus.balanoides_PA1_RUN1_GAM",0.535132003404961
"803",34,"ph",8.06472556016582,"Semibalanus.balanoides_allData_allRun_GLM",0.38604779324973
"804",34,"ph",8.06472556016582,"Semibalanus.balanoides_allData_allRun_GAM",0.395568847796836
"805",35,"ph",8.0652817580634,"Semibalanus.balanoides_PA1_allRun_MAXENT",0.00813464
"806",35,"ph",8.0652817580634,"Semibalanus.balanoides_PA1_RUN1_RF",0.606
"807",35,"ph",8.0652817580634,"Semibalanus.balanoides_PA1_RUN1_GLM",0.553598584127487
"808",35,"ph",8.0652817580634,"Semibalanus.balanoides_allData_allRun_GLM",0.382116621490952
"809",35,"ph",8.0652817580634,"Semibalanus.balanoides_PA1_RUN1_GAM",0.532866527626372
"810",35,"ph",8.0652817580634,"Semibalanus.balanoides_allData_allRun_GAM",0.392449429568411
"811",36,"ph",8.06583795596097,"Semibalanus.balanoides_PA1_RUN1_GLM",0.551611313827178
"812",36,"ph",8.06583795596097,"Semibalanus.balanoides_PA1_allRun_MAXENT",0.00793823
"813",36,"ph",8.06583795596097,"Semibalanus.balanoides_PA1_RUN1_GAM",0.530599695712142
"814",36,"ph",8.06583795596097,"Semibalanus.balanoides_PA1_RUN1_RF",0.51
"815",36,"ph",8.06583795596097,"Semibalanus.balanoides_allData_allRun_GLM",0.378248618598582
"816",36,"ph",8.06583795596097,"Semibalanus.balanoides_allData_allRun_GAM",0.38933876527521
"817",37,"ph",8.06639415385855,"Semibalanus.balanoides_PA1_RUN1_GLM",0.549613246477347
"818",37,"ph",8.06639415385855,"Semibalanus.balanoides_PA1_RUN1_GAM",0.528331600466343
"819",37,"ph",8.06639415385855,"Semibalanus.balanoides_PA1_allRun_MAXENT",0.00774654
"820",37,"ph",8.06639415385855,"Semibalanus.balanoides_PA1_RUN1_RF",0.506
"821",37,"ph",8.06639415385855,"Semibalanus.balanoides_allData_allRun_GLM",0.374443650909695
"822",37,"ph",8.06639415385855,"Semibalanus.balanoides_allData_allRun_GAM",0.386237082464662
"823",38,"ph",8.06695035175612,"Semibalanus.balanoides_PA1_allRun_MAXENT",0.00755915
"824",38,"ph",8.06695035175612,"Semibalanus.balanoides_PA1_RUN1_GLM",0.547604422798767
"825",38,"ph",8.06695035175612,"Semibalanus.balanoides_PA1_RUN1_RF",0.512
"826",38,"ph",8.06695035175612,"Semibalanus.balanoides_PA1_RUN1_GAM",0.526062334901303
"827",38,"ph",8.06695035175612,"Semibalanus.balanoides_allData_allRun_GLM",0.370701553088562
"828",38,"ph",8.06695035175612,"Semibalanus.balanoides_allData_allRun_GAM",0.383144605843656
"829",39,"ph",8.06750654965369,"Semibalanus.balanoides_PA1_allRun_MAXENT",0.00737658
"830",39,"ph",8.06750654965369,"Semibalanus.balanoides_PA1_RUN1_RF",0.526
"831",39,"ph",8.06750654965369,"Semibalanus.balanoides_allData_allRun_GLM",0.367022129854654
"832",39,"ph",8.06750654965369,"Semibalanus.balanoides_PA1_RUN1_GLM",0.545584885362826
"833",39,"ph",8.06750654965369,"Semibalanus.balanoides_allData_allRun_GAM",0.380061557220547
"834",39,"ph",8.06750654965369,"Semibalanus.balanoides_PA1_RUN1_GAM",0.523791992222388
"835",40,"ph",8.06806274755127,"Semibalanus.balanoides_allData_allRun_GLM",0.363405157683516
"836",40,"ph",8.06806274755127,"Semibalanus.balanoides_PA1_RUN1_GLM",0.543554678614367
"837",40,"ph",8.06806274755127,"Semibalanus.balanoides_PA1_allRun_MAXENT",0.0071984
"838",40,"ph",8.06806274755127,"Semibalanus.balanoides_allData_allRun_GAM",0.376988155449113
"839",40,"ph",8.06806274755127,"Semibalanus.balanoides_PA1_RUN1_RF",0.478
"840",40,"ph",8.06806274755127,"Semibalanus.balanoides_PA1_RUN1_GAM",0.521520665812777
"841",41,"ph",8.06861894544884,"Semibalanus.balanoides_allData_allRun_GLM",0.359850386462035
"842",41,"ph",8.06861894544884,"Semibalanus.balanoides_allData_allRun_GAM",0.373924616374409
"843",41,"ph",8.06861894544884,"Semibalanus.balanoides_PA1_RUN1_GAM",0.519248449218179
"844",41,"ph",8.06861894544884,"Semibalanus.balanoides_PA1_RUN1_GLM",0.541513848891829
"845",41,"ph",8.06861894544884,"Semibalanus.balanoides_PA1_allRun_MAXENT",0.00702452
"846",41,"ph",8.06861894544884,"Semibalanus.balanoides_PA1_RUN1_RF",0.476
"847",42,"ph",8.06917514334642,"Semibalanus.balanoides_PA1_RUN1_GAM",0.516975436131418
"848",42,"ph",8.06917514334642,"Semibalanus.balanoides_allData_allRun_GLM",0.356357541125544
"849",42,"ph",8.06917514334642,"Semibalanus.balanoides_PA1_allRun_MAXENT",0.00685481
"850",42,"ph",8.06917514334642,"Semibalanus.balanoides_PA1_RUN1_GLM",0.539462444447701
"851",42,"ph",8.06917514334642,"Semibalanus.balanoides_PA1_RUN1_RF",0.476
"852",42,"ph",8.06917514334642,"Semibalanus.balanoides_allData_allRun_GAM",0.370871152780482
"853",43,"ph",8.06973134124399,"Semibalanus.balanoides_PA1_RUN1_GAM",0.51470172037708
"854",43,"ph",8.06973134124399,"Semibalanus.balanoides_PA1_RUN1_RF",0.476
"855",43,"ph",8.06973134124399,"Semibalanus.balanoides_PA1_RUN1_GLM",0.53740051546918
"856",43,"ph",8.06973134124399,"Semibalanus.balanoides_PA1_allRun_MAXENT",0.00668892
"857",43,"ph",8.06973134124399,"Semibalanus.balanoides_allData_allRun_GLM",0.352926323243624
"858",43,"ph",8.06973134124399,"Semibalanus.balanoides_allData_allRun_GAM",0.367827974340146
"859",44,"ph",8.07028753914157,"Semibalanus.balanoides_PA1_allRun_MAXENT",0.00652729
"860",44,"ph",8.07028753914157,"Semibalanus.balanoides_PA1_RUN1_GAM",0.512427395896003
"861",44,"ph",8.07028753914157,"Semibalanus.balanoides_PA1_RUN1_GLM",0.535328114097292
"862",44,"ph",8.07028753914157,"Semibalanus.balanoides_allData_allRun_GLM",0.349556412584006
"863",44,"ph",8.07028753914157,"Semibalanus.balanoides_PA1_RUN1_RF",0.476
"864",44,"ph",8.07028753914157,"Semibalanus.balanoides_allData_allRun_GAM",0.364795287566578
"865",45,"ph",8.07084373703914,"Semibalanus.balanoides_PA1_RUN1_GLM",0.533245294447415
"866",45,"ph",8.07084373703914,"Semibalanus.balanoides_PA1_RUN1_GAM",0.510152556729794
"867",45,"ph",8.07084373703914,"Semibalanus.balanoides_allData_allRun_GAM",0.361773295766971
"868",45,"ph",8.07084373703914,"Semibalanus.balanoides_PA1_RUN1_RF",0.476
"869",45,"ph",8.07084373703914,"Semibalanus.balanoides_PA1_allRun_MAXENT",0.00636956
"870",45,"ph",8.07084373703914,"Semibalanus.balanoides_allData_allRun_GLM",0.346247468623051
"871",46,"ph",8.07139993493671,"Semibalanus.balanoides_PA1_RUN1_GAM",0.507877297005316
"872",46,"ph",8.07139993493671,"Semibalanus.balanoides_PA1_RUN1_GLM",0.53115211262711
"873",46,"ph",8.07139993493671,"Semibalanus.balanoides_PA1_allRun_MAXENT",0.00621563
"874",46,"ph",8.07139993493671,"Semibalanus.balanoides_PA1_RUN1_RF",0.476
"875",46,"ph",8.07139993493671,"Semibalanus.balanoides_allData_allRun_GLM",0.34299913202336
"876",46,"ph",8.07139993493671,"Semibalanus.balanoides_allData_allRun_GAM",0.358762198998248
"877",47,"ph",8.07195613283429,"Semibalanus.balanoides_PA1_RUN1_GLM",0.529048626755528
"878",47,"ph",8.07195613283429,"Semibalanus.balanoides_PA1_allRun_MAXENT",0.00606541
"879",47,"ph",8.07195613283429,"Semibalanus.balanoides_PA1_RUN1_GAM",0.505601710919072
"880",47,"ph",8.07195613283429,"Semibalanus.balanoides_allData_allRun_GLM",0.339811026066722
"881",47,"ph",8.07195613283429,"Semibalanus.balanoides_PA1_RUN1_RF",0.476
"882",47,"ph",8.07195613283429,"Semibalanus.balanoides_allData_allRun_GAM",0.355762194024587
"883",48,"ph",8.07251233073186,"Semibalanus.balanoides_PA1_RUN1_GAM",0.503325892721671
"884",48,"ph",8.07251233073186,"Semibalanus.balanoides_PA1_RUN1_RF",0.476
"885",48,"ph",8.07251233073186,"Semibalanus.balanoides_PA1_RUN1_GLM",0.526934896979742
"886",48,"ph",8.07251233073186,"Semibalanus.balanoides_PA1_allRun_MAXENT",0.00591855
"887",48,"ph",8.07251233073186,"Semibalanus.balanoides_allData_allRun_GAM",0.352773474277155
"888",48,"ph",8.07251233073186,"Semibalanus.balanoides_allData_allRun_GLM",0.336682758051492
"889",49,"ph",8.07306852862944,"Semibalanus.balanoides_PA1_RUN1_GLM",0.524810985495458
"890",49,"ph",8.07306852862944,"Semibalanus.balanoides_PA1_allRun_MAXENT",0.00577549
"891",49,"ph",8.07306852862944,"Semibalanus.balanoides_allData_allRun_GLM",0.333613920638267
"892",49,"ph",8.07306852862944,"Semibalanus.balanoides_PA1_RUN1_GAM",0.501049936702168
"893",49,"ph",8.07306852862944,"Semibalanus.balanoides_allData_allRun_GAM",0.34979622981572
"894",49,"ph",8.07306852862944,"Semibalanus.balanoides_PA1_RUN1_RF",0.476
"895",50,"ph",8.07362472652701,"Semibalanus.balanoides_PA1_RUN1_GLM",0.522676956560407
"896",50,"ph",8.07362472652701,"Semibalanus.balanoides_PA1_RUN1_GAM",0.49877393717246
"897",50,"ph",8.07362472652701,"Semibalanus.balanoides_PA1_RUN1_RF",0.476
"898",50,"ph",8.07362472652701,"Semibalanus.balanoides_allData_allRun_GAM",0.346830647292368
"899",50,"ph",8.07362472652701,"Semibalanus.balanoides_PA1_allRun_MAXENT",0.00563587
"900",50,"ph",8.07362472652701,"Semibalanus.balanoides_allData_allRun_GLM",0.33060409315501
"901",51,"ph",8.07418092442459,"Semibalanus.balanoides_PA1_RUN1_GAM",0.496497988451679
"902",51,"ph",8.07418092442459,"Semibalanus.balanoides_PA1_RUN1_RF",0.474
"903",51,"ph",8.07418092442459,"Semibalanus.balanoides_PA1_RUN1_GLM",0.520532876513325
"904",51,"ph",8.07418092442459,"Semibalanus.balanoides_PA1_allRun_MAXENT",0.00549962
"905",51,"ph",8.07418092442459,"Semibalanus.balanoides_allData_allRun_GLM",0.32765284286456
"906",51,"ph",8.07418092442459,"Semibalanus.balanoides_allData_allRun_GAM",0.343876909917236
"907",52,"ph",8.07473712232216,"Semibalanus.balanoides_PA1_allRun_MAXENT",0.00536642
"908",52,"ph",8.07473712232216,"Semibalanus.balanoides_PA1_RUN1_GLM",0.518378813789542
"909",52,"ph",8.07473712232216,"Semibalanus.balanoides_allData_allRun_GLM",0.324759726183868
"910",52,"ph",8.07473712232216,"Semibalanus.balanoides_PA1_RUN1_GAM",0.494222184850507
"911",52,"ph",8.07473712232216,"Semibalanus.balanoides_PA1_RUN1_RF",0.454
"912",52,"ph",8.07473712232216,"Semibalanus.balanoides_allData_allRun_GAM",0.340935197426216
"913",53,"ph",8.07529332021973,"Semibalanus.balanoides_PA1_RUN1_GAM",0.4919466206556
"914",53,"ph",8.07529332021973,"Semibalanus.balanoides_PA1_RUN1_GLM",0.516214838934518
"915",53,"ph",8.07529332021973,"Semibalanus.balanoides_PA1_RUN1_RF",0.454
"916",53,"ph",8.07529332021973,"Semibalanus.balanoides_allData_allRun_GAM",0.338005686050814
"917",53,"ph",8.07529332021973,"Semibalanus.balanoides_PA1_allRun_MAXENT",0.00523667
"918",53,"ph",8.07529332021973,"Semibalanus.balanoides_allData_allRun_GLM",0.321924289859204
"919",54,"ph",8.07584951811731,"Semibalanus.balanoides_PA1_RUN1_GLM",0.514041024621199
"920",54,"ph",8.07584951811731,"Semibalanus.balanoides_PA1_allRun_MAXENT",0.00511004
"921",54,"ph",8.07584951811731,"Semibalanus.balanoides_PA1_RUN1_GAM",0.489671390113917
"922",54,"ph",8.07584951811731,"Semibalanus.balanoides_allData_allRun_GLM",0.31914607209989
"923",54,"ph",8.07584951811731,"Semibalanus.balanoides_PA1_RUN1_RF",0.454
"924",54,"ph",8.07584951811731,"Semibalanus.balanoides_allData_allRun_GAM",0.335088548489852
"925",55,"ph",8.07640571601488,"Semibalanus.balanoides_PA1_RUN1_GLM",0.511857445662338
"926",55,"ph",8.07640571601488,"Semibalanus.balanoides_PA1_RUN1_GAM",0.487396587417135
"927",55,"ph",8.07640571601488,"Semibalanus.balanoides_PA1_allRun_MAXENT",0.00498646
"928",55,"ph",8.07640571601488,"Semibalanus.balanoides_PA1_RUN1_RF",0.386
"929",55,"ph",8.07640571601488,"Semibalanus.balanoides_allData_allRun_GAM",0.332183953883376
"930",55,"ph",8.07640571601488,"Semibalanus.balanoides_allData_allRun_GLM",0.316424603670864
"931",56,"ph",8.07696191391246,"Semibalanus.balanoides_PA1_RUN1_GAM",0.485122306686076
"932",56,"ph",8.07696191391246,"Semibalanus.balanoides_PA1_RUN1_RF",0.388
"933",56,"ph",8.07696191391246,"Semibalanus.balanoides_PA1_allRun_MAXENT",0.00486587
"934",56,"ph",8.07696191391246,"Semibalanus.balanoides_PA1_RUN1_GLM",0.509664179024889
"935",56,"ph",8.07696191391246,"Semibalanus.balanoides_allData_allRun_GLM",0.313759408942866
"936",56,"ph",8.07696191391246,"Semibalanus.balanoides_allData_allRun_GAM",0.329292067788517
"937",57,"ph",8.07751811181003,"Semibalanus.balanoides_PA1_RUN1_GLM",0.507461303841696
"938",57,"ph",8.07751811181003,"Semibalanus.balanoides_PA1_allRun_MAXENT",0.00474799
"939",57,"ph",8.07751811181003,"Semibalanus.balanoides_PA1_RUN1_GAM",0.482848641955096
"940",57,"ph",8.07751811181003,"Semibalanus.balanoides_allData_allRun_GAM",0.326413052157274
"941",57,"ph",8.07751811181003,"Semibalanus.balanoides_allData_allRun_GLM",0.311150006891432
"942",57,"ph",8.07751811181003,"Semibalanus.balanoides_PA1_RUN1_RF",0.388
"943",58,"ph",8.0780743097076,"Semibalanus.balanoides_PA1_RUN1_GLM",0.505248901425342
"944",58,"ph",8.0780743097076,"Semibalanus.balanoides_PA1_RUN1_GAM",0.480575687156608
"945",58,"ph",8.0780743097076,"Semibalanus.balanoides_PA1_RUN1_RF",0.386
"946",58,"ph",8.0780743097076,"Semibalanus.balanoides_allData_allRun_GAM",0.323547065316452
"947",58,"ph",8.0780743097076,"Semibalanus.balanoides_PA1_allRun_MAXENT",0.00463315
"948",58,"ph",8.0780743097076,"Semibalanus.balanoides_allData_allRun_GLM",0.308595912071989
"949",59,"ph",8.07863050760518,"Semibalanus.balanoides_PA1_RUN1_GLM",0.503027055278564
"950",59,"ph",8.07863050760518,"Semibalanus.balanoides_PA1_allRun_MAXENT",0.00452108
"951",59,"ph",8.07863050760518,"Semibalanus.balanoides_allData_allRun_GAM",0.320694261949466
"952",59,"ph",8.07863050760518,"Semibalanus.balanoides_PA1_RUN1_RF",0.386
"953",59,"ph",8.07863050760518,"Semibalanus.balanoides_PA1_RUN1_GAM",0.478303536105535
"954",59,"ph",8.07863050760518,"Semibalanus.balanoides_allData_allRun_GLM",0.306096635542605
"955",60,"ph",8.07918670550275,"Semibalanus.balanoides_PA1_allRun_MAXENT",0.00441171
"956",60,"ph",8.07918670550275,"Semibalanus.balanoides_PA1_RUN1_RF",0.386
"957",60,"ph",8.07918670550275,"Semibalanus.balanoides_allData_allRun_GAM",0.317854793080184
"958",60,"ph",8.07918670550275,"Semibalanus.balanoides_allData_allRun_GLM",0.303651685741697
"959",60,"ph",8.07918670550275,"Semibalanus.balanoides_PA1_RUN1_GLM",0.500795851104505
"960",60,"ph",8.07918670550275,"Semibalanus.balanoides_PA1_RUN1_GAM",0.476032282483873
"961",61,"ph",8.07974290340033,"Semibalanus.balanoides_allData_allRun_GLM",0.301260569347705
"962",61,"ph",8.07974290340033,"Semibalanus.balanoides_PA1_allRun_MAXENT",0.00430498
"963",61,"ph",8.07974290340033,"Semibalanus.balanoides_PA1_RUN1_GLM",0.498555376817816
"964",61,"ph",8.07974290340033,"Semibalanus.balanoides_PA1_RUN1_RF",0.386
"965",61,"ph",8.07974290340033,"Semibalanus.balanoides_allData_allRun_GAM",0.315028806058741
"966",61,"ph",8.07974290340033,"Semibalanus.balanoides_PA1_RUN1_GAM",0.4737620198253
"967",62,"ph",8.0802991012979,"Semibalanus.balanoides_allData_allRun_GLM",0.298922792075225
"968",62,"ph",8.0802991012979,"Semibalanus.balanoides_PA1_RUN1_GLM",0.49630572255294
"969",62,"ph",8.0802991012979,"Semibalanus.balanoides_allData_allRun_GAM",0.312216444549238
"970",62,"ph",8.0802991012979,"Semibalanus.balanoides_PA1_RUN1_GAM",0.471492841499776
"971",62,"ph",8.0802991012979,"Semibalanus.balanoides_PA1_allRun_MAXENT",0.00420066
"972",62,"ph",8.0802991012979,"Semibalanus.balanoides_PA1_RUN1_RF",0.386
"973",63,"ph",8.08085529919548,"Semibalanus.balanoides_PA1_RUN1_GLM",0.494046980672969
"974",63,"ph",8.08085529919548,"Semibalanus.balanoides_PA1_RUN1_GAM",0.469224840698289
"975",63,"ph",8.08085529919548,"Semibalanus.balanoides_allData_allRun_GLM",0.296637859457118
"976",63,"ph",8.08085529919548,"Semibalanus.balanoides_PA1_allRun_MAXENT",0.00409903
"977",63,"ph",8.08085529919548,"Semibalanus.balanoides_allData_allRun_GAM",0.309417848519458
"978",63,"ph",8.08085529919548,"Semibalanus.balanoides_PA1_RUN1_RF",0.384
"979",64,"ph",8.08141149709305,"Semibalanus.balanoides_PA1_RUN1_GLM",0.491779245777012
"980",64,"ph",8.08141149709305,"Semibalanus.balanoides_PA1_RUN1_GAM",0.466958110417577
"981",64,"ph",8.08141149709305,"Semibalanus.balanoides_PA1_allRun_MAXENT",0.00399985
"982",64,"ph",8.08141149709305,"Semibalanus.balanoides_PA1_RUN1_RF",0.386
"983",64,"ph",8.08141149709305,"Semibalanus.balanoides_allData_allRun_GLM",0.294405277568266
"984",64,"ph",8.08141149709305,"Semibalanus.balanoides_allData_allRun_GAM",0.306633154232407
"985",65,"ph",8.08196769499062,"Semibalanus.balanoides_PA1_RUN1_GLM",0.489502614707641
"986",65,"ph",8.08196769499062,"Semibalanus.balanoides_PA1_RUN1_GAM",0.46469274344497
"987",65,"ph",8.08196769499062,"Semibalanus.balanoides_PA1_allRun_MAXENT",0.00390307
"988",65,"ph",8.08196769499062,"Semibalanus.balanoides_allData_allRun_GLM",0.29222455373553
"989",65,"ph",8.08196769499062,"Semibalanus.balanoides_PA1_RUN1_RF",0.366
"990",65,"ph",8.08196769499062,"Semibalanus.balanoides_allData_allRun_GAM",0.303862494239798
"991",66,"ph",8.0825238928882,"Semibalanus.balanoides_PA1_RUN1_GLM",0.487217186555091
"992",66,"ph",8.0825238928882,"Semibalanus.balanoides_allData_allRun_GLM",0.290095197201304
"993",66,"ph",8.0825238928882,"Semibalanus.balanoides_PA1_RUN1_GAM",0.462428832343324
"994",66,"ph",8.0825238928882,"Semibalanus.balanoides_allData_allRun_GAM",0.301105997377438
"995",66,"ph",8.0825238928882,"Semibalanus.balanoides_PA1_allRun_MAXENT",0.00380846
"996",66,"ph",8.0825238928882,"Semibalanus.balanoides_PA1_RUN1_RF",0.368
"997",67,"ph",8.08308009078577,"Semibalanus.balanoides_PA1_RUN1_GLM",0.484923062664465
"998",67,"ph",8.08308009078577,"Semibalanus.balanoides_PA1_RUN1_GAM",0.460166469435946
"999",67,"ph",8.08308009078577,"Semibalanus.balanoides_allData_allRun_GLM",0.288016719749534
"1000",67,"ph",8.08308009078577,"Semibalanus.balanoides_PA1_allRun_MAXENT",0.0037163
"1001",67,"ph",8.08308009078577,"Semibalanus.balanoides_allData_allRun_GAM",0.298363788762339
"1002",67,"ph",8.08308009078577,"Semibalanus.balanoides_PA1_RUN1_RF",0.38
"1003",68,"ph",8.08363628868335,"Semibalanus.balanoides_PA1_RUN1_GLM",0.48262034663874
"1004",68,"ph",8.08363628868335,"Semibalanus.balanoides_PA1_RUN1_GAM",0.457905746791718
"1005",68,"ph",8.08363628868335,"Semibalanus.balanoides_PA1_allRun_MAXENT",0.00362636
"1006",68,"ph",8.08363628868335,"Semibalanus.balanoides_allData_allRun_GLM",0.285988636315446
"1007",68,"ph",8.08363628868335,"Semibalanus.balanoides_PA1_RUN1_RF",0.346
"1008",68,"ph",8.08363628868335,"Semibalanus.balanoides_allData_allRun_GAM",0.295635989791795
"1009",69,"ph",8.08419248658092,"Semibalanus.balanoides_PA1_RUN1_GLM",0.480309144341436
"1010",69,"ph",8.08419248658092,"Semibalanus.balanoides_PA1_RUN1_GAM",0.4556467562102
"1011",69,"ph",8.08419248658092,"Semibalanus.balanoides_PA1_allRun_MAXENT",0.0035386
"1012",69,"ph",8.08419248658092,"Semibalanus.balanoides_allData_allRun_GLM",0.284010465552936
"1013",69,"ph",8.08419248658092,"Semibalanus.balanoides_PA1_RUN1_RF",0.318
"1014",69,"ph",8.08419248658092,"Semibalanus.balanoides_allData_allRun_GAM",0.292922718144151
"1015",70,"ph",8.08474868447849,"Semibalanus.balanoides_PA1_RUN1_GAM",0.453389589206903
"1016",70,"ph",8.08474868447849,"Semibalanus.balanoides_PA1_RUN1_GLM",0.477989563900623
"1017",70,"ph",8.08474868447849,"Semibalanus.balanoides_allData_allRun_GLM",0.282081730366914
"1018",70,"ph",8.08474868447849,"Semibalanus.balanoides_PA1_allRun_MAXENT",0.00345295
"1019",70,"ph",8.08474868447849,"Semibalanus.balanoides_allData_allRun_GAM",0.290224087781392
"1020",70,"ph",8.08474868447849,"Semibalanus.balanoides_PA1_RUN1_RF",0.316
"1021",71,"ph",8.08530488237607,"Semibalanus.balanoides_PA1_RUN1_GLM",0.475661715708229
"1022",71,"ph",8.08530488237607,"Semibalanus.balanoides_allData_allRun_GAM",0.287540208953479
"1023",71,"ph",8.08530488237607,"Semibalanus.balanoides_PA1_RUN1_GAM",0.45113433699865
"1024",71,"ph",8.08530488237607,"Semibalanus.balanoides_allData_allRun_GLM",0.280201958435301
"1025",71,"ph",8.08530488237607,"Semibalanus.balanoides_PA1_allRun_MAXENT",0.00336924
"1026",71,"ph",8.08530488237607,"Semibalanus.balanoides_PA1_RUN1_RF",0.316
"1027",72,"ph",8.08586108027364,"Semibalanus.balanoides_PA1_RUN1_GLM",0.473325712421905
"1028",72,"ph",8.08586108027364,"Semibalanus.balanoides_PA1_RUN1_GAM",0.448881090488979
"1029",72,"ph",8.08586108027364,"Semibalanus.balanoides_PA1_allRun_MAXENT",0.00328769
"1030",72,"ph",8.08586108027364,"Semibalanus.balanoides_allData_allRun_GLM",0.278370682687592
"1031",72,"ph",8.08586108027364,"Semibalanus.balanoides_PA1_RUN1_RF",0.316
"1032",72,"ph",8.08586108027364,"Semibalanus.balanoides_allData_allRun_GAM",0.284871188204346
"1033",73,"ph",8.08641727817122,"Semibalanus.balanoides_PA1_RUN1_GLM",0.470981668964077
"1034",73,"ph",8.08641727817122,"Semibalanus.balanoides_PA1_RUN1_GAM",0.446629940253759
"1035",73,"ph",8.08641727817122,"Semibalanus.balanoides_PA1_allRun_MAXENT",0.0032081
"1036",73,"ph",8.08641727817122,"Semibalanus.balanoides_allData_allRun_GLM",0.27658744175677
"1037",73,"ph",8.08641727817122,"Semibalanus.balanoides_PA1_RUN1_RF",0.316
"1038",73,"ph",8.08641727817122,"Semibalanus.balanoides_allData_allRun_GAM",0.282217128379658
"1039",74,"ph",8.08697347606879,"Semibalanus.balanoides_PA1_RUN1_GLM",0.468629702520453
"1040",74,"ph",8.08697347606879,"Semibalanus.balanoides_PA1_RUN1_GAM",0.444380976526809
"1041",74,"ph",8.08697347606879,"Semibalanus.balanoides_allData_allRun_GLM",0.27485178041287
"1042",74,"ph",8.08697347606879,"Semibalanus.balanoides_PA1_allRun_MAXENT",0.00313045
"1043",74,"ph",8.08697347606879,"Semibalanus.balanoides_allData_allRun_GAM",0.279578128636138
"1044",74,"ph",8.08697347606879,"Semibalanus.balanoides_PA1_RUN1_RF",0.316
"1045",75,"ph",8.08752967396637,"Semibalanus.balanoides_PA1_RUN1_GLM",0.466269932536028
"1046",75,"ph",8.08752967396637,"Semibalanus.balanoides_allData_allRun_GLM",0.273163249974702
"1047",75,"ph",8.08752967396637,"Semibalanus.balanoides_PA1_RUN1_GAM",0.442134289185707
"1048",75,"ph",8.08752967396637,"Semibalanus.balanoides_allData_allRun_GAM",0.276954284452567
"1049",75,"ph",8.08752967396637,"Semibalanus.balanoides_PA1_allRun_MAXENT",0.00305454
"1050",75,"ph",8.08752967396637,"Semibalanus.balanoides_PA1_RUN1_RF",0.316
"1051",76,"ph",8.08808587186394,"Semibalanus.balanoides_PA1_RUN1_GLM",0.463902480713909
"1052",76,"ph",8.08808587186394,"Semibalanus.balanoides_PA1_RUN1_GAM",0.439889967737727
"1053",76,"ph",8.08808587186394,"Semibalanus.balanoides_PA1_allRun_MAXENT",0.00298059
"1054",76,"ph",8.08808587186394,"Semibalanus.balanoides_allData_allRun_GLM",0.271521408684113
"1055",76,"ph",8.08808587186394,"Semibalanus.balanoides_PA1_RUN1_RF",0.318
"1056",76,"ph",8.08808587186394,"Semibalanus.balanoides_allData_allRun_GAM",0.274345687642406
"1057",77,"ph",8.08864206976151,"Semibalanus.balanoides_PA1_RUN1_GLM",0.461527471008769
"1058",77,"ph",8.08864206976151,"Semibalanus.balanoides_PA1_RUN1_GAM",0.437648101305825
"1059",77,"ph",8.08864206976151,"Semibalanus.balanoides_PA1_allRun_MAXENT",0.00291764
"1060",77,"ph",8.08864206976151,"Semibalanus.balanoides_PA1_RUN1_RF",0.322
"1061",77,"ph",8.08864206976151,"Semibalanus.balanoides_allData_allRun_GLM",0.269925822066416
"1062",77,"ph",8.08864206976151,"Semibalanus.balanoides_allData_allRun_GAM",0.271752426367818
"1063",78,"ph",8.08919826765909,"Semibalanus.balanoides_allData_allRun_GLM",0.268376063273432
"1064",78,"ph",8.08919826765909,"Semibalanus.balanoides_PA1_RUN1_GLM",0.459145029621049
"1065",78,"ph",8.08919826765909,"Semibalanus.balanoides_allData_allRun_GAM",0.269174585155448
"1066",78,"ph",8.08919826765909,"Semibalanus.balanoides_PA1_RUN1_GAM",0.435408778614865
"1067",78,"ph",8.08919826765909,"Semibalanus.balanoides_PA1_allRun_MAXENT",0.00286924
"1068",78,"ph",8.08919826765909,"Semibalanus.balanoides_PA1_RUN1_RF",0.322
"1069",79,"ph",8.08975446555666,"Semibalanus.balanoides_PA1_RUN1_GLM",0.456755284990967
"1070",79,"ph",8.08975446555666,"Semibalanus.balanoides_PA1_RUN1_GAM",0.433172087977874
"1071",79,"ph",8.08975446555666,"Semibalanus.balanoides_PA1_allRun_MAXENT",0.00282165
"1072",79,"ph",8.08975446555666,"Semibalanus.balanoides_allData_allRun_GLM",0.266871713398638
"1073",79,"ph",8.08975446555666,"Semibalanus.balanoides_PA1_RUN1_RF",0.328
"1074",79,"ph",8.08975446555666,"Semibalanus.balanoides_allData_allRun_GAM",0.266612244913442
"1075",80,"ph",8.09031066345424,"Semibalanus.balanoides_allData_allRun_GLM",0.265412361771931
"1076",80,"ph",8.09031066345424,"Semibalanus.balanoides_PA1_RUN1_GLM",0.454358367789964
"1077",80,"ph",8.09031066345424,"Semibalanus.balanoides_PA1_allRun_MAXENT",0.00277476
"1078",80,"ph",8.09031066345424,"Semibalanus.balanoides_allData_allRun_GAM",0.264065482950106
"1079",80,"ph",8.09031066345424,"Semibalanus.balanoides_PA1_RUN1_RF",0.328
"1080",80,"ph",8.09031066345424,"Semibalanus.balanoides_PA1_RUN1_GAM",0.430938117282538
"1081",81,"ph",8.09086686135181,"Semibalanus.balanoides_allData_allRun_GLM",0.263997606239191
"1082",81,"ph",8.09086686135181,"Semibalanus.balanoides_PA1_allRun_MAXENT",0.00272873
"1083",81,"ph",8.09086686135181,"Semibalanus.balanoides_allData_allRun_GAM",0.261534372993857
"1084",81,"ph",8.09086686135181,"Semibalanus.balanoides_PA1_RUN1_RF",0.33
"1085",81,"ph",8.09086686135181,"Semibalanus.balanoides_PA1_RUN1_GAM",0.428706953977749
"1086",81,"ph",8.09086686135181,"Semibalanus.balanoides_PA1_RUN1_GLM",0.451954410911923
"1087",82,"ph",8.09142305924938,"Semibalanus.balanoides_PA1_RUN1_GAM",0.426478685060369
"1088",82,"ph",8.09142305924938,"Semibalanus.balanoides_allData_allRun_GLM",0.262627053429574
"1089",82,"ph",8.09142305924938,"Semibalanus.balanoides_PA1_allRun_MAXENT",0.00268346
"1090",82,"ph",8.09142305924938,"Semibalanus.balanoides_PA1_RUN1_GLM",0.449543549462141
"1091",82,"ph",8.09142305924938,"Semibalanus.balanoides_PA1_RUN1_RF",0.33
"1092",82,"ph",8.09142305924938,"Semibalanus.balanoides_allData_allRun_GAM",0.259018985214606
"1093",83,"ph",8.09197925714696,"Semibalanus.balanoides_allData_allRun_GLM",0.261300318991622
"1094",83,"ph",8.09197925714696,"Semibalanus.balanoides_PA1_RUN1_GAM",0.424253397062138
"1095",83,"ph",8.09197925714696,"Semibalanus.balanoides_PA1_RUN1_GLM",0.447125920746949
"1096",83,"ph",8.09197925714696,"Semibalanus.balanoides_PA1_RUN1_RF",0.348
"1097",83,"ph",8.09197925714696,"Semibalanus.balanoides_allData_allRun_GAM",0.256519386246489
"1098",83,"ph",8.09197925714696,"Semibalanus.balanoides_PA1_allRun_MAXENT",0.00263894
"1099",84,"ph",8.09253545504453,"Semibalanus.balanoides_PA1_RUN1_GLM",0.444701664260492
"1100",84,"ph",8.09253545504453,"Semibalanus.balanoides_PA1_RUN1_RF",0.348
"1101",84,"ph",8.09253545504453,"Semibalanus.balanoides_PA1_allRun_MAXENT",0.00259516
"1102",84,"ph",8.09253545504453,"Semibalanus.balanoides_allData_allRun_GLM",0.260017027822477
"1103",84,"ph",8.09253545504453,"Semibalanus.balanoides_PA1_RUN1_GAM",0.422031176036679
"1104",84,"ph",8.09253545504453,"Semibalanus.balanoides_allData_allRun_GAM",0.254035639211828
"1105",85,"ph",8.09309165294211,"Semibalanus.balanoides_PA1_RUN1_GLM",0.442270921671238
"1106",85,"ph",8.09309165294211,"Semibalanus.balanoides_PA1_allRun_MAXENT",0.00255203
"1107",85,"ph",8.09309165294211,"Semibalanus.balanoides_PA1_RUN1_GAM",0.419812107546766
"1108",85,"ph",8.09309165294211,"Semibalanus.balanoides_allData_allRun_GAM",0.251567803746482
"1109",85,"ph",8.09309165294211,"Semibalanus.balanoides_PA1_RUN1_RF",0.34
"1110",85,"ph",8.09309165294211,"Semibalanus.balanoides_allData_allRun_GLM",0.258776814283125
"1111",86,"ph",8.09364785083968,"Semibalanus.balanoides_PA1_RUN1_GAM",0.417596276651653
"1112",86,"ph",8.09364785083968,"Semibalanus.balanoides_PA1_RUN1_RF",0.332
"1113",86,"ph",8.09364785083968,"Semibalanus.balanoides_PA1_RUN1_GLM",0.439833836807866
"1114",86,"ph",8.09364785083968,"Semibalanus.balanoides_allData_allRun_GAM",0.249115936026243
"1115",86,"ph",8.09364785083968,"Semibalanus.balanoides_PA1_allRun_MAXENT",0.00250969
"1116",86,"ph",8.09364785083968,"Semibalanus.balanoides_allData_allRun_GLM",0.257579322394205
"1117",87,"ph",8.09420404873726,"Semibalanus.balanoides_PA1_RUN1_GLM",0.437390555641049
"1118",87,"ph",8.09420404873726,"Semibalanus.balanoides_PA1_allRun_MAXENT",0.00246805
"1119",87,"ph",8.09420404873726,"Semibalanus.balanoides_allData_allRun_GLM",0.256424206025727
"1120",87,"ph",8.09420404873726,"Semibalanus.balanoides_PA1_RUN1_RF",0.33
"1121",87,"ph",8.09420404873726,"Semibalanus.balanoides_PA1_RUN1_GAM",0.415383767894634
"1122",87,"ph",8.09420404873726,"Semibalanus.balanoides_allData_allRun_GAM",0.246680088794592
"1123",88,"ph",8.09476024663483,"Semibalanus.balanoides_PA1_RUN1_GAM",0.413174665290789
"1124",88,"ph",8.09476024663483,"Semibalanus.balanoides_PA1_RUN1_GLM",0.434941226268744
"1125",88,"ph",8.09476024663483,"Semibalanus.balanoides_allData_allRun_GAM",0.244260311391538
"1126",88,"ph",8.09476024663483,"Semibalanus.balanoides_PA1_RUN1_RF",0.3
"1127",88,"ph",8.09476024663483,"Semibalanus.balanoides_PA1_allRun_MAXENT",0.0024271
"1128",88,"ph",8.09476024663483,"Semibalanus.balanoides_allData_allRun_GLM",0.255311129052953
"1129",89,"ph",8.0953164445324,"Semibalanus.balanoides_PA1_RUN1_GLM",0.432485998895354
"1130",89,"ph",8.0953164445324,"Semibalanus.balanoides_PA1_RUN1_GAM",0.410969052314819
"1131",89,"ph",8.0953164445324,"Semibalanus.balanoides_PA1_allRun_MAXENT",0.00238676
"1132",89,"ph",8.0953164445324,"Semibalanus.balanoides_allData_allRun_GLM",0.254239765536127
"1133",89,"ph",8.0953164445324,"Semibalanus.balanoides_PA1_RUN1_RF",0.292
"1134",89,"ph",8.0953164445324,"Semibalanus.balanoides_allData_allRun_GAM",0.241856649783488
"1135",90,"ph",8.09587264242998,"Semibalanus.balanoides_PA1_RUN1_GLM",0.430025025814027
"1136",90,"ph",8.09587264242998,"Semibalanus.balanoides_PA1_allRun_MAXENT",0.00234715
"1137",90,"ph",8.09587264242998,"Semibalanus.balanoides_PA1_RUN1_RF",0.292
"1138",90,"ph",8.09587264242998,"Semibalanus.balanoides_PA1_RUN1_GAM",0.408767011889184
"1139",90,"ph",8.09587264242998,"Semibalanus.balanoides_allData_allRun_GAM",0.239469146594319
"1140",90,"ph",8.09587264242998,"Semibalanus.balanoides_allData_allRun_GLM",0.253209799852506
"1141",91,"ph",8.09642884032755,"Semibalanus.balanoides_PA1_RUN1_GAM",0.4065686263723
"1142",91,"ph",8.09642884032755,"Semibalanus.balanoides_allData_allRun_GAM",0.237097841137373
"1143",91,"ph",8.09642884032755,"Semibalanus.balanoides_PA1_RUN1_RF",0.292
"1144",91,"ph",8.09642884032755,"Semibalanus.balanoides_PA1_RUN1_GLM",0.427558461384161
"1145",91,"ph",8.09642884032755,"Semibalanus.balanoides_PA1_allRun_MAXENT",0.0023082
"1146",91,"ph",8.09642884032755,"Semibalanus.balanoides_allData_allRun_GLM",0.252220926838989
"1147",92,"ph",8.09698503822513,"Semibalanus.balanoides_PA1_RUN1_GLM",0.425086462010807
"1148",92,"ph",8.09698503822513,"Semibalanus.balanoides_allData_allRun_GLM",0.25127285191412
"1149",92,"ph",8.09698503822513,"Semibalanus.balanoides_PA1_allRun_MAXENT",0.0022699
"1150",92,"ph",8.09698503822513,"Semibalanus.balanoides_PA1_RUN1_RF",0.296
"1151",92,"ph",8.09698503822513,"Semibalanus.balanoides_PA1_RUN1_GAM",0.404373977547005
"1152",92,"ph",8.09698503822513,"Semibalanus.balanoides_allData_allRun_GAM",0.234742769448494
"1153",93,"ph",8.0975412361227,"Semibalanus.balanoides_PA1_RUN1_GLM",0.422609186119273
"1154",93,"ph",8.0975412361227,"Semibalanus.balanoides_PA1_RUN1_GAM",0.402183146609209
"1155",93,"ph",8.0975412361227,"Semibalanus.balanoides_PA1_allRun_MAXENT",0.00223223
"1156",93,"ph",8.0975412361227,"Semibalanus.balanoides_allData_allRun_GAM",0.23240396432002
"1157",93,"ph",8.0975412361227,"Semibalanus.balanoides_PA1_RUN1_RF",0.298
"1158",93,"ph",8.0975412361227,"Semibalanus.balanoides_allData_allRun_GLM",0.250365291200047
"1159",94,"ph",8.09809743402027,"Semibalanus.balanoides_PA1_RUN1_GAM",0.399996214156664
"1160",94,"ph",8.09809743402027,"Semibalanus.balanoides_PA1_RUN1_GLM",0.420126794132273
"1161",94,"ph",8.09809743402027,"Semibalanus.balanoides_PA1_RUN1_RF",0.298
"1162",94,"ph",8.09809743402027,"Semibalanus.balanoides_PA1_allRun_MAXENT",0.00219513
"1163",94,"ph",8.09809743402027,"Semibalanus.balanoides_allData_allRun_GLM",0.249497971628512
"1164",94,"ph",8.09809743402027,"Semibalanus.balanoides_allData_allRun_GAM",0.230081455335631
"1165",95,"ph",8.09865363191785,"Semibalanus.balanoides_PA1_RUN1_GLM",0.417639448443723
"1166",95,"ph",8.09865363191785,"Semibalanus.balanoides_PA1_allRun_MAXENT",0.0021587
"1167",95,"ph",8.09865363191785,"Semibalanus.balanoides_PA1_RUN1_RF",0.284
"1168",95,"ph",8.09865363191785,"Semibalanus.balanoides_PA1_RUN1_GAM",0.397813260178038
"1169",95,"ph",8.09865363191785,"Semibalanus.balanoides_allData_allRun_GLM",0.248670631032928
"1170",95,"ph",8.09865363191785,"Semibalanus.balanoides_allData_allRun_GAM",0.22777526890615
"1171",96,"ph",8.09920982981542,"Semibalanus.balanoides_PA1_RUN1_GAM",0.395634364042082
"1172",96,"ph",8.09920982981542,"Semibalanus.balanoides_allData_allRun_GAM",0.225485428306095
"1173",96,"ph",8.09920982981542,"Semibalanus.balanoides_PA1_RUN1_RF",0.256
"1174",96,"ph",8.09920982981542,"Semibalanus.balanoides_PA1_RUN1_GLM",0.415147313390303
"1175",96,"ph",8.09920982981542,"Semibalanus.balanoides_allData_allRun_GLM",0.247883018250195
"1176",96,"ph",8.09920982981542,"Semibalanus.balanoides_PA1_allRun_MAXENT",0.00212287
"1177",97,"ph",8.099766027713,"Semibalanus.balanoides_PA1_RUN1_GLM",0.412650555225095
"1178",97,"ph",8.099766027713,"Semibalanus.balanoides_PA1_allRun_MAXENT",0.00208764
"1179",97,"ph",8.099766027713,"Semibalanus.balanoides_PA1_RUN1_GAM",0.393459604487062
"1180",97,"ph",8.099766027713,"Semibalanus.balanoides_PA1_RUN1_RF",0.256
"1181",97,"ph",8.099766027713,"Semibalanus.balanoides_allData_allRun_GLM",0.247134893197307
"1182",97,"ph",8.099766027713,"Semibalanus.balanoides_allData_allRun_GAM",0.223211953711073
"1183",98,"ph",8.10032222561057,"Semibalanus.balanoides_PA1_RUN1_GLM",0.410149342085998
"1184",98,"ph",8.10032222561057,"Semibalanus.balanoides_PA1_RUN1_GAM",0.391289059610398
"1185",98,"ph",8.10032222561057,"Semibalanus.balanoides_PA1_RUN1_RF",0.256
"1186",98,"ph",8.10032222561057,"Semibalanus.balanoides_PA1_allRun_MAXENT",0.00205299
"1187",98,"ph",8.10032222561057,"Semibalanus.balanoides_allData_allRun_GAM",0.220954862235956
"1188",98,"ph",8.10032222561057,"Semibalanus.balanoides_allData_allRun_GLM",0.24642602694783
"1189",99,"ph",8.10087842350815,"Semibalanus.balanoides_PA1_RUN1_GLM",0.407643843967207
"1190",99,"ph",8.10087842350815,"Semibalanus.balanoides_allData_allRun_GLM",0.245756201802508
"1191",99,"ph",8.10087842350815,"Semibalanus.balanoides_allData_allRun_GAM",0.218714167973646
"1192",99,"ph",8.10087842350815,"Semibalanus.balanoides_PA1_allRun_MAXENT",0.00201886
"1193",99,"ph",8.10087842350815,"Semibalanus.balanoides_PA1_RUN1_GAM",0.38912280685844
"1194",99,"ph",8.10087842350815,"Semibalanus.balanoides_PA1_RUN1_RF",0.256
"1195",100,"ph",8.10143462140572,"Semibalanus.balanoides_PA1_RUN1_GLM",0.405134232684273
"1196",100,"ph",8.10143462140572,"Semibalanus.balanoides_allData_allRun_GAM",0.216489882034715
"1197",100,"ph",8.10143462140572,"Semibalanus.balanoides_PA1_allRun_MAXENT",0.00198536
"1198",100,"ph",8.10143462140572,"Semibalanus.balanoides_PA1_RUN1_GAM",0.386960923016553
"1199",100,"ph",8.10143462140572,"Semibalanus.balanoides_PA1_RUN1_RF",0.256
"1200",100,"ph",8.10143462140572,"Semibalanus.balanoides_allData_allRun_GLM",0.245125211356478
"1201",1,"wave_fetch",2.14842057228088,"Semibalanus.balanoides_PA1_RUN1_GAM",0.608543126430197
"1202",1,"wave_fetch",2.14842057228088,"Semibalanus.balanoides_PA1_allRun_MAXENT",0.0644277
"1203",1,"wave_fetch",2.14842057228088,"Semibalanus.balanoides_allData_allRun_GLM",0.549452103768161
"1204",1,"wave_fetch",2.14842057228088,"Semibalanus.balanoides_PA1_RUN1_RF",0.418
"1205",1,"wave_fetch",2.14842057228088,"Semibalanus.balanoides_PA1_RUN1_GLM",0.614561631840127
"1206",1,"wave_fetch",2.14842057228088,"Semibalanus.balanoides_allData_allRun_GAM",0.501793917165005
"1207",2,"wave_fetch",2.17132381477741,"Semibalanus.balanoides_PA1_allRun_MAXENT",0.0644277
"1208",2,"wave_fetch",2.17132381477741,"Semibalanus.balanoides_allData_allRun_GLM",0.547723000106292
"1209",2,"wave_fetch",2.17132381477741,"Semibalanus.balanoides_PA1_RUN1_RF",0.354
"1210",2,"wave_fetch",2.17132381477741,"Semibalanus.balanoides_PA1_RUN1_GLM",0.610135371201721
"1211",2,"wave_fetch",2.17132381477741,"Semibalanus.balanoides_PA1_RUN1_GAM",0.606604706696712
"1212",2,"wave_fetch",2.17132381477741,"Semibalanus.balanoides_allData_allRun_GAM",0.498431441906769
"1213",3,"wave_fetch",2.19422705727394,"Semibalanus.balanoides_PA1_RUN1_GAM",0.604662924017294
"1214",3,"wave_fetch",2.19422705727394,"Semibalanus.balanoides_PA1_RUN1_GLM",0.605738548925603
"1215",3,"wave_fetch",2.19422705727394,"Semibalanus.balanoides_PA1_RUN1_RF",0.354
"1216",3,"wave_fetch",2.19422705727394,"Semibalanus.balanoides_PA1_allRun_MAXENT",0.0644277
"1217",3,"wave_fetch",2.19422705727394,"Semibalanus.balanoides_allData_allRun_GLM",0.545959219399767
"1218",3,"wave_fetch",2.19422705727394,"Semibalanus.balanoides_allData_allRun_GAM",0.495069108519896
"1219",4,"wave_fetch",2.21713029977047,"Semibalanus.balanoides_PA1_RUN1_GLM",0.601372376670516
"1220",4,"wave_fetch",2.21713029977047,"Semibalanus.balanoides_PA1_RUN1_GAM",0.602717833971492
"1221",4,"wave_fetch",2.21713029977047,"Semibalanus.balanoides_PA1_allRun_MAXENT",0.0644277
"1222",4,"wave_fetch",2.21713029977047,"Semibalanus.balanoides_allData_allRun_GLM",0.544160738134831
"1223",4,"wave_fetch",2.21713029977047,"Semibalanus.balanoides_PA1_RUN1_RF",0.354
"1224",4,"wave_fetch",2.21713029977047,"Semibalanus.balanoides_allData_allRun_GAM",0.491707221078345
"1225",5,"wave_fetch",2.240033542267,"Semibalanus.balanoides_PA1_RUN1_RF",0.354
"1226",5,"wave_fetch",2.240033542267,"Semibalanus.balanoides_PA1_RUN1_GAM",0.600769492547323
"1227",5,"wave_fetch",2.240033542267,"Semibalanus.balanoides_allData_allRun_GAM",0.488346083494771
"1228",5,"wave_fetch",2.240033542267,"Semibalanus.balanoides_PA1_allRun_MAXENT",0.0644277
"1229",5,"wave_fetch",2.240033542267,"Semibalanus.balanoides_PA1_RUN1_GLM",0.597038029086888
"1230",5,"wave_fetch",2.240033542267,"Semibalanus.balanoides_allData_allRun_GLM",0.542327536729001
"1231",6,"wave_fetch",2.26293678476353,"Semibalanus.balanoides_PA1_RUN1_GLM",0.592736643493112
"1232",6,"wave_fetch",2.26293678476353,"Semibalanus.balanoides_PA1_RUN1_GAM",0.598817956135394
"1233",6,"wave_fetch",2.26293678476353,"Semibalanus.balanoides_allData_allRun_GLM",0.54045959978985
"1234",6,"wave_fetch",2.26293678476353,"Semibalanus.balanoides_PA1_allRun_MAXENT",0.0644277
"1235",6,"wave_fetch",2.26293678476353,"Semibalanus.balanoides_PA1_RUN1_RF",0.354
"1236",6,"wave_fetch",2.26293678476353,"Semibalanus.balanoides_allData_allRun_GAM",0.484985999410668
"1237",7,"wave_fetch",2.28584002726006,"Semibalanus.balanoides_PA1_RUN1_GLM",0.588469319635204
"1238",7,"wave_fetch",2.28584002726006,"Semibalanus.balanoides_PA1_RUN1_GAM",0.596863281522926
"1239",7,"wave_fetch",2.28584002726006,"Semibalanus.balanoides_PA1_RUN1_RF",0.354
"1240",7,"wave_fetch",2.28584002726006,"Semibalanus.balanoides_PA1_allRun_MAXENT",0.0644277
"1241",7,"wave_fetch",2.28584002726006,"Semibalanus.balanoides_allData_allRun_GAM",0.481627272086717
"1242",7,"wave_fetch",2.28584002726006,"Semibalanus.balanoides_allData_allRun_GLM",0.538556916378794
"1243",8,"wave_fetch",2.30874326975659,"Semibalanus.balanoides_PA1_RUN1_GAM",0.594905525887673
"1244",8,"wave_fetch",2.30874326975659,"Semibalanus.balanoides_PA1_allRun_MAXENT",0.0644277
"1245",8,"wave_fetch",2.30874326975659,"Semibalanus.balanoides_PA1_RUN1_GLM",0.584237119527424
"1246",8,"wave_fetch",2.30874326975659,"Semibalanus.balanoides_PA1_RUN1_RF",0.34
"1247",8,"wave_fetch",2.30874326975659,"Semibalanus.balanoides_allData_allRun_GLM",0.536619480279792
"1248",8,"wave_fetch",2.30874326975659,"Semibalanus.balanoides_allData_allRun_GAM",0.478270204293433
"1249",9,"wave_fetch",2.33164651225312,"Semibalanus.balanoides_PA1_RUN1_GLM",0.580041067371241
"1250",9,"wave_fetch",2.33164651225312,"Semibalanus.balanoides_allData_allRun_GLM",0.534647290272817
"1251",9,"wave_fetch",2.33164651225312,"Semibalanus.balanoides_PA1_allRun_MAXENT",0.0644277
"1252",9,"wave_fetch",2.33164651225312,"Semibalanus.balanoides_PA1_RUN1_RF",0.33
"1253",9,"wave_fetch",2.33164651225312,"Semibalanus.balanoides_PA1_RUN1_GAM",0.592944746791743
"1254",9,"wave_fetch",2.33164651225312,"Semibalanus.balanoides_allData_allRun_GAM",0.474915098202185
"1255",10,"wave_fetch",2.35454975474965,"Semibalanus.balanoides_PA1_RUN1_GAM",0.590981002175314
"1256",10,"wave_fetch",2.35454975474965,"Semibalanus.balanoides_PA1_RUN1_RF",0.33
"1257",10,"wave_fetch",2.35454975474965,"Semibalanus.balanoides_allData_allRun_GAM",0.471562255276671
"1258",10,"wave_fetch",2.35454975474965,"Semibalanus.balanoides_PA1_allRun_MAXENT",0.0644277
"1259",10,"wave_fetch",2.35454975474965,"Semibalanus.balanoides_PA1_RUN1_GLM",0.575882149549874
"1260",10,"wave_fetch",2.35454975474965,"Semibalanus.balanoides_allData_allRun_GLM",0.532640350411968
"1261",11,"wave_fetch",2.37745299724617,"Semibalanus.balanoides_PA1_RUN1_GAM",0.58901435035026
"1262",11,"wave_fetch",2.37745299724617,"Semibalanus.balanoides_PA1_RUN1_GLM",0.571761314695525
"1263",11,"wave_fetch",2.37745299724617,"Semibalanus.balanoides_allData_allRun_GLM",0.530598670308071
"1264",11,"wave_fetch",2.37745299724617,"Semibalanus.balanoides_PA1_allRun_MAXENT",0.0644277
"1265",11,"wave_fetch",2.37745299724617,"Semibalanus.balanoides_PA1_RUN1_RF",0.33
"1266",11,"wave_fetch",2.37745299724617,"Semibalanus.balanoides_allData_allRun_GAM",0.468211976164941
"1267",12,"wave_fetch",2.4003562397427,"Semibalanus.balanoides_PA1_RUN1_GLM",0.567679473826283
"1268",12,"wave_fetch",2.4003562397427,"Semibalanus.balanoides_PA1_allRun_MAXENT",0.0644277
"1269",12,"wave_fetch",2.4003562397427,"Semibalanus.balanoides_PA1_RUN1_GAM",0.587044849993671
"1270",12,"wave_fetch",2.4003562397427,"Semibalanus.balanoides_PA1_RUN1_RF",0.33
"1271",12,"wave_fetch",2.4003562397427,"Semibalanus.balanoides_allData_allRun_GLM",0.528522265415598
"1272",12,"wave_fetch",2.4003562397427,"Semibalanus.balanoides_allData_allRun_GAM",0.464864560592042
"1273",13,"wave_fetch",2.42325948223923,"Semibalanus.balanoides_PA1_RUN1_GAM",0.585072560141281
"1274",13,"wave_fetch",2.42325948223923,"Semibalanus.balanoides_PA1_RUN1_RF",0.322
"1275",13,"wave_fetch",2.42325948223923,"Semibalanus.balanoides_PA1_allRun_MAXENT",0.0644277
"1276",13,"wave_fetch",2.42325948223923,"Semibalanus.balanoides_PA1_RUN1_GLM",0.563637500549598
"1277",13,"wave_fetch",2.42325948223923,"Semibalanus.balanoides_allData_allRun_GAM",0.461520307253368
"1278",13,"wave_fetch",2.42325948223923,"Semibalanus.balanoides_allData_allRun_GLM",0.526411157323722
"1279",14,"wave_fetch",2.44616272473576,"Semibalanus.balanoides_PA1_RUN1_GLM",0.559636231329135
"1280",14,"wave_fetch",2.44616272473576,"Semibalanus.balanoides_allData_allRun_GLM",0.524265374051306
"1281",14,"wave_fetch",2.44616272473576,"Semibalanus.balanoides_PA1_allRun_MAXENT",0.0644277
"1282",14,"wave_fetch",2.44616272473576,"Semibalanus.balanoides_PA1_RUN1_GAM",0.583097540180808
"1283",14,"wave_fetch",2.44616272473576,"Semibalanus.balanoides_PA1_RUN1_RF",0.326
"1284",14,"wave_fetch",2.44616272473576,"Semibalanus.balanoides_allData_allRun_GAM",0.458179513708794
"1285",15,"wave_fetch",2.46906596723229,"Semibalanus.balanoides_PA1_RUN1_GAM",0.581119849845188
"1286",15,"wave_fetch",2.46906596723229,"Semibalanus.balanoides_PA1_RUN1_RF",0.326
"1287",15,"wave_fetch",2.46906596723229,"Semibalanus.balanoides_PA1_RUN1_GLM",0.555676465811775
"1288",15,"wave_fetch",2.46906596723229,"Semibalanus.balanoides_allData_allRun_GAM",0.45484247627767
"1289",15,"wave_fetch",2.46906596723229,"Semibalanus.balanoides_PA1_allRun_MAXENT",0.0644277
"1290",15,"wave_fetch",2.46906596723229,"Semibalanus.balanoides_allData_allRun_GLM",0.522084950345609
"1291",16,"wave_fetch",2.49196920972882,"Semibalanus.balanoides_PA1_RUN1_GAM",0.57913954920573
"1292",16,"wave_fetch",2.49196920972882,"Semibalanus.balanoides_PA1_allRun_MAXENT",0.0644277
"1293",16,"wave_fetch",2.49196920972882,"Semibalanus.balanoides_PA1_RUN1_GLM",0.55175896721147
"1294",16,"wave_fetch",2.49196920972882,"Semibalanus.balanoides_allData_allRun_GLM",0.519869927984471
"1295",16,"wave_fetch",2.49196920972882,"Semibalanus.balanoides_PA1_RUN1_RF",0.326
"1296",16,"wave_fetch",2.49196920972882,"Semibalanus.balanoides_allData_allRun_GAM",0.451509489934769
"1297",17,"wave_fetch",2.51487245222535,"Semibalanus.balanoides_PA1_RUN1_GLM",0.547884462746643
"1298",17,"wave_fetch",2.51487245222535,"Semibalanus.balanoides_allData_allRun_GLM",0.517620356081732
"1299",17,"wave_fetch",2.51487245222535,"Semibalanus.balanoides_PA1_RUN1_GAM",0.577156698665175
"1300",17,"wave_fetch",2.51487245222535,"Semibalanus.balanoides_PA1_RUN1_RF",0.326
"1301",17,"wave_fetch",2.51487245222535,"Semibalanus.balanoides_PA1_allRun_MAXENT",0.0644277
"1302",17,"wave_fetch",2.51487245222535,"Semibalanus.balanoides_allData_allRun_GAM",0.448180848207242
"1303",18,"wave_fetch",2.53777569472188,"Semibalanus.balanoides_PA1_RUN1_RF",0.326
"1304",18,"wave_fetch",2.53777569472188,"Semibalanus.balanoides_PA1_RUN1_GLM",0.544053644127813
"1305",18,"wave_fetch",2.53777569472188,"Semibalanus.balanoides_PA1_allRun_MAXENT",0.0644277
"1306",18,"wave_fetch",2.53777569472188,"Semibalanus.balanoides_allData_allRun_GAM",0.444856843072673
"1307",18,"wave_fetch",2.53777569472188,"Semibalanus.balanoides_allData_allRun_GLM",0.5153362913956
"1308",18,"wave_fetch",2.53777569472188,"Semibalanus.balanoides_PA1_RUN1_GAM",0.575171358950669
"1309",19,"wave_fetch",2.56067893721841,"Semibalanus.balanoides_PA1_RUN1_GLM",0.540267168092128
"1310",19,"wave_fetch",2.56067893721841,"Semibalanus.balanoides_PA1_allRun_MAXENT",0.0644277
"1311",19,"wave_fetch",2.56067893721841,"Semibalanus.balanoides_allData_allRun_GAM",0.441537764858298
"1312",19,"wave_fetch",2.56067893721841,"Semibalanus.balanoides_PA1_RUN1_RF",0.326
"1313",19,"wave_fetch",2.56067893721841,"Semibalanus.balanoides_PA1_RUN1_GAM",0.573183591106649
"1314",19,"wave_fetch",2.56067893721841,"Semibalanus.balanoides_allData_allRun_GLM",0.513017798639681
"1315",20,"wave_fetch",2.58358217971494,"Semibalanus.balanoides_allData_allRun_GAM",0.438223902141472
"1316",20,"wave_fetch",2.58358217971494,"Semibalanus.balanoides_allData_allRun_GLM",0.510664950796365
"1317",20,"wave_fetch",2.58358217971494,"Semibalanus.balanoides_PA1_allRun_MAXENT",0.0644277
"1318",20,"wave_fetch",2.58358217971494,"Semibalanus.balanoides_PA1_RUN1_GLM",0.536525656981508
"1319",20,"wave_fetch",2.58358217971494,"Semibalanus.balanoides_PA1_RUN1_RF",0.332
"1320",20,"wave_fetch",2.58358217971494,"Semibalanus.balanoides_PA1_RUN1_GAM",0.571193456487641
"1321",21,"wave_fetch",2.60648542221146,"Semibalanus.balanoides_allData_allRun_GLM",0.508277829432224
"1322",21,"wave_fetch",2.60648542221146,"Semibalanus.balanoides_PA1_allRun_MAXENT",0.0644277
"1323",21,"wave_fetch",2.60648542221146,"Semibalanus.balanoides_PA1_RUN1_GLM",0.532829699361116
"1324",21,"wave_fetch",2.60648542221146,"Semibalanus.balanoides_PA1_RUN1_RF",0.354
"1325",21,"wave_fetch",2.60648542221146,"Semibalanus.balanoides_allData_allRun_GAM",0.434915541651445
"1326",21,"wave_fetch",2.60648542221146,"Semibalanus.balanoides_PA1_RUN1_GAM",0.569201016750985
"1327",22,"wave_fetch",2.62938866470799,"Semibalanus.balanoides_PA1_RUN1_GLM",0.529179850674942
"1328",22,"wave_fetch",2.62938866470799,"Semibalanus.balanoides_PA1_allRun_MAXENT",0.0644277
"1329",22,"wave_fetch",2.62938866470799,"Semibalanus.balanoides_PA1_RUN1_GAM",0.567206333849465
"1330",22,"wave_fetch",2.62938866470799,"Semibalanus.balanoides_PA1_RUN1_RF",0.356
"1331",22,"wave_fetch",2.62938866470799,"Semibalanus.balanoides_allData_allRun_GLM",0.505856525015085
"1332",22,"wave_fetch",2.62938866470799,"Semibalanus.balanoides_allData_allRun_GAM",0.43161296817251
"1333",23,"wave_fetch",2.65229190720452,"Semibalanus.balanoides_PA1_allRun_MAXENT",0.0644277
"1334",23,"wave_fetch",2.65229190720452,"Semibalanus.balanoides_PA1_RUN1_RF",0.356
"1335",23,"wave_fetch",2.65229190720452,"Semibalanus.balanoides_allData_allRun_GLM",0.503401137232385
"1336",23,"wave_fetch",2.65229190720452,"Semibalanus.balanoides_PA1_RUN1_GLM",0.525576633935319
"1337",23,"wave_fetch",2.65229190720452,"Semibalanus.balanoides_allData_allRun_GAM",0.428316464448615
"1338",23,"wave_fetch",2.65229190720452,"Semibalanus.balanoides_PA1_RUN1_GAM",0.565209470023868
"1339",24,"wave_fetch",2.67519514970105,"Semibalanus.balanoides_PA1_RUN1_GLM",0.522020540443253
"1340",24,"wave_fetch",2.67519514970105,"Semibalanus.balanoides_PA1_RUN1_GAM",0.563210487795466
"1341",24,"wave_fetch",2.67519514970105,"Semibalanus.balanoides_PA1_allRun_MAXENT",0.0644277
"1342",24,"wave_fetch",2.67519514970105,"Semibalanus.balanoides_PA1_RUN1_RF",0.356
"1343",24,"wave_fetch",2.67519514970105,"Semibalanus.balanoides_allData_allRun_GLM",0.500911775310431
"1344",24,"wave_fetch",2.67519514970105,"Semibalanus.balanoides_allData_allRun_GAM",0.42502631108948
"1345",25,"wave_fetch",2.69809839219758,"Semibalanus.balanoides_PA1_RUN1_GLM",0.518512030536527
"1346",25,"wave_fetch",2.69809839219758,"Semibalanus.balanoides_PA1_allRun_MAXENT",0.0644277
"1347",25,"wave_fetch",2.69809839219758,"Semibalanus.balanoides_PA1_RUN1_GAM",0.561209449958417
"1348",25,"wave_fetch",2.69809839219758,"Semibalanus.balanoides_PA1_RUN1_RF",0.356
"1349",25,"wave_fetch",2.69809839219758,"Semibalanus.balanoides_allData_allRun_GLM",0.498388558334136
"1350",25,"wave_fetch",2.69809839219758,"Semibalanus.balanoides_allData_allRun_GAM",0.421742786478291
"1351",26,"wave_fetch",2.72100163469411,"Semibalanus.balanoides_PA1_allRun_MAXENT",0.0644277
"1352",26,"wave_fetch",2.72100163469411,"Semibalanus.balanoides_PA1_RUN1_RF",0.424
"1353",26,"wave_fetch",2.72100163469411,"Semibalanus.balanoides_PA1_RUN1_GLM",0.51505153436261
"1354",26,"wave_fetch",2.72100163469411,"Semibalanus.balanoides_allData_allRun_GLM",0.495831615566797
"1355",26,"wave_fetch",2.72100163469411,"Semibalanus.balanoides_PA1_RUN1_GAM",0.559206419572095
"1356",26,"wave_fetch",2.72100163469411,"Semibalanus.balanoides_allData_allRun_GAM",0.41846616668104
"1357",27,"wave_fetch",2.74390487719064,"Semibalanus.balanoides_PA1_allRun_MAXENT",0.0644277
"1358",27,"wave_fetch",2.74390487719064,"Semibalanus.balanoides_PA1_RUN1_GLM",0.511639452673498
"1359",27,"wave_fetch",2.74390487719064,"Semibalanus.balanoides_PA1_RUN1_RF",0.424
"1360",27,"wave_fetch",2.74390487719064,"Semibalanus.balanoides_PA1_RUN1_GAM",0.557201459953348
"1361",27,"wave_fetch",2.74390487719064,"Semibalanus.balanoides_allData_allRun_GLM",0.493241086769458
"1362",27,"wave_fetch",2.74390487719064,"Semibalanus.balanoides_allData_allRun_GAM",0.415196725357558
"1363",28,"wave_fetch",2.76680811968717,"Semibalanus.balanoides_PA1_RUN1_GLM",0.508276157639684
"1364",28,"wave_fetch",2.76680811968717,"Semibalanus.balanoides_PA1_allRun_MAXENT",0.0644277
"1365",28,"wave_fetch",2.76680811968717,"Semibalanus.balanoides_PA1_RUN1_GAM",0.555194634668686
"1366",28,"wave_fetch",2.76680811968717,"Semibalanus.balanoides_PA1_RUN1_RF",0.424
"1367",28,"wave_fetch",2.76680811968717,"Semibalanus.balanoides_allData_allRun_GLM",0.490617122519366
"1368",28,"wave_fetch",2.76680811968717,"Semibalanus.balanoides_allData_allRun_GAM",0.41193473367431
"1369",29,"wave_fetch",2.7897113621837,"Semibalanus.balanoides_PA1_RUN1_GLM",0.504961993680585
"1370",29,"wave_fetch",2.7897113621837,"Semibalanus.balanoides_PA1_allRun_MAXENT",0.0644277
"1371",29,"wave_fetch",2.7897113621837,"Semibalanus.balanoides_PA1_RUN1_GAM",0.553186007526397
"1372",29,"wave_fetch",2.7897113621837,"Semibalanus.balanoides_PA1_RUN1_RF",0.424
"1373",29,"wave_fetch",2.7897113621837,"Semibalanus.balanoides_allData_allRun_GLM",0.487959884527021
"1374",29,"wave_fetch",2.7897113621837,"Semibalanus.balanoides_allData_allRun_GAM",0.408680460219002
"1375",30,"wave_fetch",2.81261460468022,"Semibalanus.balanoides_PA1_allRun_MAXENT",0.0644277
"1376",30,"wave_fetch",2.81261460468022,"Semibalanus.balanoides_PA1_RUN1_RF",0.424
"1377",30,"wave_fetch",2.81261460468022,"Semibalanus.balanoides_PA1_RUN1_GAM",0.551175642568604
"1378",30,"wave_fetch",2.81261460468022,"Semibalanus.balanoides_allData_allRun_GLM",0.485269545951297
"1379",30,"wave_fetch",2.81261460468022,"Semibalanus.balanoides_PA1_RUN1_GLM",0.501697278308809
"1380",30,"wave_fetch",2.81261460468022,"Semibalanus.balanoides_allData_allRun_GAM",0.40543417091705
"1381",31,"wave_fetch",2.83551784717675,"Semibalanus.balanoides_PA1_allRun_MAXENT",0.0644277
"1382",31,"wave_fetch",2.83551784717675,"Semibalanus.balanoides_PA1_RUN1_GLM",0.498482302985802
"1383",31,"wave_fetch",2.83551784717675,"Semibalanus.balanoides_PA1_RUN1_RF",0.378
"1384",31,"wave_fetch",2.83551784717675,"Semibalanus.balanoides_PA1_RUN1_GAM",0.549163604063253
"1385",31,"wave_fetch",2.83551784717675,"Semibalanus.balanoides_allData_allRun_GAM",0.40219612894997
"1386",31,"wave_fetch",2.83551784717675,"Semibalanus.balanoides_allData_allRun_GLM",0.482546291712074
"1387",32,"wave_fetch",2.85842108967328,"Semibalanus.balanoides_PA1_RUN1_GLM",0.495317333986471
"1388",32,"wave_fetch",2.85842108967328,"Semibalanus.balanoides_PA1_allRun_MAXENT",0.0644277
"1389",32,"wave_fetch",2.85842108967328,"Semibalanus.balanoides_PA1_RUN1_GAM",0.547149956496038
"1390",32,"wave_fetch",2.85842108967328,"Semibalanus.balanoides_PA1_RUN1_RF",0.36
"1391",32,"wave_fetch",2.85842108967328,"Semibalanus.balanoides_allData_allRun_GLM",0.479790318799822
"1392",32,"wave_fetch",2.85842108967328,"Semibalanus.balanoides_allData_allRun_GAM",0.398966594675732
"1393",33,"wave_fetch",2.88132433216981,"Semibalanus.balanoides_PA1_RUN1_GLM",0.49220261327052
"1394",33,"wave_fetch",2.88132433216981,"Semibalanus.balanoides_PA1_allRun_MAXENT",0.0644277
"1395",33,"wave_fetch",2.88132433216981,"Semibalanus.balanoides_PA1_RUN1_GAM",0.545134764562271
"1396",33,"wave_fetch",2.88132433216981,"Semibalanus.balanoides_PA1_RUN1_RF",0.29
"1397",33,"wave_fetch",2.88132433216981,"Semibalanus.balanoides_allData_allRun_GLM",0.477001836581534
"1398",33,"wave_fetch",2.88132433216981,"Semibalanus.balanoides_allData_allRun_GAM",0.395745825551125
"1399",34,"wave_fetch",2.90422757466634,"Semibalanus.balanoides_PA1_allRun_MAXENT",0.0644277
"1400",34,"wave_fetch",2.90422757466634,"Semibalanus.balanoides_PA1_RUN1_GLM",0.489138359358349
"1401",34,"wave_fetch",2.90422757466634,"Semibalanus.balanoides_PA1_RUN1_RF",0.23
"1402",34,"wave_fetch",2.90422757466634,"Semibalanus.balanoides_PA1_RUN1_GAM",0.54311809315869
"1403",34,"wave_fetch",2.90422757466634,"Semibalanus.balanoides_allData_allRun_GLM",0.474181067102408
"1404",34,"wave_fetch",2.90422757466634,"Semibalanus.balanoides_allData_allRun_GAM",0.392534076056181
"1405",35,"wave_fetch",2.92713081716287,"Semibalanus.balanoides_PA1_allRun_MAXENT",0.0644277
"1406",35,"wave_fetch",2.92713081716287,"Semibalanus.balanoides_PA1_RUN1_RF",0.226
"1407",35,"wave_fetch",2.92713081716287,"Semibalanus.balanoides_PA1_RUN1_GLM",0.486124768209442
"1408",35,"wave_fetch",2.92713081716287,"Semibalanus.balanoides_allData_allRun_GLM",0.471328245382624
"1409",35,"wave_fetch",2.92713081716287,"Semibalanus.balanoides_PA1_RUN1_GAM",0.541100007375213
"1410",35,"wave_fetch",2.92713081716287,"Semibalanus.balanoides_allData_allRun_GAM",0.389331597620689
"1411",36,"wave_fetch",2.9500340596594,"Semibalanus.balanoides_PA1_RUN1_GLM",0.48316201410133
"1412",36,"wave_fetch",2.9500340596594,"Semibalanus.balanoides_PA1_allRun_MAXENT",0.0644277
"1413",36,"wave_fetch",2.9500340596594,"Semibalanus.balanoides_PA1_RUN1_GAM",0.53908057248664
"1414",36,"wave_fetch",2.9500340596594,"Semibalanus.balanoides_PA1_RUN1_RF",0.192
"1415",36,"wave_fetch",2.9500340596594,"Semibalanus.balanoides_allData_allRun_GLM",0.468443619708587
"1416",36,"wave_fetch",2.9500340596594,"Semibalanus.balanoides_allData_allRun_GAM",0.386138638552852
"1417",37,"wave_fetch",2.97293730215593,"Semibalanus.balanoides_PA1_RUN1_GLM",0.480250250507284
"1418",37,"wave_fetch",2.97293730215593,"Semibalanus.balanoides_PA1_RUN1_GAM",0.5370598539443
"1419",37,"wave_fetch",2.97293730215593,"Semibalanus.balanoides_PA1_allRun_MAXENT",0.0644277
"1420",37,"wave_fetch",2.97293730215593,"Semibalanus.balanoides_PA1_RUN1_RF",0.192
"1421",37,"wave_fetch",2.97293730215593,"Semibalanus.balanoides_allData_allRun_GLM",0.465527451917939
"1422",37,"wave_fetch",2.97293730215593,"Semibalanus.balanoides_allData_allRun_GAM",0.382955443970113
"1423",38,"wave_fetch",2.99584054465246,"Semibalanus.balanoides_PA1_allRun_MAXENT",0.0644277
"1424",38,"wave_fetch",2.99584054465246,"Semibalanus.balanoides_PA1_RUN1_GLM",0.477389610971024
"1425",38,"wave_fetch",2.99584054465246,"Semibalanus.balanoides_PA1_RUN1_RF",0.19
"1426",38,"wave_fetch",2.99584054465246,"Semibalanus.balanoides_PA1_RUN1_GAM",0.535037917367653
"1427",38,"wave_fetch",2.99584054465246,"Semibalanus.balanoides_allData_allRun_GLM",0.462580017677665
"1428",38,"wave_fetch",2.99584054465246,"Semibalanus.balanoides_allData_allRun_GAM",0.379782255732189
"1429",39,"wave_fetch",3.01874378714899,"Semibalanus.balanoides_PA1_allRun_MAXENT",0.0644277
"1430",39,"wave_fetch",3.01874378714899,"Semibalanus.balanoides_PA1_RUN1_RF",0.176
"1431",39,"wave_fetch",3.01874378714899,"Semibalanus.balanoides_allData_allRun_GLM",0.459601606754573
"1432",39,"wave_fetch",3.01874378714899,"Semibalanus.balanoides_PA1_RUN1_GLM",0.474580209976847
"1433",39,"wave_fetch",3.01874378714899,"Semibalanus.balanoides_allData_allRun_GAM",0.376619312376339
"1434",39,"wave_fetch",3.01874378714899,"Semibalanus.balanoides_PA1_RUN1_GAM",0.533014828535845
"1435",40,"wave_fetch",3.04164702964552,"Semibalanus.balanoides_allData_allRun_GLM",0.456592523277429
"1436",40,"wave_fetch",3.04164702964552,"Semibalanus.balanoides_PA1_RUN1_GLM",0.471822143813655
"1437",40,"wave_fetch",3.04164702964552,"Semibalanus.balanoides_PA1_allRun_MAXENT",0.0644277
"1438",40,"wave_fetch",3.04164702964552,"Semibalanus.balanoides_allData_allRun_GAM",0.373466849054905
"1439",40,"wave_fetch",3.04164702964552,"Semibalanus.balanoides_PA1_RUN1_RF",0.172
"1440",40,"wave_fetch",3.04164702964552,"Semibalanus.balanoides_PA1_RUN1_GAM",0.530990653379214
"1441",41,"wave_fetch",3.06455027214204,"Semibalanus.balanoides_allData_allRun_GLM",0.453553085989999
"1442",41,"wave_fetch",3.06455027214204,"Semibalanus.balanoides_allData_allRun_GAM",0.370325097475139
"1443",41,"wave_fetch",3.06455027214204,"Semibalanus.balanoides_PA1_RUN1_GAM",0.528965457970763
"1444",41,"wave_fetch",3.06455027214204,"Semibalanus.balanoides_PA1_RUN1_GLM",0.469115491431496
"1445",41,"wave_fetch",3.06455027214204,"Semibalanus.balanoides_PA1_allRun_MAXENT",0.0644277
"1446",41,"wave_fetch",3.06455027214204,"Semibalanus.balanoides_PA1_RUN1_RF",0.172
"1447",42,"wave_fetch",3.08745351463857,"Semibalanus.balanoides_PA1_RUN1_GAM",0.526939308517582
"1448",42,"wave_fetch",3.08745351463857,"Semibalanus.balanoides_allData_allRun_GLM",0.450483628494243
"1449",42,"wave_fetch",3.08745351463857,"Semibalanus.balanoides_PA1_allRun_MAXENT",0.0644277
"1450",42,"wave_fetch",3.08745351463857,"Semibalanus.balanoides_PA1_RUN1_GLM",0.466460315289324
"1451",42,"wave_fetch",3.08745351463857,"Semibalanus.balanoides_PA1_RUN1_RF",0.168
"1452",42,"wave_fetch",3.08745351463857,"Semibalanus.balanoides_allData_allRun_GAM",0.367194285841354
"1453",43,"wave_fetch",3.1103567571351,"Semibalanus.balanoides_PA1_RUN1_GAM",0.524912271352242
"1454",43,"wave_fetch",3.1103567571351,"Semibalanus.balanoides_PA1_RUN1_RF",0.168
"1455",43,"wave_fetch",3.1103567571351,"Semibalanus.balanoides_PA1_RUN1_GLM",0.463856662192781
"1456",43,"wave_fetch",3.1103567571351,"Semibalanus.balanoides_PA1_allRun_MAXENT",0.0644277
"1457",43,"wave_fetch",3.1103567571351,"Semibalanus.balanoides_allData_allRun_GLM",0.4473844994829
"1458",43,"wave_fetch",3.1103567571351,"Semibalanus.balanoides_allData_allRun_GAM",0.364074638799404
"1459",44,"wave_fetch",3.13325999963163,"Semibalanus.balanoides_PA1_allRun_MAXENT",0.0644277
"1460",44,"wave_fetch",3.13325999963163,"Semibalanus.balanoides_PA1_RUN1_GAM",0.52288441292415
"1461",44,"wave_fetch",3.13325999963163,"Semibalanus.balanoides_PA1_RUN1_GLM",0.461304564120908
"1462",44,"wave_fetch",3.13325999963163,"Semibalanus.balanoides_allData_allRun_GLM",0.44425606296067
"1463",44,"wave_fetch",3.13325999963163,"Semibalanus.balanoides_PA1_RUN1_RF",0.166
"1464",44,"wave_fetch",3.13325999963163,"Semibalanus.balanoides_allData_allRun_GAM",0.360966377383529
"1465",45,"wave_fetch",3.15616324212816,"Semibalanus.balanoides_PA1_RUN1_GLM",0.458804039040777
"1466",45,"wave_fetch",3.15616324212816,"Semibalanus.balanoides_PA1_RUN1_GAM",0.52085579979087
"1467",45,"wave_fetch",3.15616324212816,"Semibalanus.balanoides_allData_allRun_GAM",0.357869718965569
"1468",45,"wave_fetch",3.15616324212816,"Semibalanus.balanoides_PA1_RUN1_RF",0.144
"1469",45,"wave_fetch",3.15616324212816,"Semibalanus.balanoides_PA1_allRun_MAXENT",0.0644277
"1470",45,"wave_fetch",3.15616324212816,"Semibalanus.balanoides_allData_allRun_GLM",0.441098698453218
"1471",46,"wave_fetch",3.17906648462469,"Semibalanus.balanoides_PA1_RUN1_GAM",0.518826498609417
"1472",46,"wave_fetch",3.17906648462469,"Semibalanus.balanoides_PA1_RUN1_GLM",0.45635509170914
"1473",46,"wave_fetch",3.17906648462469,"Semibalanus.balanoides_PA1_allRun_MAXENT",0.0644277
"1474",46,"wave_fetch",3.17906648462469,"Semibalanus.balanoides_PA1_RUN1_RF",0.144
"1475",46,"wave_fetch",3.17906648462469,"Semibalanus.balanoides_allData_allRun_GLM",0.437912801203185
"1476",46,"wave_fetch",3.17906648462469,"Semibalanus.balanoides_allData_allRun_GAM",0.354784877206564
"1477",47,"wave_fetch",3.20196972712122,"Semibalanus.balanoides_PA1_RUN1_GLM",0.453957714460258
"1478",47,"wave_fetch",3.20196972712122,"Semibalanus.balanoides_PA1_allRun_MAXENT",0.0644277
"1479",47,"wave_fetch",3.20196972712122,"Semibalanus.balanoides_PA1_RUN1_GAM",0.516796576127523
"1480",47,"wave_fetch",3.20196972712122,"Semibalanus.balanoides_allData_allRun_GLM",0.434698782352425
"1481",47,"wave_fetch",3.20196972712122,"Semibalanus.balanoides_PA1_RUN1_RF",0.142
"1482",47,"wave_fetch",3.20196972712122,"Semibalanus.balanoides_allData_allRun_GAM",0.35171206201075
"1483",48,"wave_fetch",3.22487296961775,"Semibalanus.balanoides_PA1_RUN1_GAM",0.514766099174873
"1484",48,"wave_fetch",3.22487296961775,"Semibalanus.balanoides_PA1_RUN1_RF",0.15
"1485",48,"wave_fetch",3.22487296961775,"Semibalanus.balanoides_PA1_RUN1_GLM",0.451611887979182
"1486",48,"wave_fetch",3.22487296961775,"Semibalanus.balanoides_PA1_allRun_MAXENT",0.0644277
"1487",48,"wave_fetch",3.22487296961775,"Semibalanus.balanoides_allData_allRun_GAM",0.348651479481965
"1488",48,"wave_fetch",3.22487296961775,"Semibalanus.balanoides_allData_allRun_GLM",0.431457069109632
"1489",49,"wave_fetch",3.24777621211428,"Semibalanus.balanoides_PA1_RUN1_GLM",0.44931758205982
"1490",49,"wave_fetch",3.24777621211428,"Semibalanus.balanoides_PA1_allRun_MAXENT",0.0644277
"1491",49,"wave_fetch",3.24777621211428,"Semibalanus.balanoides_allData_allRun_GLM",0.428188104902575
"1492",49,"wave_fetch",3.24777621211428,"Semibalanus.balanoides_PA1_RUN1_GAM",0.512735134654323
"1493",49,"wave_fetch",3.24777621211428,"Semibalanus.balanoides_allData_allRun_GAM",0.345603331882463
"1494",49,"wave_fetch",3.24777621211428,"Semibalanus.balanoides_PA1_RUN1_RF",0.146
"1495",50,"wave_fetch",3.27067945461081,"Semibalanus.balanoides_PA1_RUN1_GLM",0.447074756347198
"1496",50,"wave_fetch",3.27067945461081,"Semibalanus.balanoides_PA1_RUN1_GAM",0.510703749533099
"1497",50,"wave_fetch",3.27067945461081,"Semibalanus.balanoides_PA1_RUN1_RF",0.132
"1498",50,"wave_fetch",3.27067945461081,"Semibalanus.balanoides_allData_allRun_GAM",0.342567817594144
"1499",50,"wave_fetch",3.27067945461081,"Semibalanus.balanoides_PA1_allRun_MAXENT",0.0644277
"1500",50,"wave_fetch",3.27067945461081,"Semibalanus.balanoides_allData_allRun_GLM",0.424892349514112
"1501",51,"wave_fetch",3.29358269710733,"Semibalanus.balanoides_PA1_RUN1_GAM",0.508672010833968
"1502",51,"wave_fetch",3.29358269710733,"Semibalanus.balanoides_PA1_RUN1_RF",0.132
"1503",51,"wave_fetch",3.29358269710733,"Semibalanus.balanoides_PA1_RUN1_GLM",0.444883361063411
"1504",51,"wave_fetch",3.29358269710733,"Semibalanus.balanoides_PA1_allRun_MAXENT",0.0644277
"1505",51,"wave_fetch",3.29358269710733,"Semibalanus.balanoides_allData_allRun_GLM",0.421570279201186
"1506",51,"wave_fetch",3.29358269710733,"Semibalanus.balanoides_allData_allRun_GAM",0.339545131082206
"1507",52,"wave_fetch",3.31648593960386,"Semibalanus.balanoides_PA1_allRun_MAXENT",0.0650621
"1508",52,"wave_fetch",3.31648593960386,"Semibalanus.balanoides_PA1_RUN1_GLM",0.442743337716826
"1509",52,"wave_fetch",3.31648593960386,"Semibalanus.balanoides_allData_allRun_GLM",0.418222386796001
"1510",52,"wave_fetch",3.31648593960386,"Semibalanus.balanoides_PA1_RUN1_GAM",0.506639985626407
"1511",52,"wave_fetch",3.31648593960386,"Semibalanus.balanoides_PA1_RUN1_RF",0.132
"1512",52,"wave_fetch",3.31648593960386,"Semibalanus.balanoides_allData_allRun_GAM",0.336535462861201
"1513",53,"wave_fetch",3.33938918210039,"Semibalanus.balanoides_PA1_RUN1_GAM",0.504607741017749
"1514",53,"wave_fetch",3.33938918210039,"Semibalanus.balanoides_PA1_RUN1_GLM",0.440654619794135
"1515",53,"wave_fetch",3.33938918210039,"Semibalanus.balanoides_PA1_RUN1_RF",0.132
"1516",53,"wave_fetch",3.33938918210039,"Semibalanus.balanoides_allData_allRun_GAM",0.333538999463517
"1517",53,"wave_fetch",3.33938918210039,"Semibalanus.balanoides_PA1_allRun_MAXENT",0.0658255
"1518",53,"wave_fetch",3.33938918210039,"Semibalanus.balanoides_allData_allRun_GLM",0.414849181788582
"1519",54,"wave_fetch",3.36229242459692,"Semibalanus.balanoides_PA1_RUN1_GLM",0.438617133434974
"1520",54,"wave_fetch",3.36229242459692,"Semibalanus.balanoides_PA1_allRun_MAXENT",0.0665976
"1521",54,"wave_fetch",3.36229242459692,"Semibalanus.balanoides_PA1_RUN1_GAM",0.502575344144321
"1522",54,"wave_fetch",3.36229242459692,"Semibalanus.balanoides_allData_allRun_GLM",0.411451190389939
"1523",54,"wave_fetch",3.36229242459692,"Semibalanus.balanoides_PA1_RUN1_RF",0.132
"1524",54,"wave_fetch",3.36229242459692,"Semibalanus.balanoides_allData_allRun_GAM",0.330555923410255
"1525",55,"wave_fetch",3.38519566709345,"Semibalanus.balanoides_PA1_RUN1_GLM",0.436630798088812
"1526",55,"wave_fetch",3.38519566709345,"Semibalanus.balanoides_PA1_RUN1_GAM",0.500542862162576
"1527",55,"wave_fetch",3.38519566709345,"Semibalanus.balanoides_PA1_allRun_MAXENT",0.0673784
"1528",55,"wave_fetch",3.38519566709345,"Semibalanus.balanoides_PA1_RUN1_RF",0.132
"1529",55,"wave_fetch",3.38519566709345,"Semibalanus.balanoides_allData_allRun_GAM",0.327586413184511
"1530",55,"wave_fetch",3.38519566709345,"Semibalanus.balanoides_allData_allRun_GLM",0.408028955575069
"1531",56,"wave_fetch",3.40809890958998,"Semibalanus.balanoides_PA1_RUN1_GAM",0.498510362240217
"1532",56,"wave_fetch",3.40809890958998,"Semibalanus.balanoides_PA1_RUN1_RF",0.146
"1533",56,"wave_fetch",3.40809890958998,"Semibalanus.balanoides_PA1_allRun_MAXENT",0.0681681
"1534",56,"wave_fetch",3.40809890958998,"Semibalanus.balanoides_PA1_RUN1_GLM",0.434695527153941
"1535",56,"wave_fetch",3.40809890958998,"Semibalanus.balanoides_allData_allRun_GLM",0.404583037105042
"1536",56,"wave_fetch",3.40809890958998,"Semibalanus.balanoides_allData_allRun_GAM",0.32463064320704
"1537",57,"wave_fetch",3.43100215208651,"Semibalanus.balanoides_PA1_RUN1_GLM",0.432811228598373
"1538",57,"wave_fetch",3.43100215208651,"Semibalanus.balanoides_PA1_allRun_MAXENT",0.0689666
"1539",57,"wave_fetch",3.43100215208651,"Semibalanus.balanoides_PA1_RUN1_GAM",0.496477911547318
"1540",57,"wave_fetch",3.43100215208651,"Semibalanus.balanoides_allData_allRun_GAM",0.321688783814303
"1541",57,"wave_fetch",3.43100215208651,"Semibalanus.balanoides_allData_allRun_GLM",0.401114011527432
"1542",57,"wave_fetch",3.43100215208651,"Semibalanus.balanoides_PA1_RUN1_RF",0.146
"1543",58,"wave_fetch",3.45390539458304,"Semibalanus.balanoides_PA1_RUN1_GLM",0.430977805562569
"1544",58,"wave_fetch",3.45390539458304,"Semibalanus.balanoides_PA1_RUN1_GAM",0.494445577247444
"1545",58,"wave_fetch",3.45390539458304,"Semibalanus.balanoides_PA1_RUN1_RF",0.146
"1546",58,"wave_fetch",3.45390539458304,"Semibalanus.balanoides_allData_allRun_GAM",0.318761001238866
"1547",58,"wave_fetch",3.45390539458304,"Semibalanus.balanoides_PA1_allRun_MAXENT",0.0697742
"1548",58,"wave_fetch",3.45390539458304,"Semibalanus.balanoides_allData_allRun_GLM",0.397622472154401
"1549",59,"wave_fetch",3.47680863707957,"Semibalanus.balanoides_PA1_RUN1_GLM",0.429195156943905
"1550",59,"wave_fetch",3.47680863707957,"Semibalanus.balanoides_PA1_allRun_MAXENT",0.0705908
"1551",59,"wave_fetch",3.47680863707957,"Semibalanus.balanoides_allData_allRun_GAM",0.315847457592149
"1552",59,"wave_fetch",3.47680863707957,"Semibalanus.balanoides_PA1_RUN1_RF",0.148
"1553",59,"wave_fetch",3.47680863707957,"Semibalanus.balanoides_PA1_RUN1_GAM",0.49241342648878
"1554",59,"wave_fetch",3.47680863707957,"Semibalanus.balanoides_allData_allRun_GLM",0.394109029017732
"1555",60,"wave_fetch",3.4997118795761,"Semibalanus.balanoides_PA1_allRun_MAXENT",0.0714166
"1556",60,"wave_fetch",3.4997118795761,"Semibalanus.balanoides_PA1_RUN1_RF",0.162
"1557",60,"wave_fetch",3.4997118795761,"Semibalanus.balanoides_allData_allRun_GAM",0.312948310849497
"1558",60,"wave_fetch",3.4997118795761,"Semibalanus.balanoides_allData_allRun_GLM",0.390574308800167
"1559",60,"wave_fetch",3.4997118795761,"Semibalanus.balanoides_PA1_RUN1_GLM",0.427463177962872
"1560",60,"wave_fetch",3.4997118795761,"Semibalanus.balanoides_PA1_RUN1_GAM",0.490381526395248
"1561",61,"wave_fetch",3.52261512207262,"Semibalanus.balanoides_allData_allRun_GLM",0.387018954742437
"1562",61,"wave_fetch",3.52261512207262,"Semibalanus.balanoides_PA1_allRun_MAXENT",0.0722517
"1563",61,"wave_fetch",3.52261512207262,"Semibalanus.balanoides_PA1_RUN1_GLM",0.425781760711002
"1564",61,"wave_fetch",3.52261512207262,"Semibalanus.balanoides_PA1_RUN1_RF",0.174
"1565",61,"wave_fetch",3.52261512207262,"Semibalanus.balanoides_allData_allRun_GAM",0.310063714837559
"1566",61,"wave_fetch",3.52261512207262,"Semibalanus.balanoides_PA1_RUN1_GAM",0.488349944057649
"1567",62,"wave_fetch",3.54551836456915,"Semibalanus.balanoides_allData_allRun_GLM",0.383443626525371
"1568",62,"wave_fetch",3.54551836456915,"Semibalanus.balanoides_PA1_RUN1_GLM",0.424150794680569
"1569",62,"wave_fetch",3.54551836456915,"Semibalanus.balanoides_allData_allRun_GAM",0.307193819223946
"1570",62,"wave_fetch",3.54551836456915,"Semibalanus.balanoides_PA1_RUN1_GAM",0.486318746524802
"1571",62,"wave_fetch",3.54551836456915,"Semibalanus.balanoides_PA1_allRun_MAXENT",0.0730962
"1572",62,"wave_fetch",3.54551836456915,"Semibalanus.balanoides_PA1_RUN1_RF",0.178
"1573",63,"wave_fetch",3.56842160706568,"Semibalanus.balanoides_PA1_RUN1_GLM",0.422570167276149
"1574",63,"wave_fetch",3.56842160706568,"Semibalanus.balanoides_PA1_RUN1_GAM",0.484288000794702
"1575",63,"wave_fetch",3.56842160706568,"Semibalanus.balanoides_allData_allRun_GLM",0.379849000126567
"1576",63,"wave_fetch",3.56842160706568,"Semibalanus.balanoides_PA1_allRun_MAXENT",0.0739502
"1577",63,"wave_fetch",3.56842160706568,"Semibalanus.balanoides_allData_allRun_GAM",0.304338769509145
"1578",63,"wave_fetch",3.56842160706568,"Semibalanus.balanoides_PA1_RUN1_RF",0.148
"1579",64,"wave_fetch",3.59132484956221,"Semibalanus.balanoides_PA1_RUN1_GLM",0.421039764308113
"1580",64,"wave_fetch",3.59132484956221,"Semibalanus.balanoides_PA1_RUN1_GAM",0.482257773805684
"1581",64,"wave_fetch",3.59132484956221,"Semibalanus.balanoides_PA1_allRun_MAXENT",0.0748137
"1582",64,"wave_fetch",3.59132484956221,"Semibalanus.balanoides_PA1_RUN1_RF",0.146
"1583",64,"wave_fetch",3.59132484956221,"Semibalanus.balanoides_allData_allRun_GLM",0.3762357676511
"1584",64,"wave_fetch",3.59132484956221,"Semibalanus.balanoides_allData_allRun_GAM",0.301498707020673
"1585",65,"wave_fetch",3.61422809205874,"Semibalanus.balanoides_PA1_RUN1_GLM",0.419559470468212
"1586",65,"wave_fetch",3.61422809205874,"Semibalanus.balanoides_PA1_RUN1_GAM",0.480228132427617
"1587",65,"wave_fetch",3.61422809205874,"Semibalanus.balanoides_PA1_allRun_MAXENT",0.0756869
"1588",65,"wave_fetch",3.61422809205874,"Semibalanus.balanoides_allData_allRun_GLM",0.372604637135814
"1589",65,"wave_fetch",3.61422809205874,"Semibalanus.balanoides_PA1_RUN1_RF",0.144
"1590",65,"wave_fetch",3.61422809205874,"Semibalanus.balanoides_allData_allRun_GAM",0.298673768909424
"1591",66,"wave_fetch",3.63713133455527,"Semibalanus.balanoides_PA1_RUN1_GLM",0.418129169787367
"1592",66,"wave_fetch",3.63713133455527,"Semibalanus.balanoides_allData_allRun_GLM",0.368956332326787
"1593",66,"wave_fetch",3.63713133455527,"Semibalanus.balanoides_PA1_RUN1_GAM",0.478199143453101
"1594",66,"wave_fetch",3.63713133455527,"Semibalanus.balanoides_allData_allRun_GAM",0.295864088148196
"1595",66,"wave_fetch",3.63713133455527,"Semibalanus.balanoides_PA1_allRun_MAXENT",0.0765698
"1596",66,"wave_fetch",3.63713133455527,"Semibalanus.balanoides_PA1_RUN1_RF",0.148
"1597",67,"wave_fetch",3.6600345770518,"Semibalanus.balanoides_PA1_RUN1_GLM",0.416748746075855
"1598",67,"wave_fetch",3.6600345770518,"Semibalanus.balanoides_PA1_RUN1_GAM",0.476170873588697
"1599",67,"wave_fetch",3.6600345770518,"Semibalanus.balanoides_allData_allRun_GLM",0.36529159242961
"1600",67,"wave_fetch",3.6600345770518,"Semibalanus.balanoides_PA1_allRun_MAXENT",0.0774626
"1601",67,"wave_fetch",3.6600345770518,"Semibalanus.balanoides_allData_allRun_GAM",0.293069793532362
"1602",67,"wave_fetch",3.6600345770518,"Semibalanus.balanoides_PA1_RUN1_RF",0.146
"1603",68,"wave_fetch",3.68293781954833,"Semibalanus.balanoides_PA1_RUN1_GLM",0.415418083346057
"1604",68,"wave_fetch",3.68293781954833,"Semibalanus.balanoides_PA1_RUN1_GAM",0.474143389446181
"1605",68,"wave_fetch",3.68293781954833,"Semibalanus.balanoides_PA1_allRun_MAXENT",0.0783654
"1606",68,"wave_fetch",3.68293781954833,"Semibalanus.balanoides_allData_allRun_GLM",0.361611171832179
"1607",68,"wave_fetch",3.68293781954833,"Semibalanus.balanoides_PA1_RUN1_RF",0.18
"1608",68,"wave_fetch",3.68293781954833,"Semibalanus.balanoides_allData_allRun_GAM",0.290291009682647
"1609",69,"wave_fetch",3.70584106204486,"Semibalanus.balanoides_PA1_RUN1_GLM",0.414137066217973
"1610",69,"wave_fetch",3.70584106204486,"Semibalanus.balanoides_PA1_RUN1_GAM",0.472116757533817
"1611",69,"wave_fetch",3.70584106204486,"Semibalanus.balanoides_PA1_allRun_MAXENT",0.0792783
"1612",69,"wave_fetch",3.70584106204486,"Semibalanus.balanoides_allData_allRun_GLM",0.357915839799753
"1613",69,"wave_fetch",3.70584106204486,"Semibalanus.balanoides_PA1_RUN1_RF",0.182
"1614",69,"wave_fetch",3.70584106204486,"Semibalanus.balanoides_allData_allRun_GAM",0.287527857049987
"1615",70,"wave_fetch",3.72874430454139,"Semibalanus.balanoides_PA1_RUN1_GAM",0.470091044247664
"1616",70,"wave_fetch",3.72874430454139,"Semibalanus.balanoides_PA1_RUN1_GLM",0.412905580307705
"1617",70,"wave_fetch",3.72874430454139,"Semibalanus.balanoides_allData_allRun_GLM",0.354206380142093
"1618",70,"wave_fetch",3.72874430454139,"Semibalanus.balanoides_PA1_allRun_MAXENT",0.0802013
"1619",70,"wave_fetch",3.72874430454139,"Semibalanus.balanoides_allData_allRun_GAM",0.284780451922425
"1620",70,"wave_fetch",3.72874430454139,"Semibalanus.balanoides_PA1_RUN1_RF",0.184
"1621",71,"wave_fetch",3.75164754703791,"Semibalanus.balanoides_PA1_RUN1_GLM",0.41172351259913
"1622",71,"wave_fetch",3.75164754703791,"Semibalanus.balanoides_allData_allRun_GAM",0.282048906434012
"1623",71,"wave_fetch",3.75164754703791,"Semibalanus.balanoides_PA1_RUN1_GAM",0.468066315862916
"1624",71,"wave_fetch",3.75164754703791,"Semibalanus.balanoides_allData_allRun_GLM",0.350483590852562
"1625",71,"wave_fetch",3.75164754703791,"Semibalanus.balanoides_PA1_allRun_MAXENT",0.0811345
"1626",71,"wave_fetch",3.75164754703791,"Semibalanus.balanoides_PA1_RUN1_RF",0.184
"1627",72,"wave_fetch",3.77455078953444,"Semibalanus.balanoides_PA1_RUN1_GLM",0.410590751798984
"1628",72,"wave_fetch",3.77455078953444,"Semibalanus.balanoides_PA1_RUN1_GAM",0.466042638525271
"1629",72,"wave_fetch",3.77455078953444,"Semibalanus.balanoides_PA1_allRun_MAXENT",0.0820782
"1630",72,"wave_fetch",3.77455078953444,"Semibalanus.balanoides_allData_allRun_GLM",0.346748283719138
"1631",72,"wave_fetch",3.77455078953444,"Semibalanus.balanoides_PA1_RUN1_RF",0.19
"1632",72,"wave_fetch",3.77455078953444,"Semibalanus.balanoides_allData_allRun_GAM",0.279333328575674
"1633",73,"wave_fetch",3.79745403203097,"Semibalanus.balanoides_PA1_RUN1_GLM",0.409507188675596
"1634",73,"wave_fetch",3.79745403203097,"Semibalanus.balanoides_PA1_RUN1_GAM",0.46402007824234
"1635",73,"wave_fetch",3.79745403203097,"Semibalanus.balanoides_PA1_allRun_MAXENT",0.0830323
"1636",73,"wave_fetch",3.79745403203097,"Semibalanus.balanoides_allData_allRun_GLM",0.343001283907355
"1637",73,"wave_fetch",3.79745403203097,"Semibalanus.balanoides_PA1_RUN1_RF",0.188
"1638",73,"wave_fetch",3.79745403203097,"Semibalanus.balanoides_allData_allRun_GAM",0.276633822208013
"1639",74,"wave_fetch",3.8203572745275,"Semibalanus.balanoides_PA1_RUN1_GLM",0.408472716381489
"1640",74,"wave_fetch",3.8203572745275,"Semibalanus.balanoides_PA1_RUN1_GAM",0.461998700875092
"1641",74,"wave_fetch",3.8203572745275,"Semibalanus.balanoides_allData_allRun_GLM",0.339243429515249
"1642",74,"wave_fetch",3.8203572745275,"Semibalanus.balanoides_PA1_allRun_MAXENT",0.083997
"1643",74,"wave_fetch",3.8203572745275,"Semibalanus.balanoides_allData_allRun_GAM",0.273950487075982
"1644",74,"wave_fetch",3.8203572745275,"Semibalanus.balanoides_PA1_RUN1_RF",0.198
"1645",75,"wave_fetch",3.84326051702403,"Semibalanus.balanoides_PA1_RUN1_GLM",0.407487230760111
"1646",75,"wave_fetch",3.84326051702403,"Semibalanus.balanoides_allData_allRun_GLM",0.335475571100487
"1647",75,"wave_fetch",3.84326051702403,"Semibalanus.balanoides_PA1_RUN1_GAM",0.459978572129342
"1648",75,"wave_fetch",3.84326051702403,"Semibalanus.balanoides_allData_allRun_GAM",0.271283418825421
"1649",75,"wave_fetch",3.84326051702403,"Semibalanus.balanoides_PA1_allRun_MAXENT",0.0812335
"1650",75,"wave_fetch",3.84326051702403,"Semibalanus.balanoides_PA1_RUN1_RF",0.196
"1651",76,"wave_fetch",3.86616375952056,"Semibalanus.balanoides_PA1_RUN1_GLM",0.406550630636902
"1652",76,"wave_fetch",3.86616375952056,"Semibalanus.balanoides_PA1_RUN1_GAM",0.45795975754728
"1653",76,"wave_fetch",3.86616375952056,"Semibalanus.balanoides_PA1_allRun_MAXENT",0.0783069
"1654",76,"wave_fetch",3.86616375952056,"Semibalanus.balanoides_allData_allRun_GLM",0.331698571179908
"1655",76,"wave_fetch",3.86616375952056,"Semibalanus.balanoides_PA1_RUN1_RF",0.192
"1656",76,"wave_fetch",3.86616375952056,"Semibalanus.balanoides_allData_allRun_GAM",0.268632709021384
"1657",77,"wave_fetch",3.88906700201709,"Semibalanus.balanoides_PA1_RUN1_GLM",0.405662818094963
"1658",77,"wave_fetch",3.88906700201709,"Semibalanus.balanoides_PA1_RUN1_GAM",0.455942322499046
"1659",77,"wave_fetch",3.88906700201709,"Semibalanus.balanoides_PA1_allRun_MAXENT",0.0754813
"1660",77,"wave_fetch",3.88906700201709,"Semibalanus.balanoides_PA1_RUN1_RF",0.204
"1661",77,"wave_fetch",3.88906700201709,"Semibalanus.balanoides_allData_allRun_GLM",0.327913303701784
"1662",77,"wave_fetch",3.88906700201709,"Semibalanus.balanoides_allData_allRun_GAM",0.265998445168237
"1663",78,"wave_fetch",3.91197024451362,"Semibalanus.balanoides_allData_allRun_GLM",0.324120653491205
"1664",78,"wave_fetch",3.91197024451362,"Semibalanus.balanoides_PA1_RUN1_GLM",0.404823698735533
"1665",78,"wave_fetch",3.91197024451362,"Semibalanus.balanoides_allData_allRun_GAM",0.263380710731467
"1666",78,"wave_fetch",3.91197024451362,"Semibalanus.balanoides_PA1_RUN1_GAM",0.453926332174354
"1667",78,"wave_fetch",3.91197024451362,"Semibalanus.balanoides_PA1_allRun_MAXENT",0.0727536
"1668",78,"wave_fetch",3.91197024451362,"Semibalanus.balanoides_PA1_RUN1_RF",0.214
"1669",79,"wave_fetch",3.93487348701015,"Semibalanus.balanoides_PA1_RUN1_GLM",0.40403318192353
"1670",79,"wave_fetch",3.93487348701015,"Semibalanus.balanoides_PA1_RUN1_GAM",0.451911851574165
"1671",79,"wave_fetch",3.93487348701015,"Semibalanus.balanoides_PA1_allRun_MAXENT",0.070089
"1672",79,"wave_fetch",3.93487348701015,"Semibalanus.balanoides_allData_allRun_GLM",0.320321515669056
"1673",79,"wave_fetch",3.93487348701015,"Semibalanus.balanoides_PA1_RUN1_RF",0.206
"1674",79,"wave_fetch",3.93487348701015,"Semibalanus.balanoides_allData_allRun_GAM",0.260779585161162
"1675",80,"wave_fetch",3.95777672950668,"Semibalanus.balanoides_allData_allRun_GLM",0.316516795045137
"1676",80,"wave_fetch",3.95777672950668,"Semibalanus.balanoides_PA1_RUN1_GLM",0.403291181018358
"1677",80,"wave_fetch",3.95777672950668,"Semibalanus.balanoides_PA1_allRun_MAXENT",0.0674476
"1678",80,"wave_fetch",3.95777672950668,"Semibalanus.balanoides_allData_allRun_GAM",0.258195143917129
"1679",80,"wave_fetch",3.95777672950668,"Semibalanus.balanoides_PA1_RUN1_RF",0.21
"1680",80,"wave_fetch",3.95777672950668,"Semibalanus.balanoides_PA1_RUN1_GAM",0.44989894550241
"1681",81,"wave_fetch",3.9806799720032,"Semibalanus.balanoides_allData_allRun_GLM",0.31270740548606
"1682",81,"wave_fetch",3.9806799720032,"Semibalanus.balanoides_PA1_allRun_MAXENT",0.0649022
"1683",81,"wave_fetch",3.9806799720032,"Semibalanus.balanoides_allData_allRun_GAM",0.255627458495577
"1684",81,"wave_fetch",3.9806799720032,"Semibalanus.balanoides_PA1_RUN1_RF",0.204
"1685",81,"wave_fetch",3.9806799720032,"Semibalanus.balanoides_PA1_RUN1_GAM",0.447887678557775
"1686",81,"wave_fetch",3.9806799720032,"Semibalanus.balanoides_PA1_RUN1_GLM",0.402597613590214
"1687",82,"wave_fetch",4.00358321449973,"Semibalanus.balanoides_PA1_RUN1_GAM",0.445878115125529
"1688",82,"wave_fetch",4.00358321449973,"Semibalanus.balanoides_allData_allRun_GLM",0.308894269258642
"1689",82,"wave_fetch",4.00358321449973,"Semibalanus.balanoides_PA1_allRun_MAXENT",0.0624496
"1690",82,"wave_fetch",4.00358321449973,"Semibalanus.balanoides_PA1_RUN1_GLM",0.401952401622098
"1691",82,"wave_fetch",4.00358321449973,"Semibalanus.balanoides_PA1_RUN1_RF",0.212
"1692",82,"wave_fetch",4.00358321449973,"Semibalanus.balanoides_allData_allRun_GAM",0.253076596457354
"1693",83,"wave_fetch",4.02648645699626,"Semibalanus.balanoides_allData_allRun_GLM",0.305078316349591
"1694",83,"wave_fetch",4.02648645699626,"Semibalanus.balanoides_PA1_RUN1_GAM",0.443870319369426
"1695",83,"wave_fetch",4.02648645699626,"Semibalanus.balanoides_PA1_RUN1_GLM",0.401355471697731
"1696",83,"wave_fetch",4.02648645699626,"Semibalanus.balanoides_PA1_RUN1_RF",0.208
"1697",83,"wave_fetch",4.02648645699626,"Semibalanus.balanoides_allData_allRun_GAM",0.250542621457652
"1698",83,"wave_fetch",4.02648645699626,"Semibalanus.balanoides_PA1_allRun_MAXENT",0.0596427
"1699",84,"wave_fetch",4.04938969949279,"Semibalanus.balanoides_PA1_RUN1_GLM",0.400806755175581
"1700",84,"wave_fetch",4.04938969949279,"Semibalanus.balanoides_PA1_RUN1_RF",0.21
"1701",84,"wave_fetch",4.04938969949279,"Semibalanus.balanoides_PA1_allRun_MAXENT",0.050953
"1702",84,"wave_fetch",4.04938969949279,"Semibalanus.balanoides_allData_allRun_GLM",0.301260483762353
"1703",84,"wave_fetch",4.04938969949279,"Semibalanus.balanoides_PA1_RUN1_GAM",0.441864355223658
"1704",84,"wave_fetch",4.04938969949279,"Semibalanus.balanoides_allData_allRun_GAM",0.248025593277172
"1705",85,"wave_fetch",4.07229294198932,"Semibalanus.balanoides_PA1_RUN1_GLM",0.400306188349166
"1706",85,"wave_fetch",4.07229294198932,"Semibalanus.balanoides_PA1_allRun_MAXENT",0.0428657
"1707",85,"wave_fetch",4.07229294198932,"Semibalanus.balanoides_PA1_RUN1_GAM",0.439860286384873
"1708",85,"wave_fetch",4.07229294198932,"Semibalanus.balanoides_allData_allRun_GAM",0.245525567854671
"1709",85,"wave_fetch",4.07229294198932,"Semibalanus.balanoides_PA1_RUN1_RF",0.218
"1710",85,"wave_fetch",4.07229294198932,"Semibalanus.balanoides_allData_allRun_GLM",0.297441714792087
"1711",86,"wave_fetch",4.09519618448585,"Semibalanus.balanoides_PA1_RUN1_GAM",0.437858176304259
"1712",86,"wave_fetch",4.09519618448585,"Semibalanus.balanoides_PA1_RUN1_RF",0.248
"1713",86,"wave_fetch",4.09519618448585,"Semibalanus.balanoides_PA1_RUN1_GLM",0.399853712593825
"1714",86,"wave_fetch",4.09519618448585,"Semibalanus.balanoides_allData_allRun_GAM",0.243042597320858
"1715",86,"wave_fetch",4.09519618448585,"Semibalanus.balanoides_PA1_allRun_MAXENT",0.0360374
"1716",86,"wave_fetch",4.09519618448585,"Semibalanus.balanoides_allData_allRun_GLM",0.2936229582798
"1717",87,"wave_fetch",4.11809942698238,"Semibalanus.balanoides_PA1_RUN1_GLM",0.399449274500108
"1718",87,"wave_fetch",4.11809942698238,"Semibalanus.balanoides_PA1_allRun_MAXENT",0.0302797
"1719",87,"wave_fetch",4.11809942698238,"Semibalanus.balanoides_allData_allRun_GLM",0.289805167846747
"1720",87,"wave_fetch",4.11809942698238,"Semibalanus.balanoides_PA1_RUN1_RF",0.21
"1721",87,"wave_fetch",4.11809942698238,"Semibalanus.balanoides_PA1_RUN1_GAM",0.435858088179697
"1722",87,"wave_fetch",4.11809942698238,"Semibalanus.balanoides_allData_allRun_GAM",0.240576730033586
"1723",88,"wave_fetch",4.14100266947891,"Semibalanus.balanoides_PA1_RUN1_GAM",0.433860084947975
"1724",88,"wave_fetch",4.14100266947891,"Semibalanus.balanoides_PA1_RUN1_GLM",0.399092825993932
"1725",88,"wave_fetch",4.14100266947891,"Semibalanus.balanoides_allData_allRun_GAM",0.238128010614299
"1726",88,"wave_fetch",4.14100266947891,"Semibalanus.balanoides_PA1_RUN1_RF",0.202
"1727",88,"wave_fetch",4.14100266947891,"Semibalanus.balanoides_PA1_allRun_MAXENT",0.0254296
"1728",88,"wave_fetch",4.14100266947891,"Semibalanus.balanoides_allData_allRun_GLM",0.285989301110295
"1729",89,"wave_fetch",4.16390591197544,"Semibalanus.balanoides_PA1_RUN1_GLM",0.398784324443649
"1730",89,"wave_fetch",4.16390591197544,"Semibalanus.balanoides_PA1_RUN1_GAM",0.431864229277087
"1731",89,"wave_fetch",4.16390591197544,"Semibalanus.balanoides_PA1_allRun_MAXENT",0.0213479
"1732",89,"wave_fetch",4.16390591197544,"Semibalanus.balanoides_allData_allRun_GLM",0.282176318882506
"1733",89,"wave_fetch",4.16390591197544,"Semibalanus.balanoides_PA1_RUN1_RF",0.236
"1734",89,"wave_fetch",4.16390591197544,"Semibalanus.balanoides_allData_allRun_GAM",0.235696479985673
"1735",90,"wave_fetch",4.18680915447197,"Semibalanus.balanoides_PA1_RUN1_GLM",0.398523732754148
"1736",90,"wave_fetch",4.18680915447197,"Semibalanus.balanoides_PA1_allRun_MAXENT",0.0179153
"1737",90,"wave_fetch",4.18680915447197,"Semibalanus.balanoides_PA1_RUN1_RF",0.248
"1738",90,"wave_fetch",4.18680915447197,"Semibalanus.balanoides_PA1_RUN1_GAM",0.429870583558589
"1739",90,"wave_fetch",4.18680915447197,"Semibalanus.balanoides_allData_allRun_GAM",0.233282175410415
"1740",90,"wave_fetch",4.18680915447197,"Semibalanus.balanoides_allData_allRun_GLM",0.278367184352756
"1741",91,"wave_fetch",4.2097123969685,"Semibalanus.balanoides_PA1_RUN1_GAM",0.427879209900043
"1742",91,"wave_fetch",4.2097123969685,"Semibalanus.balanoides_allData_allRun_GAM",0.230885130531165
"1743",91,"wave_fetch",4.2097123969685,"Semibalanus.balanoides_PA1_RUN1_RF",0.242
"1744",91,"wave_fetch",4.2097123969685,"Semibalanus.balanoides_PA1_RUN1_GLM",0.398311019448089
"1745",91,"wave_fetch",4.2097123969685,"Semibalanus.balanoides_PA1_allRun_MAXENT",0.0150304
"1746",91,"wave_fetch",4.2097123969685,"Semibalanus.balanoides_allData_allRun_GLM",0.274562862255814
"1747",92,"wave_fetch",4.23261563946502,"Semibalanus.balanoides_PA1_RUN1_GLM",0.398146158734383
"1748",92,"wave_fetch",4.23261563946502,"Semibalanus.balanoides_allData_allRun_GLM",0.270764318026811
"1749",92,"wave_fetch",4.23261563946502,"Semibalanus.balanoides_PA1_allRun_MAXENT",0.0126071
"1750",92,"wave_fetch",4.23261563946502,"Semibalanus.balanoides_PA1_RUN1_RF",0.236
"1751",92,"wave_fetch",4.23261563946502,"Semibalanus.balanoides_PA1_RUN1_GAM",0.42589017011753
"1752",92,"wave_fetch",4.23261563946502,"Semibalanus.balanoides_allData_allRun_GAM",0.228505375411452
"1753",93,"wave_fetch",4.25551888196155,"Semibalanus.balanoides_PA1_RUN1_GLM",0.398029130563987
"1754",93,"wave_fetch",4.25551888196155,"Semibalanus.balanoides_PA1_RUN1_GAM",0.423903525728245
"1755",93,"wave_fetch",4.25551888196155,"Semibalanus.balanoides_PA1_allRun_MAXENT",0.0105723
"1756",93,"wave_fetch",4.25551888196155,"Semibalanus.balanoides_allData_allRun_GAM",0.226142936577667
"1757",93,"wave_fetch",4.25551888196155,"Semibalanus.balanoides_PA1_RUN1_RF",0.242
"1758",93,"wave_fetch",4.25551888196155,"Semibalanus.balanoides_allData_allRun_GLM",0.266972516944641
"1759",94,"wave_fetch",4.27842212445808,"Semibalanus.balanoides_PA1_RUN1_GAM",0.421919337943169
"1760",94,"wave_fetch",4.27842212445808,"Semibalanus.balanoides_PA1_RUN1_GLM",0.397959920673085
"1761",94,"wave_fetch",4.27842212445808,"Semibalanus.balanoides_PA1_RUN1_RF",0.234
"1762",94,"wave_fetch",4.27842212445808,"Semibalanus.balanoides_PA1_allRun_MAXENT",0.00886452
"1763",94,"wave_fetch",4.27842212445808,"Semibalanus.balanoides_allData_allRun_GLM",0.263188423265359
"1764",94,"wave_fetch",4.27842212445808,"Semibalanus.balanoides_allData_allRun_GAM",0.223797837061984
"1765",95,"wave_fetch",4.30132536695461,"Semibalanus.balanoides_PA1_RUN1_GLM",0.39793852061371
"1766",95,"wave_fetch",4.30132536695461,"Semibalanus.balanoides_PA1_allRun_MAXENT",0.00743157
"1767",95,"wave_fetch",4.30132536695461,"Semibalanus.balanoides_PA1_RUN1_RF",0.234
"1768",95,"wave_fetch",4.30132536695461,"Semibalanus.balanoides_PA1_RUN1_GAM",0.41993766765983
"1769",95,"wave_fetch",4.30132536695461,"Semibalanus.balanoides_allData_allRun_GLM",0.259412999347201
"1770",95,"wave_fetch",4.30132536695461,"Semibalanus.balanoides_allData_allRun_GAM",0.221470096446203
"1771",96,"wave_fetch",4.32422860945114,"Semibalanus.balanoides_PA1_RUN1_GAM",0.417958575455139
"1772",96,"wave_fetch",4.32422860945114,"Semibalanus.balanoides_allData_allRun_GAM",0.219159730906455
"1773",96,"wave_fetch",4.32422860945114,"Semibalanus.balanoides_PA1_RUN1_RF",0.234
"1774",96,"wave_fetch",4.32422860945114,"Semibalanus.balanoides_PA1_RUN1_GLM",0.39796492777184
"1775",96,"wave_fetch",4.32422860945114,"Semibalanus.balanoides_allData_allRun_GLM",0.255647204768912
"1776",96,"wave_fetch",4.32422860945114,"Semibalanus.balanoides_PA1_allRun_MAXENT",0.00622951
"1777",97,"wave_fetch",4.34713185194767,"Semibalanus.balanoides_PA1_RUN1_GLM",0.398039145372989
"1778",97,"wave_fetch",4.34713185194767,"Semibalanus.balanoides_PA1_allRun_MAXENT",0.00522138
"1779",97,"wave_fetch",4.34713185194767,"Semibalanus.balanoides_PA1_RUN1_GAM",0.415982121578318
"1780",97,"wave_fetch",4.34713185194767,"Semibalanus.balanoides_PA1_RUN1_RF",0.234
"1781",97,"wave_fetch",4.34713185194767,"Semibalanus.balanoides_allData_allRun_GLM",0.251891995443076
"1782",97,"wave_fetch",4.34713185194767,"Semibalanus.balanoides_allData_allRun_GAM",0.216866753258731
"1783",98,"wave_fetch",4.3700350944442,"Semibalanus.balanoides_PA1_RUN1_GLM",0.398161182475305
"1784",98,"wave_fetch",4.3700350944442,"Semibalanus.balanoides_PA1_RUN1_GAM",0.414008365943916
"1785",98,"wave_fetch",4.3700350944442,"Semibalanus.balanoides_PA1_RUN1_RF",0.234
"1786",98,"wave_fetch",4.3700350944442,"Semibalanus.balanoides_PA1_allRun_MAXENT",0.00437603
"1787",98,"wave_fetch",4.3700350944442,"Semibalanus.balanoides_allData_allRun_GAM",0.21459117300517
"1788",98,"wave_fetch",4.3700350944442,"Semibalanus.balanoides_allData_allRun_GLM",0.248148322726219
"1789",99,"wave_fetch",4.39293833694073,"Semibalanus.balanoides_PA1_RUN1_GLM",0.398331053950168
"1790",99,"wave_fetch",4.39293833694073,"Semibalanus.balanoides_allData_allRun_GLM",0.244417132527456
"1791",99,"wave_fetch",4.39293833694073,"Semibalanus.balanoides_allData_allRun_GAM",0.212332996381087
"1792",99,"wave_fetch",4.39293833694073,"Semibalanus.balanoides_PA1_allRun_MAXENT",0.0036673
"1793",99,"wave_fetch",4.39293833694073,"Semibalanus.balanoides_PA1_RUN1_GAM",0.412037368124903
"1794",99,"wave_fetch",4.39293833694073,"Semibalanus.balanoides_PA1_RUN1_RF",0.234
"1795",100,"wave_fetch",4.41584157943726,"Semibalanus.balanoides_PA1_RUN1_GLM",0.39854878045025
"1796",100,"wave_fetch",4.41584157943726,"Semibalanus.balanoides_allData_allRun_GAM",0.210092226402673
"1797",100,"wave_fetch",4.41584157943726,"Semibalanus.balanoides_PA1_allRun_MAXENT",0.00307317
"1798",100,"wave_fetch",4.41584157943726,"Semibalanus.balanoides_PA1_RUN1_GAM",0.410069187345874
"1799",100,"wave_fetch",4.41584157943726,"Semibalanus.balanoides_PA1_RUN1_RF",0.234
"1800",100,"wave_fetch",4.41584157943726,"Semibalanus.balanoides_allData_allRun_GLM",0.240699364417485
