"","id","expl.name","expl.val","pred.name","pred.val"
"1",1,"ocean_temp",9.87024059757041,"Chthamalus.montagui_PA1_RUN1_GAM",0.0389868736528787
"2",1,"ocean_temp",9.87024059757041,"Chthamalus.montagui_PA1_allRun_MAXENT",0
"3",1,"ocean_temp",9.87024059757041,"Chthamalus.montagui_allData_allRun_GLM",3.67223417164722e-13
"4",1,"ocean_temp",9.87024059757041,"Chthamalus.montagui_PA1_RUN1_RF",0.224
"5",1,"ocean_temp",9.87024059757041,"Chthamalus.montagui_PA1_RUN1_GLM",9.70152444576377e-13
"6",1,"ocean_temp",9.87024059757041,"Chthamalus.montagui_allData_allRun_GAM",0.0271311763091409
"7",2,"ocean_temp",9.90193741219883,"Chthamalus.montagui_PA1_allRun_MAXENT",0
"8",2,"ocean_temp",9.90193741219883,"Chthamalus.montagui_allData_allRun_GLM",3.17479351320253e-13
"9",2,"ocean_temp",9.90193741219883,"Chthamalus.montagui_PA1_RUN1_RF",0.224
"10",2,"ocean_temp",9.90193741219883,"Chthamalus.montagui_PA1_RUN1_GLM",8.79910298697142e-13
"11",2,"ocean_temp",9.90193741219883,"Chthamalus.montagui_PA1_RUN1_GAM",0.0415139733849494
"12",2,"ocean_temp",9.90193741219883,"Chthamalus.montagui_allData_allRun_GAM",0.0287342273297554
"13",3,"ocean_temp",9.93363422682725,"Chthamalus.montagui_PA1_RUN1_GAM",0.0441973443769665
"14",3,"ocean_temp",9.93363422682725,"Chthamalus.montagui_PA1_RUN1_GLM",8.0008779415882e-13
"15",3,"ocean_temp",9.93363422682725,"Chthamalus.montagui_PA1_RUN1_RF",0.224
"16",3,"ocean_temp",9.93363422682725,"Chthamalus.montagui_PA1_allRun_MAXENT",0
"17",3,"ocean_temp",9.93363422682725,"Chthamalus.montagui_allData_allRun_GLM",2.75400708366261e-13
"18",3,"ocean_temp",9.93363422682725,"Chthamalus.montagui_allData_allRun_GAM",0.0304290324323547
"19",4,"ocean_temp",9.96533104145567,"Chthamalus.montagui_PA1_RUN1_GLM",7.29352901412522e-13
"20",4,"ocean_temp",9.96533104145567,"Chthamalus.montagui_PA1_RUN1_GAM",0.0470456491507628
"21",4,"ocean_temp",9.96533104145567,"Chthamalus.montagui_PA1_allRun_MAXENT",0
"22",4,"ocean_temp",9.96533104145567,"Chthamalus.montagui_allData_allRun_GLM",2.39706093195761e-13
"23",4,"ocean_temp",9.96533104145567,"Chthamalus.montagui_PA1_RUN1_RF",0.224
"24",4,"ocean_temp",9.96533104145567,"Chthamalus.montagui_allData_allRun_GAM",0.0322204845523181
"25",5,"ocean_temp",9.99702785608409,"Chthamalus.montagui_PA1_RUN1_RF",0.224
"26",5,"ocean_temp",9.99702785608409,"Chthamalus.montagui_PA1_RUN1_GAM",0.0500678979600761
"27",5,"ocean_temp",9.99702785608409,"Chthamalus.montagui_allData_allRun_GAM",0.0341136942173323
"28",5,"ocean_temp",9.99702785608409,"Chthamalus.montagui_PA1_allRun_MAXENT",0
"29",5,"ocean_temp",9.99702785608409,"Chthamalus.montagui_PA1_RUN1_GLM",6.66559021278882e-13
"30",5,"ocean_temp",9.99702785608409,"Chthamalus.montagui_allData_allRun_GLM",2.09342567555962e-13
"31",6,"ocean_temp",10.0287246707125,"Chthamalus.montagui_PA1_RUN1_GLM",6.1071745379407e-13
"32",6,"ocean_temp",10.0287246707125,"Chthamalus.montagui_PA1_RUN1_GAM",0.0532734446195314
"33",6,"ocean_temp",10.0287246707125,"Chthamalus.montagui_allData_allRun_GLM",1.83442715723976e-13
"34",6,"ocean_temp",10.0287246707125,"Chthamalus.montagui_PA1_allRun_MAXENT",0
"35",6,"ocean_temp",10.0287246707125,"Chthamalus.montagui_PA1_RUN1_RF",0.224
"36",6,"ocean_temp",10.0287246707125,"Chthamalus.montagui_allData_allRun_GAM",0.0361139938917883
"37",7,"ocean_temp",10.0604214853409,"Chthamalus.montagui_PA1_RUN1_GLM",5.60974188544266e-13
"38",7,"ocean_temp",10.0604214853409,"Chthamalus.montagui_PA1_RUN1_GAM",0.056671979245102
"39",7,"ocean_temp",10.0604214853409,"Chthamalus.montagui_PA1_RUN1_RF",0.224
"40",7,"ocean_temp",10.0604214853409,"Chthamalus.montagui_PA1_allRun_MAXENT",0
"41",7,"ocean_temp",10.0604214853409,"Chthamalus.montagui_allData_allRun_GAM",0.0382269416738598
"42",7,"ocean_temp",10.0604214853409,"Chthamalus.montagui_allData_allRun_GLM",1.61290150775796e-13
"43",8,"ocean_temp",10.0921182999693,"Chthamalus.montagui_PA1_RUN1_GAM",0.060273517495539
"44",8,"ocean_temp",10.0921182999693,"Chthamalus.montagui_PA1_allRun_MAXENT",0
"45",8,"ocean_temp",10.0921182999693,"Chthamalus.montagui_PA1_RUN1_GLM",5.16590305528425e-13
"46",8,"ocean_temp",10.0921182999693,"Chthamalus.montagui_PA1_RUN1_RF",0.224
"47",8,"ocean_temp",10.0921182999693,"Chthamalus.montagui_allData_allRun_GLM",1.42291735582004e-13
"48",8,"ocean_temp",10.0921182999693,"Chthamalus.montagui_allData_allRun_GAM",0.0404583242263876
"49",9,"ocean_temp",10.1238151145978,"Chthamalus.montagui_PA1_RUN1_GLM",4.76925397503308e-13
"50",9,"ocean_temp",10.1238151145978,"Chthamalus.montagui_allData_allRun_GLM",1.25955158109108e-13
"51",9,"ocean_temp",10.1238151145978,"Chthamalus.montagui_PA1_allRun_MAXENT",0
"52",9,"ocean_temp",10.1238151145978,"Chthamalus.montagui_PA1_RUN1_RF",0.224
"53",9,"ocean_temp",10.1238151145978,"Chthamalus.montagui_PA1_RUN1_GAM",0.0640883858794061
"54",9,"ocean_temp",10.1238151145978,"Chthamalus.montagui_allData_allRun_GAM",0.0428141588111326
"55",10,"ocean_temp",10.1555119292262,"Chthamalus.montagui_PA1_RUN1_GAM",0.0681272026703652
"56",10,"ocean_temp",10.1555119292262,"Chthamalus.montagui_PA1_RUN1_RF",0.224
"57",10,"ocean_temp",10.1555119292262,"Chthamalus.montagui_allData_allRun_GAM",0.0453006942839794
"58",10,"ocean_temp",10.1555119292262,"Chthamalus.montagui_PA1_allRun_MAXENT",0
"59",10,"ocean_temp",10.1555119292262,"Chthamalus.montagui_PA1_RUN1_GLM",4.41423525078299e-13
"60",10,"ocean_temp",10.1555119292262,"Chthamalus.montagui_allData_allRun_GLM",1.11870786190458e-13
"61",11,"ocean_temp",10.1872087438546,"Chthamalus.montagui_PA1_RUN1_GAM",0.072400853955533
"62",11,"ocean_temp",10.1872087438546,"Chthamalus.montagui_PA1_RUN1_GLM",4.09601298309184e-13
"63",11,"ocean_temp",10.1872087438546,"Chthamalus.montagui_allData_allRun_GLM",9.96969506136249e-14
"64",11,"ocean_temp",10.1872087438546,"Chthamalus.montagui_PA1_allRun_MAXENT",0
"65",11,"ocean_temp",10.1872087438546,"Chthamalus.montagui_PA1_RUN1_RF",0.224
"66",11,"ocean_temp",10.1872087438546,"Chthamalus.montagui_allData_allRun_GAM",0.0479244108963948
"67",12,"ocean_temp",10.218905558483,"Chthamalus.montagui_PA1_RUN1_GLM",3.81037746661305e-13
"68",12,"ocean_temp",10.218905558483,"Chthamalus.montagui_PA1_allRun_MAXENT",0
"69",12,"ocean_temp",10.218905558483,"Chthamalus.montagui_PA1_RUN1_GAM",0.076920464329389
"70",12,"ocean_temp",10.218905558483,"Chthamalus.montagui_PA1_RUN1_RF",0.224
"71",12,"ocean_temp",10.218905558483,"Chthamalus.montagui_allData_allRun_GLM",2.22044604925031e-16
"72",12,"ocean_temp",10.218905558483,"Chthamalus.montagui_allData_allRun_GAM",0.0506920187360164
"73",13,"ocean_temp",10.2506023731114,"Chthamalus.montagui_PA1_RUN1_GAM",0.0816973617404386
"74",13,"ocean_temp",10.2506023731114,"Chthamalus.montagui_PA1_RUN1_RF",0.224
"75",13,"ocean_temp",10.2506023731114,"Chthamalus.montagui_PA1_allRun_MAXENT",0
"76",13,"ocean_temp",10.2506023731114,"Chthamalus.montagui_PA1_RUN1_GLM",3.55365695390152e-13
"77",13,"ocean_temp",10.2506023731114,"Chthamalus.montagui_allData_allRun_GAM",0.0536104546268464
"78",13,"ocean_temp",10.2506023731114,"Chthamalus.montagui_allData_allRun_GLM",2.22044604925031e-16
"79",14,"ocean_temp",10.2822991877399,"Chthamalus.montagui_PA1_RUN1_GLM",3.32264412889686e-13
"80",14,"ocean_temp",10.2822991877399,"Chthamalus.montagui_allData_allRun_GLM",2.22044604925031e-16
"81",14,"ocean_temp",10.2822991877399,"Chthamalus.montagui_PA1_allRun_MAXENT",0
"82",14,"ocean_temp",10.2822991877399,"Chthamalus.montagui_PA1_RUN1_GAM",0.0867430360013638
"83",14,"ocean_temp",10.2822991877399,"Chthamalus.montagui_PA1_RUN1_RF",0.224
"84",14,"ocean_temp",10.2822991877399,"Chthamalus.montagui_allData_allRun_GAM",0.0566868772973917
"85",15,"ocean_temp",10.3139960023683,"Chthamalus.montagui_PA1_RUN1_GAM",0.0920690904876015
"86",15,"ocean_temp",10.3139960023683,"Chthamalus.montagui_PA1_RUN1_RF",0.224
"87",15,"ocean_temp",10.3139960023683,"Chthamalus.montagui_PA1_RUN1_GLM",3.11453332123866e-13
"88",15,"ocean_temp",10.3139960023683,"Chthamalus.montagui_allData_allRun_GAM",0.059928660613453
"89",15,"ocean_temp",10.3139960023683,"Chthamalus.montagui_PA1_allRun_MAXENT",0
"90",15,"ocean_temp",10.3139960023683,"Chthamalus.montagui_allData_allRun_GLM",2.22044604925031e-16
"91",16,"ocean_temp",10.3456928169967,"Chthamalus.montagui_PA1_RUN1_GAM",0.0976871865763307
"92",16,"ocean_temp",10.3456928169967,"Chthamalus.montagui_PA1_allRun_MAXENT",0
"93",16,"ocean_temp",10.3456928169967,"Chthamalus.montagui_PA1_RUN1_GLM",2.92686681183509e-13
"94",16,"ocean_temp",10.3456928169967,"Chthamalus.montagui_allData_allRun_GLM",2.22044604925031e-16
"95",16,"ocean_temp",10.3456928169967,"Chthamalus.montagui_PA1_RUN1_RF",0.224
"96",16,"ocean_temp",10.3456928169967,"Chthamalus.montagui_allData_allRun_GAM",0.0633433846615485
"97",17,"ocean_temp",10.3773896316251,"Chthamalus.montagui_PA1_RUN1_GLM",2.7574888461994e-13
"98",17,"ocean_temp",10.3773896316251,"Chthamalus.montagui_allData_allRun_GLM",2.22044604925031e-16
"99",17,"ocean_temp",10.3773896316251,"Chthamalus.montagui_PA1_RUN1_GAM",0.103608980419564
"100",17,"ocean_temp",10.3773896316251,"Chthamalus.montagui_PA1_RUN1_RF",0.224
"101",17,"ocean_temp",10.3773896316251,"Chthamalus.montagui_PA1_allRun_MAXENT",0
"102",17,"ocean_temp",10.3773896316251,"Chthamalus.montagui_allData_allRun_GAM",0.0669388244593765
"103",18,"ocean_temp",10.4090864462535,"Chthamalus.montagui_PA1_RUN1_RF",0.224
"104",18,"ocean_temp",10.4090864462535,"Chthamalus.montagui_PA1_RUN1_GLM",2.60450619298491e-13
"105",18,"ocean_temp",10.4090864462535,"Chthamalus.montagui_PA1_allRun_MAXENT",0
"106",18,"ocean_temp",10.4090864462535,"Chthamalus.montagui_allData_allRun_GAM",0.0707229360618735
"107",18,"ocean_temp",10.4090864462535,"Chthamalus.montagui_allData_allRun_GLM",2.22044604925031e-16
"108",18,"ocean_temp",10.4090864462535,"Chthamalus.montagui_PA1_RUN1_GAM",0.109846051704166
"109",19,"ocean_temp",10.4407832608819,"Chthamalus.montagui_PA1_RUN1_GLM",2.46625426981784e-13
"110",19,"ocean_temp",10.4407832608819,"Chthamalus.montagui_PA1_allRun_MAXENT",0
"111",19,"ocean_temp",10.4407832608819,"Chthamalus.montagui_allData_allRun_GAM",0.0747038398256902
"112",19,"ocean_temp",10.4407832608819,"Chthamalus.montagui_PA1_RUN1_RF",0.224
"113",19,"ocean_temp",10.4407832608819,"Chthamalus.montagui_PA1_RUN1_GAM",0.116409824129518
"114",19,"ocean_temp",10.4407832608819,"Chthamalus.montagui_allData_allRun_GLM",2.22044604925031e-16
"115",20,"ocean_temp",10.4724800755104,"Chthamalus.montagui_allData_allRun_GAM",0.0788898005918972
"116",20,"ocean_temp",10.4724800755104,"Chthamalus.montagui_allData_allRun_GLM",2.22044604925031e-16
"117",20,"ocean_temp",10.4724800755104,"Chthamalus.montagui_PA1_allRun_MAXENT",0
"118",20,"ocean_temp",10.4724800755104,"Chthamalus.montagui_PA1_RUN1_GLM",2.34126801229567e-13
"119",20,"ocean_temp",10.4724800755104,"Chthamalus.montagui_PA1_RUN1_RF",0.224
"120",20,"ocean_temp",10.4724800755104,"Chthamalus.montagui_PA1_RUN1_GAM",0.123311477433013
"121",21,"ocean_temp",10.5041768901388,"Chthamalus.montagui_allData_allRun_GLM",2.22044604925031e-16
"122",21,"ocean_temp",10.5041768901388,"Chthamalus.montagui_PA1_allRun_MAXENT",0
"123",21,"ocean_temp",10.5041768901388,"Chthamalus.montagui_PA1_RUN1_GLM",2.22825679084781e-13
"124",21,"ocean_temp",10.5041768901388,"Chthamalus.montagui_PA1_RUN1_RF",0.224
"125",21,"ocean_temp",10.5041768901388,"Chthamalus.montagui_allData_allRun_GAM",0.0832892045470249
"126",21,"ocean_temp",10.5041768901388,"Chthamalus.montagui_PA1_RUN1_GAM",0.130561850915691
"127",22,"ocean_temp",10.5358737047672,"Chthamalus.montagui_PA1_RUN1_GLM",2.12608278815987e-13
"128",22,"ocean_temp",10.5358737047672,"Chthamalus.montagui_PA1_allRun_MAXENT",0
"129",22,"ocean_temp",10.5358737047672,"Chthamalus.montagui_PA1_RUN1_GAM",0.138171338566898
"130",22,"ocean_temp",10.5358737047672,"Chthamalus.montagui_PA1_RUN1_RF",0.224
"131",22,"ocean_temp",10.5358737047672,"Chthamalus.montagui_allData_allRun_GLM",2.22044604925031e-16
"132",22,"ocean_temp",10.5358737047672,"Chthamalus.montagui_allData_allRun_GAM",0.0879105325268341
"133",23,"ocean_temp",10.5675705193956,"Chthamalus.montagui_PA1_allRun_MAXENT",0
"134",23,"ocean_temp",10.5675705193956,"Chthamalus.montagui_PA1_RUN1_RF",0.224
"135",23,"ocean_temp",10.5675705193956,"Chthamalus.montagui_allData_allRun_GLM",2.22044604925031e-16
"136",23,"ocean_temp",10.5675705193956,"Chthamalus.montagui_PA1_RUN1_GLM",2.0337423401894e-13
"137",23,"ocean_temp",10.5675705193956,"Chthamalus.montagui_allData_allRun_GAM",0.0927623295361909
"138",23,"ocean_temp",10.5675705193956,"Chthamalus.montagui_PA1_RUN1_GAM",0.146149776058288
"139",24,"ocean_temp",10.599267334024,"Chthamalus.montagui_PA1_RUN1_GLM",1.95034981991191e-13
"140",24,"ocean_temp",10.599267334024,"Chthamalus.montagui_PA1_RUN1_GAM",0.154506320074126
"141",24,"ocean_temp",10.599267334024,"Chthamalus.montagui_PA1_allRun_MAXENT",0
"142",24,"ocean_temp",10.599267334024,"Chthamalus.montagui_PA1_RUN1_RF",0.224
"143",24,"ocean_temp",10.599267334024,"Chthamalus.montagui_allData_allRun_GLM",2.22044604925031e-16
"144",24,"ocean_temp",10.599267334024,"Chthamalus.montagui_allData_allRun_GAM",0.0978531702728575
"145",25,"ocean_temp",10.6309641486525,"Chthamalus.montagui_PA1_RUN1_GLM",1.87512370702411e-13
"146",25,"ocean_temp",10.6309641486525,"Chthamalus.montagui_PA1_allRun_MAXENT",0
"147",25,"ocean_temp",10.6309641486525,"Chthamalus.montagui_PA1_RUN1_GAM",0.163249320665564
"148",25,"ocean_temp",10.6309641486525,"Chthamalus.montagui_PA1_RUN1_RF",0.24
"149",25,"ocean_temp",10.6309641486525,"Chthamalus.montagui_allData_allRun_GLM",2.22044604925031e-16
"150",25,"ocean_temp",10.6309641486525,"Chthamalus.montagui_allData_allRun_GAM",0.103191620463672
"151",26,"ocean_temp",10.6626609632809,"Chthamalus.montagui_PA1_allRun_MAXENT",0
"152",26,"ocean_temp",10.6626609632809,"Chthamalus.montagui_PA1_RUN1_RF",0.26
"153",26,"ocean_temp",10.6626609632809,"Chthamalus.montagui_PA1_RUN1_GLM",1.80737454067394e-13
"154",26,"ocean_temp",10.6626609632809,"Chthamalus.montagui_allData_allRun_GLM",2.22044604925031e-16
"155",26,"ocean_temp",10.6626609632809,"Chthamalus.montagui_PA1_RUN1_GAM",0.172386187559232
"156",26,"ocean_temp",10.6626609632809,"Chthamalus.montagui_allData_allRun_GAM",0.108786193849265
"157",27,"ocean_temp",10.6943577779093,"Chthamalus.montagui_PA1_allRun_MAXENT",0
"158",27,"ocean_temp",10.6943577779093,"Chthamalus.montagui_PA1_RUN1_GLM",1.74649449811365e-13
"159",27,"ocean_temp",10.6943577779093,"Chthamalus.montagui_PA1_RUN1_RF",0.26
"160",27,"ocean_temp",10.6943577779093,"Chthamalus.montagui_PA1_RUN1_GAM",0.18192325161228
"161",27,"ocean_temp",10.6943577779093,"Chthamalus.montagui_allData_allRun_GLM",2.22044604925031e-16
"162",27,"ocean_temp",10.6943577779093,"Chthamalus.montagui_allData_allRun_GAM",0.114645304688895
"163",28,"ocean_temp",10.7260545925377,"Chthamalus.montagui_PA1_RUN1_GLM",1.69194838045628e-13
"164",28,"ocean_temp",10.7260545925377,"Chthamalus.montagui_PA1_allRun_MAXENT",0
"165",28,"ocean_temp",10.7260545925377,"Chthamalus.montagui_PA1_RUN1_GAM",0.191865622881218
"166",28,"ocean_temp",10.7260545925377,"Chthamalus.montagui_PA1_RUN1_RF",0.238
"167",28,"ocean_temp",10.7260545925377,"Chthamalus.montagui_allData_allRun_GLM",2.22044604925031e-16
"168",28,"ocean_temp",10.7260545925377,"Chthamalus.montagui_allData_allRun_GAM",0.120777215700911
"169",29,"ocean_temp",10.7577514071661,"Chthamalus.montagui_PA1_RUN1_GLM",1.64326581986441e-13
"170",29,"ocean_temp",10.7577514071661,"Chthamalus.montagui_PA1_allRun_MAXENT",0
"171",29,"ocean_temp",10.7577514071661,"Chthamalus.montagui_PA1_RUN1_GAM",0.202217047055086
"172",29,"ocean_temp",10.7577514071661,"Chthamalus.montagui_PA1_RUN1_RF",0.226
"173",29,"ocean_temp",10.7577514071661,"Chthamalus.montagui_allData_allRun_GLM",2.22044604925031e-16
"174",29,"ocean_temp",10.7577514071661,"Chthamalus.montagui_allData_allRun_GAM",0.127189981407367
"175",30,"ocean_temp",10.7894482217945,"Chthamalus.montagui_PA1_allRun_MAXENT",0
"176",30,"ocean_temp",10.7894482217945,"Chthamalus.montagui_PA1_RUN1_RF",0.226
"177",30,"ocean_temp",10.7894482217945,"Chthamalus.montagui_PA1_RUN1_GAM",0.212979762285903
"178",30,"ocean_temp",10.7894482217945,"Chthamalus.montagui_allData_allRun_GLM",2.22044604925031e-16
"179",30,"ocean_temp",10.7894482217945,"Chthamalus.montagui_PA1_RUN1_GLM",1.60003455001349e-13
"180",30,"ocean_temp",10.7894482217945,"Chthamalus.montagui_allData_allRun_GAM",0.133891386913924
"181",31,"ocean_temp",10.821145036423,"Chthamalus.montagui_PA1_allRun_MAXENT",0
"182",31,"ocean_temp",10.821145036423,"Chthamalus.montagui_PA1_RUN1_GLM",1.56189460561033e-13
"183",31,"ocean_temp",10.821145036423,"Chthamalus.montagui_PA1_RUN1_RF",0.224
"184",31,"ocean_temp",10.821145036423,"Chthamalus.montagui_PA1_RUN1_GAM",0.22415435872174
"185",31,"ocean_temp",10.821145036423,"Chthamalus.montagui_allData_allRun_GAM",0.140888882228715
"186",31,"ocean_temp",10.821145036423,"Chthamalus.montagui_allData_allRun_GLM",2.22044604925031e-16
"187",32,"ocean_temp",10.8528418510514,"Chthamalus.montagui_PA1_RUN1_GLM",1.52853333702793e-13
"188",32,"ocean_temp",10.8528418510514,"Chthamalus.montagui_PA1_allRun_MAXENT",0
"189",32,"ocean_temp",10.8528418510514,"Chthamalus.montagui_PA1_RUN1_GAM",0.235739643298872
"190",32,"ocean_temp",10.8528418510514,"Chthamalus.montagui_PA1_RUN1_RF",0.224
"191",32,"ocean_temp",10.8528418510514,"Chthamalus.montagui_allData_allRun_GLM",2.22044604925031e-16
"192",32,"ocean_temp",10.8528418510514,"Chthamalus.montagui_allData_allRun_GAM",0.148189512306368
"193",33,"ocean_temp",10.8845386656798,"Chthamalus.montagui_PA1_RUN1_GLM",1.49968114356497e-13
"194",33,"ocean_temp",10.8845386656798,"Chthamalus.montagui_PA1_allRun_MAXENT",0
"195",33,"ocean_temp",10.8845386656798,"Chthamalus.montagui_PA1_RUN1_GAM",0.247732512567055
"196",33,"ocean_temp",10.8845386656798,"Chthamalus.montagui_PA1_RUN1_RF",0.224
"197",33,"ocean_temp",10.8845386656798,"Chthamalus.montagui_allData_allRun_GLM",2.22044604925031e-16
"198",33,"ocean_temp",10.8845386656798,"Chthamalus.montagui_allData_allRun_GAM",0.155799843095722
"199",34,"ocean_temp",10.9162354803082,"Chthamalus.montagui_PA1_allRun_MAXENT",0
"200",34,"ocean_temp",10.9162354803082,"Chthamalus.montagui_PA1_RUN1_GLM",1.47510784386395e-13
"201",34,"ocean_temp",10.9162354803082,"Chthamalus.montagui_PA1_RUN1_RF",0.224
"202",34,"ocean_temp",10.9162354803082,"Chthamalus.montagui_PA1_RUN1_GAM",0.260127836492856
"203",34,"ocean_temp",10.9162354803082,"Chthamalus.montagui_allData_allRun_GLM",2.22044604925031e-16
"204",34,"ocean_temp",10.9162354803082,"Chthamalus.montagui_allData_allRun_GAM",0.163725883971416
"205",35,"ocean_temp",10.9479322949366,"Chthamalus.montagui_PA1_allRun_MAXENT",0
"206",35,"ocean_temp",10.9479322949366,"Chthamalus.montagui_PA1_RUN1_RF",0.224
"207",35,"ocean_temp",10.9479322949366,"Chthamalus.montagui_PA1_RUN1_GLM",1.4546196151264e-13
"208",35,"ocean_temp",10.9479322949366,"Chthamalus.montagui_allData_allRun_GLM",2.22044604925031e-16
"209",35,"ocean_temp",10.9479322949366,"Chthamalus.montagui_PA1_RUN1_GAM",0.272918356296622
"210",35,"ocean_temp",10.9479322949366,"Chthamalus.montagui_allData_allRun_GAM",0.171973007039466
"211",36,"ocean_temp",10.9796291095651,"Chthamalus.montagui_PA1_RUN1_GLM",1.43805644415461e-13
"212",36,"ocean_temp",10.9796291095651,"Chthamalus.montagui_PA1_allRun_MAXENT",0
"213",36,"ocean_temp",10.9796291095651,"Chthamalus.montagui_PA1_RUN1_GAM",0.286094599416242
"214",36,"ocean_temp",10.9796291095651,"Chthamalus.montagui_PA1_RUN1_RF",0.224
"215",36,"ocean_temp",10.9796291095651,"Chthamalus.montagui_allData_allRun_GLM",2.22044604925031e-16
"216",36,"ocean_temp",10.9796291095651,"Chthamalus.montagui_allData_allRun_GAM",0.180545863923917
"217",37,"ocean_temp",11.0113259241935,"Chthamalus.montagui_PA1_RUN1_GLM",1.42529004320657e-13
"218",37,"ocean_temp",11.0113259241935,"Chthamalus.montagui_PA1_RUN1_GAM",0.299644814642805
"219",37,"ocean_temp",11.0113259241935,"Chthamalus.montagui_PA1_allRun_MAXENT",0
"220",37,"ocean_temp",11.0113259241935,"Chthamalus.montagui_PA1_RUN1_RF",0.224
"221",37,"ocean_temp",11.0113259241935,"Chthamalus.montagui_allData_allRun_GLM",2.22044604925031e-16
"222",37,"ocean_temp",11.0113259241935,"Chthamalus.montagui_allData_allRun_GAM",0.189448300763734
"223",38,"ocean_temp",11.0430227388219,"Chthamalus.montagui_PA1_allRun_MAXENT",0
"224",38,"ocean_temp",11.0430227388219,"Chthamalus.montagui_PA1_RUN1_GLM",1.41622219271482e-13
"225",38,"ocean_temp",11.0430227388219,"Chthamalus.montagui_PA1_RUN1_RF",0.224
"226",38,"ocean_temp",11.0430227388219,"Chthamalus.montagui_PA1_RUN1_GAM",0.313554930330213
"227",38,"ocean_temp",11.0430227388219,"Chthamalus.montagui_allData_allRun_GLM",2.22044604925031e-16
"228",38,"ocean_temp",11.0430227388219,"Chthamalus.montagui_allData_allRun_GAM",0.198683272273864
"229",39,"ocean_temp",11.0747195534503,"Chthamalus.montagui_PA1_allRun_MAXENT",0
"230",39,"ocean_temp",11.0747195534503,"Chthamalus.montagui_PA1_RUN1_RF",0.224
"231",39,"ocean_temp",11.0747195534503,"Chthamalus.montagui_allData_allRun_GLM",2.22044604925031e-16
"232",39,"ocean_temp",11.0747195534503,"Chthamalus.montagui_PA1_RUN1_GLM",1.41078348083012e-13
"233",39,"ocean_temp",11.0747195534503,"Chthamalus.montagui_allData_allRun_GAM",0.208252755849087
"234",39,"ocean_temp",11.0747195534503,"Chthamalus.montagui_PA1_RUN1_GAM",0.327808538334869
"235",40,"ocean_temp",11.1064163680787,"Chthamalus.montagui_allData_allRun_GLM",2.22044604925031e-16
"236",40,"ocean_temp",11.1064163680787,"Chthamalus.montagui_PA1_RUN1_GLM",1.40893241713374e-13
"237",40,"ocean_temp",11.1064163680787,"Chthamalus.montagui_PA1_allRun_MAXENT",0
"238",40,"ocean_temp",11.1064163680787,"Chthamalus.montagui_allData_allRun_GAM",0.218157666810258
"239",40,"ocean_temp",11.1064163680787,"Chthamalus.montagui_PA1_RUN1_RF",0.224
"240",40,"ocean_temp",11.1064163680787,"Chthamalus.montagui_PA1_RUN1_GAM",0.342386905989575
"241",41,"ocean_temp",11.1381131827072,"Chthamalus.montagui_allData_allRun_GLM",2.22044604925031e-16
"242",41,"ocean_temp",11.1381131827072,"Chthamalus.montagui_allData_allRun_GAM",0.228397776006102
"243",41,"ocean_temp",11.1381131827072,"Chthamalus.montagui_PA1_RUN1_GAM",0.357269017958389
"244",41,"ocean_temp",11.1381131827072,"Chthamalus.montagui_PA1_RUN1_GLM",1.41065490464427e-13
"245",41,"ocean_temp",11.1381131827072,"Chthamalus.montagui_PA1_allRun_MAXENT",0
"246",41,"ocean_temp",11.1381131827072,"Chthamalus.montagui_PA1_RUN1_RF",0.224
"247",42,"ocean_temp",11.1698099973356,"Chthamalus.montagui_PA1_RUN1_GAM",0.372431649262271
"248",42,"ocean_temp",11.1698099973356,"Chthamalus.montagui_allData_allRun_GLM",2.22044604925031e-16
"249",42,"ocean_temp",11.1698099973356,"Chthamalus.montagui_PA1_allRun_MAXENT",0
"250",42,"ocean_temp",11.1698099973356,"Chthamalus.montagui_PA1_RUN1_GLM",1.41596406075057e-13
"251",42,"ocean_temp",11.1698099973356,"Chthamalus.montagui_PA1_RUN1_RF",0.224
"252",42,"ocean_temp",11.1698099973356,"Chthamalus.montagui_allData_allRun_GAM",0.238971631085415
"253",43,"ocean_temp",11.201506811964,"Chthamalus.montagui_PA1_RUN1_GAM",0.387849470120166
"254",43,"ocean_temp",11.201506811964,"Chthamalus.montagui_PA1_RUN1_RF",0.224
"255",43,"ocean_temp",11.201506811964,"Chthamalus.montagui_PA1_RUN1_GLM",1.42490038385279e-13
"256",43,"ocean_temp",11.201506811964,"Chthamalus.montagui_PA1_allRun_MAXENT",0
"257",43,"ocean_temp",11.201506811964,"Chthamalus.montagui_allData_allRun_GLM",2.22044604925031e-16
"258",43,"ocean_temp",11.201506811964,"Chthamalus.montagui_allData_allRun_GAM",0.249876482839577
"259",44,"ocean_temp",11.2332036265924,"Chthamalus.montagui_PA1_allRun_MAXENT",0
"260",44,"ocean_temp",11.2332036265924,"Chthamalus.montagui_PA1_RUN1_GAM",0.403495182532985
"261",44,"ocean_temp",11.2332036265924,"Chthamalus.montagui_PA1_RUN1_GLM",1.43753226863852e-13
"262",44,"ocean_temp",11.2332036265924,"Chthamalus.montagui_allData_allRun_GLM",2.22044604925031e-16
"263",44,"ocean_temp",11.2332036265924,"Chthamalus.montagui_PA1_RUN1_RF",0.224
"264",44,"ocean_temp",11.2332036265924,"Chthamalus.montagui_allData_allRun_GAM",0.261108218079493
"265",45,"ocean_temp",11.2649004412208,"Chthamalus.montagui_PA1_RUN1_GLM",1.45395687927935e-13
"266",45,"ocean_temp",11.2649004412208,"Chthamalus.montagui_PA1_RUN1_GAM",0.419339687770832
"267",45,"ocean_temp",11.2649004412208,"Chthamalus.montagui_allData_allRun_GAM",0.272661300548394
"268",45,"ocean_temp",11.2649004412208,"Chthamalus.montagui_PA1_RUN1_RF",0.224
"269",45,"ocean_temp",11.2649004412208,"Chthamalus.montagui_PA1_allRun_MAXENT",0
"270",45,"ocean_temp",11.2649004412208,"Chthamalus.montagui_allData_allRun_GLM",2.22044604925031e-16
"271",46,"ocean_temp",11.2965972558492,"Chthamalus.montagui_PA1_RUN1_GAM",0.435352283131774
"272",46,"ocean_temp",11.2965972558492,"Chthamalus.montagui_PA1_RUN1_GLM",1.47430139607992e-13
"273",46,"ocean_temp",11.2965972558492,"Chthamalus.montagui_PA1_allRun_MAXENT",0
"274",46,"ocean_temp",11.2965972558492,"Chthamalus.montagui_PA1_RUN1_RF",0.224
"275",46,"ocean_temp",11.2965972558492,"Chthamalus.montagui_allData_allRun_GLM",2.22044604925031e-16
"276",46,"ocean_temp",11.2965972558492,"Chthamalus.montagui_allData_allRun_GAM",0.284528721379416
"277",47,"ocean_temp",11.3282940704777,"Chthamalus.montagui_PA1_RUN1_GLM",1.49872465801872e-13
"278",47,"ocean_temp",11.3282940704777,"Chthamalus.montagui_PA1_allRun_MAXENT",0
"279",47,"ocean_temp",11.3282940704777,"Chthamalus.montagui_PA1_RUN1_GAM",0.451500885553748
"280",47,"ocean_temp",11.3282940704777,"Chthamalus.montagui_allData_allRun_GLM",2.22044604925031e-16
"281",47,"ocean_temp",11.3282940704777,"Chthamalus.montagui_PA1_RUN1_RF",0.224
"282",47,"ocean_temp",11.3282940704777,"Chthamalus.montagui_allData_allRun_GAM",0.296701960578733
"283",48,"ocean_temp",11.3599908851061,"Chthamalus.montagui_PA1_RUN1_GAM",0.467752278909644
"284",48,"ocean_temp",11.3599908851061,"Chthamalus.montagui_PA1_RUN1_RF",0.224
"285",48,"ocean_temp",11.3599908851061,"Chthamalus.montagui_PA1_RUN1_GLM",1.52741923092639e-13
"286",48,"ocean_temp",11.3599908851061,"Chthamalus.montagui_PA1_allRun_MAXENT",0
"287",48,"ocean_temp",11.3599908851061,"Chthamalus.montagui_allData_allRun_GAM",0.309170960948908
"288",48,"ocean_temp",11.3599908851061,"Chthamalus.montagui_allData_allRun_GLM",2.22044604925031e-16
"289",49,"ocean_temp",11.3916876997345,"Chthamalus.montagui_PA1_RUN1_GLM",1.56061393896842e-13
"290",49,"ocean_temp",11.3916876997345,"Chthamalus.montagui_PA1_allRun_MAXENT",0
"291",49,"ocean_temp",11.3916876997345,"Chthamalus.montagui_allData_allRun_GLM",2.22044604925031e-16
"292",49,"ocean_temp",11.3916876997345,"Chthamalus.montagui_PA1_RUN1_GAM",0.484072381131232
"293",49,"ocean_temp",11.3916876997345,"Chthamalus.montagui_allData_allRun_GAM",0.321924115759975
"294",49,"ocean_temp",11.3916876997345,"Chthamalus.montagui_PA1_RUN1_RF",0.224
"295",50,"ocean_temp",11.4233845143629,"Chthamalus.montagui_PA1_RUN1_GLM",1.598576906131e-13
"296",50,"ocean_temp",11.4233845143629,"Chthamalus.montagui_PA1_RUN1_GAM",0.500426526719527
"297",50,"ocean_temp",11.4233845143629,"Chthamalus.montagui_PA1_RUN1_RF",0.226
"298",50,"ocean_temp",11.4233845143629,"Chthamalus.montagui_allData_allRun_GAM",0.334948271326386
"299",50,"ocean_temp",11.4233845143629,"Chthamalus.montagui_PA1_allRun_MAXENT",0
"300",50,"ocean_temp",11.4233845143629,"Chthamalus.montagui_allData_allRun_GLM",2.22044604925031e-16
"301",51,"ocean_temp",11.4550813289913,"Chthamalus.montagui_PA1_RUN1_GAM",0.516779759733951
"302",51,"ocean_temp",11.4550813289913,"Chthamalus.montagui_PA1_RUN1_RF",0.236
"303",51,"ocean_temp",11.4550813289913,"Chthamalus.montagui_PA1_RUN1_GLM",1.64161916419882e-13
"304",51,"ocean_temp",11.4550813289913,"Chthamalus.montagui_PA1_allRun_MAXENT",0
"305",51,"ocean_temp",11.4550813289913,"Chthamalus.montagui_allData_allRun_GLM",2.22044604925031e-16
"306",51,"ocean_temp",11.4550813289913,"Chthamalus.montagui_allData_allRun_GAM",0.348228745456446
"307",52,"ocean_temp",11.4867781436198,"Chthamalus.montagui_PA1_allRun_MAXENT",0
"308",52,"ocean_temp",11.4867781436198,"Chthamalus.montagui_PA1_RUN1_GLM",1.69009889528471e-13
"309",52,"ocean_temp",11.4867781436198,"Chthamalus.montagui_allData_allRun_GLM",2.22044604925031e-16
"310",52,"ocean_temp",11.4867781436198,"Chthamalus.montagui_PA1_RUN1_GAM",0.533097132031384
"311",52,"ocean_temp",11.4867781436198,"Chthamalus.montagui_PA1_RUN1_RF",0.226
"312",52,"ocean_temp",11.4867781436198,"Chthamalus.montagui_allData_allRun_GAM",0.361749362508868
"313",53,"ocean_temp",11.5184749582482,"Chthamalus.montagui_PA1_RUN1_GAM",0.549344001363993
"314",53,"ocean_temp",11.5184749582482,"Chthamalus.montagui_PA1_RUN1_GLM",1.74442638977746e-13
"315",53,"ocean_temp",11.5184749582482,"Chthamalus.montagui_PA1_RUN1_RF",0.226
"316",53,"ocean_temp",11.5184749582482,"Chthamalus.montagui_allData_allRun_GAM",0.37549250552201
"317",53,"ocean_temp",11.5184749582482,"Chthamalus.montagui_PA1_allRun_MAXENT",0
"318",53,"ocean_temp",11.5184749582482,"Chthamalus.montagui_allData_allRun_GLM",2.22044604925031e-16
"319",54,"ocean_temp",11.5501717728766,"Chthamalus.montagui_PA1_RUN1_GLM",1.80506981564296e-13
"320",54,"ocean_temp",11.5501717728766,"Chthamalus.montagui_PA1_allRun_MAXENT",0
"321",54,"ocean_temp",11.5501717728766,"Chthamalus.montagui_PA1_RUN1_GAM",0.565486323949071
"322",54,"ocean_temp",11.5501717728766,"Chthamalus.montagui_allData_allRun_GLM",2.22044604925031e-16
"323",54,"ocean_temp",11.5501717728766,"Chthamalus.montagui_PA1_RUN1_RF",0.226
"324",54,"ocean_temp",11.5501717728766,"Chthamalus.montagui_allData_allRun_GAM",0.389439185580374
"325",55,"ocean_temp",11.581868587505,"Chthamalus.montagui_PA1_RUN1_GLM",1.87256191233772e-13
"326",55,"ocean_temp",11.581868587505,"Chthamalus.montagui_PA1_RUN1_GAM",0.581490936294892
"327",55,"ocean_temp",11.581868587505,"Chthamalus.montagui_PA1_allRun_MAXENT",0
"328",55,"ocean_temp",11.581868587505,"Chthamalus.montagui_PA1_RUN1_RF",0.226
"329",55,"ocean_temp",11.581868587505,"Chthamalus.montagui_allData_allRun_GAM",0.403569128256842
"330",55,"ocean_temp",11.581868587505,"Chthamalus.montagui_allData_allRun_GLM",2.22044604925031e-16
"331",56,"ocean_temp",11.6135654021334,"Chthamalus.montagui_PA1_RUN1_GAM",0.59732582139588
"332",56,"ocean_temp",11.6135654021334,"Chthamalus.montagui_PA1_RUN1_RF",0.226
"333",56,"ocean_temp",11.6135654021334,"Chthamalus.montagui_PA1_allRun_MAXENT",0
"334",56,"ocean_temp",11.6135654021334,"Chthamalus.montagui_PA1_RUN1_GLM",1.94750774286701e-13
"335",56,"ocean_temp",11.6135654021334,"Chthamalus.montagui_allData_allRun_GLM",2.22044604925031e-16
"336",56,"ocean_temp",11.6135654021334,"Chthamalus.montagui_allData_allRun_GAM",0.417860876626401
"337",57,"ocean_temp",11.6452622167618,"Chthamalus.montagui_PA1_RUN1_GLM",2.0305936609912e-13
"338",57,"ocean_temp",11.6452622167618,"Chthamalus.montagui_PA1_allRun_MAXENT",0
"339",57,"ocean_temp",11.6452622167618,"Chthamalus.montagui_PA1_RUN1_GAM",0.612960354882409
"340",57,"ocean_temp",11.6452622167618,"Chthamalus.montagui_allData_allRun_GAM",0.432291909997298
"341",57,"ocean_temp",11.6452622167618,"Chthamalus.montagui_allData_allRun_GLM",2.22044604925031e-16
"342",57,"ocean_temp",11.6452622167618,"Chthamalus.montagui_PA1_RUN1_RF",0.226
"343",58,"ocean_temp",11.6769590313903,"Chthamalus.montagui_PA1_RUN1_GLM",2.12259767844972e-13
"344",58,"ocean_temp",11.6769590313903,"Chthamalus.montagui_PA1_RUN1_GAM",0.628365527304522
"345",58,"ocean_temp",11.6769590313903,"Chthamalus.montagui_PA1_RUN1_RF",0.226
"346",58,"ocean_temp",11.6769590313903,"Chthamalus.montagui_allData_allRun_GAM",0.446838777159492
"347",58,"ocean_temp",11.6769590313903,"Chthamalus.montagui_PA1_allRun_MAXENT",0
"348",58,"ocean_temp",11.6769590313903,"Chthamalus.montagui_allData_allRun_GLM",2.22044604925031e-16
"349",59,"ocean_temp",11.7086558460187,"Chthamalus.montagui_PA1_RUN1_GLM",2.22440144954172e-13
"350",59,"ocean_temp",11.7086558460187,"Chthamalus.montagui_PA1_allRun_MAXENT",0
"351",59,"ocean_temp",11.7086558460187,"Chthamalus.montagui_allData_allRun_GAM",0.461477242618947
"352",59,"ocean_temp",11.7086558460187,"Chthamalus.montagui_PA1_RUN1_RF",0.226
"353",59,"ocean_temp",11.7086558460187,"Chthamalus.montagui_PA1_RUN1_GAM",0.643514139417439
"354",59,"ocean_temp",11.7086558460187,"Chthamalus.montagui_allData_allRun_GLM",2.22044604925031e-16
"355",60,"ocean_temp",11.7403526606471,"Chthamalus.montagui_PA1_allRun_MAXENT",0
"356",60,"ocean_temp",11.7403526606471,"Chthamalus.montagui_PA1_RUN1_RF",0.226
"357",60,"ocean_temp",11.7403526606471,"Chthamalus.montagui_allData_allRun_GAM",0.476182443981119
"358",60,"ocean_temp",11.7403526606471,"Chthamalus.montagui_allData_allRun_GLM",2.22044604925031e-16
"359",60,"ocean_temp",11.7403526606471,"Chthamalus.montagui_PA1_RUN1_GLM",2.33700412876297e-13
"360",60,"ocean_temp",11.7403526606471,"Chthamalus.montagui_PA1_RUN1_GAM",0.658380968090741
"361",61,"ocean_temp",11.7720494752755,"Chthamalus.montagui_allData_allRun_GLM",2.22044604925031e-16
"362",61,"ocean_temp",11.7720494752755,"Chthamalus.montagui_PA1_allRun_MAXENT",0
"363",61,"ocean_temp",11.7720494752755,"Chthamalus.montagui_PA1_RUN1_GLM",2.46153840263039e-13
"364",61,"ocean_temp",11.7720494752755,"Chthamalus.montagui_PA1_RUN1_RF",0.226
"365",61,"ocean_temp",11.7720494752755,"Chthamalus.montagui_allData_allRun_GAM",0.490929058378481
"366",61,"ocean_temp",11.7720494752755,"Chthamalus.montagui_PA1_RUN1_GAM",0.672942901251129
"367",62,"ocean_temp",11.8037462899039,"Chthamalus.montagui_allData_allRun_GLM",2.22044604925031e-16
"368",62,"ocean_temp",11.8037462899039,"Chthamalus.montagui_PA1_RUN1_GLM",2.59928905033068e-13
"369",62,"ocean_temp",11.8037462899039,"Chthamalus.montagui_allData_allRun_GAM",0.505691475615039
"370",62,"ocean_temp",11.8037462899039,"Chthamalus.montagui_PA1_RUN1_GAM",0.687179041059829
"371",62,"ocean_temp",11.8037462899039,"Chthamalus.montagui_PA1_allRun_MAXENT",0
"372",62,"ocean_temp",11.8037462899039,"Chthamalus.montagui_PA1_RUN1_RF",0.242
"373",63,"ocean_temp",11.8354431045324,"Chthamalus.montagui_PA1_RUN1_GLM",2.75171445168368e-13
"374",63,"ocean_temp",11.8354431045324,"Chthamalus.montagui_PA1_RUN1_GAM",0.701070775291018
"375",63,"ocean_temp",11.8354431045324,"Chthamalus.montagui_allData_allRun_GLM",2.22044604925031e-16
"376",63,"ocean_temp",11.8354431045324,"Chthamalus.montagui_PA1_allRun_MAXENT",0
"377",63,"ocean_temp",11.8354431045324,"Chthamalus.montagui_allData_allRun_GAM",0.520443975533601
"378",63,"ocean_temp",11.8354431045324,"Chthamalus.montagui_PA1_RUN1_RF",0.244
"379",64,"ocean_temp",11.8671399191608,"Chthamalus.montagui_PA1_RUN1_GLM",2.92047153617272e-13
"380",64,"ocean_temp",11.8671399191608,"Chthamalus.montagui_PA1_RUN1_GAM",0.714601817591436
"381",64,"ocean_temp",11.8671399191608,"Chthamalus.montagui_PA1_allRun_MAXENT",0
"382",64,"ocean_temp",11.8671399191608,"Chthamalus.montagui_PA1_RUN1_RF",0.246
"383",64,"ocean_temp",11.8671399191608,"Chthamalus.montagui_allData_allRun_GLM",2.22044604925031e-16
"384",64,"ocean_temp",11.8671399191608,"Chthamalus.montagui_allData_allRun_GAM",0.535160907005438
"385",65,"ocean_temp",11.8988367337892,"Chthamalus.montagui_PA1_RUN1_GLM",3.10744475709544e-13
"386",65,"ocean_temp",11.8988367337892,"Chthamalus.montagui_PA1_RUN1_GAM",0.727758217942468
"387",65,"ocean_temp",11.8988367337892,"Chthamalus.montagui_PA1_allRun_MAXENT",0
"388",65,"ocean_temp",11.8988367337892,"Chthamalus.montagui_allData_allRun_GLM",2.22044604925031e-16
"389",65,"ocean_temp",11.8988367337892,"Chthamalus.montagui_PA1_RUN1_RF",0.264
"390",65,"ocean_temp",11.8988367337892,"Chthamalus.montagui_allData_allRun_GAM",0.549816865901115
"391",66,"ocean_temp",11.9305335484176,"Chthamalus.montagui_PA1_RUN1_GLM",3.31477978173288e-13
"392",66,"ocean_temp",11.9305335484176,"Chthamalus.montagui_allData_allRun_GLM",2.22044604925031e-16
"393",66,"ocean_temp",11.9305335484176,"Chthamalus.montagui_PA1_RUN1_GAM",0.740528345197694
"394",66,"ocean_temp",11.9305335484176,"Chthamalus.montagui_allData_allRun_GAM",0.564386869426786
"395",66,"ocean_temp",11.9305335484176,"Chthamalus.montagui_PA1_allRun_MAXENT",0
"396",66,"ocean_temp",11.9305335484176,"Chthamalus.montagui_PA1_RUN1_RF",0.306
"397",67,"ocean_temp",11.962230363046,"Chthamalus.montagui_PA1_RUN1_GLM",3.54492271669974e-13
"398",67,"ocean_temp",11.962230363046,"Chthamalus.montagui_PA1_RUN1_GAM",0.752902844021114
"399",67,"ocean_temp",11.962230363046,"Chthamalus.montagui_allData_allRun_GLM",2.22044604925031e-16
"400",67,"ocean_temp",11.962230363046,"Chthamalus.montagui_PA1_allRun_MAXENT",0
"401",67,"ocean_temp",11.962230363046,"Chthamalus.montagui_allData_allRun_GAM",0.578846524302023
"402",67,"ocean_temp",11.962230363046,"Chthamalus.montagui_PA1_RUN1_RF",0.308
"403",68,"ocean_temp",11.9939271776745,"Chthamalus.montagui_PA1_RUN1_GLM",3.80066584025924e-13
"404",68,"ocean_temp",11.9939271776745,"Chthamalus.montagui_PA1_RUN1_GAM",0.764874568897599
"405",68,"ocean_temp",11.9939271776745,"Chthamalus.montagui_PA1_allRun_MAXENT",0
"406",68,"ocean_temp",11.9939271776745,"Chthamalus.montagui_allData_allRun_GLM",2.22044604925031e-16
"407",68,"ocean_temp",11.9939271776745,"Chthamalus.montagui_PA1_RUN1_RF",0.31
"408",68,"ocean_temp",11.9939271776745,"Chthamalus.montagui_allData_allRun_GAM",0.593172186408617
"409",69,"ocean_temp",12.0256239923029,"Chthamalus.montagui_PA1_RUN1_GLM",4.08520099712301e-13
"410",69,"ocean_temp",12.0256239923029,"Chthamalus.montagui_PA1_RUN1_GAM",0.776438498127506
"411",69,"ocean_temp",12.0256239923029,"Chthamalus.montagui_PA1_allRun_MAXENT",0
"412",69,"ocean_temp",12.0256239923029,"Chthamalus.montagui_allData_allRun_GLM",2.22044604925031e-16
"413",69,"ocean_temp",12.0256239923029,"Chthamalus.montagui_PA1_RUN1_RF",0.324
"414",69,"ocean_temp",12.0256239923029,"Chthamalus.montagui_allData_allRun_GAM",0.607341109750028
"415",70,"ocean_temp",12.0573208069313,"Chthamalus.montagui_PA1_RUN1_GAM",0.787591630855445
"416",70,"ocean_temp",12.0573208069313,"Chthamalus.montagui_PA1_RUN1_GLM",4.40218203039352e-13
"417",70,"ocean_temp",12.0573208069313,"Chthamalus.montagui_allData_allRun_GLM",2.22044604925031e-16
"418",70,"ocean_temp",12.0573208069313,"Chthamalus.montagui_PA1_allRun_MAXENT",0
"419",70,"ocean_temp",12.0573208069313,"Chthamalus.montagui_allData_allRun_GAM",0.62133158281972
"420",70,"ocean_temp",12.0573208069313,"Chthamalus.montagui_PA1_RUN1_RF",0.314
"421",71,"ocean_temp",12.0890176215597,"Chthamalus.montagui_PA1_RUN1_GLM",4.75579788976951e-13
"422",71,"ocean_temp",12.0890176215597,"Chthamalus.montagui_allData_allRun_GAM",0.635123050774356
"423",71,"ocean_temp",12.0890176215597,"Chthamalus.montagui_PA1_RUN1_GAM",0.798332870226315
"424",71,"ocean_temp",12.0890176215597,"Chthamalus.montagui_allData_allRun_GLM",2.22044604925031e-16
"425",71,"ocean_temp",12.0890176215597,"Chthamalus.montagui_PA1_allRun_MAXENT",0
"426",71,"ocean_temp",12.0890176215597,"Chthamalus.montagui_PA1_RUN1_RF",0.314
"427",72,"ocean_temp",12.1207144361881,"Chthamalus.montagui_PA1_RUN1_GLM",5.15085837252142e-13
"428",72,"ocean_temp",12.1207144361881,"Chthamalus.montagui_PA1_RUN1_GAM",0.808662895720183
"429",72,"ocean_temp",12.1207144361881,"Chthamalus.montagui_PA1_allRun_MAXENT",0
"430",72,"ocean_temp",12.1207144361881,"Chthamalus.montagui_allData_allRun_GLM",2.22044604925031e-16
"431",72,"ocean_temp",12.1207144361881,"Chthamalus.montagui_PA1_RUN1_RF",0.314
"432",72,"ocean_temp",12.1207144361881,"Chthamalus.montagui_allData_allRun_GAM",0.648696222134146
"433",73,"ocean_temp",12.1524112508165,"Chthamalus.montagui_PA1_RUN1_GLM",5.59289483633712e-13
"434",73,"ocean_temp",12.1524112508165,"Chthamalus.montagui_PA1_RUN1_GAM",0.818584027603363
"435",73,"ocean_temp",12.1524112508165,"Chthamalus.montagui_PA1_allRun_MAXENT",0
"436",73,"ocean_temp",12.1524112508165,"Chthamalus.montagui_allData_allRun_GLM",2.22044604925031e-16
"437",73,"ocean_temp",12.1524112508165,"Chthamalus.montagui_PA1_RUN1_RF",0.292
"438",73,"ocean_temp",12.1524112508165,"Chthamalus.montagui_allData_allRun_GAM",0.662033159076329
"439",74,"ocean_temp",12.184108065445,"Chthamalus.montagui_PA1_RUN1_GLM",6.08827868542288e-13
"440",74,"ocean_temp",12.184108065445,"Chthamalus.montagui_PA1_RUN1_GAM",0.828100086259428
"441",74,"ocean_temp",12.184108065445,"Chthamalus.montagui_allData_allRun_GLM",2.22044604925031e-16
"442",74,"ocean_temp",12.184108065445,"Chthamalus.montagui_PA1_allRun_MAXENT",0
"443",74,"ocean_temp",12.184108065445,"Chthamalus.montagui_allData_allRun_GAM",0.675117350737699
"444",74,"ocean_temp",12.184108065445,"Chthamalus.montagui_PA1_RUN1_RF",0.348
"445",75,"ocean_temp",12.2158048800734,"Chthamalus.montagui_PA1_RUN1_GLM",6.64436098899029e-13
"446",75,"ocean_temp",12.2158048800734,"Chthamalus.montagui_allData_allRun_GLM",2.22044604925031e-16
"447",75,"ocean_temp",12.2158048800734,"Chthamalus.montagui_PA1_RUN1_GAM",0.837216248944292
"448",75,"ocean_temp",12.2158048800734,"Chthamalus.montagui_allData_allRun_GAM",0.687933769287319
"449",75,"ocean_temp",12.2158048800734,"Chthamalus.montagui_PA1_allRun_MAXENT",0
"450",75,"ocean_temp",12.2158048800734,"Chthamalus.montagui_PA1_RUN1_RF",0.33
"451",76,"ocean_temp",12.2475016947018,"Chthamalus.montagui_PA1_RUN1_GLM",7.26963726774987e-13
"452",76,"ocean_temp",12.2475016947018,"Chthamalus.montagui_PA1_RUN1_GAM",0.84593890625683
"453",76,"ocean_temp",12.2475016947018,"Chthamalus.montagui_PA1_allRun_MAXENT",0
"454",76,"ocean_temp",12.2475016947018,"Chthamalus.montagui_allData_allRun_GLM",2.22044604925031e-16
"455",76,"ocean_temp",12.2475016947018,"Chthamalus.montagui_PA1_RUN1_RF",0.328
"456",76,"ocean_temp",12.2475016947018,"Chthamalus.montagui_allData_allRun_GAM",0.700468908861278
"457",77,"ocean_temp",12.2791985093302,"Chthamalus.montagui_PA1_RUN1_GLM",7.97394230345562e-13
"458",77,"ocean_temp",12.2791985093302,"Chthamalus.montagui_PA1_RUN1_GAM",0.854275520343518
"459",77,"ocean_temp",12.2791985093302,"Chthamalus.montagui_PA1_allRun_MAXENT",0
"460",77,"ocean_temp",12.2791985093302,"Chthamalus.montagui_PA1_RUN1_RF",0.326
"461",77,"ocean_temp",12.2791985093302,"Chthamalus.montagui_allData_allRun_GLM",2.22044604925031e-16
"462",77,"ocean_temp",12.2791985093302,"Chthamalus.montagui_allData_allRun_GAM",0.712710807758728
"463",78,"ocean_temp",12.3108953239586,"Chthamalus.montagui_allData_allRun_GLM",9.60220403287582e-14
"464",78,"ocean_temp",12.3108953239586,"Chthamalus.montagui_PA1_RUN1_GLM",8.76868082200564e-13
"465",78,"ocean_temp",12.3108953239586,"Chthamalus.montagui_allData_allRun_GAM",0.724649054575366
"466",78,"ocean_temp",12.3108953239586,"Chthamalus.montagui_PA1_RUN1_GAM",0.862234486572692
"467",78,"ocean_temp",12.3108953239586,"Chthamalus.montagui_PA1_allRun_MAXENT",0
"468",78,"ocean_temp",12.3108953239586,"Chthamalus.montagui_PA1_RUN1_RF",0.326
"469",79,"ocean_temp",12.3425921385871,"Chthamalus.montagui_PA1_RUN1_GLM",9.66710111186497e-13
"470",79,"ocean_temp",12.3425921385871,"Chthamalus.montagui_PA1_RUN1_GAM",0.869825000131305
"471",79,"ocean_temp",12.3425921385871,"Chthamalus.montagui_PA1_allRun_MAXENT",0
"472",79,"ocean_temp",12.3425921385871,"Chthamalus.montagui_allData_allRun_GLM",1.07626409272774e-13
"473",79,"ocean_temp",12.3425921385871,"Chthamalus.montagui_PA1_RUN1_RF",0.33
"474",79,"ocean_temp",12.3425921385871,"Chthamalus.montagui_allData_allRun_GAM",0.736274779191313
"475",80,"ocean_temp",12.3742889532155,"Chthamalus.montagui_allData_allRun_GLM",1.21040643681004e-13
"476",80,"ocean_temp",12.3742889532155,"Chthamalus.montagui_PA1_RUN1_GLM",1.06846201151115e-12
"477",80,"ocean_temp",12.3742889532155,"Chthamalus.montagui_PA1_allRun_MAXENT",0
"478",80,"ocean_temp",12.3742889532155,"Chthamalus.montagui_allData_allRun_GAM",0.747580629731394
"479",80,"ocean_temp",12.3742889532155,"Chthamalus.montagui_PA1_RUN1_RF",0.354
"480",80,"ocean_temp",12.3742889532155,"Chthamalus.montagui_PA1_RUN1_GAM",0.877056928722129
"481",81,"ocean_temp",12.4059857678439,"Chthamalus.montagui_allData_allRun_GLM",1.36586585998749e-13
"482",81,"ocean_temp",12.4059857678439,"Chthamalus.montagui_PA1_allRun_MAXENT",0
"483",81,"ocean_temp",12.4059857678439,"Chthamalus.montagui_allData_allRun_GAM",0.758560736774862
"484",81,"ocean_temp",12.4059857678439,"Chthamalus.montagui_PA1_RUN1_RF",0.402
"485",81,"ocean_temp",12.4059857678439,"Chthamalus.montagui_PA1_RUN1_GAM",0.883940692278703
"486",81,"ocean_temp",12.4059857678439,"Chthamalus.montagui_PA1_RUN1_GLM",1.18392103290942e-12
"487",82,"ocean_temp",12.4376825824723,"Chthamalus.montagui_PA1_RUN1_GAM",0.890487150373572
"488",82,"ocean_temp",12.4376825824723,"Chthamalus.montagui_allData_allRun_GLM",1.5464978739017e-13
"489",82,"ocean_temp",12.4376825824723,"Chthamalus.montagui_PA1_allRun_MAXENT",0
"490",82,"ocean_temp",12.4376825824723,"Chthamalus.montagui_PA1_RUN1_GLM",1.31518610583507e-12
"491",82,"ocean_temp",12.4376825824723,"Chthamalus.montagui_PA1_RUN1_RF",0.474
"492",82,"ocean_temp",12.4376825824723,"Chthamalus.montagui_allData_allRun_GAM",0.769210666208365
"493",83,"ocean_temp",12.4693793971007,"Chthamalus.montagui_allData_allRun_GLM",1.75693241949815e-13
"494",83,"ocean_temp",12.4693793971007,"Chthamalus.montagui_PA1_RUN1_GAM",0.896707497775913
"495",83,"ocean_temp",12.4693793971007,"Chthamalus.montagui_PA1_RUN1_GLM",1.46471292519266e-12
"496",83,"ocean_temp",12.4693793971007,"Chthamalus.montagui_PA1_RUN1_RF",0.496
"497",83,"ocean_temp",12.4693793971007,"Chthamalus.montagui_allData_allRun_GAM",0.779527362191357
"498",83,"ocean_temp",12.4693793971007,"Chthamalus.montagui_PA1_allRun_MAXENT",0
"499",84,"ocean_temp",12.5010762117291,"Chthamalus.montagui_PA1_RUN1_GLM",1.63537984662676e-12
"500",84,"ocean_temp",12.5010762117291,"Chthamalus.montagui_PA1_RUN1_RF",0.5
"501",84,"ocean_temp",12.5010762117291,"Chthamalus.montagui_PA1_allRun_MAXENT",0
"502",84,"ocean_temp",12.5010762117291,"Chthamalus.montagui_allData_allRun_GLM",2.00274307183585e-13
"503",84,"ocean_temp",12.5010762117291,"Chthamalus.montagui_PA1_RUN1_GAM",0.902613168419321
"504",84,"ocean_temp",12.5010762117291,"Chthamalus.montagui_allData_allRun_GAM",0.789509081739523
"505",85,"ocean_temp",12.5327730263576,"Chthamalus.montagui_PA1_RUN1_GLM",1.83056685560454e-12
"506",85,"ocean_temp",12.5327730263576,"Chthamalus.montagui_PA1_allRun_MAXENT",0
"507",85,"ocean_temp",12.5327730263576,"Chthamalus.montagui_PA1_RUN1_GAM",0.908215747870377
"508",85,"ocean_temp",12.5327730263576,"Chthamalus.montagui_allData_allRun_GAM",0.79915532243238
"509",85,"ocean_temp",12.5327730263576,"Chthamalus.montagui_PA1_RUN1_RF",0.488
"510",85,"ocean_temp",12.5327730263576,"Chthamalus.montagui_allData_allRun_GLM",2.2906559876555e-13
"511",86,"ocean_temp",12.564469840986,"Chthamalus.montagui_PA1_RUN1_GAM",0.913526894243346
"512",86,"ocean_temp",12.564469840986,"Chthamalus.montagui_PA1_RUN1_RF",0.504
"513",86,"ocean_temp",12.564469840986,"Chthamalus.montagui_PA1_RUN1_GLM",2.0542503691467e-12
"514",86,"ocean_temp",12.564469840986,"Chthamalus.montagui_allData_allRun_GAM",0.808466744720076
"515",86,"ocean_temp",12.564469840986,"Chthamalus.montagui_PA1_allRun_MAXENT",0
"516",86,"ocean_temp",12.564469840986,"Chthamalus.montagui_allData_allRun_GLM",2.62880853929582e-13
"517",87,"ocean_temp",12.5961666556144,"Chthamalus.montagui_PA1_RUN1_GLM",2.31111724603173e-12
"518",87,"ocean_temp",12.5961666556144,"Chthamalus.montagui_PA1_allRun_MAXENT",0
"519",87,"ocean_temp",12.5961666556144,"Chthamalus.montagui_allData_allRun_GLM",3.02707021086847e-13
"520",87,"ocean_temp",12.5961666556144,"Chthamalus.montagui_PA1_RUN1_RF",0.602
"521",87,"ocean_temp",12.5961666556144,"Chthamalus.montagui_PA1_RUN1_GAM",0.918558267385422
"522",87,"ocean_temp",12.5961666556144,"Chthamalus.montagui_allData_allRun_GAM",0.81744509024611
"523",88,"ocean_temp",12.6278634702428,"Chthamalus.montagui_PA1_RUN1_GAM",0.923321466058753
"524",88,"ocean_temp",12.6278634702428,"Chthamalus.montagui_PA1_RUN1_GLM",2.60670214175758e-12
"525",88,"ocean_temp",12.6278634702428,"Chthamalus.montagui_allData_allRun_GAM",0.826093097521916
"526",88,"ocean_temp",12.6278634702428,"Chthamalus.montagui_PA1_RUN1_RF",0.592
"527",88,"ocean_temp",12.6278634702428,"Chthamalus.montagui_PA1_allRun_MAXENT",0
"528",88,"ocean_temp",12.6278634702428,"Chthamalus.montagui_allData_allRun_GLM",3.49744169866569e-13
"529",89,"ocean_temp",12.6595602848712,"Chthamalus.montagui_PA1_RUN1_GLM",2.94755328507637e-12
"530",89,"ocean_temp",12.6595602848712,"Chthamalus.montagui_PA1_RUN1_GAM",0.927827972768419
"531",89,"ocean_temp",12.6595602848712,"Chthamalus.montagui_PA1_allRun_MAXENT",0
"532",89,"ocean_temp",12.6595602848712,"Chthamalus.montagui_allData_allRun_GLM",4.05455247082663e-13
"533",89,"ocean_temp",12.6595602848712,"Chthamalus.montagui_PA1_RUN1_RF",0.582
"534",89,"ocean_temp",12.6595602848712,"Chthamalus.montagui_allData_allRun_GAM",0.834414416190945
"535",90,"ocean_temp",12.6912570994997,"Chthamalus.montagui_PA1_RUN1_GLM",3.34143291807741e-12
"536",90,"ocean_temp",12.6912570994997,"Chthamalus.montagui_PA1_allRun_MAXENT",0
"537",90,"ocean_temp",12.6912570994997,"Chthamalus.montagui_PA1_RUN1_RF",0.586
"538",90,"ocean_temp",12.6912570994997,"Chthamalus.montagui_PA1_RUN1_GAM",0.932089105827571
"539",90,"ocean_temp",12.6912570994997,"Chthamalus.montagui_allData_allRun_GAM",0.842413521008697
"540",90,"ocean_temp",12.6912570994997,"Chthamalus.montagui_allData_allRun_GLM",4.71628258221836e-13
"541",91,"ocean_temp",12.7229539141281,"Chthamalus.montagui_PA1_RUN1_GAM",0.936115978209903
"542",91,"ocean_temp",12.7229539141281,"Chthamalus.montagui_allData_allRun_GAM",0.850095626545425
"543",91,"ocean_temp",12.7229539141281,"Chthamalus.montagui_PA1_RUN1_RF",0.586
"544",91,"ocean_temp",12.7229539141281,"Chthamalus.montagui_PA1_RUN1_GLM",3.79756008768172e-12
"545",91,"ocean_temp",12.7229539141281,"Chthamalus.montagui_PA1_allRun_MAXENT",0.63234
"546",91,"ocean_temp",12.7229539141281,"Chthamalus.montagui_allData_allRun_GLM",5.50454167298257e-13
"547",92,"ocean_temp",12.7546507287565,"Chthamalus.montagui_PA1_RUN1_GLM",4.32690527398918e-12
"548",92,"ocean_temp",12.7546507287565,"Chthamalus.montagui_allData_allRun_GLM",6.44624728376289e-13
"549",92,"ocean_temp",12.7546507287565,"Chthamalus.montagui_PA1_allRun_MAXENT",0.63234
"550",92,"ocean_temp",12.7546507287565,"Chthamalus.montagui_PA1_RUN1_RF",0.582
"551",92,"ocean_temp",12.7546507287565,"Chthamalus.montagui_PA1_RUN1_GAM",0.939919462713379
"552",92,"ocean_temp",12.7546507287565,"Chthamalus.montagui_allData_allRun_GAM",0.857466603494188
"553",93,"ocean_temp",12.7863475433849,"Chthamalus.montagui_PA1_RUN1_GLM",4.94254857920333e-12
"554",93,"ocean_temp",12.7863475433849,"Chthamalus.montagui_PA1_RUN1_GAM",0.943510162945506
"555",93,"ocean_temp",12.7863475433849,"Chthamalus.montagui_PA1_allRun_MAXENT",0.63234
"556",93,"ocean_temp",12.7863475433849,"Chthamalus.montagui_allData_allRun_GAM",0.864532897341748
"557",93,"ocean_temp",12.7863475433849,"Chthamalus.montagui_PA1_RUN1_RF",0.58
"558",93,"ocean_temp",12.7863475433849,"Chthamalus.montagui_allData_allRun_GLM",7.57455652540043e-13
"559",94,"ocean_temp",12.8180443580133,"Chthamalus.montagui_PA1_RUN1_GAM",0.94689838963745
"560",94,"ocean_temp",12.8180443580133,"Chthamalus.montagui_PA1_RUN1_GLM",5.66011599324183e-12
"561",94,"ocean_temp",12.8180443580133,"Chthamalus.montagui_PA1_RUN1_RF",0.58
"562",94,"ocean_temp",12.8180443580133,"Chthamalus.montagui_PA1_allRun_MAXENT",0.63234
"563",94,"ocean_temp",12.8180443580133,"Chthamalus.montagui_allData_allRun_GLM",8.93042057559914e-13
"564",94,"ocean_temp",12.8180443580133,"Chthamalus.montagui_allData_allRun_GAM",0.871301450037064
"565",95,"ocean_temp",12.8497411726418,"Chthamalus.montagui_PA1_RUN1_GLM",6.49831174109493e-12
"566",95,"ocean_temp",12.8497411726418,"Chthamalus.montagui_PA1_allRun_MAXENT",0.63234
"567",95,"ocean_temp",12.8497411726418,"Chthamalus.montagui_PA1_RUN1_RF",0.586
"568",95,"ocean_temp",12.8497411726418,"Chthamalus.montagui_PA1_RUN1_GAM",0.950094141799924
"569",95,"ocean_temp",12.8497411726418,"Chthamalus.montagui_allData_allRun_GLM",1.05645515309428e-12
"570",95,"ocean_temp",12.8497411726418,"Chthamalus.montagui_allData_allRun_GAM",0.877779625173673
"571",96,"ocean_temp",12.8814379872702,"Chthamalus.montagui_PA1_RUN1_GAM",0.953107092246513
"572",96,"ocean_temp",12.8814379872702,"Chthamalus.montagui_allData_allRun_GAM",0.883975137090613
"573",96,"ocean_temp",12.8814379872702,"Chthamalus.montagui_PA1_RUN1_RF",0.596
"574",96,"ocean_temp",12.8814379872702,"Chthamalus.montagui_PA1_RUN1_GLM",7.47956908548837e-12
"575",96,"ocean_temp",12.8814379872702,"Chthamalus.montagui_allData_allRun_GLM",1.25399172695991e-12
"576",96,"ocean_temp",12.8814379872702,"Chthamalus.montagui_PA1_allRun_MAXENT",0
"577",97,"ocean_temp",12.9131348018986,"Chthamalus.montagui_PA1_RUN1_GLM",8.63084743545976e-12
"578",97,"ocean_temp",12.9131348018986,"Chthamalus.montagui_PA1_allRun_MAXENT",0
"579",97,"ocean_temp",12.9131348018986,"Chthamalus.montagui_PA1_RUN1_GAM",0.955946577028109
"580",97,"ocean_temp",12.9131348018986,"Chthamalus.montagui_PA1_RUN1_RF",0.596
"581",97,"ocean_temp",12.9131348018986,"Chthamalus.montagui_allData_allRun_GLM",1.49349140914146e-12
"582",97,"ocean_temp",12.9131348018986,"Chthamalus.montagui_allData_allRun_GAM",0.889895984192928
"583",98,"ocean_temp",12.944831616527,"Chthamalus.montagui_PA1_RUN1_GLM",9.98461049336367e-12
"584",98,"ocean_temp",12.944831616527,"Chthamalus.montagui_PA1_RUN1_GAM",0.958621588344336
"585",98,"ocean_temp",12.944831616527,"Chthamalus.montagui_PA1_RUN1_RF",0.596
"586",98,"ocean_temp",12.944831616527,"Chthamalus.montagui_PA1_allRun_MAXENT",0
"587",98,"ocean_temp",12.944831616527,"Chthamalus.montagui_allData_allRun_GAM",0.895550386698211
"588",98,"ocean_temp",12.944831616527,"Chthamalus.montagui_allData_allRun_GLM",1.7847411549358e-12
"589",99,"ocean_temp",12.9765284311554,"Chthamalus.montagui_PA1_RUN1_GLM",1.15800288327328e-11
"590",99,"ocean_temp",12.9765284311554,"Chthamalus.montagui_allData_allRun_GLM",2.13999224634248e-12
"591",99,"ocean_temp",12.9765284311554,"Chthamalus.montagui_allData_allRun_GAM",0.9009467289309
"592",99,"ocean_temp",12.9765284311554,"Chthamalus.montagui_PA1_allRun_MAXENT",0
"593",99,"ocean_temp",12.9765284311554,"Chthamalus.montagui_PA1_RUN1_GAM",0.961140770522822
"594",99,"ocean_temp",12.9765284311554,"Chthamalus.montagui_PA1_RUN1_RF",0.596
"595",100,"ocean_temp",13.0082252457838,"Chthamalus.montagui_PA1_RUN1_GLM",1.34644612186635e-11
"596",100,"ocean_temp",13.0082252457838,"Chthamalus.montagui_allData_allRun_GAM",0.906093506211162
"597",100,"ocean_temp",13.0082252457838,"Chthamalus.montagui_PA1_allRun_MAXENT",0
"598",100,"ocean_temp",13.0082252457838,"Chthamalus.montagui_PA1_RUN1_GAM",0.963512418684085
"599",100,"ocean_temp",13.0082252457838,"Chthamalus.montagui_PA1_RUN1_RF",0.596
"600",100,"ocean_temp",13.0082252457838,"Chthamalus.montagui_allData_allRun_GLM",2.57462281439504e-12
"601",1,"ph",8.03182096730723,"Chthamalus.montagui_PA1_RUN1_GAM",0.0389868736528787
"602",1,"ph",8.03182096730723,"Chthamalus.montagui_PA1_allRun_MAXENT",0
"603",1,"ph",8.03182096730723,"Chthamalus.montagui_allData_allRun_GLM",3.67223417164722e-13
"604",1,"ph",8.03182096730723,"Chthamalus.montagui_PA1_RUN1_RF",0.224
"605",1,"ph",8.03182096730723,"Chthamalus.montagui_PA1_RUN1_GLM",9.70152444576377e-13
"606",1,"ph",8.03182096730723,"Chthamalus.montagui_allData_allRun_GAM",0.0271311763091409
"607",2,"ph",8.03258457013543,"Chthamalus.montagui_PA1_allRun_MAXENT",0.63234
"608",2,"ph",8.03258457013543,"Chthamalus.montagui_allData_allRun_GLM",3.47052610163953e-13
"609",2,"ph",8.03258457013543,"Chthamalus.montagui_PA1_RUN1_RF",0.224
"610",2,"ph",8.03258457013543,"Chthamalus.montagui_PA1_RUN1_GLM",9.21474510082924e-13
"611",2,"ph",8.03258457013543,"Chthamalus.montagui_PA1_RUN1_GAM",0.0383123916010236
"612",2,"ph",8.03258457013543,"Chthamalus.montagui_allData_allRun_GAM",0.0266201738782139
"613",3,"ph",8.03334817296362,"Chthamalus.montagui_PA1_RUN1_GAM",0.0376491211081365
"614",3,"ph",8.03334817296362,"Chthamalus.montagui_PA1_RUN1_GLM",8.75401008238037e-13
"615",3,"ph",8.03334817296362,"Chthamalus.montagui_PA1_RUN1_RF",0.282
"616",3,"ph",8.03334817296362,"Chthamalus.montagui_PA1_allRun_MAXENT",0.63234
"617",3,"ph",8.03334817296362,"Chthamalus.montagui_allData_allRun_GLM",3.28124442598768e-13
"618",3,"ph",8.03334817296362,"Chthamalus.montagui_allData_allRun_GAM",0.0261185375403229
"619",4,"ph",8.03411177579181,"Chthamalus.montagui_PA1_RUN1_GLM",8.31785089710998e-13
"620",4,"ph",8.03411177579181,"Chthamalus.montagui_PA1_RUN1_GAM",0.0369968915175976
"621",4,"ph",8.03411177579181,"Chthamalus.montagui_PA1_allRun_MAXENT",0.63234
"622",4,"ph",8.03411177579181,"Chthamalus.montagui_allData_allRun_GLM",3.10356018239822e-13
"623",4,"ph",8.03411177579181,"Chthamalus.montagui_PA1_RUN1_RF",0.282
"624",4,"ph",8.03411177579181,"Chthamalus.montagui_allData_allRun_GAM",0.0256261052795037
"625",5,"ph",8.03487537862001,"Chthamalus.montagui_PA1_RUN1_RF",0.282
"626",5,"ph",8.03487537862001,"Chthamalus.montagui_PA1_RUN1_GAM",0.0363555342291242
"627",5,"ph",8.03487537862001,"Chthamalus.montagui_allData_allRun_GAM",0.0251427175210403
"628",5,"ph",8.03487537862001,"Chthamalus.montagui_PA1_allRun_MAXENT",0.63234
"629",5,"ph",8.03487537862001,"Chthamalus.montagui_PA1_RUN1_GLM",7.90488565263876e-13
"630",5,"ph",8.03487537862001,"Chthamalus.montagui_allData_allRun_GLM",2.93670336074925e-13
"631",6,"ph",8.0356389814482,"Chthamalus.montagui_PA1_RUN1_GLM",7.51381374498271e-13
"632",6,"ph",8.0356389814482,"Chthamalus.montagui_PA1_RUN1_GAM",0.035724882693318
"633",6,"ph",8.0356389814482,"Chthamalus.montagui_allData_allRun_GLM",2.77995847975415e-13
"634",6,"ph",8.0356389814482,"Chthamalus.montagui_PA1_allRun_MAXENT",0.63234
"635",6,"ph",8.0356389814482,"Chthamalus.montagui_PA1_RUN1_RF",0.282
"636",6,"ph",8.0356389814482,"Chthamalus.montagui_allData_allRun_GAM",0.0246682171084955
"637",7,"ph",8.03640258427639,"Chthamalus.montagui_PA1_RUN1_GLM",7.14341088360111e-13
"638",7,"ph",8.03640258427639,"Chthamalus.montagui_PA1_RUN1_GAM",0.0351047724054097
"639",7,"ph",8.03640258427639,"Chthamalus.montagui_PA1_RUN1_RF",0.282
"640",7,"ph",8.03640258427639,"Chthamalus.montagui_PA1_allRun_MAXENT",0.63234
"641",7,"ph",8.03640258427639,"Chthamalus.montagui_allData_allRun_GAM",0.02420244928037
"642",7,"ph",8.03640258427639,"Chthamalus.montagui_allData_allRun_GLM",2.63266051144237e-13
"643",8,"ph",8.03716618710459,"Chthamalus.montagui_PA1_RUN1_GAM",0.0344950408982434
"644",8,"ph",8.03716618710459,"Chthamalus.montagui_PA1_allRun_MAXENT",0.63234
"645",8,"ph",8.03716618710459,"Chthamalus.montagui_PA1_RUN1_GLM",6.79252443217776e-13
"646",8,"ph",8.03716618710459,"Chthamalus.montagui_PA1_RUN1_RF",0.282
"647",8,"ph",8.03716618710459,"Chthamalus.montagui_allData_allRun_GLM",2.49419112466886e-13
"648",8,"ph",8.03716618710459,"Chthamalus.montagui_allData_allRun_GAM",0.0237452616464472
"649",9,"ph",8.03792978993278,"Chthamalus.montagui_PA1_RUN1_GLM",6.46006904380942e-13
"650",9,"ph",8.03792978993278,"Chthamalus.montagui_allData_allRun_GLM",2.36397522193858e-13
"651",9,"ph",8.03792978993278,"Chthamalus.montagui_PA1_allRun_MAXENT",0.63234
"652",9,"ph",8.03792978993278,"Chthamalus.montagui_PA1_RUN1_RF",0.282
"653",9,"ph",8.03792978993278,"Chthamalus.montagui_PA1_RUN1_GAM",0.0338955277345197
"654",9,"ph",8.03792978993278,"Chthamalus.montagui_allData_allRun_GAM",0.023296504163825
"655",10,"ph",8.03869339276097,"Chthamalus.montagui_PA1_RUN1_GAM",0.0333060744983463
"656",10,"ph",8.03869339276097,"Chthamalus.montagui_PA1_RUN1_RF",0.282
"657",10,"ph",8.03869339276097,"Chthamalus.montagui_allData_allRun_GAM",0.0228560291126839
"658",10,"ph",8.03869339276097,"Chthamalus.montagui_PA1_allRun_MAXENT",0.63234
"659",10,"ph",8.03869339276097,"Chthamalus.montagui_PA1_RUN1_GLM",6.14502257198539e-13
"660",10,"ph",8.03869339276097,"Chthamalus.montagui_allData_allRun_GLM",2.24147774524874e-13
"661",11,"ph",8.03945699558916,"Chthamalus.montagui_PA1_RUN1_GAM",0.0327265247861169
"662",11,"ph",8.03945699558916,"Chthamalus.montagui_PA1_RUN1_GLM",5.8464222388958e-13
"663",11,"ph",8.03945699558916,"Chthamalus.montagui_allData_allRun_GLM",2.12620072969813e-13
"664",11,"ph",8.03945699558916,"Chthamalus.montagui_PA1_allRun_MAXENT",0.63234
"665",11,"ph",8.03945699558916,"Chthamalus.montagui_PA1_RUN1_RF",0.304
"666",11,"ph",8.03945699558916,"Chthamalus.montagui_allData_allRun_GAM",0.0224236910718056
"667",12,"ph",8.04022059841736,"Chthamalus.montagui_PA1_RUN1_GLM",5.56336104483975e-13
"668",12,"ph",8.04022059841736,"Chthamalus.montagui_PA1_allRun_MAXENT",0.63234
"669",12,"ph",8.04022059841736,"Chthamalus.montagui_PA1_RUN1_GAM",0.0321567241967688
"670",12,"ph",8.04022059841736,"Chthamalus.montagui_PA1_RUN1_RF",0.32
"671",12,"ph",8.04022059841736,"Chthamalus.montagui_allData_allRun_GLM",2.0176805842906e-13
"672",12,"ph",8.04022059841736,"Chthamalus.montagui_allData_allRun_GAM",0.0219993468938881
"673",13,"ph",8.04098420124555,"Chthamalus.montagui_PA1_RUN1_GAM",0.0315965203214293
"674",13,"ph",8.04098420124555,"Chthamalus.montagui_PA1_RUN1_RF",0.32
"675",13,"ph",8.04098420124555,"Chthamalus.montagui_PA1_allRun_MAXENT",0.63234
"676",13,"ph",8.04098420124555,"Chthamalus.montagui_PA1_RUN1_GLM",5.29498440244516e-13
"677",13,"ph",8.04098420124555,"Chthamalus.montagui_allData_allRun_GAM",0.0215828556806551
"678",13,"ph",8.04098420124555,"Chthamalus.montagui_allData_allRun_GLM",1.91548558206162e-13
"679",14,"ph",8.04174780407374,"Chthamalus.montagui_PA1_RUN1_GLM",5.04048698182874e-13
"680",14,"ph",8.04174780407374,"Chthamalus.montagui_allData_allRun_GLM",1.81921354252923e-13
"681",14,"ph",8.04174780407374,"Chthamalus.montagui_PA1_allRun_MAXENT",0.63234
"682",14,"ph",8.04174780407374,"Chthamalus.montagui_PA1_RUN1_GAM",0.0310457627324933
"683",14,"ph",8.04174780407374,"Chthamalus.montagui_PA1_RUN1_RF",0.316
"684",14,"ph",8.04174780407374,"Chthamalus.montagui_allData_allRun_GAM",0.0211740787578098
"685",15,"ph",8.04251140690194,"Chthamalus.montagui_PA1_RUN1_GAM",0.0305043029721667
"686",15,"ph",8.04251140690194,"Chthamalus.montagui_PA1_RUN1_RF",0.314
"687",15,"ph",8.04251140690194,"Chthamalus.montagui_PA1_RUN1_GLM",4.79910975244434e-13
"688",15,"ph",8.04251140690194,"Chthamalus.montagui_allData_allRun_GAM",0.0207728796498416
"689",15,"ph",8.04251140690194,"Chthamalus.montagui_PA1_allRun_MAXENT",0.63234
"690",15,"ph",8.04251140690194,"Chthamalus.montagui_allData_allRun_GLM",1.72848969112136e-13
"691",16,"ph",8.04327500973013,"Chthamalus.montagui_PA1_RUN1_GAM",0.0299719945404915
"692",16,"ph",8.04327500973013,"Chthamalus.montagui_PA1_allRun_MAXENT",0.63234
"693",16,"ph",8.04327500973013,"Chthamalus.montagui_PA1_RUN1_GLM",4.57013720922871e-13
"694",16,"ph",8.04327500973013,"Chthamalus.montagui_allData_allRun_GLM",1.64296468139575e-13
"695",16,"ph",8.04327500973013,"Chthamalus.montagui_PA1_RUN1_RF",0.312
"696",16,"ph",8.04327500973013,"Chthamalus.montagui_allData_allRun_GAM",0.0203791240547167
"697",17,"ph",8.04403861255832,"Chthamalus.montagui_PA1_RUN1_GLM",4.35289477137026e-13
"698",17,"ph",8.04403861255832,"Chthamalus.montagui_allData_allRun_GLM",1.56231276734034e-13
"699",17,"ph",8.04403861255832,"Chthamalus.montagui_PA1_RUN1_GAM",0.0294486928828855
"700",17,"ph",8.04403861255832,"Chthamalus.montagui_PA1_RUN1_RF",0.312
"701",17,"ph",8.04403861255832,"Chthamalus.montagui_PA1_allRun_MAXENT",0.63234
"702",17,"ph",8.04403861255832,"Chthamalus.montagui_allData_allRun_GAM",0.0199926798184618
"703",18,"ph",8.04480221538652,"Chthamalus.montagui_PA1_RUN1_RF",0.312
"704",18,"ph",8.04480221538652,"Chthamalus.montagui_PA1_RUN1_GLM",4.14674634204571e-13
"705",18,"ph",8.04480221538652,"Chthamalus.montagui_PA1_allRun_MAXENT",0.63234
"706",18,"ph",8.04480221538652,"Chthamalus.montagui_allData_allRun_GAM",0.0196134169096828
"707",18,"ph",8.04480221538652,"Chthamalus.montagui_allData_allRun_GLM",1.48623011363162e-13
"708",18,"ph",8.04480221538652,"Chthamalus.montagui_PA1_RUN1_GAM",0.0289342553772336
"709",19,"ph",8.04556581821471,"Chthamalus.montagui_PA1_RUN1_GLM",3.95109201937935e-13
"710",19,"ph",8.04556581821471,"Chthamalus.montagui_PA1_allRun_MAXENT",0.63234
"711",19,"ph",8.04556581821471,"Chthamalus.montagui_allData_allRun_GAM",0.0192412073940142
"712",19,"ph",8.04556581821471,"Chthamalus.montagui_PA1_RUN1_RF",0.312
"713",19,"ph",8.04556581821471,"Chthamalus.montagui_PA1_RUN1_GAM",0.0284285413205389
"714",19,"ph",8.04556581821471,"Chthamalus.montagui_allData_allRun_GLM",1.41443323308853e-13
"715",20,"ph",8.0463294210429,"Chthamalus.montagui_allData_allRun_GAM",0.0188759254085351
"716",20,"ph",8.0463294210429,"Chthamalus.montagui_allData_allRun_GLM",1.34665754136417e-13
"717",20,"ph",8.0463294210429,"Chthamalus.montagui_PA1_allRun_MAXENT",0.63234
"718",20,"ph",8.0463294210429,"Chthamalus.montagui_PA1_RUN1_GLM",3.76536594867275e-13
"719",20,"ph",8.0463294210429,"Chthamalus.montagui_PA1_RUN1_RF",0.312
"720",20,"ph",8.0463294210429,"Chthamalus.montagui_PA1_RUN1_GAM",0.0279314119151787
"721",21,"ph",8.0470930238711,"Chthamalus.montagui_allData_allRun_GLM",1.28265601948941e-13
"722",21,"ph",8.0470930238711,"Chthamalus.montagui_PA1_allRun_MAXENT",0.63234
"723",21,"ph",8.0470930238711,"Chthamalus.montagui_PA1_RUN1_GLM",3.58903430686929e-13
"724",21,"ph",8.0470930238711,"Chthamalus.montagui_PA1_RUN1_RF",0.312
"725",21,"ph",8.0470930238711,"Chthamalus.montagui_allData_allRun_GAM",0.0185174471361582
"726",21,"ph",8.0470930238711,"Chthamalus.montagui_PA1_RUN1_GAM",0.027442730254762
"727",22,"ph",8.04785662669929,"Chthamalus.montagui_PA1_RUN1_GLM",3.4215934108754e-13
"728",22,"ph",8.04785662669929,"Chthamalus.montagui_PA1_allRun_MAXENT",0.63234
"729",22,"ph",8.04785662669929,"Chthamalus.montagui_PA1_RUN1_GAM",0.0269623613096546
"730",22,"ph",8.04785662669929,"Chthamalus.montagui_PA1_RUN1_RF",0.312
"731",22,"ph",8.04785662669929,"Chthamalus.montagui_allData_allRun_GLM",1.22219797609579e-13
"732",22,"ph",8.04785662669929,"Chthamalus.montagui_allData_allRun_GAM",0.018165650780025
"733",23,"ph",8.04862022952748,"Chthamalus.montagui_PA1_allRun_MAXENT",0.63234
"734",23,"ph",8.04862022952748,"Chthamalus.montagui_PA1_RUN1_RF",0.294
"735",23,"ph",8.04862022952748,"Chthamalus.montagui_allData_allRun_GLM",1.16506790140448e-13
"736",23,"ph",8.04862022952748,"Chthamalus.montagui_PA1_RUN1_GLM",3.26256794202912e-13
"737",23,"ph",8.04862022952748,"Chthamalus.montagui_allData_allRun_GAM",0.0178204165379006
"738",23,"ph",8.04862022952748,"Chthamalus.montagui_PA1_RUN1_GAM",0.026490171912155
"739",24,"ph",8.04938383235567,"Chthamalus.montagui_PA1_RUN1_GLM",3.11150927897029e-13
"740",24,"ph",8.04938383235567,"Chthamalus.montagui_PA1_RUN1_GAM",0.0260260307413523
"741",24,"ph",8.04938383235567,"Chthamalus.montagui_PA1_allRun_MAXENT",0.63234
"742",24,"ph",8.04938383235567,"Chthamalus.montagui_PA1_RUN1_RF",0.142
"743",24,"ph",8.04938383235567,"Chthamalus.montagui_allData_allRun_GLM",1.11106440588401e-13
"744",24,"ph",8.04938383235567,"Chthamalus.montagui_allData_allRun_GAM",0.0174816265766044
"745",25,"ph",8.05014743518387,"Chthamalus.montagui_PA1_RUN1_GLM",2.96799393247917e-13
"746",25,"ph",8.05014743518387,"Chthamalus.montagui_PA1_allRun_MAXENT",0.63234
"747",25,"ph",8.05014743518387,"Chthamalus.montagui_PA1_RUN1_GAM",0.0255698083077152
"748",25,"ph",8.05014743518387,"Chthamalus.montagui_PA1_RUN1_RF",0.152
"749",25,"ph",8.05014743518387,"Chthamalus.montagui_allData_allRun_GLM",1.05999923705562e-13
"750",25,"ph",8.05014743518387,"Chthamalus.montagui_allData_allRun_GAM",0.0171491650064792
"751",26,"ph",8.05091103801206,"Chthamalus.montagui_PA1_allRun_MAXENT",0
"752",26,"ph",8.05091103801206,"Chthamalus.montagui_PA1_RUN1_RF",0.024
"753",26,"ph",8.05091103801206,"Chthamalus.montagui_PA1_RUN1_GLM",2.83162207553068e-13
"754",26,"ph",8.05091103801206,"Chthamalus.montagui_allData_allRun_GLM",1.01169636846499e-13
"755",26,"ph",8.05091103801206,"Chthamalus.montagui_PA1_RUN1_GAM",0.0251213769373963
"756",26,"ph",8.05091103801206,"Chthamalus.montagui_allData_allRun_GAM",0.0168229178559206
"757",27,"ph",8.05167464084025,"Chthamalus.montagui_PA1_allRun_MAXENT",0
"758",27,"ph",8.05167464084025,"Chthamalus.montagui_PA1_RUN1_GLM",2.70201616267246e-13
"759",27,"ph",8.05167464084025,"Chthamalus.montagui_PA1_RUN1_RF",0.028
"760",27,"ph",8.05167464084025,"Chthamalus.montagui_PA1_RUN1_GAM",0.0246806107562827
"761",27,"ph",8.05167464084025,"Chthamalus.montagui_allData_allRun_GLM",9.65991155150201e-14
"762",27,"ph",8.05167464084025,"Chthamalus.montagui_allData_allRun_GAM",0.0165027730459674
"763",28,"ph",8.05243824366845,"Chthamalus.montagui_PA1_RUN1_GLM",2.57881963316584e-13
"764",28,"ph",8.05243824366845,"Chthamalus.montagui_PA1_allRun_MAXENT",0
"765",28,"ph",8.05243824366845,"Chthamalus.montagui_PA1_RUN1_GAM",0.024247385673838
"766",28,"ph",8.05243824366845,"Chthamalus.montagui_PA1_RUN1_RF",0.012
"767",28,"ph",8.05243824366845,"Chthamalus.montagui_allData_allRun_GLM",2.22044604925031e-16
"768",28,"ph",8.05243824366845,"Chthamalus.montagui_allData_allRun_GAM",0.0161886203649866
"769",29,"ph",8.05320184649664,"Chthamalus.montagui_PA1_RUN1_GLM",2.46169569253793e-13
"770",29,"ph",8.05320184649664,"Chthamalus.montagui_PA1_allRun_MAXENT",0
"771",29,"ph",8.05320184649664,"Chthamalus.montagui_PA1_RUN1_GAM",0.0238215793667095
"772",29,"ph",8.05320184649664,"Chthamalus.montagui_PA1_RUN1_RF",0.036
"773",29,"ph",8.05320184649664,"Chthamalus.montagui_allData_allRun_GLM",2.22044604925031e-16
"774",29,"ph",8.05320184649664,"Chthamalus.montagui_allData_allRun_GAM",0.0158803514434422
"775",30,"ph",8.05396544932483,"Chthamalus.montagui_PA1_allRun_MAXENT",0
"776",30,"ph",8.05396544932483,"Chthamalus.montagui_PA1_RUN1_RF",0.014
"777",30,"ph",8.05396544932483,"Chthamalus.montagui_PA1_RUN1_GAM",0.0234030712621578
"778",30,"ph",8.05396544932483,"Chthamalus.montagui_allData_allRun_GLM",2.22044604925031e-16
"779",30,"ph",8.05396544932483,"Chthamalus.montagui_PA1_RUN1_GLM",2.35032616767753e-13
"780",30,"ph",8.05396544932483,"Chthamalus.montagui_allData_allRun_GAM",0.015577859728775
"781",31,"ph",8.05472905215303,"Chthamalus.montagui_PA1_allRun_MAXENT",0
"782",31,"ph",8.05472905215303,"Chthamalus.montagui_PA1_RUN1_GLM",2.24441043084078e-13
"783",31,"ph",8.05472905215303,"Chthamalus.montagui_PA1_RUN1_RF",0.012
"784",31,"ph",8.05472905215303,"Chthamalus.montagui_PA1_RUN1_GAM",0.0229917425213014
"785",31,"ph",8.05472905215303,"Chthamalus.montagui_allData_allRun_GAM",0.0152810404603937
"786",31,"ph",8.05472905215303,"Chthamalus.montagui_allData_allRun_GLM",2.22044604925031e-16
"787",32,"ph",8.05549265498122,"Chthamalus.montagui_PA1_RUN1_GLM",2.14366438840257e-13
"788",32,"ph",8.05549265498122,"Chthamalus.montagui_PA1_allRun_MAXENT",0
"789",32,"ph",8.05549265498122,"Chthamalus.montagui_PA1_RUN1_GAM",0.0225874760222107
"790",32,"ph",8.05549265498122,"Chthamalus.montagui_PA1_RUN1_RF",0.008
"791",32,"ph",8.05549265498122,"Chthamalus.montagui_allData_allRun_GLM",2.22044604925031e-16
"792",32,"ph",8.05549265498122,"Chthamalus.montagui_allData_allRun_GAM",0.0149897906448012
"793",33,"ph",8.05625625780941,"Chthamalus.montagui_PA1_RUN1_GLM",2.0478195300994e-13
"794",33,"ph",8.05625625780941,"Chthamalus.montagui_PA1_allRun_MAXENT",0
"795",33,"ph",8.05625625780941,"Chthamalus.montagui_PA1_RUN1_GAM",0.0221901563428517
"796",33,"ph",8.05625625780941,"Chthamalus.montagui_PA1_RUN1_RF",0.006
"797",33,"ph",8.05625625780941,"Chthamalus.montagui_allData_allRun_GLM",2.22044604925031e-16
"798",33,"ph",8.05625625780941,"Chthamalus.montagui_allData_allRun_GAM",0.0147040090308465
"799",34,"ph",8.05701986063761,"Chthamalus.montagui_PA1_allRun_MAXENT",0
"800",34,"ph",8.05701986063761,"Chthamalus.montagui_PA1_RUN1_GLM",1.95662203520473e-13
"801",34,"ph",8.05701986063761,"Chthamalus.montagui_PA1_RUN1_RF",0.004
"802",34,"ph",8.05701986063761,"Chthamalus.montagui_PA1_RUN1_GAM",0.0217996697439037
"803",34,"ph",8.05701986063761,"Chthamalus.montagui_allData_allRun_GLM",2.22044604925031e-16
"804",34,"ph",8.05701986063761,"Chthamalus.montagui_allData_allRun_GAM",0.0144235960851287
"805",35,"ph",8.0577834634658,"Chthamalus.montagui_PA1_allRun_MAXENT",0
"806",35,"ph",8.0577834634658,"Chthamalus.montagui_PA1_RUN1_RF",0.004
"807",35,"ph",8.0577834634658,"Chthamalus.montagui_PA1_RUN1_GLM",1.86983193205895e-13
"808",35,"ph",8.0577834634658,"Chthamalus.montagui_allData_allRun_GLM",2.22044604925031e-16
"809",35,"ph",8.0577834634658,"Chthamalus.montagui_PA1_RUN1_GAM",0.0214159041514687
"810",35,"ph",8.0577834634658,"Chthamalus.montagui_allData_allRun_GAM",0.0141484539675506
"811",36,"ph",8.05854706629399,"Chthamalus.montagui_PA1_RUN1_GLM",1.78722230754913e-13
"812",36,"ph",8.05854706629399,"Chthamalus.montagui_PA1_allRun_MAXENT",0
"813",36,"ph",8.05854706629399,"Chthamalus.montagui_PA1_RUN1_GAM",0.0210387491396772
"814",36,"ph",8.05854706629399,"Chthamalus.montagui_PA1_RUN1_RF",0.004
"815",36,"ph",8.05854706629399,"Chthamalus.montagui_allData_allRun_GLM",2.22044604925031e-16
"816",36,"ph",8.05854706629399,"Chthamalus.montagui_allData_allRun_GAM",0.0138784865070374
"817",37,"ph",8.05931066912219,"Chthamalus.montagui_PA1_RUN1_GLM",1.7085785636015e-13
"818",37,"ph",8.05931066912219,"Chthamalus.montagui_PA1_RUN1_GAM",0.0206680959132102
"819",37,"ph",8.05931066912219,"Chthamalus.montagui_PA1_allRun_MAXENT",0
"820",37,"ph",8.05931066912219,"Chthamalus.montagui_PA1_RUN1_RF",0.004
"821",37,"ph",8.05931066912219,"Chthamalus.montagui_allData_allRun_GLM",2.22044604925031e-16
"822",37,"ph",8.05931066912219,"Chthamalus.montagui_allData_allRun_GAM",0.0136135991774171
"823",38,"ph",8.06007427195038,"Chthamalus.montagui_PA1_allRun_MAXENT",0
"824",38,"ph",8.06007427195038,"Chthamalus.montagui_PA1_RUN1_GLM",1.6336977177736e-13
"825",38,"ph",8.06007427195038,"Chthamalus.montagui_PA1_RUN1_RF",0.004
"826",38,"ph",8.06007427195038,"Chthamalus.montagui_PA1_RUN1_GAM",0.0203038372897539
"827",38,"ph",8.06007427195038,"Chthamalus.montagui_allData_allRun_GLM",2.22044604925031e-16
"828",38,"ph",8.06007427195038,"Chthamalus.montagui_allData_allRun_GAM",0.0133536990734865
"829",39,"ph",8.06083787477857,"Chthamalus.montagui_PA1_allRun_MAXENT",0
"830",39,"ph",8.06083787477857,"Chthamalus.montagui_PA1_RUN1_RF",0.004
"831",39,"ph",8.06083787477857,"Chthamalus.montagui_allData_allRun_GLM",2.22044604925031e-16
"832",39,"ph",8.06083787477857,"Chthamalus.montagui_PA1_RUN1_GLM",1.5623877450736e-13
"833",39,"ph",8.06083787477857,"Chthamalus.montagui_allData_allRun_GAM",0.0130986948872516
"834",39,"ph",8.06083787477857,"Chthamalus.montagui_PA1_RUN1_GAM",0.0199458676823908
"835",40,"ph",8.06160147760676,"Chthamalus.montagui_allData_allRun_GLM",2.22044604925031e-16
"836",40,"ph",8.06160147760676,"Chthamalus.montagui_PA1_RUN1_GLM",1.4944669587349e-13
"837",40,"ph",8.06160147760676,"Chthamalus.montagui_PA1_allRun_MAXENT",0
"838",40,"ph",8.06160147760676,"Chthamalus.montagui_allData_allRun_GAM",0.0128484968843566
"839",40,"ph",8.06160147760676,"Chthamalus.montagui_PA1_RUN1_RF",0.004
"840",40,"ph",8.06160147760676,"Chthamalus.montagui_PA1_RUN1_GAM",0.019594083081945
"841",41,"ph",8.06236508043496,"Chthamalus.montagui_allData_allRun_GLM",2.22044604925031e-16
"842",41,"ph",8.06236508043496,"Chthamalus.montagui_allData_allRun_GAM",0.0126030168807141
"843",41,"ph",8.06236508043496,"Chthamalus.montagui_PA1_RUN1_GAM",0.0192483810392963
"844",41,"ph",8.06236508043496,"Chthamalus.montagui_PA1_RUN1_GLM",1.4297634273486e-13
"845",41,"ph",8.06236508043496,"Chthamalus.montagui_PA1_allRun_MAXENT",0
"846",41,"ph",8.06236508043496,"Chthamalus.montagui_PA1_RUN1_RF",0.004
"847",42,"ph",8.06312868326315,"Chthamalus.montagui_PA1_RUN1_GAM",0.0189086606476654
"848",42,"ph",8.06312868326315,"Chthamalus.montagui_allData_allRun_GLM",2.22044604925031e-16
"849",42,"ph",8.06312868326315,"Chthamalus.montagui_PA1_allRun_MAXENT",0
"850",42,"ph",8.06312868326315,"Chthamalus.montagui_PA1_RUN1_GLM",1.36811442624865e-13
"851",42,"ph",8.06312868326315,"Chthamalus.montagui_PA1_RUN1_RF",0.004
"852",42,"ph",8.06312868326315,"Chthamalus.montagui_allData_allRun_GAM",0.0123621682193263
"853",43,"ph",8.06389228609134,"Chthamalus.montagui_PA1_RUN1_GAM",0.0185748225248898
"854",43,"ph",8.06389228609134,"Chthamalus.montagui_PA1_RUN1_RF",0.004
"855",43,"ph",8.06389228609134,"Chthamalus.montagui_PA1_RUN1_GLM",1.30936592103617e-13
"856",43,"ph",8.06389228609134,"Chthamalus.montagui_PA1_allRun_MAXENT",0
"857",43,"ph",8.06389228609134,"Chthamalus.montagui_allData_allRun_GLM",2.22044604925031e-16
"858",43,"ph",8.06389228609134,"Chthamalus.montagui_allData_allRun_GAM",0.0121258657473138
"859",44,"ph",8.06465588891954,"Chthamalus.montagui_PA1_allRun_MAXENT",0
"860",44,"ph",8.06465588891954,"Chthamalus.montagui_PA1_RUN1_GAM",0.0182467687956926
"861",44,"ph",8.06465588891954,"Chthamalus.montagui_PA1_RUN1_GLM",1.25337208128714e-13
"862",44,"ph",8.06465588891954,"Chthamalus.montagui_allData_allRun_GLM",2.22044604925031e-16
"863",44,"ph",8.06465588891954,"Chthamalus.montagui_PA1_RUN1_RF",0.07
"864",44,"ph",8.06465588891954,"Chthamalus.montagui_allData_allRun_GAM",0.0118940257931536
"865",45,"ph",8.06541949174773,"Chthamalus.montagui_PA1_RUN1_GLM",1.19999482258774e-13
"866",45,"ph",8.06541949174773,"Chthamalus.montagui_PA1_RUN1_GAM",0.0179244030739643
"867",45,"ph",8.06541949174773,"Chthamalus.montagui_allData_allRun_GAM",0.0116665661441281
"868",45,"ph",8.06541949174773,"Chthamalus.montagui_PA1_RUN1_RF",0.026
"869",45,"ph",8.06541949174773,"Chthamalus.montagui_PA1_allRun_MAXENT",0
"870",45,"ph",8.06541949174773,"Chthamalus.montagui_allData_allRun_GLM",2.22044604925031e-16
"871",46,"ph",8.06618309457592,"Chthamalus.montagui_PA1_RUN1_GAM",0.017607630445055
"872",46,"ph",8.06618309457592,"Chthamalus.montagui_PA1_RUN1_GLM",1.14910337525883e-13
"873",46,"ph",8.06618309457592,"Chthamalus.montagui_PA1_allRun_MAXENT",0
"874",46,"ph",8.06618309457592,"Chthamalus.montagui_PA1_RUN1_RF",0.012
"875",46,"ph",8.06618309457592,"Chthamalus.montagui_allData_allRun_GLM",2.22044604925031e-16
"876",46,"ph",8.06618309457592,"Chthamalus.montagui_allData_allRun_GAM",0.0114434060239932
"877",47,"ph",8.06694669740412,"Chthamalus.montagui_PA1_RUN1_GLM",1.10057387808763e-13
"878",47,"ph",8.06694669740412,"Chthamalus.montagui_PA1_allRun_MAXENT",0
"879",47,"ph",8.06694669740412,"Chthamalus.montagui_PA1_RUN1_GAM",0.0172963574480923
"880",47,"ph",8.06694669740412,"Chthamalus.montagui_allData_allRun_GLM",2.22044604925031e-16
"881",47,"ph",8.06694669740412,"Chthamalus.montagui_PA1_RUN1_RF",0.012
"882",47,"ph",8.06694669740412,"Chthamalus.montagui_allData_allRun_GAM",0.0112244660708608
"883",48,"ph",8.06771030023231,"Chthamalus.montagui_PA1_RUN1_GAM",0.0169904920583377
"884",48,"ph",8.06771030023231,"Chthamalus.montagui_PA1_RUN1_RF",0.012
"885",48,"ph",8.06771030023231,"Chthamalus.montagui_PA1_RUN1_GLM",1.05428899554037e-13
"886",48,"ph",8.06771030023231,"Chthamalus.montagui_PA1_allRun_MAXENT",0
"887",48,"ph",8.06771030023231,"Chthamalus.montagui_allData_allRun_GAM",0.0110096683153124
"888",48,"ph",8.06771030023231,"Chthamalus.montagui_allData_allRun_GLM",2.22044604925031e-16
"889",49,"ph",8.0684739030605,"Chthamalus.montagui_PA1_RUN1_GLM",1.01013755718513e-13
"890",49,"ph",8.0684739030605,"Chthamalus.montagui_PA1_allRun_MAXENT",0
"891",49,"ph",8.0684739030605,"Chthamalus.montagui_allData_allRun_GLM",2.22044604925031e-16
"892",49,"ph",8.0684739030605,"Chthamalus.montagui_PA1_RUN1_GAM",0.0166899436695789
"893",49,"ph",8.0684739030605,"Chthamalus.montagui_allData_allRun_GAM",0.0107989361587318
"894",49,"ph",8.0684739030605,"Chthamalus.montagui_PA1_RUN1_RF",0.012
"895",50,"ph",8.0692375058887,"Chthamalus.montagui_PA1_RUN1_GLM",9.68014217784398e-14
"896",50,"ph",8.0692375058887,"Chthamalus.montagui_PA1_RUN1_GAM",0.0163946230765728
"897",50,"ph",8.0692375058887,"Chthamalus.montagui_PA1_RUN1_RF",0.012
"898",50,"ph",8.0692375058887,"Chthamalus.montagui_allData_allRun_GAM",0.0105921943518675
"899",50,"ph",8.0692375058887,"Chthamalus.montagui_PA1_allRun_MAXENT",0
"900",50,"ph",8.0692375058887,"Chthamalus.montagui_allData_allRun_GLM",2.22044604925031e-16
"901",51,"ph",8.07000110871689,"Chthamalus.montagui_PA1_RUN1_GAM",0.0161044424575485
"902",51,"ph",8.07000110871689,"Chthamalus.montagui_PA1_RUN1_RF",0.012
"903",51,"ph",8.07000110871689,"Chthamalus.montagui_PA1_RUN1_GLM",2.22044604925031e-16
"904",51,"ph",8.07000110871689,"Chthamalus.montagui_PA1_allRun_MAXENT",0
"905",51,"ph",8.07000110871689,"Chthamalus.montagui_allData_allRun_GLM",2.22044604925031e-16
"906",51,"ph",8.07000110871689,"Chthamalus.montagui_allData_allRun_GAM",0.0103893689736299
"907",52,"ph",8.07076471154508,"Chthamalus.montagui_PA1_allRun_MAXENT",0
"908",52,"ph",8.07076471154508,"Chthamalus.montagui_PA1_RUN1_GLM",2.22044604925031e-16
"909",52,"ph",8.07076471154508,"Chthamalus.montagui_allData_allRun_GLM",2.22044604925031e-16
"910",52,"ph",8.07076471154508,"Chthamalus.montagui_PA1_RUN1_GAM",0.0158193153567694
"911",52,"ph",8.07076471154508,"Chthamalus.montagui_PA1_RUN1_RF",0.012
"912",52,"ph",8.07076471154508,"Chthamalus.montagui_allData_allRun_GAM",0.0101903874101162
"913",53,"ph",8.07152831437327,"Chthamalus.montagui_PA1_RUN1_GAM",0.0155391566671691
"914",53,"ph",8.07152831437327,"Chthamalus.montagui_PA1_RUN1_GLM",2.22044604925031e-16
"915",53,"ph",8.07152831437327,"Chthamalus.montagui_PA1_RUN1_RF",0.012
"916",53,"ph",8.07152831437327,"Chthamalus.montagui_allData_allRun_GAM",0.00999517833387162
"917",53,"ph",8.07152831437327,"Chthamalus.montagui_PA1_allRun_MAXENT",0
"918",53,"ph",8.07152831437327,"Chthamalus.montagui_allData_allRun_GLM",2.22044604925031e-16
"919",54,"ph",8.07229191720147,"Chthamalus.montagui_PA1_RUN1_GLM",2.22044604925031e-16
"920",54,"ph",8.07229191720147,"Chthamalus.montagui_PA1_allRun_MAXENT",0
"921",54,"ph",8.07229191720147,"Chthamalus.montagui_PA1_RUN1_GAM",0.0152638826130603
"922",54,"ph",8.07229191720147,"Chthamalus.montagui_allData_allRun_GLM",2.22044604925031e-16
"923",54,"ph",8.07229191720147,"Chthamalus.montagui_PA1_RUN1_RF",0.012
"924",54,"ph",8.07229191720147,"Chthamalus.montagui_allData_allRun_GAM",0.00980367168338697
"925",55,"ph",8.07305552002966,"Chthamalus.montagui_PA1_RUN1_GLM",2.22044604925031e-16
"926",55,"ph",8.07305552002966,"Chthamalus.montagui_PA1_RUN1_GAM",0.0149934107329308
"927",55,"ph",8.07305552002966,"Chthamalus.montagui_PA1_allRun_MAXENT",0
"928",55,"ph",8.07305552002966,"Chthamalus.montagui_PA1_RUN1_RF",0.012
"929",55,"ph",8.07305552002966,"Chthamalus.montagui_allData_allRun_GAM",0.00961579864283276
"930",55,"ph",8.07305552002966,"Chthamalus.montagui_allData_allRun_GLM",2.22044604925031e-16
"931",56,"ph",8.07381912285785,"Chthamalus.montagui_PA1_RUN1_GAM",0.0147276598623244
"932",56,"ph",8.07381912285785,"Chthamalus.montagui_PA1_RUN1_RF",0.014
"933",56,"ph",8.07381912285785,"Chthamalus.montagui_PA1_allRun_MAXENT",0
"934",56,"ph",8.07381912285785,"Chthamalus.montagui_PA1_RUN1_GLM",2.22044604925031e-16
"935",56,"ph",8.07381912285785,"Chthamalus.montagui_allData_allRun_GLM",2.22044604925031e-16
"936",56,"ph",8.07381912285785,"Chthamalus.montagui_allData_allRun_GAM",0.00943149162203292
"937",57,"ph",8.07458272568605,"Chthamalus.montagui_PA1_RUN1_GLM",2.22044604925031e-16
"938",57,"ph",8.07458272568605,"Chthamalus.montagui_PA1_allRun_MAXENT",0
"939",57,"ph",8.07458272568605,"Chthamalus.montagui_PA1_RUN1_GAM",0.0144665501168144
"940",57,"ph",8.07458272568605,"Chthamalus.montagui_allData_allRun_GAM",0.00925068423667348
"941",57,"ph",8.07458272568605,"Chthamalus.montagui_allData_allRun_GLM",2.22044604925031e-16
"942",57,"ph",8.07458272568605,"Chthamalus.montagui_PA1_RUN1_RF",0.014
"943",58,"ph",8.07534632851424,"Chthamalus.montagui_PA1_RUN1_GLM",2.22044604925031e-16
"944",58,"ph",8.07534632851424,"Chthamalus.montagui_PA1_RUN1_GAM",0.0142100028750799
"945",58,"ph",8.07534632851424,"Chthamalus.montagui_PA1_RUN1_RF",0.014
"946",58,"ph",8.07534632851424,"Chthamalus.montagui_allData_allRun_GAM",0.00907331128875728
"947",58,"ph",8.07534632851424,"Chthamalus.montagui_PA1_allRun_MAXENT",0
"948",58,"ph",8.07534632851424,"Chthamalus.montagui_allData_allRun_GLM",2.22044604925031e-16
"949",59,"ph",8.07610993134243,"Chthamalus.montagui_PA1_RUN1_GLM",2.22044604925031e-16
"950",59,"ph",8.07610993134243,"Chthamalus.montagui_PA1_allRun_MAXENT",0
"951",59,"ph",8.07610993134243,"Chthamalus.montagui_allData_allRun_GAM",0.00889930874729379
"952",59,"ph",8.07610993134243,"Chthamalus.montagui_PA1_RUN1_RF",0.014
"953",59,"ph",8.07610993134243,"Chthamalus.montagui_PA1_RUN1_GAM",0.0139579407620833
"954",59,"ph",8.07610993134243,"Chthamalus.montagui_allData_allRun_GLM",2.22044604925031e-16
"955",60,"ph",8.07687353417063,"Chthamalus.montagui_PA1_allRun_MAXENT",0
"956",60,"ph",8.07687353417063,"Chthamalus.montagui_PA1_RUN1_RF",0.014
"957",60,"ph",8.07687353417063,"Chthamalus.montagui_allData_allRun_GAM",0.00872861372922942
"958",60,"ph",8.07687353417063,"Chthamalus.montagui_allData_allRun_GLM",2.22044604925031e-16
"959",60,"ph",8.07687353417063,"Chthamalus.montagui_PA1_RUN1_GLM",2.22044604925031e-16
"960",60,"ph",8.07687353417063,"Chthamalus.montagui_PA1_RUN1_GAM",0.0137102876323506
"961",61,"ph",8.07763713699882,"Chthamalus.montagui_allData_allRun_GLM",2.22044604925031e-16
"962",61,"ph",8.07763713699882,"Chthamalus.montagui_PA1_allRun_MAXENT",0
"963",61,"ph",8.07763713699882,"Chthamalus.montagui_PA1_RUN1_GLM",2.22044604925031e-16
"964",61,"ph",8.07763713699882,"Chthamalus.montagui_PA1_RUN1_RF",0.048
"965",61,"ph",8.07763713699882,"Chthamalus.montagui_allData_allRun_GAM",0.00856116448062287
"966",61,"ph",8.07763713699882,"Chthamalus.montagui_PA1_RUN1_GAM",0.013466968553374
"967",62,"ph",8.07840073982701,"Chthamalus.montagui_allData_allRun_GLM",2.22044604925031e-16
"968",62,"ph",8.07840073982701,"Chthamalus.montagui_PA1_RUN1_GLM",2.22044604925031e-16
"969",62,"ph",8.07840073982701,"Chthamalus.montagui_allData_allRun_GAM",0.0083969003580561
"970",62,"ph",8.07840073982701,"Chthamalus.montagui_PA1_RUN1_GAM",0.0132279097891229
"971",62,"ph",8.07840073982701,"Chthamalus.montagui_PA1_allRun_MAXENT",0
"972",62,"ph",8.07840073982701,"Chthamalus.montagui_PA1_RUN1_RF",0.048
"973",63,"ph",8.07916434265521,"Chthamalus.montagui_PA1_RUN1_GLM",2.22044604925031e-16
"974",63,"ph",8.07916434265521,"Chthamalus.montagui_PA1_RUN1_GAM",0.0129930387836758
"975",63,"ph",8.07916434265521,"Chthamalus.montagui_allData_allRun_GLM",2.22044604925031e-16
"976",63,"ph",8.07916434265521,"Chthamalus.montagui_PA1_allRun_MAXENT",0
"977",63,"ph",8.07916434265521,"Chthamalus.montagui_allData_allRun_GAM",0.00823576181028703
"978",63,"ph",8.07916434265521,"Chthamalus.montagui_PA1_RUN1_RF",0.05
"979",64,"ph",8.0799279454834,"Chthamalus.montagui_PA1_RUN1_GLM",2.22044604925031e-16
"980",64,"ph",8.0799279454834,"Chthamalus.montagui_PA1_RUN1_GAM",0.0127622841449747
"981",64,"ph",8.0799279454834,"Chthamalus.montagui_PA1_allRun_MAXENT",0
"982",64,"ph",8.0799279454834,"Chthamalus.montagui_PA1_RUN1_RF",0.05
"983",64,"ph",8.0799279454834,"Chthamalus.montagui_allData_allRun_GLM",2.22044604925031e-16
"984",64,"ph",8.0799279454834,"Chthamalus.montagui_allData_allRun_GAM",0.00807769036014302
"985",65,"ph",8.08069154831159,"Chthamalus.montagui_PA1_RUN1_GLM",2.22044604925031e-16
"986",65,"ph",8.08069154831159,"Chthamalus.montagui_PA1_RUN1_GAM",0.0125355756287128
"987",65,"ph",8.08069154831159,"Chthamalus.montagui_PA1_allRun_MAXENT",0
"988",65,"ph",8.08069154831159,"Chthamalus.montagui_allData_allRun_GLM",2.22044604925031e-16
"989",65,"ph",8.08069154831159,"Chthamalus.montagui_PA1_RUN1_RF",0.05
"990",65,"ph",8.08069154831159,"Chthamalus.montagui_allData_allRun_GAM",0.00792262858665248
"991",66,"ph",8.08145515113979,"Chthamalus.montagui_PA1_RUN1_GLM",2.22044604925031e-16
"992",66,"ph",8.08145515113979,"Chthamalus.montagui_allData_allRun_GLM",2.22044604925031e-16
"993",66,"ph",8.08145515113979,"Chthamalus.montagui_PA1_RUN1_GAM",0.0123128441223417
"994",66,"ph",8.08145515113979,"Chthamalus.montagui_allData_allRun_GAM",0.00777052010741671
"995",66,"ph",8.08145515113979,"Chthamalus.montagui_PA1_allRun_MAXENT",0
"996",66,"ph",8.08145515113979,"Chthamalus.montagui_PA1_RUN1_RF",0.05
"997",67,"ph",8.08221875396798,"Chthamalus.montagui_PA1_RUN1_GLM",2.22044604925031e-16
"998",67,"ph",8.08221875396798,"Chthamalus.montagui_PA1_RUN1_GAM",0.0120940216292147
"999",67,"ph",8.08221875396798,"Chthamalus.montagui_allData_allRun_GLM",2.22044604925031e-16
"1000",67,"ph",8.08221875396798,"Chthamalus.montagui_PA1_allRun_MAXENT",0
"1001",67,"ph",8.08221875396798,"Chthamalus.montagui_allData_allRun_GAM",0.0076213095612161
"1002",67,"ph",8.08221875396798,"Chthamalus.montagui_PA1_RUN1_RF",0.052
"1003",68,"ph",8.08298235679617,"Chthamalus.montagui_PA1_RUN1_GLM",2.22044604925031e-16
"1004",68,"ph",8.08298235679617,"Chthamalus.montagui_PA1_RUN1_GAM",0.0118790412528712
"1005",68,"ph",8.08298235679617,"Chthamalus.montagui_PA1_allRun_MAXENT",0
"1006",68,"ph",8.08298235679617,"Chthamalus.montagui_allData_allRun_GLM",2.22044604925031e-16
"1007",68,"ph",8.08298235679617,"Chthamalus.montagui_PA1_RUN1_RF",0.148
"1008",68,"ph",8.08298235679617,"Chthamalus.montagui_allData_allRun_GAM",0.00747494259085857
"1009",69,"ph",8.08374595962436,"Chthamalus.montagui_PA1_RUN1_GLM",2.22044604925031e-16
"1010",69,"ph",8.08374595962436,"Chthamalus.montagui_PA1_RUN1_GAM",0.0116678371814485
"1011",69,"ph",8.08374595962436,"Chthamalus.montagui_PA1_allRun_MAXENT",0
"1012",69,"ph",8.08374595962436,"Chthamalus.montagui_allData_allRun_GLM",2.22044604925031e-16
"1013",69,"ph",8.08374595962436,"Chthamalus.montagui_PA1_RUN1_RF",0.062
"1014",69,"ph",8.08374595962436,"Chthamalus.montagui_allData_allRun_GAM",0.00733136582625989
"1015",70,"ph",8.08450956245256,"Chthamalus.montagui_PA1_RUN1_GAM",0.0114603446722367
"1016",70,"ph",8.08450956245256,"Chthamalus.montagui_PA1_RUN1_GLM",2.22044604925031e-16
"1017",70,"ph",8.08450956245256,"Chthamalus.montagui_allData_allRun_GLM",2.22044604925031e-16
"1018",70,"ph",8.08450956245256,"Chthamalus.montagui_PA1_allRun_MAXENT",0
"1019",70,"ph",8.08450956245256,"Chthamalus.montagui_allData_allRun_GAM",0.00719052686775894
"1020",70,"ph",8.08450956245256,"Chthamalus.montagui_PA1_RUN1_RF",0.03
"1021",71,"ph",8.08527316528075,"Chthamalus.montagui_PA1_RUN1_GLM",2.22044604925031e-16
"1022",71,"ph",8.08527316528075,"Chthamalus.montagui_allData_allRun_GAM",0.0070523742696704
"1023",71,"ph",8.08527316528075,"Chthamalus.montagui_PA1_RUN1_GAM",0.0112565000363816
"1024",71,"ph",8.08527316528075,"Chthamalus.montagui_allData_allRun_GLM",2.22044604925031e-16
"1025",71,"ph",8.08527316528075,"Chthamalus.montagui_PA1_allRun_MAXENT",0
"1026",71,"ph",8.08527316528075,"Chthamalus.montagui_PA1_RUN1_RF",0.016
"1027",72,"ph",8.08603676810894,"Chthamalus.montagui_PA1_RUN1_GLM",2.22044604925031e-16
"1028",72,"ph",8.08603676810894,"Chthamalus.montagui_PA1_RUN1_GAM",0.0110562406237203
"1029",72,"ph",8.08603676810894,"Chthamalus.montagui_PA1_allRun_MAXENT",0
"1030",72,"ph",8.08603676810894,"Chthamalus.montagui_allData_allRun_GLM",2.22044604925031e-16
"1031",72,"ph",8.08603676810894,"Chthamalus.montagui_PA1_RUN1_RF",0.016
"1032",72,"ph",8.08603676810894,"Chthamalus.montagui_allData_allRun_GAM",0.0069168575240661
"1033",73,"ph",8.08680037093714,"Chthamalus.montagui_PA1_RUN1_GLM",2.22044604925031e-16
"1034",73,"ph",8.08680037093714,"Chthamalus.montagui_PA1_RUN1_GAM",0.0108595048077688
"1035",73,"ph",8.08680037093714,"Chthamalus.montagui_PA1_allRun_MAXENT",0
"1036",73,"ph",8.08680037093714,"Chthamalus.montagui_allData_allRun_GLM",2.22044604925031e-16
"1037",73,"ph",8.08680037093714,"Chthamalus.montagui_PA1_RUN1_RF",0.014
"1038",73,"ph",8.08680037093714,"Chthamalus.montagui_allData_allRun_GAM",0.00678392704478738
"1039",74,"ph",8.08756397376533,"Chthamalus.montagui_PA1_RUN1_GLM",2.22044604925031e-16
"1040",74,"ph",8.08756397376533,"Chthamalus.montagui_PA1_RUN1_GAM",0.0106662319708556
"1041",74,"ph",8.08756397376533,"Chthamalus.montagui_allData_allRun_GLM",2.22044604925031e-16
"1042",74,"ph",8.08756397376533,"Chthamalus.montagui_PA1_allRun_MAXENT",0
"1043",74,"ph",8.08756397376533,"Chthamalus.montagui_allData_allRun_GAM",0.0066535341516908
"1044",74,"ph",8.08756397376533,"Chthamalus.montagui_PA1_RUN1_RF",0.014
"1045",75,"ph",8.08832757659352,"Chthamalus.montagui_PA1_RUN1_GLM",2.22044604925031e-16
"1046",75,"ph",8.08832757659352,"Chthamalus.montagui_allData_allRun_GLM",2.22044604925031e-16
"1047",75,"ph",8.08832757659352,"Chthamalus.montagui_PA1_RUN1_GAM",0.0104763624894014
"1048",75,"ph",8.08832757659352,"Chthamalus.montagui_allData_allRun_GAM",0.00652563105511688
"1049",75,"ph",8.08832757659352,"Chthamalus.montagui_PA1_allRun_MAXENT",0
"1050",75,"ph",8.08832757659352,"Chthamalus.montagui_PA1_RUN1_RF",0.012
"1051",76,"ph",8.08909117942172,"Chthamalus.montagui_PA1_RUN1_GLM",2.22044604925031e-16
"1052",76,"ph",8.08909117942172,"Chthamalus.montagui_PA1_RUN1_GAM",0.0102898377193493
"1053",76,"ph",8.08909117942172,"Chthamalus.montagui_PA1_allRun_MAXENT",0
"1054",76,"ph",8.08909117942172,"Chthamalus.montagui_allData_allRun_GLM",2.22044604925031e-16
"1055",76,"ph",8.08909117942172,"Chthamalus.montagui_PA1_RUN1_RF",0.012
"1056",76,"ph",8.08909117942172,"Chthamalus.montagui_allData_allRun_GAM",0.00640017084058945
"1057",77,"ph",8.08985478224991,"Chthamalus.montagui_PA1_RUN1_GLM",2.22044604925031e-16
"1058",77,"ph",8.08985478224991,"Chthamalus.montagui_PA1_RUN1_GAM",0.0101065999817444
"1059",77,"ph",8.08985478224991,"Chthamalus.montagui_PA1_allRun_MAXENT",0
"1060",77,"ph",8.08985478224991,"Chthamalus.montagui_PA1_RUN1_RF",0.012
"1061",77,"ph",8.08985478224991,"Chthamalus.montagui_allData_allRun_GLM",2.22044604925031e-16
"1062",77,"ph",8.08985478224991,"Chthamalus.montagui_allData_allRun_GAM",0.00627710745373557
"1063",78,"ph",8.0906183850781,"Chthamalus.montagui_allData_allRun_GLM",2.22044604925031e-16
"1064",78,"ph",8.0906183850781,"Chthamalus.montagui_PA1_RUN1_GLM",2.22044604925031e-16
"1065",78,"ph",8.0906183850781,"Chthamalus.montagui_allData_allRun_GAM",0.006156395685433
"1066",78,"ph",8.0906183850781,"Chthamalus.montagui_PA1_RUN1_GAM",0.00992659254846699
"1067",78,"ph",8.0906183850781,"Chthamalus.montagui_PA1_allRun_MAXENT",0
"1068",78,"ph",8.0906183850781,"Chthamalus.montagui_PA1_RUN1_RF",0.012
"1069",79,"ph",8.0913819879063,"Chthamalus.montagui_PA1_RUN1_GLM",2.22044604925031e-16
"1070",79,"ph",8.0913819879063,"Chthamalus.montagui_PA1_RUN1_GAM",0.00974975962811527
"1071",79,"ph",8.0913819879063,"Chthamalus.montagui_PA1_allRun_MAXENT",0
"1072",79,"ph",8.0913819879063,"Chthamalus.montagui_allData_allRun_GLM",2.22044604925031e-16
"1073",79,"ph",8.0913819879063,"Chthamalus.montagui_PA1_RUN1_RF",0.01
"1074",79,"ph",8.0913819879063,"Chthamalus.montagui_allData_allRun_GAM",0.00603799115717523
"1075",80,"ph",8.09214559073449,"Chthamalus.montagui_allData_allRun_GLM",2.22044604925031e-16
"1076",80,"ph",8.09214559073449,"Chthamalus.montagui_PA1_RUN1_GLM",2.22044604925031e-16
"1077",80,"ph",8.09214559073449,"Chthamalus.montagui_PA1_allRun_MAXENT",0
"1078",80,"ph",8.09214559073449,"Chthamalus.montagui_allData_allRun_GAM",0.00592185030665597
"1079",80,"ph",8.09214559073449,"Chthamalus.montagui_PA1_RUN1_RF",0.008
"1080",80,"ph",8.09214559073449,"Chthamalus.montagui_PA1_RUN1_GAM",0.00957604635204132
"1081",81,"ph",8.09290919356268,"Chthamalus.montagui_allData_allRun_GLM",2.22044604925031e-16
"1082",81,"ph",8.09290919356268,"Chthamalus.montagui_PA1_allRun_MAXENT",0
"1083",81,"ph",8.09290919356268,"Chthamalus.montagui_allData_allRun_GAM",0.005807930373574
"1084",81,"ph",8.09290919356268,"Chthamalus.montagui_PA1_RUN1_RF",0.008
"1085",81,"ph",8.09290919356268,"Chthamalus.montagui_PA1_RUN1_GAM",0.00940539876054269
"1086",81,"ph",8.09290919356268,"Chthamalus.montagui_PA1_RUN1_GLM",2.22044604925031e-16
"1087",82,"ph",8.09367279639087,"Chthamalus.montagui_PA1_RUN1_GAM",0.00923776378920543
"1088",82,"ph",8.09367279639087,"Chthamalus.montagui_allData_allRun_GLM",2.22044604925031e-16
"1089",82,"ph",8.09367279639087,"Chthamalus.montagui_PA1_allRun_MAXENT",0
"1090",82,"ph",8.09367279639087,"Chthamalus.montagui_PA1_RUN1_GLM",2.22044604925031e-16
"1091",82,"ph",8.09367279639087,"Chthamalus.montagui_PA1_RUN1_RF",0.008
"1092",82,"ph",8.09367279639087,"Chthamalus.montagui_allData_allRun_GAM",0.00569618938565032
"1093",83,"ph",8.09443639921907,"Chthamalus.montagui_allData_allRun_GLM",2.22044604925031e-16
"1094",83,"ph",8.09443639921907,"Chthamalus.montagui_PA1_RUN1_GAM",0.00907308925540144
"1095",83,"ph",8.09443639921907,"Chthamalus.montagui_PA1_RUN1_GLM",2.22044604925031e-16
"1096",83,"ph",8.09443639921907,"Chthamalus.montagui_PA1_RUN1_RF",0.008
"1097",83,"ph",8.09443639921907,"Chthamalus.montagui_allData_allRun_GAM",0.00558658614485885
"1098",83,"ph",8.09443639921907,"Chthamalus.montagui_PA1_allRun_MAXENT",0
"1099",84,"ph",8.09520000204726,"Chthamalus.montagui_PA1_RUN1_GLM",2.22044604925031e-16
"1100",84,"ph",8.09520000204726,"Chthamalus.montagui_PA1_RUN1_RF",0.008
"1101",84,"ph",8.09520000204726,"Chthamalus.montagui_PA1_allRun_MAXENT",0
"1102",84,"ph",8.09520000204726,"Chthamalus.montagui_allData_allRun_GLM",2.22044604925031e-16
"1103",84,"ph",8.09520000204726,"Chthamalus.montagui_PA1_RUN1_GAM",0.00891132384494256
"1104",84,"ph",8.09520000204726,"Chthamalus.montagui_allData_allRun_GAM",0.00547908021387144
"1105",85,"ph",8.09596360487546,"Chthamalus.montagui_PA1_RUN1_GLM",2.22044604925031e-16
"1106",85,"ph",8.09596360487546,"Chthamalus.montagui_PA1_allRun_MAXENT",0
"1107",85,"ph",8.09596360487546,"Chthamalus.montagui_PA1_RUN1_GAM",0.00875241709888674
"1108",85,"ph",8.09596360487546,"Chthamalus.montagui_allData_allRun_GAM",0.00537363190270825
"1109",85,"ph",8.09596360487546,"Chthamalus.montagui_PA1_RUN1_RF",0.008
"1110",85,"ph",8.09596360487546,"Chthamalus.montagui_allData_allRun_GLM",2.22044604925031e-16
"1111",86,"ph",8.09672720770365,"Chthamalus.montagui_PA1_RUN1_GAM",0.00859631940050034
"1112",86,"ph",8.09672720770365,"Chthamalus.montagui_PA1_RUN1_RF",0.008
"1113",86,"ph",8.09672720770365,"Chthamalus.montagui_PA1_RUN1_GLM",2.22044604925031e-16
"1114",86,"ph",8.09672720770365,"Chthamalus.montagui_allData_allRun_GAM",0.00527020225559877
"1115",86,"ph",8.09672720770365,"Chthamalus.montagui_PA1_allRun_MAXENT",0
"1116",86,"ph",8.09672720770365,"Chthamalus.montagui_allData_allRun_GLM",2.22044604925031e-16
"1117",87,"ph",8.09749081053184,"Chthamalus.montagui_PA1_RUN1_GLM",2.22044604925031e-16
"1118",87,"ph",8.09749081053184,"Chthamalus.montagui_PA1_allRun_MAXENT",0
"1119",87,"ph",8.09749081053184,"Chthamalus.montagui_allData_allRun_GLM",2.22044604925031e-16
"1120",87,"ph",8.09749081053184,"Chthamalus.montagui_PA1_RUN1_RF",0.008
"1121",87,"ph",8.09749081053184,"Chthamalus.montagui_PA1_RUN1_GAM",0.00844298196237366
"1122",87,"ph",8.09749081053184,"Chthamalus.montagui_allData_allRun_GAM",0.00516875303804445
"1123",88,"ph",8.09825441336003,"Chthamalus.montagui_PA1_RUN1_GAM",0.00829235681369335
"1124",88,"ph",8.09825441336003,"Chthamalus.montagui_PA1_RUN1_GLM",2.22044604925031e-16
"1125",88,"ph",8.09825441336003,"Chthamalus.montagui_allData_allRun_GAM",0.00506924672408809
"1126",88,"ph",8.09825441336003,"Chthamalus.montagui_PA1_RUN1_RF",0.008
"1127",88,"ph",8.09825441336003,"Chthamalus.montagui_PA1_allRun_MAXENT",0
"1128",88,"ph",8.09825441336003,"Chthamalus.montagui_allData_allRun_GLM",2.22044604925031e-16
"1129",89,"ph",8.09901801618823,"Chthamalus.montagui_PA1_RUN1_GLM",2.22044604925031e-16
"1130",89,"ph",8.09901801618823,"Chthamalus.montagui_PA1_RUN1_GAM",0.00814439678766693
"1131",89,"ph",8.09901801618823,"Chthamalus.montagui_PA1_allRun_MAXENT",0
"1132",89,"ph",8.09901801618823,"Chthamalus.montagui_allData_allRun_GLM",2.22044604925031e-16
"1133",89,"ph",8.09901801618823,"Chthamalus.montagui_PA1_RUN1_RF",0.008
"1134",89,"ph",8.09901801618823,"Chthamalus.montagui_allData_allRun_GAM",0.00497164648378102
"1135",90,"ph",8.09978161901642,"Chthamalus.montagui_PA1_RUN1_GLM",2.22044604925031e-16
"1136",90,"ph",8.09978161901642,"Chthamalus.montagui_PA1_allRun_MAXENT",0
"1137",90,"ph",8.09978161901642,"Chthamalus.montagui_PA1_RUN1_RF",0.008
"1138",90,"ph",8.09978161901642,"Chthamalus.montagui_PA1_RUN1_GAM",0.00799905550910133
"1139",90,"ph",8.09978161901642,"Chthamalus.montagui_allData_allRun_GAM",0.00487591617084885
"1140",90,"ph",8.09978161901642,"Chthamalus.montagui_allData_allRun_GLM",2.22044604925031e-16
"1141",91,"ph",8.10054522184461,"Chthamalus.montagui_PA1_RUN1_GAM",0.00785628738213725
"1142",91,"ph",8.10054522184461,"Chthamalus.montagui_allData_allRun_GAM",0.00478202031055612
"1143",91,"ph",8.10054522184461,"Chthamalus.montagui_PA1_RUN1_RF",0.008
"1144",91,"ph",8.10054522184461,"Chthamalus.montagui_PA1_RUN1_GLM",2.22044604925031e-16
"1145",91,"ph",8.10054522184461,"Chthamalus.montagui_PA1_allRun_MAXENT",0
"1146",91,"ph",8.10054522184461,"Chthamalus.montagui_allData_allRun_GLM",2.22044604925031e-16
"1147",92,"ph",8.10130882467281,"Chthamalus.montagui_PA1_RUN1_GLM",2.22044604925031e-16
"1148",92,"ph",8.10130882467281,"Chthamalus.montagui_allData_allRun_GLM",2.22044604925031e-16
"1149",92,"ph",8.10130882467281,"Chthamalus.montagui_PA1_allRun_MAXENT",0
"1150",92,"ph",8.10130882467281,"Chthamalus.montagui_PA1_RUN1_RF",0.008
"1151",92,"ph",8.10130882467281,"Chthamalus.montagui_PA1_RUN1_GAM",0.0077160475781345
"1152",92,"ph",8.10130882467281,"Chthamalus.montagui_allData_allRun_GAM",0.00468992408776231
"1153",93,"ph",8.102072427501,"Chthamalus.montagui_PA1_RUN1_GLM",2.22044604925031e-16
"1154",93,"ph",8.102072427501,"Chthamalus.montagui_PA1_RUN1_GAM",0.00757829202371021
"1155",93,"ph",8.102072427501,"Chthamalus.montagui_PA1_allRun_MAXENT",0
"1156",93,"ph",8.102072427501,"Chthamalus.montagui_allData_allRun_GAM",0.00459959333516987
"1157",93,"ph",8.102072427501,"Chthamalus.montagui_PA1_RUN1_RF",0.008
"1158",93,"ph",8.102072427501,"Chthamalus.montagui_allData_allRun_GLM",2.22044604925031e-16
"1159",94,"ph",8.10283603032919,"Chthamalus.montagui_PA1_RUN1_GAM",0.00744297738893107
"1160",94,"ph",8.10283603032919,"Chthamalus.montagui_PA1_RUN1_GLM",2.22044604925031e-16
"1161",94,"ph",8.10283603032919,"Chthamalus.montagui_PA1_RUN1_RF",0.008
"1162",94,"ph",8.10283603032919,"Chthamalus.montagui_PA1_allRun_MAXENT",0
"1163",94,"ph",8.10283603032919,"Chthamalus.montagui_allData_allRun_GLM",2.22044604925031e-16
"1164",94,"ph",8.10283603032919,"Chthamalus.montagui_allData_allRun_GAM",0.0045109945217642
"1165",95,"ph",8.10359963315739,"Chthamalus.montagui_PA1_RUN1_GLM",2.22044604925031e-16
"1166",95,"ph",8.10359963315739,"Chthamalus.montagui_PA1_allRun_MAXENT",0
"1167",95,"ph",8.10359963315739,"Chthamalus.montagui_PA1_RUN1_RF",0.008
"1168",95,"ph",8.10359963315739,"Chthamalus.montagui_PA1_RUN1_GAM",0.00731006107565482
"1169",95,"ph",8.10359963315739,"Chthamalus.montagui_allData_allRun_GLM",2.22044604925031e-16
"1170",95,"ph",8.10359963315739,"Chthamalus.montagui_allData_allRun_GAM",0.00442409474143762
"1171",96,"ph",8.10436323598558,"Chthamalus.montagui_PA1_RUN1_GAM",0.0071795012060249
"1172",96,"ph",8.10436323598558,"Chthamalus.montagui_allData_allRun_GAM",0.00433886170180123
"1173",96,"ph",8.10436323598558,"Chthamalus.montagui_PA1_RUN1_RF",0.008
"1174",96,"ph",8.10436323598558,"Chthamalus.montagui_PA1_RUN1_GLM",2.22044604925031e-16
"1175",96,"ph",8.10436323598558,"Chthamalus.montagui_allData_allRun_GLM",2.22044604925031e-16
"1176",96,"ph",8.10436323598558,"Chthamalus.montagui_PA1_allRun_MAXENT",0
"1177",97,"ph",8.10512683881377,"Chthamalus.montagui_PA1_RUN1_GLM",2.22044604925031e-16
"1178",97,"ph",8.10512683881377,"Chthamalus.montagui_PA1_allRun_MAXENT",0
"1179",97,"ph",8.10512683881377,"Chthamalus.montagui_PA1_RUN1_GAM",0.00705125661111113
"1180",97,"ph",8.10512683881377,"Chthamalus.montagui_PA1_RUN1_RF",0.008
"1181",97,"ph",8.10512683881377,"Chthamalus.montagui_allData_allRun_GLM",2.22044604925031e-16
"1182",97,"ph",8.10512683881377,"Chthamalus.montagui_allData_allRun_GAM",0.00425526371317665
"1183",98,"ph",8.10589044164197,"Chthamalus.montagui_PA1_RUN1_GLM",2.22044604925031e-16
"1184",98,"ph",8.10589044164197,"Chthamalus.montagui_PA1_RUN1_GAM",0.00692528681970548
"1185",98,"ph",8.10589044164197,"Chthamalus.montagui_PA1_RUN1_RF",0.008
"1186",98,"ph",8.10589044164197,"Chthamalus.montagui_PA1_allRun_MAXENT",0
"1187",98,"ph",8.10589044164197,"Chthamalus.montagui_allData_allRun_GAM",0.00417326967777133
"1188",98,"ph",8.10589044164197,"Chthamalus.montagui_allData_allRun_GLM",2.22044604925031e-16
"1189",99,"ph",8.10665404447016,"Chthamalus.montagui_PA1_RUN1_GLM",2.22044604925031e-16
"1190",99,"ph",8.10665404447016,"Chthamalus.montagui_allData_allRun_GLM",2.22044604925031e-16
"1191",99,"ph",8.10665404447016,"Chthamalus.montagui_allData_allRun_GAM",0.00409284907902964
"1192",99,"ph",8.10665404447016,"Chthamalus.montagui_PA1_allRun_MAXENT",0
"1193",99,"ph",8.10665404447016,"Chthamalus.montagui_PA1_RUN1_GAM",0.00680155204726263
"1194",99,"ph",8.10665404447016,"Chthamalus.montagui_PA1_RUN1_RF",0.008
"1195",100,"ph",8.10741764729835,"Chthamalus.montagui_PA1_RUN1_GLM",2.22044604925031e-16
"1196",100,"ph",8.10741764729835,"Chthamalus.montagui_allData_allRun_GAM",0.00401397197115988
"1197",100,"ph",8.10741764729835,"Chthamalus.montagui_PA1_allRun_MAXENT",0
"1198",100,"ph",8.10741764729835,"Chthamalus.montagui_PA1_RUN1_GAM",0.00668001318498651
"1199",100,"ph",8.10741764729835,"Chthamalus.montagui_PA1_RUN1_RF",0.008
"1200",100,"ph",8.10741764729835,"Chthamalus.montagui_allData_allRun_GLM",2.22044604925031e-16
"1201",1,"wave_fetch",2.16117453575134,"Chthamalus.montagui_PA1_RUN1_GAM",0.0389868736528787
"1202",1,"wave_fetch",2.16117453575134,"Chthamalus.montagui_PA1_allRun_MAXENT",0
"1203",1,"wave_fetch",2.16117453575134,"Chthamalus.montagui_allData_allRun_GLM",3.67223417164722e-13
"1204",1,"wave_fetch",2.16117453575134,"Chthamalus.montagui_PA1_RUN1_RF",0.224
"1205",1,"wave_fetch",2.16117453575134,"Chthamalus.montagui_PA1_RUN1_GLM",9.70152444576377e-13
"1206",1,"wave_fetch",2.16117453575134,"Chthamalus.montagui_allData_allRun_GAM",0.0271311763091409
"1207",2,"wave_fetch",2.18377114787246,"Chthamalus.montagui_PA1_allRun_MAXENT",0
"1208",2,"wave_fetch",2.18377114787246,"Chthamalus.montagui_allData_allRun_GLM",9.06417858889482e-13
"1209",2,"wave_fetch",2.18377114787246,"Chthamalus.montagui_PA1_RUN1_RF",0.224
"1210",2,"wave_fetch",2.18377114787246,"Chthamalus.montagui_PA1_RUN1_GLM",2.34348261109832e-12
"1211",2,"wave_fetch",2.18377114787246,"Chthamalus.montagui_PA1_RUN1_GAM",0.038697914669016
"1212",2,"wave_fetch",2.18377114787246,"Chthamalus.montagui_allData_allRun_GAM",0.026902023860735
"1213",3,"wave_fetch",2.20636775999358,"Chthamalus.montagui_PA1_RUN1_GAM",0.0384110117609377
"1214",3,"wave_fetch",2.20636775999358,"Chthamalus.montagui_PA1_RUN1_GLM",5.58871995897984e-12
"1215",3,"wave_fetch",2.20636775999358,"Chthamalus.montagui_PA1_RUN1_RF",0.224
"1216",3,"wave_fetch",2.20636775999358,"Chthamalus.montagui_PA1_allRun_MAXENT",0
"1217",3,"wave_fetch",2.20636775999358,"Chthamalus.montagui_allData_allRun_GLM",2.20833213887035e-12
"1218",3,"wave_fetch",2.20636775999358,"Chthamalus.montagui_allData_allRun_GAM",0.0266747537880633
"1219",4,"wave_fetch",2.2289643721147,"Chthamalus.montagui_PA1_RUN1_GLM",1.31580587614262e-11
"1220",4,"wave_fetch",2.2289643721147,"Chthamalus.montagui_PA1_RUN1_GAM",0.0381261515638612
"1221",4,"wave_fetch",2.2289643721147,"Chthamalus.montagui_PA1_allRun_MAXENT",0
"1222",4,"wave_fetch",2.2289643721147,"Chthamalus.montagui_allData_allRun_GLM",5.31053389819419e-12
"1223",4,"wave_fetch",2.2289643721147,"Chthamalus.montagui_PA1_RUN1_RF",0.224
"1224",4,"wave_fetch",2.2289643721147,"Chthamalus.montagui_allData_allRun_GAM",0.0264493515214813
"1225",5,"wave_fetch",2.25156098423582,"Chthamalus.montagui_PA1_RUN1_RF",0.224
"1226",5,"wave_fetch",2.25156098423582,"Chthamalus.montagui_PA1_RUN1_GAM",0.0378433207811359
"1227",5,"wave_fetch",2.25156098423582,"Chthamalus.montagui_allData_allRun_GAM",0.0262258025890629
"1228",5,"wave_fetch",2.25156098423582,"Chthamalus.montagui_PA1_allRun_MAXENT",0
"1229",5,"wave_fetch",2.25156098423582,"Chthamalus.montagui_PA1_RUN1_GLM",3.0584413360882e-11
"1230",5,"wave_fetch",2.25156098423582,"Chthamalus.montagui_allData_allRun_GLM",1.26052026149757e-11
"1231",6,"wave_fetch",2.27415759635694,"Chthamalus.montagui_PA1_RUN1_GLM",7.01838758216777e-11
"1232",6,"wave_fetch",2.27415759635694,"Chthamalus.montagui_PA1_RUN1_GAM",0.0375625061841838
"1233",6,"wave_fetch",2.27415759635694,"Chthamalus.montagui_allData_allRun_GLM",2.9532439946606e-11
"1234",6,"wave_fetch",2.27415759635694,"Chthamalus.montagui_PA1_allRun_MAXENT",0
"1235",6,"wave_fetch",2.27415759635694,"Chthamalus.montagui_PA1_RUN1_RF",0.224
"1236",6,"wave_fetch",2.27415759635694,"Chthamalus.montagui_allData_allRun_GAM",0.026004092616204
"1237",7,"wave_fetch",2.29675420847806,"Chthamalus.montagui_PA1_RUN1_GLM",1.59002298051744e-10
"1238",7,"wave_fetch",2.29675420847806,"Chthamalus.montagui_PA1_RUN1_GAM",0.0372836946124347
"1239",7,"wave_fetch",2.29675420847806,"Chthamalus.montagui_PA1_RUN1_RF",0.224
"1240",7,"wave_fetch",2.29675420847806,"Chthamalus.montagui_PA1_allRun_MAXENT",0
"1241",7,"wave_fetch",2.29675420847806,"Chthamalus.montagui_allData_allRun_GAM",0.0257842073252228
"1242",7,"wave_fetch",2.29675420847806,"Chthamalus.montagui_allData_allRun_GLM",6.82946496192765e-11
"1243",8,"wave_fetch",2.31935082059918,"Chthamalus.montagui_PA1_RUN1_GAM",0.037006872973256
"1244",8,"wave_fetch",2.31935082059918,"Chthamalus.montagui_PA1_allRun_MAXENT",0
"1245",8,"wave_fetch",2.31935082059918,"Chthamalus.montagui_PA1_RUN1_GLM",3.55629938339934e-10
"1246",8,"wave_fetch",2.31935082059918,"Chthamalus.montagui_PA1_RUN1_RF",0.224
"1247",8,"wave_fetch",2.31935082059918,"Chthamalus.montagui_allData_allRun_GLM",1.55887713164307e-10
"1248",8,"wave_fetch",2.31935082059918,"Chthamalus.montagui_allData_allRun_GAM",0.0255661325349569
"1249",9,"wave_fetch",2.3419474327203,"Chthamalus.montagui_PA1_RUN1_GLM",7.85275571768749e-10
"1250",9,"wave_fetch",2.3419474327203,"Chthamalus.montagui_allData_allRun_GLM",3.51216526961004e-10
"1251",9,"wave_fetch",2.3419474327203,"Chthamalus.montagui_PA1_allRun_MAXENT",0
"1252",9,"wave_fetch",2.3419474327203,"Chthamalus.montagui_PA1_RUN1_RF",0.224
"1253",9,"wave_fetch",2.3419474327203,"Chthamalus.montagui_PA1_RUN1_GAM",0.0367320282418775
"1254",9,"wave_fetch",2.3419474327203,"Chthamalus.montagui_allData_allRun_GAM",0.0253498541603574
"1255",10,"wave_fetch",2.36454404484142,"Chthamalus.montagui_PA1_RUN1_GAM",0.0364591474613117
"1256",10,"wave_fetch",2.36454404484142,"Chthamalus.montagui_PA1_RUN1_RF",0.224
"1257",10,"wave_fetch",2.36454404484142,"Chthamalus.montagui_allData_allRun_GAM",0.0251353582120805
"1258",10,"wave_fetch",2.36454404484142,"Chthamalus.montagui_PA1_allRun_MAXENT",0
"1259",10,"wave_fetch",2.36454404484142,"Chthamalus.montagui_PA1_RUN1_GLM",1.71188552907039e-09
"1260",10,"wave_fetch",2.36454404484142,"Chthamalus.montagui_allData_allRun_GLM",7.81044637503705e-10
"1261",11,"wave_fetch",2.38714065696254,"Chthamalus.montagui_PA1_RUN1_GAM",0.036188217742269
"1262",11,"wave_fetch",2.38714065696254,"Chthamalus.montagui_PA1_RUN1_GLM",3.68431041213723e-09
"1263",11,"wave_fetch",2.38714065696254,"Chthamalus.montagui_allData_allRun_GLM",1.71440971406977e-09
"1264",11,"wave_fetch",2.38714065696254,"Chthamalus.montagui_PA1_allRun_MAXENT",0
"1265",11,"wave_fetch",2.38714065696254,"Chthamalus.montagui_PA1_RUN1_RF",0.224
"1266",11,"wave_fetch",2.38714065696254,"Chthamalus.montagui_allData_allRun_GAM",0.024922630796075
"1267",12,"wave_fetch",2.40973726908366,"Chthamalus.montagui_PA1_RUN1_GLM",7.82828386135153e-09
"1268",12,"wave_fetch",2.40973726908366,"Chthamalus.montagui_PA1_allRun_MAXENT",0
"1269",12,"wave_fetch",2.40973726908366,"Chthamalus.montagui_PA1_RUN1_GAM",0.0359192262630676
"1270",12,"wave_fetch",2.40973726908366,"Chthamalus.montagui_PA1_RUN1_RF",0.224
"1271",12,"wave_fetch",2.40973726908366,"Chthamalus.montagui_allData_allRun_GLM",3.71442193488619e-09
"1272",12,"wave_fetch",2.40973726908366,"Chthamalus.montagui_allData_allRun_GAM",0.024711658113169
"1273",13,"wave_fetch",2.43233388120478,"Chthamalus.montagui_PA1_RUN1_GAM",0.0356521602695399
"1274",13,"wave_fetch",2.43233388120478,"Chthamalus.montagui_PA1_RUN1_RF",0.224
"1275",13,"wave_fetch",2.43233388120478,"Chthamalus.montagui_PA1_allRun_MAXENT",0
"1276",13,"wave_fetch",2.43233388120478,"Chthamalus.montagui_PA1_RUN1_GLM",1.64212334466568e-08
"1277",13,"wave_fetch",2.43233388120478,"Chthamalus.montagui_allData_allRun_GAM",0.0245024264586523
"1278",13,"wave_fetch",2.43233388120478,"Chthamalus.montagui_allData_allRun_GLM",7.94338667421321e-09
"1279",14,"wave_fetch",2.4549304933259,"Chthamalus.montagui_PA1_RUN1_GLM",3.40074322240652e-08
"1280",14,"wave_fetch",2.4549304933259,"Chthamalus.montagui_allData_allRun_GLM",1.67671026743464e-08
"1281",14,"wave_fetch",2.4549304933259,"Chthamalus.montagui_PA1_allRun_MAXENT",0
"1282",14,"wave_fetch",2.4549304933259,"Chthamalus.montagui_PA1_RUN1_GAM",0.0353870070749335
"1283",14,"wave_fetch",2.4549304933259,"Chthamalus.montagui_PA1_RUN1_RF",0.224
"1284",14,"wave_fetch",2.4549304933259,"Chthamalus.montagui_allData_allRun_GAM",0.0242949222218571
"1285",15,"wave_fetch",2.47752710544702,"Chthamalus.montagui_PA1_RUN1_GAM",0.0351237540598079
"1286",15,"wave_fetch",2.47752710544702,"Chthamalus.montagui_PA1_RUN1_RF",0.224
"1287",15,"wave_fetch",2.47752710544702,"Chthamalus.montagui_PA1_RUN1_GLM",6.95297646774849e-08
"1288",15,"wave_fetch",2.47752710544702,"Chthamalus.montagui_allData_allRun_GAM",0.0240891318857362
"1289",15,"wave_fetch",2.47752710544702,"Chthamalus.montagui_PA1_allRun_MAXENT",0
"1290",15,"wave_fetch",2.47752710544702,"Chthamalus.montagui_allData_allRun_GLM",3.4933990083272e-08
"1291",16,"wave_fetch",2.50012371756814,"Chthamalus.montagui_PA1_RUN1_GAM",0.0348623886719271
"1292",16,"wave_fetch",2.50012371756814,"Chthamalus.montagui_PA1_allRun_MAXENT",0
"1293",16,"wave_fetch",2.50012371756814,"Chthamalus.montagui_PA1_RUN1_GLM",1.40344863540098e-07
"1294",16,"wave_fetch",2.50012371756814,"Chthamalus.montagui_allData_allRun_GLM",7.18416348104117e-08
"1295",16,"wave_fetch",2.50012371756814,"Chthamalus.montagui_PA1_RUN1_RF",0.224
"1296",16,"wave_fetch",2.50012371756814,"Chthamalus.montagui_allData_allRun_GAM",0.0238850420264394
"1297",17,"wave_fetch",2.52272032968926,"Chthamalus.montagui_PA1_RUN1_GLM",2.79673370228213e-07
"1298",17,"wave_fetch",2.52272032968926,"Chthamalus.montagui_allData_allRun_GLM",1.45828382036268e-07
"1299",17,"wave_fetch",2.52272032968926,"Chthamalus.montagui_PA1_RUN1_GAM",0.0346028984261473
"1300",17,"wave_fetch",2.52272032968926,"Chthamalus.montagui_PA1_RUN1_RF",0.224
"1301",17,"wave_fetch",2.52272032968926,"Chthamalus.montagui_PA1_allRun_MAXENT",0
"1302",17,"wave_fetch",2.52272032968926,"Chthamalus.montagui_allData_allRun_GAM",0.0236826393128864
"1303",18,"wave_fetch",2.54531694181038,"Chthamalus.montagui_PA1_RUN1_RF",0.224
"1304",18,"wave_fetch",2.54531694181038,"Chthamalus.montagui_PA1_RUN1_GLM",5.50217643301717e-07
"1305",18,"wave_fetch",2.54531694181038,"Chthamalus.montagui_PA1_allRun_MAXENT",0
"1306",18,"wave_fetch",2.54531694181038,"Chthamalus.montagui_allData_allRun_GAM",0.0234819105063391
"1307",18,"wave_fetch",2.54531694181038,"Chthamalus.montagui_allData_allRun_GLM",2.92176801096624e-07
"1308",18,"wave_fetch",2.54531694181038,"Chthamalus.montagui_PA1_RUN1_GAM",0.0343452709043013
"1309",19,"wave_fetch",2.5679135539315,"Chthamalus.montagui_PA1_RUN1_GLM",1.06867748863162e-06
"1310",19,"wave_fetch",2.5679135539315,"Chthamalus.montagui_PA1_allRun_MAXENT",0
"1311",19,"wave_fetch",2.5679135539315,"Chthamalus.montagui_allData_allRun_GAM",0.0232828424599712
"1312",19,"wave_fetch",2.5679135539315,"Chthamalus.montagui_PA1_RUN1_RF",0.224
"1313",19,"wave_fetch",2.5679135539315,"Chthamalus.montagui_PA1_RUN1_GAM",0.034089493755078
"1314",19,"wave_fetch",2.5679135539315,"Chthamalus.montagui_allData_allRun_GLM",5.77812848898439e-07
"1315",20,"wave_fetch",2.59051016605262,"Chthamalus.montagui_allData_allRun_GAM",0.0230854221184357
"1316",20,"wave_fetch",2.59051016605262,"Chthamalus.montagui_allData_allRun_GLM",1.12788909719776e-06
"1317",20,"wave_fetch",2.59051016605262,"Chthamalus.montagui_PA1_allRun_MAXENT",0
"1318",20,"wave_fetch",2.59051016605262,"Chthamalus.montagui_PA1_RUN1_GLM",2.04921473203365e-06
"1319",20,"wave_fetch",2.59051016605262,"Chthamalus.montagui_PA1_RUN1_RF",0.224
"1320",20,"wave_fetch",2.59051016605262,"Chthamalus.montagui_PA1_RUN1_GAM",0.0338355546938984
"1321",21,"wave_fetch",2.61310677817374,"Chthamalus.montagui_allData_allRun_GLM",2.17311765476058e-06
"1322",21,"wave_fetch",2.61310677817374,"Chthamalus.montagui_PA1_allRun_MAXENT",0
"1323",21,"wave_fetch",2.61310677817374,"Chthamalus.montagui_PA1_RUN1_GLM",3.8793303906153e-06
"1324",21,"wave_fetch",2.61310677817374,"Chthamalus.montagui_PA1_RUN1_RF",0.224
"1325",21,"wave_fetch",2.61310677817374,"Chthamalus.montagui_allData_allRun_GAM",0.0228896365174313
"1326",21,"wave_fetch",2.61310677817374,"Chthamalus.montagui_PA1_RUN1_GAM",0.033583441502787
"1327",22,"wave_fetch",2.63570339029486,"Chthamalus.montagui_PA1_RUN1_GLM",7.25027131673859e-06
"1328",22,"wave_fetch",2.63570339029486,"Chthamalus.montagui_PA1_allRun_MAXENT",0
"1329",22,"wave_fetch",2.63570339029486,"Chthamalus.montagui_PA1_RUN1_GAM",0.0333331420302401
"1330",22,"wave_fetch",2.63570339029486,"Chthamalus.montagui_PA1_RUN1_RF",0.224
"1331",22,"wave_fetch",2.63570339029486,"Chthamalus.montagui_allData_allRun_GLM",4.13273480384815e-06
"1332",22,"wave_fetch",2.63570339029486,"Chthamalus.montagui_allData_allRun_GAM",0.0226954727832664
"1333",23,"wave_fetch",2.65830000241598,"Chthamalus.montagui_PA1_allRun_MAXENT",0
"1334",23,"wave_fetch",2.65830000241598,"Chthamalus.montagui_PA1_RUN1_RF",0.224
"1335",23,"wave_fetch",2.65830000241598,"Chthamalus.montagui_allData_allRun_GLM",7.75762826752502e-06
"1336",23,"wave_fetch",2.65830000241598,"Chthamalus.montagui_PA1_RUN1_GLM",1.33776371451073e-05
"1337",23,"wave_fetch",2.65830000241598,"Chthamalus.montagui_allData_allRun_GAM",0.0225029181324221
"1338",23,"wave_fetch",2.65830000241598,"Chthamalus.montagui_PA1_RUN1_GAM",0.0330846441910901
"1339",24,"wave_fetch",2.68089661453709,"Chthamalus.montagui_PA1_RUN1_GLM",2.4368641161364e-05
"1340",24,"wave_fetch",2.68089661453709,"Chthamalus.montagui_PA1_RUN1_GAM",0.0328379359663656
"1341",24,"wave_fetch",2.68089661453709,"Chthamalus.montagui_PA1_allRun_MAXENT",0
"1342",24,"wave_fetch",2.68089661453709,"Chthamalus.montagui_PA1_RUN1_RF",0.224
"1343",24,"wave_fetch",2.68089661453709,"Chthamalus.montagui_allData_allRun_GLM",1.43733151078785e-05
"1344",24,"wave_fetch",2.68089661453709,"Chthamalus.montagui_allData_allRun_GAM",0.0223119598711131
"1345",25,"wave_fetch",2.70349322665821,"Chthamalus.montagui_PA1_RUN1_GLM",4.38236349920435e-05
"1346",25,"wave_fetch",2.70349322665821,"Chthamalus.montagui_PA1_allRun_MAXENT",0
"1347",25,"wave_fetch",2.70349322665821,"Chthamalus.montagui_PA1_RUN1_GAM",0.0325930054031484
"1348",25,"wave_fetch",2.70349322665821,"Chthamalus.montagui_PA1_RUN1_RF",0.224
"1349",25,"wave_fetch",2.70349322665821,"Chthamalus.montagui_allData_allRun_GLM",2.62857565409192e-05
"1350",25,"wave_fetch",2.70349322665821,"Chthamalus.montagui_allData_allRun_GAM",0.0221225853948476
"1351",26,"wave_fetch",2.72608983877933,"Chthamalus.montagui_PA1_allRun_MAXENT",0
"1352",26,"wave_fetch",2.72608983877933,"Chthamalus.montagui_PA1_RUN1_RF",0.224
"1353",26,"wave_fetch",2.72608983877933,"Chthamalus.montagui_PA1_RUN1_GLM",7.7805094262997e-05
"1354",26,"wave_fetch",2.72608983877933,"Chthamalus.montagui_allData_allRun_GLM",4.7447993470446e-05
"1355",26,"wave_fetch",2.72608983877933,"Chthamalus.montagui_PA1_RUN1_GAM",0.0323498406144271
"1356",26,"wave_fetch",2.72608983877933,"Chthamalus.montagui_allData_allRun_GAM",0.021934782187986
"1357",27,"wave_fetch",2.74868645090045,"Chthamalus.montagui_PA1_allRun_MAXENT",0
"1358",27,"wave_fetch",2.74868645090045,"Chthamalus.montagui_PA1_RUN1_GLM",0.000136372200887535
"1359",27,"wave_fetch",2.74868645090045,"Chthamalus.montagui_PA1_RUN1_RF",0.224
"1360",27,"wave_fetch",2.74868645090045,"Chthamalus.montagui_PA1_RUN1_GAM",0.0321084297789464
"1361",27,"wave_fetch",2.74868645090045,"Chthamalus.montagui_allData_allRun_GLM",8.45368686387987e-05
"1362",27,"wave_fetch",2.74868645090045,"Chthamalus.montagui_allData_allRun_GAM",0.0217485378232975
"1363",28,"wave_fetch",2.77128306302157,"Chthamalus.montagui_PA1_RUN1_GLM",0.000235968863982691
"1364",28,"wave_fetch",2.77128306302157,"Chthamalus.montagui_PA1_allRun_MAXENT",0
"1365",28,"wave_fetch",2.77128306302157,"Chthamalus.montagui_PA1_RUN1_GAM",0.0318687611410544
"1366",28,"wave_fetch",2.77128306302157,"Chthamalus.montagui_PA1_RUN1_RF",0.224
"1367",28,"wave_fetch",2.77128306302157,"Chthamalus.montagui_allData_allRun_GLM",0.00014866220556759
"1368",28,"wave_fetch",2.77128306302157,"Chthamalus.montagui_allData_allRun_GAM",0.0215638399615166
"1369",29,"wave_fetch",2.79387967514269,"Chthamalus.montagui_PA1_RUN1_GLM",0.000403072418261752
"1370",29,"wave_fetch",2.79387967514269,"Chthamalus.montagui_PA1_allRun_MAXENT",0
"1371",29,"wave_fetch",2.79387967514269,"Chthamalus.montagui_PA1_RUN1_GAM",0.0316308230105448
"1372",29,"wave_fetch",2.79387967514269,"Chthamalus.montagui_PA1_RUN1_RF",0.224
"1373",29,"wave_fetch",2.79387967514269,"Chthamalus.montagui_allData_allRun_GLM",0.000258031771469914
"1374",29,"wave_fetch",2.79387967514269,"Chthamalus.montagui_allData_allRun_GAM",0.0213806763508976
"1375",30,"wave_fetch",2.81647628726381,"Chthamalus.montagui_PA1_allRun_MAXENT",0
"1376",30,"wave_fetch",2.81647628726381,"Chthamalus.montagui_PA1_RUN1_RF",0.224
"1377",30,"wave_fetch",2.81647628726381,"Chthamalus.montagui_PA1_RUN1_GAM",0.0313946037624976
"1378",30,"wave_fetch",2.81647628726381,"Chthamalus.montagui_allData_allRun_GLM",0.000442029465698165
"1379",30,"wave_fetch",2.81647628726381,"Chthamalus.montagui_PA1_RUN1_GLM",0.000679661593437687
"1380",30,"wave_fetch",2.81647628726381,"Chthamalus.montagui_allData_allRun_GAM",0.0211990348267689
"1381",31,"wave_fetch",2.83907289938493,"Chthamalus.montagui_PA1_allRun_MAXENT",0
"1382",31,"wave_fetch",2.83907289938493,"Chthamalus.montagui_PA1_RUN1_GLM",0.00113124097606367
"1383",31,"wave_fetch",2.83907289938493,"Chthamalus.montagui_PA1_RUN1_RF",0.224
"1384",31,"wave_fetch",2.83907289938493,"Chthamalus.montagui_PA1_RUN1_GAM",0.0311600918371157
"1385",31,"wave_fetch",2.83907289938493,"Chthamalus.montagui_allData_allRun_GAM",0.0210189033110855
"1386",31,"wave_fetch",2.83907289938493,"Chthamalus.montagui_allData_allRun_GLM",0.000747333372702831
"1387",32,"wave_fetch",2.86166951150605,"Chthamalus.montagui_PA1_RUN1_GLM",0.00185834538043121
"1388",32,"wave_fetch",2.86166951150605,"Chthamalus.montagui_PA1_allRun_MAXENT",0
"1389",32,"wave_fetch",2.86166951150605,"Chthamalus.montagui_PA1_RUN1_GAM",0.0309272757395582
"1390",32,"wave_fetch",2.86166951150605,"Chthamalus.montagui_PA1_RUN1_RF",0.224
"1391",32,"wave_fetch",2.86166951150605,"Chthamalus.montagui_allData_allRun_GLM",0.00124689786582441
"1392",32,"wave_fetch",2.86166951150605,"Chthamalus.montagui_allData_allRun_GAM",0.0208402698119814
"1393",33,"wave_fetch",2.88426612362717,"Chthamalus.montagui_PA1_RUN1_GLM",0.00301259215137583
"1394",33,"wave_fetch",2.88426612362717,"Chthamalus.montagui_PA1_allRun_MAXENT",0
"1395",33,"wave_fetch",2.88426612362717,"Chthamalus.montagui_PA1_RUN1_GAM",0.0306961440397717
"1396",33,"wave_fetch",2.88426612362717,"Chthamalus.montagui_PA1_RUN1_RF",0.224
"1397",33,"wave_fetch",2.88426612362717,"Chthamalus.montagui_allData_allRun_GLM",0.00205282452062691
"1398",33,"wave_fetch",2.88426612362717,"Chthamalus.montagui_allData_allRun_GAM",0.0206631224233208
"1399",34,"wave_fetch",2.90686273574829,"Chthamalus.montagui_PA1_allRun_MAXENT",0
"1400",34,"wave_fetch",2.90686273574829,"Chthamalus.montagui_PA1_RUN1_GLM",0.00481834953684419
"1401",34,"wave_fetch",2.90686273574829,"Chthamalus.montagui_PA1_RUN1_RF",0.224
"1402",34,"wave_fetch",2.90686273574829,"Chthamalus.montagui_PA1_RUN1_GAM",0.0304666853723177
"1403",34,"wave_fetch",2.90686273574829,"Chthamalus.montagui_allData_allRun_GLM",0.00333428851738956
"1404",34,"wave_fetch",2.90686273574829,"Chthamalus.montagui_allData_allRun_GAM",0.0204874493242486
"1405",35,"wave_fetch",2.92945934786941,"Chthamalus.montagui_PA1_allRun_MAXENT",0
"1406",35,"wave_fetch",2.92945934786941,"Chthamalus.montagui_PA1_RUN1_RF",0.224
"1407",35,"wave_fetch",2.92945934786941,"Chthamalus.montagui_PA1_RUN1_GLM",0.0076007509752524
"1408",35,"wave_fetch",2.92945934786941,"Chthamalus.montagui_allData_allRun_GLM",0.00534164269673487
"1409",35,"wave_fetch",2.92945934786941,"Chthamalus.montagui_PA1_RUN1_GAM",0.0302388884361973
"1410",35,"wave_fetch",2.92945934786941,"Chthamalus.montagui_allData_allRun_GAM",0.0203132387787406
"1411",36,"wave_fetch",2.95205595999053,"Chthamalus.montagui_PA1_RUN1_GLM",0.0118197755703769
"1412",36,"wave_fetch",2.95205595999053,"Chthamalus.montagui_PA1_allRun_MAXENT",0
"1413",36,"wave_fetch",2.95205595999053,"Chthamalus.montagui_PA1_RUN1_GAM",0.0300127419946736
"1414",36,"wave_fetch",2.95205595999053,"Chthamalus.montagui_PA1_RUN1_RF",0.224
"1415",36,"wave_fetch",2.95205595999053,"Chthamalus.montagui_allData_allRun_GLM",0.00843735164639381
"1416",36,"wave_fetch",2.95205595999053,"Chthamalus.montagui_allData_allRun_GAM",0.0201404791351526
"1417",37,"wave_fetch",2.97465257211165,"Chthamalus.montagui_PA1_RUN1_GLM",0.0181079247813972
"1418",37,"wave_fetch",2.97465257211165,"Chthamalus.montagui_PA1_RUN1_GAM",0.0297882348750912
"1419",37,"wave_fetch",2.97465257211165,"Chthamalus.montagui_PA1_allRun_MAXENT",0
"1420",37,"wave_fetch",2.97465257211165,"Chthamalus.montagui_PA1_RUN1_RF",0.224
"1421",37,"wave_fetch",2.97465257211165,"Chthamalus.montagui_allData_allRun_GLM",0.0131331079993484
"1422",37,"wave_fetch",2.97465257211165,"Chthamalus.montagui_allData_allRun_GAM",0.0199691588257694
"1423",38,"wave_fetch",2.99724918423277,"Chthamalus.montagui_PA1_allRun_MAXENT",0
"1424",38,"wave_fetch",2.99724918423277,"Chthamalus.montagui_PA1_RUN1_GLM",0.0273050088422863
"1425",38,"wave_fetch",2.99724918423277,"Chthamalus.montagui_PA1_RUN1_RF",0.224
"1426",38,"wave_fetch",2.99724918423277,"Chthamalus.montagui_PA1_RUN1_GAM",0.0295653559686921
"1427",38,"wave_fetch",2.99724918423277,"Chthamalus.montagui_allData_allRun_GLM",0.0201297466372781
"1428",38,"wave_fetch",2.99724918423277,"Chthamalus.montagui_allData_allRun_GAM",0.0197992663663533
"1429",39,"wave_fetch",3.01984579635389,"Chthamalus.montagui_PA1_allRun_MAXENT",0
"1430",39,"wave_fetch",3.01984579635389,"Chthamalus.montagui_PA1_RUN1_RF",0.228
"1431",39,"wave_fetch",3.01984579635389,"Chthamalus.montagui_allData_allRun_GLM",0.0303516733106505
"1432",39,"wave_fetch",3.01984579635389,"Chthamalus.montagui_PA1_RUN1_GLM",0.0404772047666403
"1433",39,"wave_fetch",3.01984579635389,"Chthamalus.montagui_allData_allRun_GAM",0.0196307903556919
"1434",39,"wave_fetch",3.01984579635389,"Chthamalus.montagui_PA1_RUN1_GAM",0.0293440942304307
"1435",40,"wave_fetch",3.04244240847501,"Chthamalus.montagui_allData_allRun_GLM",0.0449600148831701
"1436",40,"wave_fetch",3.04244240847501,"Chthamalus.montagui_PA1_RUN1_GLM",0.0588992509157776
"1437",40,"wave_fetch",3.04244240847501,"Chthamalus.montagui_PA1_allRun_MAXENT",0
"1438",40,"wave_fetch",3.04244240847501,"Chthamalus.montagui_allData_allRun_GAM",0.0194637194751464
"1439",40,"wave_fetch",3.04244240847501,"Chthamalus.montagui_PA1_RUN1_RF",0.228
"1440",40,"wave_fetch",3.04244240847501,"Chthamalus.montagui_PA1_RUN1_GAM",0.0291244386787847
"1441",41,"wave_fetch",3.06503902059613,"Chthamalus.montagui_allData_allRun_GLM",0.0653194409592401
"1442",41,"wave_fetch",3.06503902059613,"Chthamalus.montagui_allData_allRun_GAM",0.0192980424881987
"1443",41,"wave_fetch",3.06503902059613,"Chthamalus.montagui_PA1_RUN1_GAM",0.0289063783955644
"1444",41,"wave_fetch",3.06503902059613,"Chthamalus.montagui_PA1_RUN1_GLM",0.0839711497261843
"1445",41,"wave_fetch",3.06503902059613,"Chthamalus.montagui_PA1_allRun_MAXENT",0
"1446",41,"wave_fetch",3.06503902059613,"Chthamalus.montagui_PA1_RUN1_RF",0.228
"1447",42,"wave_fetch",3.08763563271725,"Chthamalus.montagui_PA1_RUN1_GAM",0.0286899025257194
"1448",42,"wave_fetch",3.08763563271725,"Chthamalus.montagui_allData_allRun_GLM",0.0928865954737455
"1449",42,"wave_fetch",3.08763563271725,"Chthamalus.montagui_PA1_allRun_MAXENT",0
"1450",42,"wave_fetch",3.08763563271725,"Chthamalus.montagui_PA1_RUN1_GLM",0.117040908822393
"1451",42,"wave_fetch",3.08763563271725,"Chthamalus.montagui_PA1_RUN1_RF",0.228
"1452",42,"wave_fetch",3.08763563271725,"Chthamalus.montagui_allData_allRun_GAM",0.019133748239999
"1453",43,"wave_fetch",3.11023224483837,"Chthamalus.montagui_PA1_RUN1_GAM",0.0284750002771429
"1454",43,"wave_fetch",3.11023224483837,"Chthamalus.montagui_PA1_RUN1_RF",0.228
"1455",43,"wave_fetch",3.11023224483837,"Chthamalus.montagui_PA1_RUN1_GLM",0.159123503367888
"1456",43,"wave_fetch",3.11023224483837,"Chthamalus.montagui_PA1_allRun_MAXENT",0
"1457",43,"wave_fetch",3.11023224483837,"Chthamalus.montagui_allData_allRun_GLM",0.128992230819866
"1458",43,"wave_fetch",3.11023224483837,"Chthamalus.montagui_allData_allRun_GAM",0.0189708256569129
"1459",44,"wave_fetch",3.13282885695949,"Chthamalus.montagui_PA1_allRun_MAXENT",0
"1460",44,"wave_fetch",3.13282885695949,"Chthamalus.montagui_PA1_RUN1_GAM",0.0282616609204738
"1461",44,"wave_fetch",3.13282885695949,"Chthamalus.montagui_PA1_RUN1_GLM",0.21055205796352
"1462",44,"wave_fetch",3.13282885695949,"Chthamalus.montagui_allData_allRun_GLM",0.174516945998367
"1463",44,"wave_fetch",3.13282885695949,"Chthamalus.montagui_PA1_RUN1_RF",0.228
"1464",44,"wave_fetch",3.13282885695949,"Chthamalus.montagui_allData_allRun_GAM",0.0188092637460687
"1465",45,"wave_fetch",3.15542546908061,"Chthamalus.montagui_PA1_RUN1_GLM",0.270662129240528
"1466",45,"wave_fetch",3.15542546908061,"Chthamalus.montagui_PA1_RUN1_GAM",0.0280498737888964
"1467",45,"wave_fetch",3.15542546908061,"Chthamalus.montagui_allData_allRun_GAM",0.0186490515949048
"1468",45,"wave_fetch",3.15542546908061,"Chthamalus.montagui_PA1_RUN1_RF",0.228
"1469",45,"wave_fetch",3.15542546908061,"Chthamalus.montagui_PA1_allRun_MAXENT",0
"1470",45,"wave_fetch",3.15542546908061,"Chthamalus.montagui_allData_allRun_GLM",0.2295183904457
"1471",46,"wave_fetch",3.17802208120173,"Chthamalus.montagui_PA1_RUN1_GAM",0.0278396282779381
"1472",46,"wave_fetch",3.17802208120173,"Chthamalus.montagui_PA1_RUN1_GLM",0.337655721854418
"1473",46,"wave_fetch",3.17802208120173,"Chthamalus.montagui_PA1_allRun_MAXENT",0
"1474",46,"wave_fetch",3.17802208120173,"Chthamalus.montagui_PA1_RUN1_RF",0.228
"1475",46,"wave_fetch",3.17802208120173,"Chthamalus.montagui_allData_allRun_GLM",0.292938296329903
"1476",46,"wave_fetch",3.17802208120173,"Chthamalus.montagui_allData_allRun_GAM",0.0184901783707164
"1477",47,"wave_fetch",3.20061869332285,"Chthamalus.montagui_PA1_RUN1_GLM",0.408763449137676
"1478",47,"wave_fetch",3.20061869332285,"Chthamalus.montagui_PA1_allRun_MAXENT",0
"1479",47,"wave_fetch",3.20061869332285,"Chthamalus.montagui_PA1_RUN1_GAM",0.0276309138452653
"1480",47,"wave_fetch",3.20061869332285,"Chthamalus.montagui_allData_allRun_GLM",0.362549217111823
"1481",47,"wave_fetch",3.20061869332285,"Chthamalus.montagui_PA1_RUN1_RF",0.228
"1482",47,"wave_fetch",3.20061869332285,"Chthamalus.montagui_allData_allRun_GAM",0.0183326333202037
"1483",48,"wave_fetch",3.22321530544397,"Chthamalus.montagui_PA1_RUN1_GAM",0.0274237200104764
"1484",48,"wave_fetch",3.22321530544397,"Chthamalus.montagui_PA1_RUN1_RF",0.228
"1485",48,"wave_fetch",3.22321530544397,"Chthamalus.montagui_PA1_RUN1_GLM",0.480702469538087
"1486",48,"wave_fetch",3.22321530544397,"Chthamalus.montagui_PA1_allRun_MAXENT",0
"1487",48,"wave_fetch",3.22321530544397,"Chthamalus.montagui_allData_allRun_GAM",0.0181764057690188
"1488",48,"wave_fetch",3.22321530544397,"Chthamalus.montagui_allData_allRun_GLM",0.435237040190665
"1489",49,"wave_fetch",3.24581191756509,"Chthamalus.montagui_PA1_RUN1_GLM",0.550278145251345
"1490",49,"wave_fetch",3.24581191756509,"Chthamalus.montagui_PA1_allRun_MAXENT",0
"1491",49,"wave_fetch",3.24581191756509,"Chthamalus.montagui_allData_allRun_GLM",0.507561588129762
"1492",49,"wave_fetch",3.24581191756509,"Chthamalus.montagui_PA1_RUN1_GAM",0.0272180363548939
"1493",49,"wave_fetch",3.24581191756509,"Chthamalus.montagui_allData_allRun_GAM",0.0180214851213137
"1494",49,"wave_fetch",3.24581191756509,"Chthamalus.montagui_PA1_RUN1_RF",0.23
"1495",50,"wave_fetch",3.26840852968621,"Chthamalus.montagui_PA1_RUN1_GLM",0.614907815014042
"1496",50,"wave_fetch",3.26840852968621,"Chthamalus.montagui_PA1_RUN1_GAM",0.0270138525213536
"1497",50,"wave_fetch",3.26840852968621,"Chthamalus.montagui_PA1_RUN1_RF",0.23
"1498",50,"wave_fetch",3.26840852968621,"Chthamalus.montagui_allData_allRun_GAM",0.0178678608592887
"1499",50,"wave_fetch",3.26840852968621,"Chthamalus.montagui_PA1_allRun_MAXENT",0
"1500",50,"wave_fetch",3.26840852968621,"Chthamalus.montagui_allData_allRun_GLM",0.576390915242222
"1501",51,"wave_fetch",3.29100514180733,"Chthamalus.montagui_PA1_RUN1_GAM",0.0268111582139929
"1502",51,"wave_fetch",3.29100514180733,"Chthamalus.montagui_PA1_RUN1_RF",0.23
"1503",51,"wave_fetch",3.29100514180733,"Chthamalus.montagui_PA1_RUN1_GLM",0.672905685942806
"1504",51,"wave_fetch",3.29100514180733,"Chthamalus.montagui_PA1_allRun_MAXENT",0
"1505",51,"wave_fetch",3.29100514180733,"Chthamalus.montagui_allData_allRun_GLM",0.639377617558816
"1506",51,"wave_fetch",3.29100514180733,"Chthamalus.montagui_allData_allRun_GAM",0.0177155225427401
"1507",52,"wave_fetch",3.31360175392844,"Chthamalus.montagui_PA1_allRun_MAXENT",0
"1508",52,"wave_fetch",3.31360175392844,"Chthamalus.montagui_PA1_RUN1_GLM",0.723501178898633
"1509",52,"wave_fetch",3.31360175392844,"Chthamalus.montagui_allData_allRun_GLM",0.695151544566847
"1510",52,"wave_fetch",3.31360175392844,"Chthamalus.montagui_PA1_RUN1_GAM",0.0266099431980361
"1511",52,"wave_fetch",3.31360175392844,"Chthamalus.montagui_PA1_RUN1_RF",0.23
"1512",52,"wave_fetch",3.31360175392844,"Chthamalus.montagui_allData_allRun_GAM",0.0175644598086098
"1513",53,"wave_fetch",3.33619836604956,"Chthamalus.montagui_PA1_RUN1_GAM",0.0264101972995792
"1514",53,"wave_fetch",3.33619836604956,"Chthamalus.montagui_PA1_RUN1_GLM",0.766670694717293
"1515",53,"wave_fetch",3.33619836604956,"Chthamalus.montagui_PA1_RUN1_RF",0.23
"1516",53,"wave_fetch",3.33619836604956,"Chthamalus.montagui_allData_allRun_GAM",0.017414662370534
"1517",53,"wave_fetch",3.33619836604956,"Chthamalus.montagui_PA1_allRun_MAXENT",0
"1518",53,"wave_fetch",3.33619836604956,"Chthamalus.montagui_allData_allRun_GLM",0.743249834325665
"1519",54,"wave_fetch",3.35879497817068,"Chthamalus.montagui_PA1_RUN1_GLM",0.802895342156316
"1520",54,"wave_fetch",3.35879497817068,"Chthamalus.montagui_PA1_allRun_MAXENT",0
"1521",54,"wave_fetch",3.35879497817068,"Chthamalus.montagui_PA1_RUN1_GAM",0.0262119104053722
"1522",54,"wave_fetch",3.35879497817068,"Chthamalus.montagui_allData_allRun_GLM",0.783894008448784
"1523",54,"wave_fetch",3.35879497817068,"Chthamalus.montagui_PA1_RUN1_RF",0.23
"1524",54,"wave_fetch",3.35879497817068,"Chthamalus.montagui_allData_allRun_GAM",0.0172661200183929
"1525",55,"wave_fetch",3.3813915902918,"Chthamalus.montagui_PA1_RUN1_GLM",0.832931075084416
"1526",55,"wave_fetch",3.3813915902918,"Chthamalus.montagui_PA1_RUN1_GAM",0.0260150724625998
"1527",55,"wave_fetch",3.3813915902918,"Chthamalus.montagui_PA1_allRun_MAXENT",0
"1528",55,"wave_fetch",3.3813915902918,"Chthamalus.montagui_PA1_RUN1_RF",0.23
"1529",55,"wave_fetch",3.3813915902918,"Chthamalus.montagui_allData_allRun_GAM",0.0171188226178611
"1530",55,"wave_fetch",3.3813915902918,"Chthamalus.montagui_allData_allRun_GLM",0.817730034800909
"1531",56,"wave_fetch",3.40398820241292,"Chthamalus.montagui_PA1_RUN1_GAM",0.025819673478661
"1532",56,"wave_fetch",3.40398820241292,"Chthamalus.montagui_PA1_RUN1_RF",0.23
"1533",56,"wave_fetch",3.40398820241292,"Chthamalus.montagui_PA1_allRun_MAXENT",0
"1534",56,"wave_fetch",3.40398820241292,"Chthamalus.montagui_PA1_RUN1_GLM",0.857633402978565
"1535",56,"wave_fetch",3.40398820241292,"Chthamalus.montagui_allData_allRun_GLM",0.845605806612048
"1536",56,"wave_fetch",3.40398820241292,"Chthamalus.montagui_allData_allRun_GAM",0.0169727601099586
"1537",57,"wave_fetch",3.42658481453404,"Chthamalus.montagui_PA1_RUN1_GLM",0.877844024105424
"1538",57,"wave_fetch",3.42658481453404,"Chthamalus.montagui_PA1_allRun_MAXENT",0
"1539",57,"wave_fetch",3.42658481453404,"Chthamalus.montagui_PA1_RUN1_GAM",0.0256257035209464
"1540",57,"wave_fetch",3.42658481453404,"Chthamalus.montagui_allData_allRun_GAM",0.0168279225106015
"1541",57,"wave_fetch",3.42658481453404,"Chthamalus.montagui_allData_allRun_GLM",0.868413965941925
"1542",57,"wave_fetch",3.42658481453404,"Chthamalus.montagui_PA1_RUN1_RF",0.23
"1543",58,"wave_fetch",3.44918142665516,"Chthamalus.montagui_PA1_RUN1_GLM",0.894328795305308
"1544",58,"wave_fetch",3.44918142665516,"Chthamalus.montagui_PA1_RUN1_GAM",0.0254331527166151
"1545",58,"wave_fetch",3.44918142665516,"Chthamalus.montagui_PA1_RUN1_RF",0.232
"1546",58,"wave_fetch",3.44918142665516,"Chthamalus.montagui_allData_allRun_GAM",0.0166842999101547
"1547",58,"wave_fetch",3.44918142665516,"Chthamalus.montagui_PA1_allRun_MAXENT",0
"1548",58,"wave_fetch",3.44918142665516,"Chthamalus.montagui_allData_allRun_GLM",0.886997619659361
"1549",59,"wave_fetch",3.47177803877628,"Chthamalus.montagui_PA1_RUN1_GLM",0.907751436331489
"1550",59,"wave_fetch",3.47177803877628,"Chthamalus.montagui_PA1_allRun_MAXENT",0
"1551",59,"wave_fetch",3.47177803877628,"Chthamalus.montagui_allData_allRun_GAM",0.0165418824729847
"1552",59,"wave_fetch",3.47177803877628,"Chthamalus.montagui_PA1_RUN1_RF",0.236
"1553",59,"wave_fetch",3.47177803877628,"Chthamalus.montagui_PA1_RUN1_GAM",0.0252420112523686
"1554",59,"wave_fetch",3.47177803877628,"Chthamalus.montagui_allData_allRun_GLM",0.90210377942186
"1555",60,"wave_fetch",3.4943746508974,"Chthamalus.montagui_PA1_allRun_MAXENT",0
"1556",60,"wave_fetch",3.4943746508974,"Chthamalus.montagui_PA1_RUN1_RF",0.26
"1557",60,"wave_fetch",3.4943746508974,"Chthamalus.montagui_allData_allRun_GAM",0.0164006604370125
"1558",60,"wave_fetch",3.4943746508974,"Chthamalus.montagui_allData_allRun_GLM",0.914367858066618
"1559",60,"wave_fetch",3.4943746508974,"Chthamalus.montagui_PA1_RUN1_GLM",0.91866900324835
"1560",60,"wave_fetch",3.4943746508974,"Chthamalus.montagui_PA1_RUN1_GAM",0.025052269374225
"1561",61,"wave_fetch",3.51697126301852,"Chthamalus.montagui_allData_allRun_GLM",0.924315866421611
"1562",61,"wave_fetch",3.51697126301852,"Chthamalus.montagui_PA1_allRun_MAXENT",0
"1563",61,"wave_fetch",3.51697126301852,"Chthamalus.montagui_PA1_RUN1_GLM",0.927538939425532
"1564",61,"wave_fetch",3.51697126301852,"Chthamalus.montagui_PA1_RUN1_RF",0.26
"1565",61,"wave_fetch",3.51697126301852,"Chthamalus.montagui_allData_allRun_GAM",0.0162606241132685
"1566",61,"wave_fetch",3.51697126301852,"Chthamalus.montagui_PA1_RUN1_GAM",0.0248639173872905
"1567",62,"wave_fetch",3.53956787513964,"Chthamalus.montagui_allData_allRun_GLM",0.93237521718793
"1568",62,"wave_fetch",3.53956787513964,"Chthamalus.montagui_PA1_RUN1_GLM",0.934731159280196
"1569",62,"wave_fetch",3.53956787513964,"Chthamalus.montagui_allData_allRun_GAM",0.0161217638854473
"1570",62,"wave_fetch",3.53956787513964,"Chthamalus.montagui_PA1_RUN1_GAM",0.0246769456555306
"1571",62,"wave_fetch",3.53956787513964,"Chthamalus.montagui_PA1_allRun_MAXENT",0
"1572",62,"wave_fetch",3.53956787513964,"Chthamalus.montagui_PA1_RUN1_RF",0.33
"1573",63,"wave_fetch",3.56216448726076,"Chthamalus.montagui_PA1_RUN1_GLM",0.940541374261253
"1574",63,"wave_fetch",3.56216448726076,"Chthamalus.montagui_PA1_RUN1_GAM",0.0244913446015391
"1575",63,"wave_fetch",3.56216448726076,"Chthamalus.montagui_allData_allRun_GLM",0.938888617423215
"1576",63,"wave_fetch",3.56216448726076,"Chthamalus.montagui_PA1_allRun_MAXENT",0
"1577",63,"wave_fetch",3.56216448726076,"Chthamalus.montagui_allData_allRun_GAM",0.0159840702094637
"1578",63,"wave_fetch",3.56216448726076,"Chthamalus.montagui_PA1_RUN1_RF",0.304
"1579",64,"wave_fetch",3.58476109938188,"Chthamalus.montagui_PA1_RUN1_GLM",0.94520369235855
"1580",64,"wave_fetch",3.58476109938188,"Chthamalus.montagui_PA1_RUN1_GAM",0.0243071047063068
"1581",64,"wave_fetch",3.58476109938188,"Chthamalus.montagui_PA1_allRun_MAXENT",0
"1582",64,"wave_fetch",3.58476109938188,"Chthamalus.montagui_PA1_RUN1_RF",0.292
"1583",64,"wave_fetch",3.58476109938188,"Chthamalus.montagui_allData_allRun_GLM",0.944128034552122
"1584",64,"wave_fetch",3.58476109938188,"Chthamalus.montagui_allData_allRun_GAM",0.0158475336130097
"1585",65,"wave_fetch",3.607357711503,"Chthamalus.montagui_PA1_RUN1_GLM",0.948901619382757
"1586",65,"wave_fetch",3.607357711503,"Chthamalus.montagui_PA1_RUN1_GAM",0.0241242165089884
"1587",65,"wave_fetch",3.607357711503,"Chthamalus.montagui_PA1_allRun_MAXENT",0
"1588",65,"wave_fetch",3.607357711503,"Chthamalus.montagui_allData_allRun_GLM",0.948307288753956
"1589",65,"wave_fetch",3.607357711503,"Chthamalus.montagui_PA1_RUN1_RF",0.274
"1590",65,"wave_fetch",3.607357711503,"Chthamalus.montagui_allData_allRun_GAM",0.0157121446951123
"1591",66,"wave_fetch",3.62995432362412,"Chthamalus.montagui_PA1_RUN1_GLM",0.951777197268246
"1592",66,"wave_fetch",3.62995432362412,"Chthamalus.montagui_allData_allRun_GLM",0.951592723490345
"1593",66,"wave_fetch",3.62995432362412,"Chthamalus.montagui_PA1_RUN1_GAM",0.0239426706066688
"1594",66,"wave_fetch",3.62995432362412,"Chthamalus.montagui_allData_allRun_GAM",0.015577894125692
"1595",66,"wave_fetch",3.62995432362412,"Chthamalus.montagui_PA1_allRun_MAXENT",0
"1596",66,"wave_fetch",3.62995432362412,"Chthamalus.montagui_PA1_RUN1_RF",0.272
"1597",67,"wave_fetch",3.65255093574524,"Chthamalus.montagui_PA1_RUN1_GLM",0.953938318309774
"1598",67,"wave_fetch",3.65255093574524,"Chthamalus.montagui_PA1_RUN1_GAM",0.0237624576541276
"1599",67,"wave_fetch",3.65255093574524,"Chthamalus.montagui_allData_allRun_GLM",0.954111876420891
"1600",67,"wave_fetch",3.65255093574524,"Chthamalus.montagui_PA1_allRun_MAXENT",0
"1601",67,"wave_fetch",3.65255093574524,"Chthamalus.montagui_allData_allRun_GAM",0.0154447726451231
"1602",67,"wave_fetch",3.65255093574524,"Chthamalus.montagui_PA1_RUN1_RF",0.28
"1603",68,"wave_fetch",3.67514754786636,"Chthamalus.montagui_PA1_RUN1_GLM",0.955464382228841
"1604",68,"wave_fetch",3.67514754786636,"Chthamalus.montagui_PA1_RUN1_GAM",0.0235835683636036
"1605",68,"wave_fetch",3.67514754786636,"Chthamalus.montagui_PA1_allRun_MAXENT",0
"1606",68,"wave_fetch",3.67514754786636,"Chthamalus.montagui_allData_allRun_GLM",0.955960289324916
"1607",68,"wave_fetch",3.67514754786636,"Chthamalus.montagui_PA1_RUN1_RF",0.29
"1608",68,"wave_fetch",3.67514754786636,"Chthamalus.montagui_allData_allRun_GAM",0.015312771063794
"1609",69,"wave_fetch",3.69774415998748,"Chthamalus.montagui_PA1_RUN1_GLM",0.956410495198953
"1610",69,"wave_fetch",3.69774415998748,"Chthamalus.montagui_PA1_RUN1_GAM",0.0234059935045571
"1611",69,"wave_fetch",3.69774415998748,"Chthamalus.montagui_PA1_allRun_MAXENT",0
"1612",69,"wave_fetch",3.69774415998748,"Chthamalus.montagui_allData_allRun_GLM",0.957206670648459
"1613",69,"wave_fetch",3.69774415998748,"Chthamalus.montagui_PA1_RUN1_RF",0.294
"1614",69,"wave_fetch",3.69774415998748,"Chthamalus.montagui_allData_allRun_GAM",0.0151818802616694
"1615",70,"wave_fetch",3.7203407721086,"Chthamalus.montagui_PA1_RUN1_GAM",0.0232297239034326
"1616",70,"wave_fetch",3.7203407721086,"Chthamalus.montagui_PA1_RUN1_GLM",0.956810393294983
"1617",70,"wave_fetch",3.7203407721086,"Chthamalus.montagui_allData_allRun_GLM",0.957896625549937
"1618",70,"wave_fetch",3.7203407721086,"Chthamalus.montagui_PA1_allRun_MAXENT",0
"1619",70,"wave_fetch",3.7203407721086,"Chthamalus.montagui_allData_allRun_GAM",0.0150520911878531
"1620",70,"wave_fetch",3.7203407721086,"Chthamalus.montagui_PA1_RUN1_RF",0.31
"1621",71,"wave_fetch",3.74293738422972,"Chthamalus.montagui_PA1_RUN1_GLM",0.956678233133115
"1622",71,"wave_fetch",3.74293738422972,"Chthamalus.montagui_allData_allRun_GAM",0.0149233948601524
"1623",71,"wave_fetch",3.74293738422972,"Chthamalus.montagui_PA1_RUN1_GAM",0.0230547504434192
"1624",71,"wave_fetch",3.74293738422972,"Chthamalus.montagui_allData_allRun_GLM",0.958055133931622
"1625",71,"wave_fetch",3.74293738422972,"Chthamalus.montagui_PA1_allRun_MAXENT",0
"1626",71,"wave_fetch",3.74293738422972,"Chthamalus.montagui_PA1_RUN1_RF",0.31
"1627",72,"wave_fetch",3.76553399635084,"Chthamalus.montagui_PA1_RUN1_GLM",0.956009343047433
"1628",72,"wave_fetch",3.76553399635084,"Chthamalus.montagui_PA1_RUN1_GAM",0.0228810640642115
"1629",72,"wave_fetch",3.76553399635084,"Chthamalus.montagui_PA1_allRun_MAXENT",0
"1630",72,"wave_fetch",3.76553399635084,"Chthamalus.montagui_allData_allRun_GLM",0.957687907029273
"1631",72,"wave_fetch",3.76553399635084,"Chthamalus.montagui_PA1_RUN1_RF",0.358
"1632",72,"wave_fetch",3.76553399635084,"Chthamalus.montagui_allData_allRun_GAM",0.0147957823646433
"1633",73,"wave_fetch",3.78813060847196,"Chthamalus.montagui_PA1_RUN1_GLM",0.954779975229901
"1634",73,"wave_fetch",3.78813060847196,"Chthamalus.montagui_PA1_RUN1_GAM",0.0227086557617684
"1635",73,"wave_fetch",3.78813060847196,"Chthamalus.montagui_PA1_allRun_MAXENT",0
"1636",73,"wave_fetch",3.78813060847196,"Chthamalus.montagui_allData_allRun_GLM",0.956781697412717
"1637",73,"wave_fetch",3.78813060847196,"Chthamalus.montagui_PA1_RUN1_RF",0.348
"1638",73,"wave_fetch",3.78813060847196,"Chthamalus.montagui_allData_allRun_GAM",0.0146692448552368
"1639",74,"wave_fetch",3.81072722059308,"Chthamalus.montagui_PA1_RUN1_GLM",0.952946045413423
"1640",74,"wave_fetch",3.81072722059308,"Chthamalus.montagui_PA1_RUN1_GAM",0.0225375165880723
"1641",74,"wave_fetch",3.81072722059308,"Chthamalus.montagui_allData_allRun_GLM",0.955303579824109
"1642",74,"wave_fetch",3.81072722059308,"Chthamalus.montagui_PA1_allRun_MAXENT",0
"1643",74,"wave_fetch",3.81072722059308,"Chthamalus.montagui_allData_allRun_GAM",0.0145437735532469
"1644",74,"wave_fetch",3.81072722059308,"Chthamalus.montagui_PA1_RUN1_RF",0.35
"1645",75,"wave_fetch",3.8333238327142,"Chthamalus.montagui_PA1_RUN1_GLM",0.950440793101928
"1646",75,"wave_fetch",3.8333238327142,"Chthamalus.montagui_allData_allRun_GLM",0.953199162607619
"1647",75,"wave_fetch",3.8333238327142,"Chthamalus.montagui_PA1_RUN1_GAM",0.0223676376508865
"1648",75,"wave_fetch",3.8333238327142,"Chthamalus.montagui_allData_allRun_GAM",0.0144193597469596
"1649",75,"wave_fetch",3.8333238327142,"Chthamalus.montagui_PA1_allRun_MAXENT",0
"1650",75,"wave_fetch",3.8333238327142,"Chthamalus.montagui_PA1_RUN1_RF",0.298
"1651",76,"wave_fetch",3.85592044483532,"Chthamalus.montagui_PA1_RUN1_GLM",0.947171243688114
"1652",76,"wave_fetch",3.85592044483532,"Chthamalus.montagui_PA1_RUN1_GAM",0.022199010113513
"1653",76,"wave_fetch",3.85592044483532,"Chthamalus.montagui_PA1_allRun_MAXENT",0
"1654",76,"wave_fetch",3.85592044483532,"Chthamalus.montagui_allData_allRun_GLM",0.950389632465209
"1655",76,"wave_fetch",3.85592044483532,"Chthamalus.montagui_PA1_RUN1_RF",0.296
"1656",76,"wave_fetch",3.85592044483532,"Chthamalus.montagui_allData_allRun_GAM",0.0142959947912027
"1657",77,"wave_fetch",3.87851705695644,"Chthamalus.montagui_PA1_RUN1_GLM",0.943013308098707
"1658",77,"wave_fetch",3.87851705695644,"Chthamalus.montagui_PA1_RUN1_GAM",0.0220316251945483
"1659",77,"wave_fetch",3.87851705695644,"Chthamalus.montagui_PA1_allRun_MAXENT",0
"1660",77,"wave_fetch",3.87851705695644,"Chthamalus.montagui_PA1_RUN1_RF",0.278
"1661",77,"wave_fetch",3.87851705695644,"Chthamalus.montagui_allData_allRun_GLM",0.946767481130273
"1662",77,"wave_fetch",3.87851705695644,"Chthamalus.montagui_allData_allRun_GAM",0.014173670106918
"1663",78,"wave_fetch",3.90111366907756,"Chthamalus.montagui_allData_allRun_GLM",0.9421907171758
"1664",78,"wave_fetch",3.90111366907756,"Chthamalus.montagui_PA1_RUN1_GLM",0.93780532508779
"1665",78,"wave_fetch",3.90111366907756,"Chthamalus.montagui_allData_allRun_GAM",0.0140523771807337
"1666",78,"wave_fetch",3.90111366907756,"Chthamalus.montagui_PA1_RUN1_GAM",0.02186547416764
"1667",78,"wave_fetch",3.90111366907756,"Chthamalus.montagui_PA1_allRun_MAXENT",0
"1668",78,"wave_fetch",3.90111366907756,"Chthamalus.montagui_PA1_RUN1_RF",0.24
"1669",79,"wave_fetch",3.92371028119867,"Chthamalus.montagui_PA1_RUN1_GLM",0.931339854676633
"1670",79,"wave_fetch",3.92371028119867,"Chthamalus.montagui_PA1_RUN1_GAM",0.0217005483612417
"1671",79,"wave_fetch",3.92371028119867,"Chthamalus.montagui_PA1_allRun_MAXENT",0
"1672",79,"wave_fetch",3.92371028119867,"Chthamalus.montagui_allData_allRun_GLM",0.936475342701967
"1673",79,"wave_fetch",3.92371028119867,"Chthamalus.montagui_PA1_RUN1_RF",0.232
"1674",79,"wave_fetch",3.92371028119867,"Chthamalus.montagui_allData_allRun_GAM",0.0139321075645391
"1675",80,"wave_fetch",3.94630689331979,"Chthamalus.montagui_allData_allRun_GLM",0.929385899210552
"1676",80,"wave_fetch",3.94630689331979,"Chthamalus.montagui_PA1_RUN1_GLM",0.923353603550591
"1677",80,"wave_fetch",3.94630689331979,"Chthamalus.montagui_PA1_allRun_MAXENT",0
"1678",80,"wave_fetch",3.94630689331979,"Chthamalus.montagui_allData_allRun_GAM",0.0138128528750597
"1679",80,"wave_fetch",3.94630689331979,"Chthamalus.montagui_PA1_RUN1_RF",0.232
"1680",80,"wave_fetch",3.94630689331979,"Chthamalus.montagui_PA1_RUN1_GAM",0.0215368391583677
"1681",81,"wave_fetch",3.96890350544091,"Chthamalus.montagui_allData_allRun_GLM",0.920624007744533
"1682",81,"wave_fetch",3.96890350544091,"Chthamalus.montagui_PA1_allRun_MAXENT",0
"1683",81,"wave_fetch",3.96890350544091,"Chthamalus.montagui_allData_allRun_GAM",0.0136946047934347
"1684",81,"wave_fetch",3.96890350544091,"Chthamalus.montagui_PA1_RUN1_RF",0.236
"1685",81,"wave_fetch",3.96890350544091,"Chthamalus.montagui_PA1_RUN1_GAM",0.0213743379963477
"1686",81,"wave_fetch",3.96890350544091,"Chthamalus.montagui_PA1_RUN1_GLM",0.91351556605692
"1687",82,"wave_fetch",3.99150011756203,"Chthamalus.montagui_PA1_RUN1_GAM",0.0212130363665799
"1688",82,"wave_fetch",3.99150011756203,"Chthamalus.montagui_allData_allRun_GLM",0.909815128794061
"1689",82,"wave_fetch",3.99150011756203,"Chthamalus.montagui_PA1_allRun_MAXENT",0
"1690",82,"wave_fetch",3.99150011756203,"Chthamalus.montagui_PA1_RUN1_GLM",0.901413899641884
"1691",82,"wave_fetch",3.99150011756203,"Chthamalus.montagui_PA1_RUN1_RF",0.242
"1692",82,"wave_fetch",3.99150011756203,"Chthamalus.montagui_allData_allRun_GAM",0.0135773550647954
"1693",83,"wave_fetch",4.01409672968315,"Chthamalus.montagui_allData_allRun_GLM",0.896494382924131
"1694",83,"wave_fetch",4.01409672968315,"Chthamalus.montagui_PA1_RUN1_GAM",0.0210529258142851
"1695",83,"wave_fetch",4.01409672968315,"Chthamalus.montagui_PA1_RUN1_GLM",0.886542877459931
"1696",83,"wave_fetch",4.01409672968315,"Chthamalus.montagui_PA1_RUN1_RF",0.272
"1697",83,"wave_fetch",4.01409672968315,"Chthamalus.montagui_allData_allRun_GAM",0.0134610954978448
"1698",83,"wave_fetch",4.01409672968315,"Chthamalus.montagui_PA1_allRun_MAXENT",0
"1699",84,"wave_fetch",4.03669334180427,"Chthamalus.montagui_PA1_RUN1_GLM",0.868292688097507
"1700",84,"wave_fetch",4.03669334180427,"Chthamalus.montagui_PA1_RUN1_RF",0.356
"1701",84,"wave_fetch",4.03669334180427,"Chthamalus.montagui_PA1_allRun_MAXENT",0
"1702",84,"wave_fetch",4.03669334180427,"Chthamalus.montagui_allData_allRun_GLM",0.880093405006119
"1703",84,"wave_fetch",4.03669334180427,"Chthamalus.montagui_PA1_RUN1_GAM",0.0208939979382587
"1704",84,"wave_fetch",4.03669334180427,"Chthamalus.montagui_allData_allRun_GAM",0.0133458179644394
"1705",85,"wave_fetch",4.05928995392539,"Chthamalus.montagui_PA1_RUN1_GLM",0.845947120347979
"1706",85,"wave_fetch",4.05928995392539,"Chthamalus.montagui_PA1_allRun_MAXENT",0
"1707",85,"wave_fetch",4.05928995392539,"Chthamalus.montagui_PA1_RUN1_GAM",0.0207362443906237
"1708",85,"wave_fetch",4.05928995392539,"Chthamalus.montagui_allData_allRun_GAM",0.0132315143991719
"1709",85,"wave_fetch",4.05928995392539,"Chthamalus.montagui_PA1_RUN1_RF",0.354
"1710",85,"wave_fetch",4.05928995392539,"Chthamalus.montagui_allData_allRun_GLM",0.859932113362283
"1711",86,"wave_fetch",4.08188656604651,"Chthamalus.montagui_PA1_RUN1_GAM",0.020579656876583
"1712",86,"wave_fetch",4.08188656604651,"Chthamalus.montagui_PA1_RUN1_RF",0.374
"1713",86,"wave_fetch",4.08188656604651,"Chthamalus.montagui_PA1_RUN1_GLM",0.818697404937777
"1714",86,"wave_fetch",4.08188656604651,"Chthamalus.montagui_allData_allRun_GAM",0.0131181767989554
"1715",86,"wave_fetch",4.08188656604651,"Chthamalus.montagui_PA1_allRun_MAXENT",0
"1716",86,"wave_fetch",4.08188656604651,"Chthamalus.montagui_allData_allRun_GLM",0.835222203478296
"1717",87,"wave_fetch",4.10448317816763,"Chthamalus.montagui_PA1_RUN1_GLM",0.785684363375646
"1718",87,"wave_fetch",4.10448317816763,"Chthamalus.montagui_PA1_allRun_MAXENT",0
"1719",87,"wave_fetch",4.10448317816763,"Chthamalus.montagui_allData_allRun_GLM",0.805093118501405
"1720",87,"wave_fetch",4.10448317816763,"Chthamalus.montagui_PA1_RUN1_RF",0.376
"1721",87,"wave_fetch",4.10448317816763,"Chthamalus.montagui_PA1_RUN1_GAM",0.0204242271541705
"1722",87,"wave_fetch",4.10448317816763,"Chthamalus.montagui_allData_allRun_GAM",0.0130057972226099
"1723",88,"wave_fetch",4.12707979028875,"Chthamalus.montagui_PA1_RUN1_GAM",0.0202699470340035
"1724",88,"wave_fetch",4.12707979028875,"Chthamalus.montagui_PA1_RUN1_GLM",0.746084135512702
"1725",88,"wave_fetch",4.12707979028875,"Chthamalus.montagui_allData_allRun_GAM",0.0128943677904491
"1726",88,"wave_fetch",4.12707979028875,"Chthamalus.montagui_PA1_RUN1_RF",0.374
"1727",88,"wave_fetch",4.12707979028875,"Chthamalus.montagui_PA1_allRun_MAXENT",0
"1728",88,"wave_fetch",4.12707979028875,"Chthamalus.montagui_allData_allRun_GLM",0.768655433013492
"1729",89,"wave_fetch",4.14967640240987,"Chthamalus.montagui_PA1_RUN1_GLM",0.699251795642838
"1730",89,"wave_fetch",4.14967640240987,"Chthamalus.montagui_PA1_RUN1_GAM",0.0201168083790333
"1731",89,"wave_fetch",4.14967640240987,"Chthamalus.montagui_PA1_allRun_MAXENT",0
"1732",89,"wave_fetch",4.14967640240987,"Chthamalus.montagui_allData_allRun_GLM",0.725118605984019
"1733",89,"wave_fetch",4.14967640240987,"Chthamalus.montagui_PA1_RUN1_RF",0.366
"1734",89,"wave_fetch",4.14967640240987,"Chthamalus.montagui_allData_allRun_GAM",0.01278388068387
"1735",90,"wave_fetch",4.17227301453099,"Chthamalus.montagui_PA1_RUN1_GLM",0.644926512625157
"1736",90,"wave_fetch",4.17227301453099,"Chthamalus.montagui_PA1_allRun_MAXENT",0
"1737",90,"wave_fetch",4.17227301453099,"Chthamalus.montagui_PA1_RUN1_RF",0.356
"1738",90,"wave_fetch",4.17227301453099,"Chthamalus.montagui_PA1_RUN1_GAM",0.0199648031042964
"1739",90,"wave_fetch",4.17227301453099,"Chthamalus.montagui_allData_allRun_GAM",0.012674328144943
"1740",90,"wave_fetch",4.17227301453099,"Chthamalus.montagui_allData_allRun_GLM",0.673974990645325
"1741",91,"wave_fetch",4.19486962665211,"Chthamalus.montagui_PA1_RUN1_GAM",0.0198139231766655
"1742",91,"wave_fetch",4.19486962665211,"Chthamalus.montagui_allData_allRun_GAM",0.0125657024760048
"1743",91,"wave_fetch",4.19486962665211,"Chthamalus.montagui_PA1_RUN1_RF",0.342
"1744",91,"wave_fetch",4.19486962665211,"Chthamalus.montagui_PA1_RUN1_GLM",0.583475617707905
"1745",91,"wave_fetch",4.19486962665211,"Chthamalus.montagui_PA1_allRun_MAXENT",0
"1746",91,"wave_fetch",4.19486962665211,"Chthamalus.montagui_allData_allRun_GLM",0.615242851796342
"1747",92,"wave_fetch",4.21746623877323,"Chthamalus.montagui_PA1_RUN1_GLM",0.516113343825506
"1748",92,"wave_fetch",4.21746623877323,"Chthamalus.montagui_allData_allRun_GLM",0.549723343506623
"1749",92,"wave_fetch",4.21746623877323,"Chthamalus.montagui_PA1_allRun_MAXENT",0
"1750",92,"wave_fetch",4.21746623877323,"Chthamalus.montagui_PA1_RUN1_RF",0.342
"1751",92,"wave_fetch",4.21746623877323,"Chthamalus.montagui_PA1_RUN1_GAM",0.0196641606145999
"1752",92,"wave_fetch",4.21746623877323,"Chthamalus.montagui_allData_allRun_GAM",0.0124579960392517
"1753",93,"wave_fetch",4.24006285089435,"Chthamalus.montagui_PA1_RUN1_GLM",0.444990009447791
"1754",93,"wave_fetch",4.24006285089435,"Chthamalus.montagui_PA1_RUN1_GAM",0.0195155074878961
"1755",93,"wave_fetch",4.24006285089435,"Chthamalus.montagui_PA1_allRun_MAXENT",0
"1756",93,"wave_fetch",4.24006285089435,"Chthamalus.montagui_allData_allRun_GAM",0.0123512012563353
"1757",93,"wave_fetch",4.24006285089435,"Chthamalus.montagui_PA1_RUN1_RF",0.344
"1758",93,"wave_fetch",4.24006285089435,"Chthamalus.montagui_allData_allRun_GLM",0.479177952573274
"1759",94,"wave_fetch",4.26265946301547,"Chthamalus.montagui_PA1_RUN1_GAM",0.0193679559174383
"1760",94,"wave_fetch",4.26265946301547,"Chthamalus.montagui_PA1_RUN1_GLM",0.373045799726215
"1761",94,"wave_fetch",4.26265946301547,"Chthamalus.montagui_PA1_RUN1_RF",0.344
"1762",94,"wave_fetch",4.26265946301547,"Chthamalus.montagui_PA1_allRun_MAXENT",0
"1763",94,"wave_fetch",4.26265946301547,"Chthamalus.montagui_allData_allRun_GLM",0.406304591829385
"1764",94,"wave_fetch",4.26265946301547,"Chthamalus.montagui_allData_allRun_GAM",0.0122453106079597
"1765",95,"wave_fetch",4.28525607513659,"Chthamalus.montagui_PA1_RUN1_GLM",0.303594679842586
"1766",95,"wave_fetch",4.28525607513659,"Chthamalus.montagui_PA1_allRun_MAXENT",0
"1767",95,"wave_fetch",4.28525607513659,"Chthamalus.montagui_PA1_RUN1_RF",0.344
"1768",95,"wave_fetch",4.28525607513659,"Chthamalus.montagui_PA1_RUN1_GAM",0.0192214980749485
"1769",95,"wave_fetch",4.28525607513659,"Chthamalus.montagui_allData_allRun_GLM",0.334427425380199
"1770",95,"wave_fetch",4.28525607513659,"Chthamalus.montagui_allData_allRun_GAM",0.0121403166334802
"1771",96,"wave_fetch",4.30785268725771,"Chthamalus.montagui_PA1_RUN1_GAM",0.0190761261827366
"1772",96,"wave_fetch",4.30785268725771,"Chthamalus.montagui_allData_allRun_GAM",0.0120362119305039
"1773",96,"wave_fetch",4.30785268725771,"Chthamalus.montagui_PA1_RUN1_RF",0.344
"1774",96,"wave_fetch",4.30785268725771,"Chthamalus.montagui_PA1_RUN1_GLM",0.239735096179708
"1775",96,"wave_fetch",4.30785268725771,"Chthamalus.montagui_allData_allRun_GLM",0.2669348694447
"1776",96,"wave_fetch",4.30785268725771,"Chthamalus.montagui_PA1_allRun_MAXENT",0
"1777",97,"wave_fetch",4.33044929937883,"Chthamalus.montagui_PA1_RUN1_GLM",0.183793511843076
"1778",97,"wave_fetch",4.33044929937883,"Chthamalus.montagui_PA1_allRun_MAXENT",0
"1779",97,"wave_fetch",4.33044929937883,"Chthamalus.montagui_PA1_RUN1_GAM",0.0189318325134511
"1780",97,"wave_fetch",4.33044929937883,"Chthamalus.montagui_PA1_RUN1_RF",0.342
"1781",97,"wave_fetch",4.33044929937883,"Chthamalus.montagui_allData_allRun_GLM",0.206644826880312
"1782",97,"wave_fetch",4.33044929937883,"Chthamalus.montagui_allData_allRun_GAM",0.0119329891544917
"1783",98,"wave_fetch",4.35304591149995,"Chthamalus.montagui_PA1_RUN1_GLM",0.137003452137905
"1784",98,"wave_fetch",4.35304591149995,"Chthamalus.montagui_PA1_RUN1_GAM",0.0187886093898287
"1785",98,"wave_fetch",4.35304591149995,"Chthamalus.montagui_PA1_RUN1_RF",0.342
"1786",98,"wave_fetch",4.35304591149995,"Chthamalus.montagui_PA1_allRun_MAXENT",0
"1787",98,"wave_fetch",4.35304591149995,"Chthamalus.montagui_allData_allRun_GAM",0.0118306410183624
"1788",98,"wave_fetch",4.35304591149995,"Chthamalus.montagui_allData_allRun_GLM",0.155336221409144
"1789",99,"wave_fetch",4.37564252362107,"Chthamalus.montagui_PA1_RUN1_GLM",0.0995008803201791
"1790",99,"wave_fetch",4.37564252362107,"Chthamalus.montagui_allData_allRun_GLM",0.113602346631802
"1791",99,"wave_fetch",4.37564252362107,"Chthamalus.montagui_allData_allRun_GAM",0.0117291602920982
"1792",99,"wave_fetch",4.37564252362107,"Chthamalus.montagui_PA1_allRun_MAXENT",0
"1793",99,"wave_fetch",4.37564252362107,"Chthamalus.montagui_PA1_RUN1_GAM",0.0186464491844449
"1794",99,"wave_fetch",4.37564252362107,"Chthamalus.montagui_PA1_RUN1_RF",0.342
"1795",100,"wave_fetch",4.39823913574219,"Chthamalus.montagui_PA1_RUN1_GLM",0.0705685257257285
"1796",100,"wave_fetch",4.39823913574219,"Chthamalus.montagui_allData_allRun_GAM",0.0116285398023521
"1797",100,"wave_fetch",4.39823913574219,"Chthamalus.montagui_PA1_allRun_MAXENT",0
"1798",100,"wave_fetch",4.39823913574219,"Chthamalus.montagui_PA1_RUN1_GAM",0.018505344319464
"1799",100,"wave_fetch",4.39823913574219,"Chthamalus.montagui_PA1_RUN1_RF",0.342
"1800",100,"wave_fetch",4.39823913574219,"Chthamalus.montagui_allData_allRun_GLM",0.0810166086340059
