"","id","expl.name","expl.val","pred.name","pred.val"
"1",1,"ocean_temp",9.87024059757041,"Chthamalus.montagui_EMmeanByTSS_mergedData_mergedRun_mergedAlgo",0.0677796504945189
"2",1,"ocean_temp",9.87024059757041,"Chthamalus.montagui_EMmeanByROC_mergedData_mergedRun_mergedAlgo",0.0677796504945189
"3",1,"ocean_temp",9.87024059757041,"Chthamalus.montagui_EMciSupByTSS_mergedData_mergedRun_mergedAlgo",0.151425355130049
"4",2,"ocean_temp",9.90193741219883,"Chthamalus.montagui_EMmeanByROC_mergedData_mergedRun_mergedAlgo",0.0684803735983696
"5",2,"ocean_temp",9.90193741219883,"Chthamalus.montagui_EMciSupByTSS_mergedData_mergedRun_mergedAlgo",0.151936756893012
"6",2,"ocean_temp",9.90193741219883,"Chthamalus.montagui_EMmeanByTSS_mergedData_mergedRun_mergedAlgo",0.0684803735983696
"7",3,"ocean_temp",9.93363422682725,"Chthamalus.montagui_EMciSupByTSS_mergedData_mergedRun_mergedAlgo",0.152501330188023
"8",3,"ocean_temp",9.93363422682725,"Chthamalus.montagui_EMmeanByROC_mergedData_mergedRun_mergedAlgo",0.0692348009024584
"9",3,"ocean_temp",9.93363422682725,"Chthamalus.montagui_EMmeanByTSS_mergedData_mergedRun_mergedAlgo",0.0692348009024584
"10",4,"ocean_temp",9.96533104145567,"Chthamalus.montagui_EMmeanByROC_mergedData_mergedRun_mergedAlgo",0.0700467683698591
"11",4,"ocean_temp",9.96533104145567,"Chthamalus.montagui_EMciSupByTSS_mergedData_mergedRun_mergedAlgo",0.153125378537586
"12",4,"ocean_temp",9.96533104145567,"Chthamalus.montagui_EMmeanByTSS_mergedData_mergedRun_mergedAlgo",0.0700467683698591
"13",5,"ocean_temp",9.99702785608409,"Chthamalus.montagui_EMmeanByROC_mergedData_mergedRun_mergedAlgo",0.0709203237014909
"14",5,"ocean_temp",9.99702785608409,"Chthamalus.montagui_EMmeanByTSS_mergedData_mergedRun_mergedAlgo",0.0709203237014909
"15",5,"ocean_temp",9.99702785608409,"Chthamalus.montagui_EMciSupByTSS_mergedData_mergedRun_mergedAlgo",0.153816027403803
"16",6,"ocean_temp",10.0287246707125,"Chthamalus.montagui_EMmeanByROC_mergedData_mergedRun_mergedAlgo",0.0718597256272766
"17",6,"ocean_temp",10.0287246707125,"Chthamalus.montagui_EMciSupByTSS_mergedData_mergedRun_mergedAlgo",0.154581329109558
"18",6,"ocean_temp",10.0287246707125,"Chthamalus.montagui_EMmeanByTSS_mergedData_mergedRun_mergedAlgo",0.0718597256272766
"19",7,"ocean_temp",10.0604214853409,"Chthamalus.montagui_EMciSupByTSS_mergedData_mergedRun_mergedAlgo",0.155430376698937
"20",7,"ocean_temp",10.0604214853409,"Chthamalus.montagui_EMmeanByTSS_mergedData_mergedRun_mergedAlgo",0.0728694403478475
"21",7,"ocean_temp",10.0604214853409,"Chthamalus.montagui_EMmeanByROC_mergedData_mergedRun_mergedAlgo",0.0728694403478475
"22",8,"ocean_temp",10.0921182999693,"Chthamalus.montagui_EMmeanByROC_mergedData_mergedRun_mergedAlgo",0.0739541345694909
"23",8,"ocean_temp",10.0921182999693,"Chthamalus.montagui_EMciSupByTSS_mergedData_mergedRun_mergedAlgo",0.156373425375403
"24",8,"ocean_temp",10.0921182999693,"Chthamalus.montagui_EMmeanByTSS_mergedData_mergedRun_mergedAlgo",0.0739541345694909
"25",9,"ocean_temp",10.1238151145978,"Chthamalus.montagui_EMmeanByROC_mergedData_mergedRun_mergedAlgo",0.0751186645226844
"26",9,"ocean_temp",10.1238151145978,"Chthamalus.montagui_EMciSupByTSS_mergedData_mergedRun_mergedAlgo",0.157422019070379
"27",9,"ocean_temp",10.1238151145978,"Chthamalus.montagui_EMmeanByTSS_mergedData_mergedRun_mergedAlgo",0.0751186645226844
"28",10,"ocean_temp",10.1555119292262,"Chthamalus.montagui_EMmeanByROC_mergedData_mergedRun_mergedAlgo",0.0763680603084385
"29",10,"ocean_temp",10.1555119292262,"Chthamalus.montagui_EMciSupByTSS_mergedData_mergedRun_mergedAlgo",0.158589118252678
"30",10,"ocean_temp",10.1555119292262,"Chthamalus.montagui_EMmeanByTSS_mergedData_mergedRun_mergedAlgo",0.0763680603084385
"31",11,"ocean_temp",10.1872087438546,"Chthamalus.montagui_EMmeanByROC_mergedData_mergedRun_mergedAlgo",0.0777075048810198
"32",11,"ocean_temp",10.1872087438546,"Chthamalus.montagui_EMciSupByTSS_mergedData_mergedRun_mergedAlgo",0.159889223247359
"33",11,"ocean_temp",10.1872087438546,"Chthamalus.montagui_EMmeanByTSS_mergedData_mergedRun_mergedAlgo",0.0777075048810198
"34",12,"ocean_temp",10.218905558483,"Chthamalus.montagui_EMmeanByROC_mergedData_mergedRun_mergedAlgo",0.0791423069555433
"35",12,"ocean_temp",10.218905558483,"Chthamalus.montagui_EMciSupByTSS_mergedData_mergedRun_mergedAlgo",0.161338485081026
"36",12,"ocean_temp",10.218905558483,"Chthamalus.montagui_EMmeanByTSS_mergedData_mergedRun_mergedAlgo",0.0791423069555433
"37",13,"ocean_temp",10.2506023731114,"Chthamalus.montagui_EMmeanByROC_mergedData_mergedRun_mergedAlgo",0.0806778671305594
"38",13,"ocean_temp",10.2506023731114,"Chthamalus.montagui_EMciSupByTSS_mergedData_mergedRun_mergedAlgo",0.162954793261216
"39",13,"ocean_temp",10.2506023731114,"Chthamalus.montagui_EMmeanByTSS_mergedData_mergedRun_mergedAlgo",0.0806778671305594
"40",14,"ocean_temp",10.2822991877399,"Chthamalus.montagui_EMmeanByTSS_mergedData_mergedRun_mergedAlgo",0.08231963654605
"41",14,"ocean_temp",10.2822991877399,"Chthamalus.montagui_EMmeanByROC_mergedData_mergedRun_mergedAlgo",0.08231963654605
"42",14,"ocean_temp",10.2822991877399,"Chthamalus.montagui_EMciSupByTSS_mergedData_mergedRun_mergedAlgo",0.16475782707976
"43",15,"ocean_temp",10.3139960023683,"Chthamalus.montagui_EMmeanByROC_mergedData_mergedRun_mergedAlgo",0.0840730674639313
"44",15,"ocean_temp",10.3139960023683,"Chthamalus.montagui_EMciSupByTSS_mergedData_mergedRun_mergedAlgo",0.166769054291241
"45",15,"ocean_temp",10.3139960023683,"Chthamalus.montagui_EMmeanByTSS_mergedData_mergedRun_mergedAlgo",0.0840730674639313
"46",16,"ocean_temp",10.3456928169967,"Chthamalus.montagui_EMciSupByTSS_mergedData_mergedRun_mergedAlgo",0.169011658816742
"47",16,"ocean_temp",10.3456928169967,"Chthamalus.montagui_EMmeanByROC_mergedData_mergedRun_mergedAlgo",0.08594355526933
"48",16,"ocean_temp",10.3456928169967,"Chthamalus.montagui_EMmeanByTSS_mergedData_mergedRun_mergedAlgo",0.08594355526933
"49",17,"ocean_temp",10.3773896316251,"Chthamalus.montagui_EMmeanByROC_mergedData_mergedRun_mergedAlgo",0.0879363715544926
"50",17,"ocean_temp",10.3773896316251,"Chthamalus.montagui_EMciSupByTSS_mergedData_mergedRun_mergedAlgo",0.171510378098018
"51",17,"ocean_temp",10.3773896316251,"Chthamalus.montagui_EMmeanByTSS_mergedData_mergedRun_mergedAlgo",0.0879363715544926
"52",18,"ocean_temp",10.4090864462535,"Chthamalus.montagui_EMmeanByROC_mergedData_mergedRun_mergedAlgo",0.0900565881704539
"53",18,"ocean_temp",10.4090864462535,"Chthamalus.montagui_EMmeanByTSS_mergedData_mergedRun_mergedAlgo",0.0900565881704539
"54",18,"ocean_temp",10.4090864462535,"Chthamalus.montagui_EMciSupByTSS_mergedData_mergedRun_mergedAlgo",0.174291231653523
"55",19,"ocean_temp",10.4407832608819,"Chthamalus.montagui_EMmeanByROC_mergedData_mergedRun_mergedAlgo",0.0923089924198705
"56",19,"ocean_temp",10.4407832608819,"Chthamalus.montagui_EMciSupByTSS_mergedData_mergedRun_mergedAlgo",0.177381126056823
"57",19,"ocean_temp",10.4407832608819,"Chthamalus.montagui_EMmeanByTSS_mergedData_mergedRun_mergedAlgo",0.0923089924198705
"58",20,"ocean_temp",10.4724800755104,"Chthamalus.montagui_EMciSupByTSS_mergedData_mergedRun_mergedAlgo",0.18080732856579
"59",20,"ocean_temp",10.4724800755104,"Chthamalus.montagui_EMmeanByTSS_mergedData_mergedRun_mergedAlgo",0.0946979939203293
"60",20,"ocean_temp",10.4724800755104,"Chthamalus.montagui_EMmeanByROC_mergedData_mergedRun_mergedAlgo",0.0946979939203293
"61",21,"ocean_temp",10.5041768901388,"Chthamalus.montagui_EMmeanByTSS_mergedData_mergedRun_mergedAlgo",0.0972275240892814
"62",21,"ocean_temp",10.5041768901388,"Chthamalus.montagui_EMmeanByROC_mergedData_mergedRun_mergedAlgo",0.0972275240892814
"63",21,"ocean_temp",10.5041768901388,"Chthamalus.montagui_EMciSupByTSS_mergedData_mergedRun_mergedAlgo",0.184596812093284
"64",22,"ocean_temp",10.5358737047672,"Chthamalus.montagui_EMmeanByROC_mergedData_mergedRun_mergedAlgo",0.0999009296824166
"65",22,"ocean_temp",10.5358737047672,"Chthamalus.montagui_EMciSupByTSS_mergedData_mergedRun_mergedAlgo",0.188775487480082
"66",22,"ocean_temp",10.5358737047672,"Chthamalus.montagui_EMmeanByTSS_mergedData_mergedRun_mergedAlgo",0.0999009296824166
"67",23,"ocean_temp",10.5675705193956,"Chthamalus.montagui_EMciSupByTSS_mergedData_mergedRun_mergedAlgo",0.193367353544252
"68",23,"ocean_temp",10.5675705193956,"Chthamalus.montagui_EMmeanByROC_mergedData_mergedRun_mergedAlgo",0.10272086234267
"69",23,"ocean_temp",10.5675705193956,"Chthamalus.montagui_EMmeanByTSS_mergedData_mergedRun_mergedAlgo",0.10272086234267
"70",24,"ocean_temp",10.599267334024,"Chthamalus.montagui_EMmeanByROC_mergedData_mergedRun_mergedAlgo",0.105689166665391
"71",24,"ocean_temp",10.599267334024,"Chthamalus.montagui_EMciSupByTSS_mergedData_mergedRun_mergedAlgo",0.198393608769725
"72",24,"ocean_temp",10.599267334024,"Chthamalus.montagui_EMmeanByTSS_mergedData_mergedRun_mergedAlgo",0.105689166665391
"73",25,"ocean_temp",10.6309641486525,"Chthamalus.montagui_EMmeanByROC_mergedData_mergedRun_mergedAlgo",0.112306769826219
"74",25,"ocean_temp",10.6309641486525,"Chthamalus.montagui_EMmeanByTSS_mergedData_mergedRun_mergedAlgo",0.112306769826219
"75",25,"ocean_temp",10.6309641486525,"Chthamalus.montagui_EMciSupByTSS_mergedData_mergedRun_mergedAlgo",0.210808987853869
"76",26,"ocean_temp",10.6626609632809,"Chthamalus.montagui_EMmeanByROC_mergedData_mergedRun_mergedAlgo",0.121573576313824
"77",26,"ocean_temp",10.6626609632809,"Chthamalus.montagui_EMciSupByTSS_mergedData_mergedRun_mergedAlgo",0.228660068056077
"78",26,"ocean_temp",10.6626609632809,"Chthamalus.montagui_EMmeanByTSS_mergedData_mergedRun_mergedAlgo",0.121573576313824
"79",27,"ocean_temp",10.6943577779093,"Chthamalus.montagui_EMciSupByTSS_mergedData_mergedRun_mergedAlgo",0.234604863016376
"80",27,"ocean_temp",10.6943577779093,"Chthamalus.montagui_EMmeanByTSS_mergedData_mergedRun_mergedAlgo",0.124988371715117
"81",27,"ocean_temp",10.6943577779093,"Chthamalus.montagui_EMmeanByROC_mergedData_mergedRun_mergedAlgo",0.124988371715117
"82",28,"ocean_temp",10.7260545925377,"Chthamalus.montagui_EMmeanByROC_mergedData_mergedRun_mergedAlgo",0.125798739767289
"83",28,"ocean_temp",10.7260545925377,"Chthamalus.montagui_EMciSupByTSS_mergedData_mergedRun_mergedAlgo",0.236065103171694
"84",28,"ocean_temp",10.7260545925377,"Chthamalus.montagui_EMmeanByTSS_mergedData_mergedRun_mergedAlgo",0.125798739767289
"85",29,"ocean_temp",10.7577514071661,"Chthamalus.montagui_EMmeanByROC_mergedData_mergedRun_mergedAlgo",0.12300099697056
"86",29,"ocean_temp",10.7577514071661,"Chthamalus.montagui_EMciSupByTSS_mergedData_mergedRun_mergedAlgo",0.230907566110251
"87",29,"ocean_temp",10.7577514071661,"Chthamalus.montagui_EMmeanByTSS_mergedData_mergedRun_mergedAlgo",0.12300099697056
"88",30,"ocean_temp",10.7894482217945,"Chthamalus.montagui_EMmeanByROC_mergedData_mergedRun_mergedAlgo",0.126840148904893
"89",30,"ocean_temp",10.7894482217945,"Chthamalus.montagui_EMciSupByTSS_mergedData_mergedRun_mergedAlgo",0.238719120215848
"90",30,"ocean_temp",10.7894482217945,"Chthamalus.montagui_EMmeanByTSS_mergedData_mergedRun_mergedAlgo",0.126840148904893
"91",31,"ocean_temp",10.821145036423,"Chthamalus.montagui_EMmeanByROC_mergedData_mergedRun_mergedAlgo",0.130559871981103
"92",31,"ocean_temp",10.821145036423,"Chthamalus.montagui_EMciSupByTSS_mergedData_mergedRun_mergedAlgo",0.246578147372423
"93",31,"ocean_temp",10.821145036423,"Chthamalus.montagui_EMmeanByTSS_mergedData_mergedRun_mergedAlgo",0.130559871981103
"94",32,"ocean_temp",10.8528418510514,"Chthamalus.montagui_EMmeanByROC_mergedData_mergedRun_mergedAlgo",0.134652523667482
"95",32,"ocean_temp",10.8528418510514,"Chthamalus.montagui_EMciSupByTSS_mergedData_mergedRun_mergedAlgo",0.25527199448506
"96",32,"ocean_temp",10.8528418510514,"Chthamalus.montagui_EMmeanByTSS_mergedData_mergedRun_mergedAlgo",0.134652523667482
"97",33,"ocean_temp",10.8845386656798,"Chthamalus.montagui_EMmeanByROC_mergedData_mergedRun_mergedAlgo",0.138859183275362
"98",33,"ocean_temp",10.8845386656798,"Chthamalus.montagui_EMciSupByTSS_mergedData_mergedRun_mergedAlgo",0.264363124125172
"99",33,"ocean_temp",10.8845386656798,"Chthamalus.montagui_EMmeanByTSS_mergedData_mergedRun_mergedAlgo",0.138859183275362
"100",34,"ocean_temp",10.9162354803082,"Chthamalus.montagui_EMmeanByTSS_mergedData_mergedRun_mergedAlgo",0.14316972419499
"101",34,"ocean_temp",10.9162354803082,"Chthamalus.montagui_EMmeanByROC_mergedData_mergedRun_mergedAlgo",0.14316972419499
"102",34,"ocean_temp",10.9162354803082,"Chthamalus.montagui_EMciSupByTSS_mergedData_mergedRun_mergedAlgo",0.27381991375437
"103",35,"ocean_temp",10.9479322949366,"Chthamalus.montagui_EMmeanByROC_mergedData_mergedRun_mergedAlgo",0.147572917107769
"104",35,"ocean_temp",10.9479322949366,"Chthamalus.montagui_EMciSupByTSS_mergedData_mergedRun_mergedAlgo",0.283606634737957
"105",35,"ocean_temp",10.9479322949366,"Chthamalus.montagui_EMmeanByTSS_mergedData_mergedRun_mergedAlgo",0.147572917107769
"106",36,"ocean_temp",10.9796291095651,"Chthamalus.montagui_EMciSupByTSS_mergedData_mergedRun_mergedAlgo",0.293684173394621
"107",36,"ocean_temp",10.9796291095651,"Chthamalus.montagui_EMmeanByROC_mergedData_mergedRun_mergedAlgo",0.152056562247215
"108",36,"ocean_temp",10.9796291095651,"Chthamalus.montagui_EMmeanByTSS_mergedData_mergedRun_mergedAlgo",0.152056562247215
"109",37,"ocean_temp",11.0113259241935,"Chthamalus.montagui_EMmeanByROC_mergedData_mergedRun_mergedAlgo",0.156607647341484
"110",37,"ocean_temp",11.0113259241935,"Chthamalus.montagui_EMciSupByTSS_mergedData_mergedRun_mergedAlgo",0.304010797570338
"111",37,"ocean_temp",11.0113259241935,"Chthamalus.montagui_EMmeanByTSS_mergedData_mergedRun_mergedAlgo",0.156607647341484
"112",38,"ocean_temp",11.0430227388219,"Chthamalus.montagui_EMmeanByROC_mergedData_mergedRun_mergedAlgo",0.161212526555829
"113",38,"ocean_temp",11.0430227388219,"Chthamalus.montagui_EMmeanByTSS_mergedData_mergedRun_mergedAlgo",0.161212526555829
"114",38,"ocean_temp",11.0430227388219,"Chthamalus.montagui_EMciSupByTSS_mergedData_mergedRun_mergedAlgo",0.314542945191513
"115",39,"ocean_temp",11.0747195534503,"Chthamalus.montagui_EMmeanByROC_mergedData_mergedRun_mergedAlgo",0.165857114671103
"116",39,"ocean_temp",11.0747195534503,"Chthamalus.montagui_EMciSupByTSS_mergedData_mergedRun_mergedAlgo",0.325236012856818
"117",39,"ocean_temp",11.0747195534503,"Chthamalus.montagui_EMmeanByTSS_mergedData_mergedRun_mergedAlgo",0.165857114671103
"118",40,"ocean_temp",11.1064163680787,"Chthamalus.montagui_EMciSupByTSS_mergedData_mergedRun_mergedAlgo",0.336045123899056
"119",40,"ocean_temp",11.1064163680787,"Chthamalus.montagui_EMmeanByTSS_mergedData_mergedRun_mergedAlgo",0.17052708997554
"120",40,"ocean_temp",11.1064163680787,"Chthamalus.montagui_EMmeanByROC_mergedData_mergedRun_mergedAlgo",0.17052708997554
"121",41,"ocean_temp",11.1381131827072,"Chthamalus.montagui_EMmeanByTSS_mergedData_mergedRun_mergedAlgo",0.17520809897601
"122",41,"ocean_temp",11.1381131827072,"Chthamalus.montagui_EMmeanByROC_mergedData_mergedRun_mergedAlgo",0.17520809897601
"123",41,"ocean_temp",11.1381131827072,"Chthamalus.montagui_EMciSupByTSS_mergedData_mergedRun_mergedAlgo",0.346925856760416
"124",42,"ocean_temp",11.1698099973356,"Chthamalus.montagui_EMmeanByROC_mergedData_mergedRun_mergedAlgo",0.179885956081043
"125",42,"ocean_temp",11.1698099973356,"Chthamalus.montagui_EMciSupByTSS_mergedData_mergedRun_mergedAlgo",0.357834916275346
"126",42,"ocean_temp",11.1698099973356,"Chthamalus.montagui_EMmeanByTSS_mergedData_mergedRun_mergedAlgo",0.179885956081043
"127",43,"ocean_temp",11.201506811964,"Chthamalus.montagui_EMciSupByTSS_mergedData_mergedRun_mergedAlgo",0.368730732763909
"128",43,"ocean_temp",11.201506811964,"Chthamalus.montagui_EMmeanByROC_mergedData_mergedRun_mergedAlgo",0.184546831861986
"129",43,"ocean_temp",11.201506811964,"Chthamalus.montagui_EMmeanByTSS_mergedData_mergedRun_mergedAlgo",0.184546831861986
"130",44,"ocean_temp",11.2332036265924,"Chthamalus.montagui_EMmeanByROC_mergedData_mergedRun_mergedAlgo",0.189177424314289
"131",44,"ocean_temp",11.2332036265924,"Chthamalus.montagui_EMciSupByTSS_mergedData_mergedRun_mergedAlgo",0.37957397678664
"132",44,"ocean_temp",11.2332036265924,"Chthamalus.montagui_EMmeanByTSS_mergedData_mergedRun_mergedAlgo",0.189177424314289
"133",45,"ocean_temp",11.2649004412208,"Chthamalus.montagui_EMmeanByROC_mergedData_mergedRun_mergedAlgo",0.193765108640594
"134",45,"ocean_temp",11.2649004412208,"Chthamalus.montagui_EMmeanByTSS_mergedData_mergedRun_mergedAlgo",0.193765108640594
"135",45,"ocean_temp",11.2649004412208,"Chthamalus.montagui_EMciSupByTSS_mergedData_mergedRun_mergedAlgo",0.390327980936134
"136",46,"ocean_temp",11.2965972558492,"Chthamalus.montagui_EMmeanByROC_mergedData_mergedRun_mergedAlgo",0.198298062362245
"137",46,"ocean_temp",11.2965972558492,"Chthamalus.montagui_EMciSupByTSS_mergedData_mergedRun_mergedAlgo",0.400959063956559
"138",46,"ocean_temp",11.2965972558492,"Chthamalus.montagui_EMmeanByTSS_mergedData_mergedRun_mergedAlgo",0.198298062362245
"139",47,"ocean_temp",11.3282940704777,"Chthamalus.montagui_EMciSupByTSS_mergedData_mergedRun_mergedAlgo",0.41143675652909
"140",47,"ocean_temp",11.3282940704777,"Chthamalus.montagui_EMmeanByTSS_mergedData_mergedRun_mergedAlgo",0.20276536392803
"141",47,"ocean_temp",11.3282940704777,"Chthamalus.montagui_EMmeanByROC_mergedData_mergedRun_mergedAlgo",0.20276536392803
"142",48,"ocean_temp",11.3599908851061,"Chthamalus.montagui_EMmeanByROC_mergedData_mergedRun_mergedAlgo",0.207157064322978
"143",48,"ocean_temp",11.3599908851061,"Chthamalus.montagui_EMciSupByTSS_mergedData_mergedRun_mergedAlgo",0.421733931949977
"144",48,"ocean_temp",11.3599908851061,"Chthamalus.montagui_EMmeanByTSS_mergedData_mergedRun_mergedAlgo",0.207157064322978
"145",49,"ocean_temp",11.3916876997345,"Chthamalus.montagui_EMmeanByROC_mergedData_mergedRun_mergedAlgo",0.211464232394148
"146",49,"ocean_temp",11.3916876997345,"Chthamalus.montagui_EMciSupByTSS_mergedData_mergedRun_mergedAlgo",0.431826848389477
"147",49,"ocean_temp",11.3916876997345,"Chthamalus.montagui_EMmeanByTSS_mergedData_mergedRun_mergedAlgo",0.211464232394148
"148",50,"ocean_temp",11.4233845143629,"Chthamalus.montagui_EMmeanByROC_mergedData_mergedRun_mergedAlgo",0.215928975633911
"149",50,"ocean_temp",11.4233845143629,"Chthamalus.montagui_EMciSupByTSS_mergedData_mergedRun_mergedAlgo",0.441952548266705
"150",50,"ocean_temp",11.4233845143629,"Chthamalus.montagui_EMmeanByTSS_mergedData_mergedRun_mergedAlgo",0.215928975633911
"151",51,"ocean_temp",11.4550813289913,"Chthamalus.montagui_EMmeanByROC_mergedData_mergedRun_mergedAlgo",0.221294438949109
"152",51,"ocean_temp",11.4550813289913,"Chthamalus.montagui_EMciSupByTSS_mergedData_mergedRun_mergedAlgo",0.45286635388656
"153",51,"ocean_temp",11.4550813289913,"Chthamalus.montagui_EMmeanByTSS_mergedData_mergedRun_mergedAlgo",0.221294438949109
"154",52,"ocean_temp",11.4867781436198,"Chthamalus.montagui_EMmeanByROC_mergedData_mergedRun_mergedAlgo",0.224054784477921
"155",52,"ocean_temp",11.4867781436198,"Chthamalus.montagui_EMciSupByTSS_mergedData_mergedRun_mergedAlgo",0.460942995742129
"156",52,"ocean_temp",11.4867781436198,"Chthamalus.montagui_EMmeanByTSS_mergedData_mergedRun_mergedAlgo",0.224054784477921
"157",53,"ocean_temp",11.5184749582482,"Chthamalus.montagui_EMmeanByROC_mergedData_mergedRun_mergedAlgo",0.227955155800142
"158",53,"ocean_temp",11.5184749582482,"Chthamalus.montagui_EMciSupByTSS_mergedData_mergedRun_mergedAlgo",0.470043585051141
"159",53,"ocean_temp",11.5184749582482,"Chthamalus.montagui_EMmeanByTSS_mergedData_mergedRun_mergedAlgo",0.227955155800142
"160",54,"ocean_temp",11.5501717728766,"Chthamalus.montagui_EMmeanByTSS_mergedData_mergedRun_mergedAlgo",0.231741629945102
"161",54,"ocean_temp",11.5501717728766,"Chthamalus.montagui_EMmeanByROC_mergedData_mergedRun_mergedAlgo",0.231741629945102
"162",54,"ocean_temp",11.5501717728766,"Chthamalus.montagui_EMciSupByTSS_mergedData_mergedRun_mergedAlgo",0.478868813520047
"163",55,"ocean_temp",11.581868587505,"Chthamalus.montagui_EMmeanByROC_mergedData_mergedRun_mergedAlgo",0.235411160472056
"164",55,"ocean_temp",11.581868587505,"Chthamalus.montagui_EMciSupByTSS_mergedData_mergedRun_mergedAlgo",0.487412554138741
"165",55,"ocean_temp",11.581868587505,"Chthamalus.montagui_EMmeanByTSS_mergedData_mergedRun_mergedAlgo",0.235411160472056
"166",56,"ocean_temp",11.6135654021334,"Chthamalus.montagui_EMciSupByTSS_mergedData_mergedRun_mergedAlgo",0.495670839343785
"167",56,"ocean_temp",11.6135654021334,"Chthamalus.montagui_EMmeanByROC_mergedData_mergedRun_mergedAlgo",0.238961514625431
"168",56,"ocean_temp",11.6135654021334,"Chthamalus.montagui_EMmeanByTSS_mergedData_mergedRun_mergedAlgo",0.238961514625431
"169",57,"ocean_temp",11.6452622167618,"Chthamalus.montagui_EMmeanByROC_mergedData_mergedRun_mergedAlgo",0.242391207198166
"170",57,"ocean_temp",11.6452622167618,"Chthamalus.montagui_EMciSupByTSS_mergedData_mergedRun_mergedAlgo",0.503641610739484
"171",57,"ocean_temp",11.6452622167618,"Chthamalus.montagui_EMmeanByTSS_mergedData_mergedRun_mergedAlgo",0.242391207198166
"172",58,"ocean_temp",11.6769590313903,"Chthamalus.montagui_EMmeanByROC_mergedData_mergedRun_mergedAlgo",0.24569943331442
"173",58,"ocean_temp",11.6769590313903,"Chthamalus.montagui_EMmeanByTSS_mergedData_mergedRun_mergedAlgo",0.24569943331442
"174",58,"ocean_temp",11.6769590313903,"Chthamalus.montagui_EMciSupByTSS_mergedData_mergedRun_mergedAlgo",0.511324477978527
"175",59,"ocean_temp",11.7086558460187,"Chthamalus.montagui_EMmeanByROC_mergedData_mergedRun_mergedAlgo",0.248886001905772
"176",59,"ocean_temp",11.7086558460187,"Chthamalus.montagui_EMciSupByTSS_mergedData_mergedRun_mergedAlgo",0.518720491964567
"177",59,"ocean_temp",11.7086558460187,"Chthamalus.montagui_EMmeanByTSS_mergedData_mergedRun_mergedAlgo",0.248886001905772
"178",60,"ocean_temp",11.7403526606471,"Chthamalus.montagui_EMciSupByTSS_mergedData_mergedRun_mergedAlgo",0.52583193586544
"179",60,"ocean_temp",11.7403526606471,"Chthamalus.montagui_EMmeanByTSS_mergedData_mergedRun_mergedAlgo",0.251951271232947
"180",60,"ocean_temp",11.7403526606471,"Chthamalus.montagui_EMmeanByROC_mergedData_mergedRun_mergedAlgo",0.251951271232947
"181",61,"ocean_temp",11.7720494752755,"Chthamalus.montagui_EMmeanByTSS_mergedData_mergedRun_mergedAlgo",0.254896087419757
"182",61,"ocean_temp",11.7720494752755,"Chthamalus.montagui_EMmeanByROC_mergedData_mergedRun_mergedAlgo",0.254896087419757
"183",61,"ocean_temp",11.7720494752755,"Chthamalus.montagui_EMciSupByTSS_mergedData_mergedRun_mergedAlgo",0.532662135941217
"184",62,"ocean_temp",11.8037462899039,"Chthamalus.montagui_EMmeanByROC_mergedData_mergedRun_mergedAlgo",0.261721726631071
"185",62,"ocean_temp",11.8037462899039,"Chthamalus.montagui_EMciSupByTSS_mergedData_mergedRun_mergedAlgo",0.543051925574389
"186",62,"ocean_temp",11.8037462899039,"Chthamalus.montagui_EMmeanByTSS_mergedData_mergedRun_mergedAlgo",0.261721726631071
"187",63,"ocean_temp",11.8354431045324,"Chthamalus.montagui_EMciSupByTSS_mergedData_mergedRun_mergedAlgo",0.549543389565152
"188",63,"ocean_temp",11.8354431045324,"Chthamalus.montagui_EMmeanByROC_mergedData_mergedRun_mergedAlgo",0.264679841249006
"189",63,"ocean_temp",11.8354431045324,"Chthamalus.montagui_EMmeanByTSS_mergedData_mergedRun_mergedAlgo",0.264679841249006
"190",64,"ocean_temp",11.8671399191608,"Chthamalus.montagui_EMmeanByROC_mergedData_mergedRun_mergedAlgo",0.267522410182157
"191",64,"ocean_temp",11.8671399191608,"Chthamalus.montagui_EMciSupByTSS_mergedData_mergedRun_mergedAlgo",0.555768104433317
"192",64,"ocean_temp",11.8671399191608,"Chthamalus.montagui_EMmeanByTSS_mergedData_mergedRun_mergedAlgo",0.267522410182157
"193",65,"ocean_temp",11.8988367337892,"Chthamalus.montagui_EMmeanByROC_mergedData_mergedRun_mergedAlgo",0.272501693278344
"194",65,"ocean_temp",11.8988367337892,"Chthamalus.montagui_EMmeanByTSS_mergedData_mergedRun_mergedAlgo",0.272501693278344
"195",65,"ocean_temp",11.8988367337892,"Chthamalus.montagui_EMciSupByTSS_mergedData_mergedRun_mergedAlgo",0.563899823035523
"196",66,"ocean_temp",11.9305335484176,"Chthamalus.montagui_EMmeanByROC_mergedData_mergedRun_mergedAlgo",0.290370189696055
"197",66,"ocean_temp",11.9305335484176,"Chthamalus.montagui_EMciSupByTSS_mergedData_mergedRun_mergedAlgo",0.585462087377031
"198",66,"ocean_temp",11.9305335484176,"Chthamalus.montagui_EMmeanByTSS_mergedData_mergedRun_mergedAlgo",0.290370189696055
"199",67,"ocean_temp",11.962230363046,"Chthamalus.montagui_EMciSupByTSS_mergedData_mergedRun_mergedAlgo",0.591129416210553
"200",67,"ocean_temp",11.962230363046,"Chthamalus.montagui_EMmeanByTSS_mergedData_mergedRun_mergedAlgo",0.293130600015932
"201",67,"ocean_temp",11.962230363046,"Chthamalus.montagui_EMmeanByROC_mergedData_mergedRun_mergedAlgo",0.293130600015932
"202",68,"ocean_temp",11.9939271776745,"Chthamalus.montagui_EMmeanByROC_mergedData_mergedRun_mergedAlgo",0.295535791833127
"203",68,"ocean_temp",11.9939271776745,"Chthamalus.montagui_EMciSupByTSS_mergedData_mergedRun_mergedAlgo",0.596277832812826
"204",68,"ocean_temp",11.9939271776745,"Chthamalus.montagui_EMmeanByTSS_mergedData_mergedRun_mergedAlgo",0.295535791833127
"205",69,"ocean_temp",12.0256239923029,"Chthamalus.montagui_EMmeanByROC_mergedData_mergedRun_mergedAlgo",0.306588768556252
"206",69,"ocean_temp",12.0256239923029,"Chthamalus.montagui_EMciSupByTSS_mergedData_mergedRun_mergedAlgo",0.611309786387418
"207",69,"ocean_temp",12.0256239923029,"Chthamalus.montagui_EMmeanByTSS_mergedData_mergedRun_mergedAlgo",0.306588768556252
"208",70,"ocean_temp",12.0573208069313,"Chthamalus.montagui_EMmeanByROC_mergedData_mergedRun_mergedAlgo",0.307292641141707
"209",70,"ocean_temp",12.0573208069313,"Chthamalus.montagui_EMciSupByTSS_mergedData_mergedRun_mergedAlgo",0.614418493603261
"210",70,"ocean_temp",12.0573208069313,"Chthamalus.montagui_EMmeanByTSS_mergedData_mergedRun_mergedAlgo",0.307292641141707
"211",71,"ocean_temp",12.0890176215597,"Chthamalus.montagui_EMmeanByROC_mergedData_mergedRun_mergedAlgo",0.309650602507234
"212",71,"ocean_temp",12.0890176215597,"Chthamalus.montagui_EMciSupByTSS_mergedData_mergedRun_mergedAlgo",0.619223883693601
"213",71,"ocean_temp",12.0890176215597,"Chthamalus.montagui_EMmeanByTSS_mergedData_mergedRun_mergedAlgo",0.309650602507234
"214",72,"ocean_temp",12.1207144361881,"Chthamalus.montagui_EMmeanByROC_mergedData_mergedRun_mergedAlgo",0.311415904390545
"215",72,"ocean_temp",12.1207144361881,"Chthamalus.montagui_EMciSupByTSS_mergedData_mergedRun_mergedAlgo",0.62320784711742
"216",72,"ocean_temp",12.1207144361881,"Chthamalus.montagui_EMmeanByTSS_mergedData_mergedRun_mergedAlgo",0.311415904390545
"217",73,"ocean_temp",12.1524112508165,"Chthamalus.montagui_EMmeanByROC_mergedData_mergedRun_mergedAlgo",0.305341836443929
"218",73,"ocean_temp",12.1524112508165,"Chthamalus.montagui_EMciSupByTSS_mergedData_mergedRun_mergedAlgo",0.618344583587781
"219",73,"ocean_temp",12.1524112508165,"Chthamalus.montagui_EMmeanByTSS_mergedData_mergedRun_mergedAlgo",0.305341836443929
"220",74,"ocean_temp",12.184108065445,"Chthamalus.montagui_EMmeanByTSS_mergedData_mergedRun_mergedAlgo",0.314681707381014
"221",74,"ocean_temp",12.184108065445,"Chthamalus.montagui_EMmeanByROC_mergedData_mergedRun_mergedAlgo",0.314681707381014
"222",74,"ocean_temp",12.184108065445,"Chthamalus.montagui_EMciSupByTSS_mergedData_mergedRun_mergedAlgo",0.629987071869601
"223",75,"ocean_temp",12.2158048800734,"Chthamalus.montagui_EMmeanByROC_mergedData_mergedRun_mergedAlgo",0.324188828015477
"224",75,"ocean_temp",12.2158048800734,"Chthamalus.montagui_EMciSupByTSS_mergedData_mergedRun_mergedAlgo",0.643591859871957
"225",75,"ocean_temp",12.2158048800734,"Chthamalus.montagui_EMmeanByTSS_mergedData_mergedRun_mergedAlgo",0.324188828015477
"226",76,"ocean_temp",12.2475016947018,"Chthamalus.montagui_EMciSupByTSS_mergedData_mergedRun_mergedAlgo",0.645900763835388
"227",76,"ocean_temp",12.2475016947018,"Chthamalus.montagui_EMmeanByROC_mergedData_mergedRun_mergedAlgo",0.324866496052273
"228",76,"ocean_temp",12.2475016947018,"Chthamalus.montagui_EMmeanByTSS_mergedData_mergedRun_mergedAlgo",0.324866496052273
"229",77,"ocean_temp",12.2791985093302,"Chthamalus.montagui_EMmeanByROC_mergedData_mergedRun_mergedAlgo",0.324467982509424
"230",77,"ocean_temp",12.2791985093302,"Chthamalus.montagui_EMciSupByTSS_mergedData_mergedRun_mergedAlgo",0.646780226408702
"231",77,"ocean_temp",12.2791985093302,"Chthamalus.montagui_EMmeanByTSS_mergedData_mergedRun_mergedAlgo",0.324467982509424
"232",78,"ocean_temp",12.3108953239586,"Chthamalus.montagui_EMmeanByROC_mergedData_mergedRun_mergedAlgo",0.325246519662447
"233",78,"ocean_temp",12.3108953239586,"Chthamalus.montagui_EMmeanByTSS_mergedData_mergedRun_mergedAlgo",0.325246519662447
"234",78,"ocean_temp",12.3108953239586,"Chthamalus.montagui_EMciSupByTSS_mergedData_mergedRun_mergedAlgo",0.649046411243276
"235",79,"ocean_temp",12.3425921385871,"Chthamalus.montagui_EMmeanByROC_mergedData_mergedRun_mergedAlgo",0.326955290414286
"236",79,"ocean_temp",12.3425921385871,"Chthamalus.montagui_EMciSupByTSS_mergedData_mergedRun_mergedAlgo",0.652292179975014
"237",79,"ocean_temp",12.3425921385871,"Chthamalus.montagui_EMmeanByTSS_mergedData_mergedRun_mergedAlgo",0.326955290414286
"238",80,"ocean_temp",12.3742889532155,"Chthamalus.montagui_EMciSupByTSS_mergedData_mergedRun_mergedAlgo",0.66175845831115
"239",80,"ocean_temp",12.3742889532155,"Chthamalus.montagui_EMmeanByTSS_mergedData_mergedRun_mergedAlgo",0.334097419001622
"240",80,"ocean_temp",12.3742889532155,"Chthamalus.montagui_EMmeanByROC_mergedData_mergedRun_mergedAlgo",0.334097419001622
"241",81,"ocean_temp",12.4059857678439,"Chthamalus.montagui_EMmeanByTSS_mergedData_mergedRun_mergedAlgo",0.358425962954079
"242",81,"ocean_temp",12.4059857678439,"Chthamalus.montagui_EMmeanByROC_mergedData_mergedRun_mergedAlgo",0.358425962954079
"243",81,"ocean_temp",12.4059857678439,"Chthamalus.montagui_EMciSupByTSS_mergedData_mergedRun_mergedAlgo",0.694839235786976
"244",82,"ocean_temp",12.4376825824723,"Chthamalus.montagui_EMmeanByROC_mergedData_mergedRun_mergedAlgo",0.368443906226725
"245",82,"ocean_temp",12.4376825824723,"Chthamalus.montagui_EMciSupByTSS_mergedData_mergedRun_mergedAlgo",0.707504945299682
"246",82,"ocean_temp",12.4376825824723,"Chthamalus.montagui_EMmeanByTSS_mergedData_mergedRun_mergedAlgo",0.368443906226725
"247",83,"ocean_temp",12.4693793971007,"Chthamalus.montagui_EMciSupByTSS_mergedData_mergedRun_mergedAlgo",0.716775749638382
"248",83,"ocean_temp",12.4693793971007,"Chthamalus.montagui_EMmeanByROC_mergedData_mergedRun_mergedAlgo",0.374654153428791
"249",83,"ocean_temp",12.4693793971007,"Chthamalus.montagui_EMmeanByTSS_mergedData_mergedRun_mergedAlgo",0.374654153428791
"250",84,"ocean_temp",12.5010762117291,"Chthamalus.montagui_EMmeanByROC_mergedData_mergedRun_mergedAlgo",0.374809525073262
"251",84,"ocean_temp",12.5010762117291,"Chthamalus.montagui_EMciSupByTSS_mergedData_mergedRun_mergedAlgo",0.717466725456494
"252",84,"ocean_temp",12.5010762117291,"Chthamalus.montagui_EMmeanByTSS_mergedData_mergedRun_mergedAlgo",0.374809525073262
"253",85,"ocean_temp",12.5327730263576,"Chthamalus.montagui_EMmeanByROC_mergedData_mergedRun_mergedAlgo",0.374162753773198
"254",85,"ocean_temp",12.5327730263576,"Chthamalus.montagui_EMmeanByTSS_mergedData_mergedRun_mergedAlgo",0.374162753773198
"255",85,"ocean_temp",12.5327730263576,"Chthamalus.montagui_EMciSupByTSS_mergedData_mergedRun_mergedAlgo",0.71742985436944
"256",86,"ocean_temp",12.564469840986,"Chthamalus.montagui_EMmeanByROC_mergedData_mergedRun_mergedAlgo",0.387466481311733
"257",86,"ocean_temp",12.564469840986,"Chthamalus.montagui_EMciSupByTSS_mergedData_mergedRun_mergedAlgo",0.738138642257863
"258",86,"ocean_temp",12.564469840986,"Chthamalus.montagui_EMmeanByTSS_mergedData_mergedRun_mergedAlgo",0.387466481311733
"259",87,"ocean_temp",12.5961666556144,"Chthamalus.montagui_EMciSupByTSS_mergedData_mergedRun_mergedAlgo",0.75641718498645
"260",87,"ocean_temp",12.5961666556144,"Chthamalus.montagui_EMmeanByTSS_mergedData_mergedRun_mergedAlgo",0.400723256513799
"261",87,"ocean_temp",12.5961666556144,"Chthamalus.montagui_EMmeanByROC_mergedData_mergedRun_mergedAlgo",0.400723256513799
"262",88,"ocean_temp",12.6278634702428,"Chthamalus.montagui_EMmeanByROC_mergedData_mergedRun_mergedAlgo",0.398935533849001
"263",88,"ocean_temp",12.6278634702428,"Chthamalus.montagui_EMciSupByTSS_mergedData_mergedRun_mergedAlgo",0.754153928404669
"264",88,"ocean_temp",12.6278634702428,"Chthamalus.montagui_EMmeanByTSS_mergedData_mergedRun_mergedAlgo",0.398935533849001
"265",89,"ocean_temp",12.6595602848712,"Chthamalus.montagui_EMmeanByROC_mergedData_mergedRun_mergedAlgo",0.399105672696742
"266",89,"ocean_temp",12.6595602848712,"Chthamalus.montagui_EMciSupByTSS_mergedData_mergedRun_mergedAlgo",0.755027870930229
"267",89,"ocean_temp",12.6595602848712,"Chthamalus.montagui_EMmeanByTSS_mergedData_mergedRun_mergedAlgo",0.399105672696742
"268",90,"ocean_temp",12.6912570994997,"Chthamalus.montagui_EMmeanByROC_mergedData_mergedRun_mergedAlgo",0.400235937206753
"269",90,"ocean_temp",12.6912570994997,"Chthamalus.montagui_EMciSupByTSS_mergedData_mergedRun_mergedAlgo",0.757045127205321
"270",90,"ocean_temp",12.6912570994997,"Chthamalus.montagui_EMmeanByTSS_mergedData_mergedRun_mergedAlgo",0.400235937206753
"271",91,"ocean_temp",12.7229539141281,"Chthamalus.montagui_EMmeanByROC_mergedData_mergedRun_mergedAlgo",0.400828496690675
"272",91,"ocean_temp",12.7229539141281,"Chthamalus.montagui_EMciSupByTSS_mergedData_mergedRun_mergedAlgo",0.758295474655837
"273",91,"ocean_temp",12.7229539141281,"Chthamalus.montagui_EMmeanByTSS_mergedData_mergedRun_mergedAlgo",0.400828496690675
"274",92,"ocean_temp",12.7546507287565,"Chthamalus.montagui_EMmeanByROC_mergedData_mergedRun_mergedAlgo",0.399385426483137
"275",92,"ocean_temp",12.7546507287565,"Chthamalus.montagui_EMciSupByTSS_mergedData_mergedRun_mergedAlgo",0.756408869177414
"276",92,"ocean_temp",12.7546507287565,"Chthamalus.montagui_EMmeanByTSS_mergedData_mergedRun_mergedAlgo",0.399385426483137
"277",93,"ocean_temp",12.7863475433849,"Chthamalus.montagui_EMmeanByROC_mergedData_mergedRun_mergedAlgo",0.398408709213996
"278",93,"ocean_temp",12.7863475433849,"Chthamalus.montagui_EMciSupByTSS_mergedData_mergedRun_mergedAlgo",0.755221676071386
"279",93,"ocean_temp",12.7863475433849,"Chthamalus.montagui_EMmeanByTSS_mergedData_mergedRun_mergedAlgo",0.398408709213996
"280",94,"ocean_temp",12.8180443580133,"Chthamalus.montagui_EMmeanByTSS_mergedData_mergedRun_mergedAlgo",0.398900236436875
"281",94,"ocean_temp",12.8180443580133,"Chthamalus.montagui_EMmeanByROC_mergedData_mergedRun_mergedAlgo",0.398900236436875
"282",94,"ocean_temp",12.8180443580133,"Chthamalus.montagui_EMciSupByTSS_mergedData_mergedRun_mergedAlgo",0.756269966313723
"283",95,"ocean_temp",12.8497411726418,"Chthamalus.montagui_EMmeanByROC_mergedData_mergedRun_mergedAlgo",0.400611810562883
"284",95,"ocean_temp",12.8497411726418,"Chthamalus.montagui_EMciSupByTSS_mergedData_mergedRun_mergedAlgo",0.759063463199483
"285",95,"ocean_temp",12.8497411726418,"Chthamalus.montagui_EMmeanByTSS_mergedData_mergedRun_mergedAlgo",0.400611810562883
"286",96,"ocean_temp",12.8814379872702,"Chthamalus.montagui_EMciSupByTSS_mergedData_mergedRun_mergedAlgo",0.762888143194509
"287",96,"ocean_temp",12.8814379872702,"Chthamalus.montagui_EMmeanByROC_mergedData_mergedRun_mergedAlgo",0.403045147052324
"288",96,"ocean_temp",12.8814379872702,"Chthamalus.montagui_EMmeanByTSS_mergedData_mergedRun_mergedAlgo",0.403045147052324
"289",97,"ocean_temp",12.9131348018986,"Chthamalus.montagui_EMmeanByROC_mergedData_mergedRun_mergedAlgo",0.403451876821367
"290",97,"ocean_temp",12.9131348018986,"Chthamalus.montagui_EMciSupByTSS_mergedData_mergedRun_mergedAlgo",0.763754386982662
"291",97,"ocean_temp",12.9131348018986,"Chthamalus.montagui_EMmeanByTSS_mergedData_mergedRun_mergedAlgo",0.403451876821367
"292",98,"ocean_temp",12.944831616527,"Chthamalus.montagui_EMmeanByROC_mergedData_mergedRun_mergedAlgo",0.404333548824836
"293",98,"ocean_temp",12.944831616527,"Chthamalus.montagui_EMmeanByTSS_mergedData_mergedRun_mergedAlgo",0.404333548824836
"294",98,"ocean_temp",12.944831616527,"Chthamalus.montagui_EMciSupByTSS_mergedData_mergedRun_mergedAlgo",0.765349713834787
"295",99,"ocean_temp",12.9765284311554,"Chthamalus.montagui_EMmeanByROC_mergedData_mergedRun_mergedAlgo",0.404691632780767
"296",99,"ocean_temp",12.9765284311554,"Chthamalus.montagui_EMciSupByTSS_mergedData_mergedRun_mergedAlgo",0.76611341499602
"297",99,"ocean_temp",12.9765284311554,"Chthamalus.montagui_EMmeanByTSS_mergedData_mergedRun_mergedAlgo",0.404691632780767
"298",100,"ocean_temp",13.0082252457838,"Chthamalus.montagui_EMciSupByTSS_mergedData_mergedRun_mergedAlgo",0.766830531492687
"299",100,"ocean_temp",13.0082252457838,"Chthamalus.montagui_EMmeanByTSS_mergedData_mergedRun_mergedAlgo",0.405027522006885
"300",100,"ocean_temp",13.0082252457838,"Chthamalus.montagui_EMmeanByROC_mergedData_mergedRun_mergedAlgo",0.405027522006885
"301",1,"ph",8.03182096730723,"Chthamalus.montagui_EMmeanByTSS_mergedData_mergedRun_mergedAlgo",0.0677796504945189
"302",1,"ph",8.03182096730723,"Chthamalus.montagui_EMmeanByROC_mergedData_mergedRun_mergedAlgo",0.0677796504945189
"303",1,"ph",8.03182096730723,"Chthamalus.montagui_EMciSupByTSS_mergedData_mergedRun_mergedAlgo",0.151425355130049
"304",2,"ph",8.03258457013543,"Chthamalus.montagui_EMmeanByROC_mergedData_mergedRun_mergedAlgo",0.225635293844447
"305",2,"ph",8.03258457013543,"Chthamalus.montagui_EMciSupByTSS_mergedData_mergedRun_mergedAlgo",0.440472505002861
"306",2,"ph",8.03258457013543,"Chthamalus.montagui_EMmeanByTSS_mergedData_mergedRun_mergedAlgo",0.225635293844447
"307",3,"ph",8.03334817296362,"Chthamalus.montagui_EMciSupByTSS_mergedData_mergedRun_mergedAlgo",0.448251037130592
"308",3,"ph",8.03334817296362,"Chthamalus.montagui_EMmeanByROC_mergedData_mergedRun_mergedAlgo",0.232713985781252
"309",3,"ph",8.03334817296362,"Chthamalus.montagui_EMmeanByTSS_mergedData_mergedRun_mergedAlgo",0.232713985781252
"310",4,"ph",8.03411177579181,"Chthamalus.montagui_EMmeanByROC_mergedData_mergedRun_mergedAlgo",0.242295917893718
"311",4,"ph",8.03411177579181,"Chthamalus.montagui_EMciSupByTSS_mergedData_mergedRun_mergedAlgo",0.459512898872636
"312",4,"ph",8.03411177579181,"Chthamalus.montagui_EMmeanByTSS_mergedData_mergedRun_mergedAlgo",0.242295917893718
"313",5,"ph",8.03487537862001,"Chthamalus.montagui_EMmeanByROC_mergedData_mergedRun_mergedAlgo",0.24213103263236
"314",5,"ph",8.03487537862001,"Chthamalus.montagui_EMmeanByTSS_mergedData_mergedRun_mergedAlgo",0.24213103263236
"315",5,"ph",8.03487537862001,"Chthamalus.montagui_EMciSupByTSS_mergedData_mergedRun_mergedAlgo",0.45946371929716
"316",6,"ph",8.0356389814482,"Chthamalus.montagui_EMmeanByROC_mergedData_mergedRun_mergedAlgo",0.241969273304209
"317",6,"ph",8.0356389814482,"Chthamalus.montagui_EMciSupByTSS_mergedData_mergedRun_mergedAlgo",0.459415675351689
"318",6,"ph",8.0356389814482,"Chthamalus.montagui_EMmeanByTSS_mergedData_mergedRun_mergedAlgo",0.241969273304209
"319",7,"ph",8.03640258427639,"Chthamalus.montagui_EMciSupByTSS_mergedData_mergedRun_mergedAlgo",0.459368738443384
"320",7,"ph",8.03640258427639,"Chthamalus.montagui_EMmeanByTSS_mergedData_mergedRun_mergedAlgo",0.241810584067263
"321",7,"ph",8.03640258427639,"Chthamalus.montagui_EMmeanByROC_mergedData_mergedRun_mergedAlgo",0.241810584067263
"322",8,"ph",8.03716618710459,"Chthamalus.montagui_EMmeanByROC_mergedData_mergedRun_mergedAlgo",0.241654909924625
"323",8,"ph",8.03716618710459,"Chthamalus.montagui_EMciSupByTSS_mergedData_mergedRun_mergedAlgo",0.459322880771288
"324",8,"ph",8.03716618710459,"Chthamalus.montagui_EMmeanByTSS_mergedData_mergedRun_mergedAlgo",0.241654909924625
"325",9,"ph",8.03792978993278,"Chthamalus.montagui_EMmeanByROC_mergedData_mergedRun_mergedAlgo",0.241502196718346
"326",9,"ph",8.03792978993278,"Chthamalus.montagui_EMciSupByTSS_mergedData_mergedRun_mergedAlgo",0.459278075302619
"327",9,"ph",8.03792978993278,"Chthamalus.montagui_EMmeanByTSS_mergedData_mergedRun_mergedAlgo",0.241502196718346
"328",10,"ph",8.03869339276097,"Chthamalus.montagui_EMmeanByROC_mergedData_mergedRun_mergedAlgo",0.241352391122994
"329",10,"ph",8.03869339276097,"Chthamalus.montagui_EMciSupByTSS_mergedData_mergedRun_mergedAlgo",0.459234295749793
"330",10,"ph",8.03869339276097,"Chthamalus.montagui_EMmeanByTSS_mergedData_mergedRun_mergedAlgo",0.241352391122994
"331",11,"ph",8.03945699558916,"Chthamalus.montagui_EMmeanByROC_mergedData_mergedRun_mergedAlgo",0.24670544063897
"332",11,"ph",8.03945699558916,"Chthamalus.montagui_EMciSupByTSS_mergedData_mergedRun_mergedAlgo",0.465979690541183
"333",11,"ph",8.03945699558916,"Chthamalus.montagui_EMmeanByTSS_mergedData_mergedRun_mergedAlgo",0.24670544063897
"334",12,"ph",8.04022059841736,"Chthamalus.montagui_EMmeanByROC_mergedData_mergedRun_mergedAlgo",0.250061293585579
"335",12,"ph",8.04022059841736,"Chthamalus.montagui_EMciSupByTSS_mergedData_mergedRun_mergedAlgo",0.470380673045272
"336",12,"ph",8.04022059841736,"Chthamalus.montagui_EMmeanByTSS_mergedData_mergedRun_mergedAlgo",0.250061293585579
"337",13,"ph",8.04098420124555,"Chthamalus.montagui_EMmeanByROC_mergedData_mergedRun_mergedAlgo",0.249919899093888
"338",13,"ph",8.04098420124555,"Chthamalus.montagui_EMciSupByTSS_mergedData_mergedRun_mergedAlgo",0.470343023561096
"339",13,"ph",8.04098420124555,"Chthamalus.montagui_EMmeanByTSS_mergedData_mergedRun_mergedAlgo",0.249919899093888
"340",14,"ph",8.04174780407374,"Chthamalus.montagui_EMmeanByTSS_mergedData_mergedRun_mergedAlgo",0.251281207099373
"341",14,"ph",8.04174780407374,"Chthamalus.montagui_EMmeanByROC_mergedData_mergedRun_mergedAlgo",0.251281207099373
"342",14,"ph",8.04174780407374,"Chthamalus.montagui_EMciSupByTSS_mergedData_mergedRun_mergedAlgo",0.47245900787549
"343",15,"ph",8.04251140690194,"Chthamalus.montagui_EMmeanByROC_mergedData_mergedRun_mergedAlgo",0.250895168334384
"344",15,"ph",8.04251140690194,"Chthamalus.montagui_EMciSupByTSS_mergedData_mergedRun_mergedAlgo",0.47212059030261
"345",15,"ph",8.04251140690194,"Chthamalus.montagui_EMmeanByTSS_mergedData_mergedRun_mergedAlgo",0.250895168334384
"346",16,"ph",8.04327500973013,"Chthamalus.montagui_EMciSupByTSS_mergedData_mergedRun_mergedAlgo",0.469354637214748
"347",16,"ph",8.04327500973013,"Chthamalus.montagui_EMmeanByROC_mergedData_mergedRun_mergedAlgo",0.248761734320431
"348",16,"ph",8.04327500973013,"Chthamalus.montagui_EMmeanByTSS_mergedData_mergedRun_mergedAlgo",0.248761734320431
"349",17,"ph",8.04403861255832,"Chthamalus.montagui_EMmeanByROC_mergedData_mergedRun_mergedAlgo",0.247630857360315
"350",17,"ph",8.04403861255832,"Chthamalus.montagui_EMciSupByTSS_mergedData_mergedRun_mergedAlgo",0.467962426727639
"351",17,"ph",8.04403861255832,"Chthamalus.montagui_EMmeanByTSS_mergedData_mergedRun_mergedAlgo",0.247630857360315
"352",18,"ph",8.04480221538652,"Chthamalus.montagui_EMmeanByROC_mergedData_mergedRun_mergedAlgo",0.247502490530112
"353",18,"ph",8.04480221538652,"Chthamalus.montagui_EMmeanByTSS_mergedData_mergedRun_mergedAlgo",0.247502490530112
"354",18,"ph",8.04480221538652,"Chthamalus.montagui_EMciSupByTSS_mergedData_mergedRun_mergedAlgo",0.467928343953478
"355",19,"ph",8.04556581821471,"Chthamalus.montagui_EMmeanByROC_mergedData_mergedRun_mergedAlgo",0.247376587671028
"356",19,"ph",8.04556581821471,"Chthamalus.montagui_EMciSupByTSS_mergedData_mergedRun_mergedAlgo",0.467895032520855
"357",19,"ph",8.04556581821471,"Chthamalus.montagui_EMmeanByTSS_mergedData_mergedRun_mergedAlgo",0.247376587671028
"358",20,"ph",8.0463294210429,"Chthamalus.montagui_EMciSupByTSS_mergedData_mergedRun_mergedAlgo",0.467862473475589
"359",20,"ph",8.0463294210429,"Chthamalus.montagui_EMmeanByTSS_mergedData_mergedRun_mergedAlgo",0.247253103381136
"360",20,"ph",8.0463294210429,"Chthamalus.montagui_EMmeanByROC_mergedData_mergedRun_mergedAlgo",0.247253103381136
"361",21,"ph",8.0470930238711,"Chthamalus.montagui_EMmeanByTSS_mergedData_mergedRun_mergedAlgo",0.247131993007
"362",21,"ph",8.0470930238711,"Chthamalus.montagui_EMmeanByROC_mergedData_mergedRun_mergedAlgo",0.247131993007
"363",21,"ph",8.0470930238711,"Chthamalus.montagui_EMciSupByTSS_mergedData_mergedRun_mergedAlgo",0.467830648377294
"364",22,"ph",8.04785662669929,"Chthamalus.montagui_EMmeanByROC_mergedData_mergedRun_mergedAlgo",0.247013212635214
"365",22,"ph",8.04785662669929,"Chthamalus.montagui_EMciSupByTSS_mergedData_mergedRun_mergedAlgo",0.467799539284091
"366",22,"ph",8.04785662669929,"Chthamalus.montagui_EMmeanByTSS_mergedData_mergedRun_mergedAlgo",0.247013212635214
"367",23,"ph",8.04862022952748,"Chthamalus.montagui_EMciSupByTSS_mergedData_mergedRun_mergedAlgo",0.35479242701948
"368",23,"ph",8.04862022952748,"Chthamalus.montagui_EMmeanByROC_mergedData_mergedRun_mergedAlgo",0.165631594083855
"369",23,"ph",8.04862022952748,"Chthamalus.montagui_EMmeanByTSS_mergedData_mergedRun_mergedAlgo",0.165631594083855
"370",24,"ph",8.04938383235567,"Chthamalus.montagui_EMmeanByROC_mergedData_mergedRun_mergedAlgo",0.142517344893859
"371",24,"ph",8.04938383235567,"Chthamalus.montagui_EMciSupByTSS_mergedData_mergedRun_mergedAlgo",0.324076832292665
"372",24,"ph",8.04938383235567,"Chthamalus.montagui_EMmeanByTSS_mergedData_mergedRun_mergedAlgo",0.142517344893859
"373",25,"ph",8.05014743518387,"Chthamalus.montagui_EMmeanByROC_mergedData_mergedRun_mergedAlgo",0.140155298320338
"374",25,"ph",8.05014743518387,"Chthamalus.montagui_EMmeanByTSS_mergedData_mergedRun_mergedAlgo",0.140155298320338
"375",25,"ph",8.05014743518387,"Chthamalus.montagui_EMciSupByTSS_mergedData_mergedRun_mergedAlgo",0.319462210426985
"376",26,"ph",8.05091103801206,"Chthamalus.montagui_EMmeanByROC_mergedData_mergedRun_mergedAlgo",0.026780288323847
"377",26,"ph",8.05091103801206,"Chthamalus.montagui_EMciSupByTSS_mergedData_mergedRun_mergedAlgo",0.0663694490433295
"378",26,"ph",8.05091103801206,"Chthamalus.montagui_EMmeanByTSS_mergedData_mergedRun_mergedAlgo",0.026780288323847
"379",27,"ph",8.05167464084025,"Chthamalus.montagui_EMciSupByTSS_mergedData_mergedRun_mergedAlgo",0.0267196206922402
"380",27,"ph",8.05167464084025,"Chthamalus.montagui_EMmeanByTSS_mergedData_mergedRun_mergedAlgo",0.0139225245616027
"381",27,"ph",8.05167464084025,"Chthamalus.montagui_EMmeanByROC_mergedData_mergedRun_mergedAlgo",0.0139225245616027
"382",28,"ph",8.05243824366845,"Chthamalus.montagui_EMmeanByROC_mergedData_mergedRun_mergedAlgo",0.0105668423786712
"383",28,"ph",8.05243824366845,"Chthamalus.montagui_EMciSupByTSS_mergedData_mergedRun_mergedAlgo",0.0204694202088945
"384",28,"ph",8.05243824366845,"Chthamalus.montagui_EMmeanByTSS_mergedData_mergedRun_mergedAlgo",0.0105668423786712
"385",29,"ph",8.05320184649664,"Chthamalus.montagui_EMmeanByROC_mergedData_mergedRun_mergedAlgo",0.0184632027991278
"386",29,"ph",8.05320184649664,"Chthamalus.montagui_EMciSupByTSS_mergedData_mergedRun_mergedAlgo",0.0384150001658293
"387",29,"ph",8.05320184649664,"Chthamalus.montagui_EMmeanByTSS_mergedData_mergedRun_mergedAlgo",0.0184632027991278
"388",30,"ph",8.05396544932483,"Chthamalus.montagui_EMmeanByROC_mergedData_mergedRun_mergedAlgo",0.0106115675172
"389",30,"ph",8.05396544932483,"Chthamalus.montagui_EMciSupByTSS_mergedData_mergedRun_mergedAlgo",0.0204011245639769
"390",30,"ph",8.05396544932483,"Chthamalus.montagui_EMmeanByTSS_mergedData_mergedRun_mergedAlgo",0.0106115675172
"391",31,"ph",8.05472905215303,"Chthamalus.montagui_EMmeanByROC_mergedData_mergedRun_mergedAlgo",0.0102618988883987
"392",31,"ph",8.05472905215303,"Chthamalus.montagui_EMciSupByTSS_mergedData_mergedRun_mergedAlgo",0.0199291242914501
"393",31,"ph",8.05472905215303,"Chthamalus.montagui_EMmeanByTSS_mergedData_mergedRun_mergedAlgo",0.0102618988883987
"394",32,"ph",8.05549265498122,"Chthamalus.montagui_EMmeanByROC_mergedData_mergedRun_mergedAlgo",0.00791415992064746
"395",32,"ph",8.05549265498122,"Chthamalus.montagui_EMciSupByTSS_mergedData_mergedRun_mergedAlgo",0.0153733677247217
"396",32,"ph",8.05549265498122,"Chthamalus.montagui_EMmeanByTSS_mergedData_mergedRun_mergedAlgo",0.00791415992064746
"397",33,"ph",8.05625625780941,"Chthamalus.montagui_EMmeanByROC_mergedData_mergedRun_mergedAlgo",0.00756831426541442
"398",33,"ph",8.05625625780941,"Chthamalus.montagui_EMciSupByTSS_mergedData_mergedRun_mergedAlgo",0.0149339720944149
"399",33,"ph",8.05625625780941,"Chthamalus.montagui_EMmeanByTSS_mergedData_mergedRun_mergedAlgo",0.00756831426541442
"400",34,"ph",8.05701986063761,"Chthamalus.montagui_EMmeanByTSS_mergedData_mergedRun_mergedAlgo",0.0062243262088532
"401",34,"ph",8.05701986063761,"Chthamalus.montagui_EMmeanByROC_mergedData_mergedRun_mergedAlgo",0.0062243262088532
"402",34,"ph",8.05701986063761,"Chthamalus.montagui_EMciSupByTSS_mergedData_mergedRun_mergedAlgo",0.0129914162853227
"403",35,"ph",8.0577834634658,"Chthamalus.montagui_EMmeanByROC_mergedData_mergedRun_mergedAlgo",0.00588216066296217
"404",35,"ph",8.0577834634658,"Chthamalus.montagui_EMciSupByTSS_mergedData_mergedRun_mergedAlgo",0.0124946866055089
"405",35,"ph",8.0577834634658,"Chthamalus.montagui_EMmeanByTSS_mergedData_mergedRun_mergedAlgo",0.00588216066296217
"406",36,"ph",8.05854706629399,"Chthamalus.montagui_EMciSupByTSS_mergedData_mergedRun_mergedAlgo",0.012276829769835
"407",36,"ph",8.05854706629399,"Chthamalus.montagui_EMmeanByROC_mergedData_mergedRun_mergedAlgo",0.00579178315676352
"408",36,"ph",8.05854706629399,"Chthamalus.montagui_EMmeanByTSS_mergedData_mergedRun_mergedAlgo",0.00579178315676352
"409",37,"ph",8.05931066912219,"Chthamalus.montagui_EMmeanByROC_mergedData_mergedRun_mergedAlgo",0.00570315982750959
"410",37,"ph",8.05931066912219,"Chthamalus.montagui_EMciSupByTSS_mergedData_mergedRun_mergedAlgo",0.0120633949491144
"411",37,"ph",8.05931066912219,"Chthamalus.montagui_EMmeanByTSS_mergedData_mergedRun_mergedAlgo",0.00570315982750959
"412",38,"ph",8.06007427195038,"Chthamalus.montagui_EMmeanByROC_mergedData_mergedRun_mergedAlgo",0.00561625741192324
"413",38,"ph",8.06007427195038,"Chthamalus.montagui_EMmeanByTSS_mergedData_mergedRun_mergedAlgo",0.00561625741192324
"414",38,"ph",8.06007427195038,"Chthamalus.montagui_EMciSupByTSS_mergedData_mergedRun_mergedAlgo",0.0118543017409186
"415",39,"ph",8.06083787477857,"Chthamalus.montagui_EMmeanByROC_mergedData_mergedRun_mergedAlgo",0.0055310432374737
"416",39,"ph",8.06083787477857,"Chthamalus.montagui_EMciSupByTSS_mergedData_mergedRun_mergedAlgo",0.0116494712546504
"417",39,"ph",8.06083787477857,"Chthamalus.montagui_EMmeanByTSS_mergedData_mergedRun_mergedAlgo",0.0055310432374737
"418",40,"ph",8.06160147760676,"Chthamalus.montagui_EMciSupByTSS_mergedData_mergedRun_mergedAlgo",0.0114488260871138
"419",40,"ph",8.06160147760676,"Chthamalus.montagui_EMmeanByTSS_mergedData_mergedRun_mergedAlgo",0.00544748521369418
"420",40,"ph",8.06160147760676,"Chthamalus.montagui_EMmeanByROC_mergedData_mergedRun_mergedAlgo",0.00544748521369418
"421",41,"ph",8.06236508043496,"Chthamalus.montagui_EMmeanByTSS_mergedData_mergedRun_mergedAlgo",0.00536555182354709
"422",41,"ph",8.06236508043496,"Chthamalus.montagui_EMmeanByROC_mergedData_mergedRun_mergedAlgo",0.00536555182354709
"423",41,"ph",8.06236508043496,"Chthamalus.montagui_EMciSupByTSS_mergedData_mergedRun_mergedAlgo",0.0112522902981065
"424",42,"ph",8.06312868326315,"Chthamalus.montagui_EMmeanByROC_mergedData_mergedRun_mergedAlgo",0.00528521211483738
"425",42,"ph",8.06312868326315,"Chthamalus.montagui_EMciSupByTSS_mergedData_mergedRun_mergedAlgo",0.0110597893860293
"426",42,"ph",8.06312868326315,"Chthamalus.montagui_EMmeanByTSS_mergedData_mergedRun_mergedAlgo",0.00528521211483738
"427",43,"ph",8.06389228609134,"Chthamalus.montagui_EMciSupByTSS_mergedData_mergedRun_mergedAlgo",0.0108712502635198
"428",43,"ph",8.06389228609134,"Chthamalus.montagui_EMmeanByROC_mergedData_mergedRun_mergedAlgo",0.00520643569168079
"429",43,"ph",8.06389228609134,"Chthamalus.montagui_EMmeanByTSS_mergedData_mergedRun_mergedAlgo",0.00520643569168079
"430",44,"ph",8.06465588891954,"Chthamalus.montagui_EMmeanByROC_mergedData_mergedRun_mergedAlgo",0.0181291927060283
"431",44,"ph",8.06465588891954,"Chthamalus.montagui_EMciSupByTSS_mergedData_mergedRun_mergedAlgo",0.0388602328882081
"432",44,"ph",8.06465588891954,"Chthamalus.montagui_EMmeanByTSS_mergedData_mergedRun_mergedAlgo",0.0181291927060283
"433",45,"ph",8.06541949174773,"Chthamalus.montagui_EMmeanByROC_mergedData_mergedRun_mergedAlgo",0.0110534538492527
"434",45,"ph",8.06541949174773,"Chthamalus.montagui_EMmeanByTSS_mergedData_mergedRun_mergedAlgo",0.0110534538492527
"435",45,"ph",8.06541949174773,"Chthamalus.montagui_EMciSupByTSS_mergedData_mergedRun_mergedAlgo",0.0215260095136421
"436",46,"ph",8.06618309457592,"Chthamalus.montagui_EMmeanByROC_mergedData_mergedRun_mergedAlgo",0.00672919034379716
"437",46,"ph",8.06618309457592,"Chthamalus.montagui_EMciSupByTSS_mergedData_mergedRun_mergedAlgo",0.0126625026236042
"438",46,"ph",8.06618309457592,"Chthamalus.montagui_EMmeanByTSS_mergedData_mergedRun_mergedAlgo",0.00672919034379716
"439",47,"ph",8.06694669740412,"Chthamalus.montagui_EMciSupByTSS_mergedData_mergedRun_mergedAlgo",0.0117864188931162
"440",47,"ph",8.06694669740412,"Chthamalus.montagui_EMmeanByTSS_mergedData_mergedRun_mergedAlgo",0.00615637393489064
"441",47,"ph",8.06694669740412,"Chthamalus.montagui_EMmeanByROC_mergedData_mergedRun_mergedAlgo",0.00615637393489064
"442",48,"ph",8.06771030023231,"Chthamalus.montagui_EMmeanByROC_mergedData_mergedRun_mergedAlgo",0.006084976882333
"443",48,"ph",8.06771030023231,"Chthamalus.montagui_EMciSupByTSS_mergedData_mergedRun_mergedAlgo",0.0116351819998875
"444",48,"ph",8.06771030023231,"Chthamalus.montagui_EMmeanByTSS_mergedData_mergedRun_mergedAlgo",0.006084976882333
"445",49,"ph",8.0684739030605,"Chthamalus.montagui_EMmeanByROC_mergedData_mergedRun_mergedAlgo",0.00601497195235078
"446",49,"ph",8.0684739030605,"Chthamalus.montagui_EMciSupByTSS_mergedData_mergedRun_mergedAlgo",0.0114877030637884
"447",49,"ph",8.0684739030605,"Chthamalus.montagui_EMmeanByTSS_mergedData_mergedRun_mergedAlgo",0.00601497195235078
"448",50,"ph",8.0692375058887,"Chthamalus.montagui_EMmeanByROC_mergedData_mergedRun_mergedAlgo",0.00594633240952644
"449",50,"ph",8.0692375058887,"Chthamalus.montagui_EMciSupByTSS_mergedData_mergedRun_mergedAlgo",0.0113439121350468
"450",50,"ph",8.0692375058887,"Chthamalus.montagui_EMmeanByTSS_mergedData_mergedRun_mergedAlgo",0.00594633240952644
"451",51,"ph",8.07000110871689,"Chthamalus.montagui_EMmeanByROC_mergedData_mergedRun_mergedAlgo",0.00587903200879305
"452",51,"ph",8.07000110871689,"Chthamalus.montagui_EMciSupByTSS_mergedData_mergedRun_mergedAlgo",0.0112037400126736
"453",51,"ph",8.07000110871689,"Chthamalus.montagui_EMmeanByTSS_mergedData_mergedRun_mergedAlgo",0.00587903200879305
"454",52,"ph",8.07076471154508,"Chthamalus.montagui_EMmeanByROC_mergedData_mergedRun_mergedAlgo",0.00581304498756361
"455",52,"ph",8.07076471154508,"Chthamalus.montagui_EMciSupByTSS_mergedData_mergedRun_mergedAlgo",0.0110671182185829
"456",52,"ph",8.07076471154508,"Chthamalus.montagui_EMmeanByTSS_mergedData_mergedRun_mergedAlgo",0.00581304498756361
"457",53,"ph",8.07152831437327,"Chthamalus.montagui_EMmeanByROC_mergedData_mergedRun_mergedAlgo",0.00574834605782282
"458",53,"ph",8.07152831437327,"Chthamalus.montagui_EMciSupByTSS_mergedData_mergedRun_mergedAlgo",0.0109339789735924
"459",53,"ph",8.07152831437327,"Chthamalus.montagui_EMmeanByTSS_mergedData_mergedRun_mergedAlgo",0.00574834605782282
"460",54,"ph",8.07229191720147,"Chthamalus.montagui_EMmeanByTSS_mergedData_mergedRun_mergedAlgo",0.00568491039841774
"461",54,"ph",8.07229191720147,"Chthamalus.montagui_EMmeanByROC_mergedData_mergedRun_mergedAlgo",0.00568491039841774
"462",54,"ph",8.07229191720147,"Chthamalus.montagui_EMciSupByTSS_mergedData_mergedRun_mergedAlgo",0.0108042551754432
"463",55,"ph",8.07305552002966,"Chthamalus.montagui_EMmeanByROC_mergedData_mergedRun_mergedAlgo",0.00562271364737212
"464",55,"ph",8.07305552002966,"Chthamalus.montagui_EMciSupByTSS_mergedData_mergedRun_mergedAlgo",0.0106778803788909
"465",55,"ph",8.07305552002966,"Chthamalus.montagui_EMmeanByTSS_mergedData_mergedRun_mergedAlgo",0.00562271364737212
"466",56,"ph",8.07381912285785,"Chthamalus.montagui_EMciSupByTSS_mergedData_mergedRun_mergedAlgo",0.0133545060563931
"467",56,"ph",8.07381912285785,"Chthamalus.montagui_EMmeanByROC_mergedData_mergedRun_mergedAlgo",0.00706173189429537
"468",56,"ph",8.07381912285785,"Chthamalus.montagui_EMmeanByTSS_mergedData_mergedRun_mergedAlgo",0.00706173189429537
"469",57,"ph",8.07458272568605,"Chthamalus.montagui_EMmeanByROC_mergedData_mergedRun_mergedAlgo",0.00700194167287625
"470",57,"ph",8.07458272568605,"Chthamalus.montagui_EMciSupByTSS_mergedData_mergedRun_mergedAlgo",0.0132576387874244
"471",57,"ph",8.07458272568605,"Chthamalus.montagui_EMmeanByTSS_mergedData_mergedRun_mergedAlgo",0.00700194167287625
"472",58,"ph",8.07534632851424,"Chthamalus.montagui_EMmeanByROC_mergedData_mergedRun_mergedAlgo",0.00744331995346339
"473",58,"ph",8.07534632851424,"Chthamalus.montagui_EMmeanByTSS_mergedData_mergedRun_mergedAlgo",0.00744331995346339
"474",58,"ph",8.07534632851424,"Chthamalus.montagui_EMciSupByTSS_mergedData_mergedRun_mergedAlgo",0.0143754786948245
"475",59,"ph",8.07610993134243,"Chthamalus.montagui_EMmeanByROC_mergedData_mergedRun_mergedAlgo",0.00788584413573161
"476",59,"ph",8.07610993134243,"Chthamalus.montagui_EMciSupByTSS_mergedData_mergedRun_mergedAlgo",0.0156086403384122
"477",59,"ph",8.07610993134243,"Chthamalus.montagui_EMmeanByTSS_mergedData_mergedRun_mergedAlgo",0.00788584413573161
"478",60,"ph",8.07687353417063,"Chthamalus.montagui_EMciSupByTSS_mergedData_mergedRun_mergedAlgo",0.0155319364927153
"479",60,"ph",8.07687353417063,"Chthamalus.montagui_EMmeanByTSS_mergedData_mergedRun_mergedAlgo",0.00782949204143514
"480",60,"ph",8.07687353417063,"Chthamalus.montagui_EMmeanByROC_mergedData_mergedRun_mergedAlgo",0.00782949204143514
"481",61,"ph",8.07763713699882,"Chthamalus.montagui_EMmeanByTSS_mergedData_mergedRun_mergedAlgo",0.0160242419072505
"482",61,"ph",8.07763713699882,"Chthamalus.montagui_EMmeanByROC_mergedData_mergedRun_mergedAlgo",0.0160242419072505
"483",61,"ph",8.07763713699882,"Chthamalus.montagui_EMciSupByTSS_mergedData_mergedRun_mergedAlgo",0.0348328930576182
"484",62,"ph",8.07840073982701,"Chthamalus.montagui_EMmeanByROC_mergedData_mergedRun_mergedAlgo",0.0159700723777069
"485",62,"ph",8.07840073982701,"Chthamalus.montagui_EMciSupByTSS_mergedData_mergedRun_mergedAlgo",0.0347887530961601
"486",62,"ph",8.07840073982701,"Chthamalus.montagui_EMmeanByTSS_mergedData_mergedRun_mergedAlgo",0.0159700723777069
"487",63,"ph",8.07916434265521,"Chthamalus.montagui_EMciSupByTSS_mergedData_mergedRun_mergedAlgo",0.0353130326986317
"488",63,"ph",8.07916434265521,"Chthamalus.montagui_EMmeanByROC_mergedData_mergedRun_mergedAlgo",0.0161669624982056
"489",63,"ph",8.07916434265521,"Chthamalus.montagui_EMmeanByTSS_mergedData_mergedRun_mergedAlgo",0.0161669624982056
"490",64,"ph",8.0799279454834,"Chthamalus.montagui_EMmeanByROC_mergedData_mergedRun_mergedAlgo",0.016114891708129
"491",64,"ph",8.0799279454834,"Chthamalus.montagui_EMciSupByTSS_mergedData_mergedRun_mergedAlgo",0.0352715513080582
"492",64,"ph",8.0799279454834,"Chthamalus.montagui_EMmeanByTSS_mergedData_mergedRun_mergedAlgo",0.016114891708129
"493",65,"ph",8.08069154831159,"Chthamalus.montagui_EMmeanByROC_mergedData_mergedRun_mergedAlgo",0.0160638398340404
"494",65,"ph",8.08069154831159,"Chthamalus.montagui_EMmeanByTSS_mergedData_mergedRun_mergedAlgo",0.0160638398340404
"495",65,"ph",8.08069154831159,"Chthamalus.montagui_EMciSupByTSS_mergedData_mergedRun_mergedAlgo",0.0352311716055202
"496",66,"ph",8.08145515113979,"Chthamalus.montagui_EMmeanByROC_mergedData_mergedRun_mergedAlgo",0.0160137870829718
"497",66,"ph",8.08145515113979,"Chthamalus.montagui_EMciSupByTSS_mergedData_mergedRun_mergedAlgo",0.0351918605452999
"498",66,"ph",8.08145515113979,"Chthamalus.montagui_EMmeanByTSS_mergedData_mergedRun_mergedAlgo",0.0160137870829718
"499",67,"ph",8.08221875396798,"Chthamalus.montagui_EMciSupByTSS_mergedData_mergedRun_mergedAlgo",0.0357332541707883
"500",67,"ph",8.08221875396798,"Chthamalus.montagui_EMmeanByTSS_mergedData_mergedRun_mergedAlgo",0.0162147140358029
"501",67,"ph",8.08221875396798,"Chthamalus.montagui_EMmeanByROC_mergedData_mergedRun_mergedAlgo",0.0162147140358029
"502",68,"ph",8.08298235679617,"Chthamalus.montagui_EMmeanByROC_mergedData_mergedRun_mergedAlgo",0.0409166016407303
"503",68,"ph",8.08298235679617,"Chthamalus.montagui_EMciSupByTSS_mergedData_mergedRun_mergedAlgo",0.0969081119894761
"504",68,"ph",8.08298235679617,"Chthamalus.montagui_EMmeanByTSS_mergedData_mergedRun_mergedAlgo",0.0409166016407303
"505",69,"ph",8.08374595962436,"Chthamalus.montagui_EMmeanByROC_mergedData_mergedRun_mergedAlgo",0.0261194312068257
"506",69,"ph",8.08374595962436,"Chthamalus.montagui_EMciSupByTSS_mergedData_mergedRun_mergedAlgo",0.0630925917695422
"507",69,"ph",8.08374595962436,"Chthamalus.montagui_EMmeanByTSS_mergedData_mergedRun_mergedAlgo",0.0261194312068257
"508",70,"ph",8.08450956245256,"Chthamalus.montagui_EMmeanByROC_mergedData_mergedRun_mergedAlgo",0.0120731843976847
"509",70,"ph",8.08450956245256,"Chthamalus.montagui_EMciSupByTSS_mergedData_mergedRun_mergedAlgo",0.0263163489176744
"510",70,"ph",8.08450956245256,"Chthamalus.montagui_EMmeanByTSS_mergedData_mergedRun_mergedAlgo",0.0120731843976847
"511",71,"ph",8.08527316528075,"Chthamalus.montagui_EMmeanByROC_mergedData_mergedRun_mergedAlgo",0.00877784322516541
"512",71,"ph",8.08527316528075,"Chthamalus.montagui_EMciSupByTSS_mergedData_mergedRun_mergedAlgo",0.0188530313920205
"513",71,"ph",8.08527316528075,"Chthamalus.montagui_EMmeanByTSS_mergedData_mergedRun_mergedAlgo",0.00877784322516541
"514",72,"ph",8.08603676810894,"Chthamalus.montagui_EMmeanByROC_mergedData_mergedRun_mergedAlgo",0.00848339004321568
"515",72,"ph",8.08603676810894,"Chthamalus.montagui_EMciSupByTSS_mergedData_mergedRun_mergedAlgo",0.0180660703474336
"516",72,"ph",8.08603676810894,"Chthamalus.montagui_EMmeanByTSS_mergedData_mergedRun_mergedAlgo",0.00848339004321568
"517",73,"ph",8.08680037093714,"Chthamalus.montagui_EMmeanByROC_mergedData_mergedRun_mergedAlgo",0.00793980754179018
"518",73,"ph",8.08680037093714,"Chthamalus.montagui_EMciSupByTSS_mergedData_mergedRun_mergedAlgo",0.0168968102009481
"519",73,"ph",8.08680037093714,"Chthamalus.montagui_EMmeanByTSS_mergedData_mergedRun_mergedAlgo",0.00793980754179018
"520",74,"ph",8.08756397376533,"Chthamalus.montagui_EMmeanByTSS_mergedData_mergedRun_mergedAlgo",0.00789707874085622
"521",74,"ph",8.08756397376533,"Chthamalus.montagui_EMmeanByROC_mergedData_mergedRun_mergedAlgo",0.00789707874085622
"522",74,"ph",8.08756397376533,"Chthamalus.montagui_EMciSupByTSS_mergedData_mergedRun_mergedAlgo",0.0168504934958028
"523",75,"ph",8.08832757659352,"Chthamalus.montagui_EMmeanByROC_mergedData_mergedRun_mergedAlgo",0.0076051869844876
"524",75,"ph",8.08832757659352,"Chthamalus.montagui_EMciSupByTSS_mergedData_mergedRun_mergedAlgo",0.0164472482653772
"525",75,"ph",8.08832757659352,"Chthamalus.montagui_EMmeanByTSS_mergedData_mergedRun_mergedAlgo",0.0076051869844876
"526",76,"ph",8.08909117942172,"Chthamalus.montagui_EMciSupByTSS_mergedData_mergedRun_mergedAlgo",0.0164026764585754
"527",76,"ph",8.08909117942172,"Chthamalus.montagui_EMmeanByROC_mergedData_mergedRun_mergedAlgo",0.00756411593504679
"528",76,"ph",8.08909117942172,"Chthamalus.montagui_EMmeanByTSS_mergedData_mergedRun_mergedAlgo",0.00756411593504679
"529",77,"ph",8.08985478224991,"Chthamalus.montagui_EMmeanByROC_mergedData_mergedRun_mergedAlgo",0.00752384956745405
"530",77,"ph",8.08985478224991,"Chthamalus.montagui_EMciSupByTSS_mergedData_mergedRun_mergedAlgo",0.0163593777093226
"531",77,"ph",8.08985478224991,"Chthamalus.montagui_EMmeanByTSS_mergedData_mergedRun_mergedAlgo",0.00752384956745405
"532",78,"ph",8.0906183850781,"Chthamalus.montagui_EMmeanByROC_mergedData_mergedRun_mergedAlgo",0.00748437216354428
"533",78,"ph",8.0906183850781,"Chthamalus.montagui_EMmeanByTSS_mergedData_mergedRun_mergedAlgo",0.00748437216354428
"534",78,"ph",8.0906183850781,"Chthamalus.montagui_EMciSupByTSS_mergedData_mergedRun_mergedAlgo",0.0163173122160766
"535",79,"ph",8.0913819879063,"Chthamalus.montagui_EMmeanByROC_mergedData_mergedRun_mergedAlgo",0.00694566830650955
"536",79,"ph",8.0913819879063,"Chthamalus.montagui_EMciSupByTSS_mergedData_mergedRun_mergedAlgo",0.0151852610013745
"537",79,"ph",8.0913819879063,"Chthamalus.montagui_EMmeanByTSS_mergedData_mergedRun_mergedAlgo",0.00694566830650955
"538",80,"ph",8.09214559073449,"Chthamalus.montagui_EMciSupByTSS_mergedData_mergedRun_mergedAlgo",0.0148443861924628
"539",80,"ph",8.09214559073449,"Chthamalus.montagui_EMmeanByTSS_mergedData_mergedRun_mergedAlgo",0.00665772287542733
"540",80,"ph",8.09214559073449,"Chthamalus.montagui_EMmeanByROC_mergedData_mergedRun_mergedAlgo",0.00665772287542733
"541",81,"ph",8.09290919356268,"Chthamalus.montagui_EMmeanByTSS_mergedData_mergedRun_mergedAlgo",0.00662052103987454
"542",81,"ph",8.09290919356268,"Chthamalus.montagui_EMmeanByROC_mergedData_mergedRun_mergedAlgo",0.00662052103987454
"543",81,"ph",8.09290919356268,"Chthamalus.montagui_EMciSupByTSS_mergedData_mergedRun_mergedAlgo",0.0148031927847471
"544",82,"ph",8.09367279639087,"Chthamalus.montagui_EMmeanByROC_mergedData_mergedRun_mergedAlgo",0.00658404825462535
"545",82,"ph",8.09367279639087,"Chthamalus.montagui_EMciSupByTSS_mergedData_mergedRun_mergedAlgo",0.0147631612865068
"546",82,"ph",8.09367279639087,"Chthamalus.montagui_EMmeanByTSS_mergedData_mergedRun_mergedAlgo",0.00658404825462535
"547",83,"ph",8.09443639921907,"Chthamalus.montagui_EMciSupByTSS_mergedData_mergedRun_mergedAlgo",0.0147242558414092
"548",83,"ph",8.09443639921907,"Chthamalus.montagui_EMmeanByROC_mergedData_mergedRun_mergedAlgo",0.00654829025443276
"549",83,"ph",8.09443639921907,"Chthamalus.montagui_EMmeanByTSS_mergedData_mergedRun_mergedAlgo",0.00654829025443276
"550",84,"ph",8.09520000204726,"Chthamalus.montagui_EMmeanByROC_mergedData_mergedRun_mergedAlgo",0.00651323304889373
"551",84,"ph",8.09520000204726,"Chthamalus.montagui_EMciSupByTSS_mergedData_mergedRun_mergedAlgo",0.0146864417296081
"552",84,"ph",8.09520000204726,"Chthamalus.montagui_EMmeanByTSS_mergedData_mergedRun_mergedAlgo",0.00651323304889373
"553",85,"ph",8.09596360487546,"Chthamalus.montagui_EMmeanByROC_mergedData_mergedRun_mergedAlgo",0.00647886291739604
"554",85,"ph",8.09596360487546,"Chthamalus.montagui_EMmeanByTSS_mergedData_mergedRun_mergedAlgo",0.00647886291739604
"555",85,"ph",8.09596360487546,"Chthamalus.montagui_EMciSupByTSS_mergedData_mergedRun_mergedAlgo",0.0146496853355159
"556",86,"ph",8.09672720770365,"Chthamalus.montagui_EMmeanByROC_mergedData_mergedRun_mergedAlgo",0.00644516640414684
"557",86,"ph",8.09672720770365,"Chthamalus.montagui_EMciSupByTSS_mergedData_mergedRun_mergedAlgo",0.0146139541160314
"558",86,"ph",8.09672720770365,"Chthamalus.montagui_EMmeanByTSS_mergedData_mergedRun_mergedAlgo",0.00644516640414684
"559",87,"ph",8.09749081053184,"Chthamalus.montagui_EMciSupByTSS_mergedData_mergedRun_mergedAlgo",0.0145792165692594
"560",87,"ph",8.09749081053184,"Chthamalus.montagui_EMmeanByTSS_mergedData_mergedRun_mergedAlgo",0.00641213031328179
"561",87,"ph",8.09749081053184,"Chthamalus.montagui_EMmeanByROC_mergedData_mergedRun_mergedAlgo",0.00641213031328179
"562",88,"ph",8.09825441336003,"Chthamalus.montagui_EMmeanByROC_mergedData_mergedRun_mergedAlgo",0.00637974170405436
"563",88,"ph",8.09825441336003,"Chthamalus.montagui_EMciSupByTSS_mergedData_mergedRun_mergedAlgo",0.0145454422037562
"564",88,"ph",8.09825441336003,"Chthamalus.montagui_EMmeanByTSS_mergedData_mergedRun_mergedAlgo",0.00637974170405436
"565",89,"ph",8.09901801618823,"Chthamalus.montagui_EMmeanByROC_mergedData_mergedRun_mergedAlgo",0.00634798788610398
"566",89,"ph",8.09901801618823,"Chthamalus.montagui_EMciSupByTSS_mergedData_mergedRun_mergedAlgo",0.0145126015083279
"567",89,"ph",8.09901801618823,"Chthamalus.montagui_EMmeanByTSS_mergedData_mergedRun_mergedAlgo",0.00634798788610398
"568",90,"ph",8.09978161901642,"Chthamalus.montagui_EMmeanByROC_mergedData_mergedRun_mergedAlgo",0.00631685641480221
"569",90,"ph",8.09978161901642,"Chthamalus.montagui_EMciSupByTSS_mergedData_mergedRun_mergedAlgo",0.0144806659224068
"570",90,"ph",8.09978161901642,"Chthamalus.montagui_EMmeanByTSS_mergedData_mergedRun_mergedAlgo",0.00631685641480221
"571",91,"ph",8.10054522184461,"Chthamalus.montagui_EMmeanByROC_mergedData_mergedRun_mergedAlgo",0.00628633508667686
"572",91,"ph",8.10054522184461,"Chthamalus.montagui_EMciSupByTSS_mergedData_mergedRun_mergedAlgo",0.014449607807027
"573",91,"ph",8.10054522184461,"Chthamalus.montagui_EMmeanByTSS_mergedData_mergedRun_mergedAlgo",0.00628633508667686
"574",92,"ph",8.10130882467281,"Chthamalus.montagui_EMmeanByROC_mergedData_mergedRun_mergedAlgo",0.00625641193491206
"575",92,"ph",8.10130882467281,"Chthamalus.montagui_EMciSupByTSS_mergedData_mergedRun_mergedAlgo",0.0144194004164143
"576",92,"ph",8.10130882467281,"Chthamalus.montagui_EMmeanByTSS_mergedData_mergedRun_mergedAlgo",0.00625641193491206
"577",93,"ph",8.102072427501,"Chthamalus.montagui_EMmeanByROC_mergedData_mergedRun_mergedAlgo",0.00622707522492401
"578",93,"ph",8.102072427501,"Chthamalus.montagui_EMciSupByTSS_mergedData_mergedRun_mergedAlgo",0.014390017870206
"579",93,"ph",8.102072427501,"Chthamalus.montagui_EMmeanByTSS_mergedData_mergedRun_mergedAlgo",0.00622707522492401
"580",94,"ph",8.10283603032919,"Chthamalus.montagui_EMmeanByTSS_mergedData_mergedRun_mergedAlgo",0.00619831345001189
"581",94,"ph",8.10283603032919,"Chthamalus.montagui_EMmeanByROC_mergedData_mergedRun_mergedAlgo",0.00619831345001189
"582",94,"ph",8.10283603032919,"Chthamalus.montagui_EMciSupByTSS_mergedData_mergedRun_mergedAlgo",0.0143614351263107
"583",95,"ph",8.10359963315739,"Chthamalus.montagui_EMmeanByROC_mergedData_mergedRun_mergedAlgo",0.00617011532708205
"584",95,"ph",8.10359963315739,"Chthamalus.montagui_EMciSupByTSS_mergedData_mergedRun_mergedAlgo",0.0143336279544151
"585",95,"ph",8.10359963315739,"Chthamalus.montagui_EMmeanByTSS_mergedData_mergedRun_mergedAlgo",0.00617011532708205
"586",96,"ph",8.10436323598558,"Chthamalus.montagui_EMciSupByTSS_mergedData_mergedRun_mergedAlgo",0.0143065729101446
"587",96,"ph",8.10436323598558,"Chthamalus.montagui_EMmeanByROC_mergedData_mergedRun_mergedAlgo",0.0061424697924456
"588",96,"ph",8.10436323598558,"Chthamalus.montagui_EMmeanByTSS_mergedData_mergedRun_mergedAlgo",0.0061424697924456
"589",97,"ph",8.10512683881377,"Chthamalus.montagui_EMmeanByROC_mergedData_mergedRun_mergedAlgo",0.00611536599768733
"590",97,"ph",8.10512683881377,"Chthamalus.montagui_EMciSupByTSS_mergedData_mergedRun_mergedAlgo",0.0142802473098788
"591",97,"ph",8.10512683881377,"Chthamalus.montagui_EMmeanByTSS_mergedData_mergedRun_mergedAlgo",0.00611536599768733
"592",98,"ph",8.10589044164197,"Chthamalus.montagui_EMmeanByROC_mergedData_mergedRun_mergedAlgo",0.00608879330560672
"593",98,"ph",8.10589044164197,"Chthamalus.montagui_EMmeanByTSS_mergedData_mergedRun_mergedAlgo",0.00608879330560672
"594",98,"ph",8.10589044164197,"Chthamalus.montagui_EMciSupByTSS_mergedData_mergedRun_mergedAlgo",0.0142546292062254
"595",99,"ph",8.10665404447016,"Chthamalus.montagui_EMmeanByROC_mergedData_mergedRun_mergedAlgo",0.00606274128622845
"596",99,"ph",8.10665404447016,"Chthamalus.montagui_EMciSupByTSS_mergedData_mergedRun_mergedAlgo",0.0142296973641483
"597",99,"ph",8.10665404447016,"Chthamalus.montagui_EMmeanByTSS_mergedData_mergedRun_mergedAlgo",0.00606274128622845
"598",100,"ph",8.10741764729835,"Chthamalus.montagui_EMciSupByTSS_mergedData_mergedRun_mergedAlgo",0.0142054312377485
"599",100,"ph",8.10741764729835,"Chthamalus.montagui_EMmeanByTSS_mergedData_mergedRun_mergedAlgo",0.00603719971288195
"600",100,"ph",8.10741764729835,"Chthamalus.montagui_EMmeanByROC_mergedData_mergedRun_mergedAlgo",0.00603719971288195
"601",1,"wave_fetch",2.16117453575134,"Chthamalus.montagui_EMmeanByTSS_mergedData_mergedRun_mergedAlgo",0.0677796504945189
"602",1,"wave_fetch",2.16117453575134,"Chthamalus.montagui_EMmeanByROC_mergedData_mergedRun_mergedAlgo",0.0677796504945189
"603",1,"wave_fetch",2.16117453575134,"Chthamalus.montagui_EMciSupByTSS_mergedData_mergedRun_mergedAlgo",0.151425355130049
"604",2,"wave_fetch",2.18377114787246,"Chthamalus.montagui_EMmeanByROC_mergedData_mergedRun_mergedAlgo",0.0676291911382725
"605",2,"wave_fetch",2.18377114787246,"Chthamalus.montagui_EMciSupByTSS_mergedData_mergedRun_mergedAlgo",0.151318880858288
"606",2,"wave_fetch",2.18377114787246,"Chthamalus.montagui_EMmeanByTSS_mergedData_mergedRun_mergedAlgo",0.0676291911382725
"607",3,"wave_fetch",2.20636775999358,"Chthamalus.montagui_EMciSupByTSS_mergedData_mergedRun_mergedAlgo",0.151215470073302
"608",3,"wave_fetch",2.20636775999358,"Chthamalus.montagui_EMmeanByROC_mergedData_mergedRun_mergedAlgo",0.0674820382091134
"609",3,"wave_fetch",2.20636775999358,"Chthamalus.montagui_EMmeanByTSS_mergedData_mergedRun_mergedAlgo",0.0674820382091134
"610",4,"wave_fetch",2.2289643721147,"Chthamalus.montagui_EMmeanByROC_mergedData_mergedRun_mergedAlgo",0.0673381192532697
"611",4,"wave_fetch",2.2289643721147,"Chthamalus.montagui_EMciSupByTSS_mergedData_mergedRun_mergedAlgo",0.151115012450994
"612",4,"wave_fetch",2.2289643721147,"Chthamalus.montagui_EMmeanByTSS_mergedData_mergedRun_mergedAlgo",0.0673381192532697
"613",5,"wave_fetch",2.25156098423582,"Chthamalus.montagui_EMmeanByROC_mergedData_mergedRun_mergedAlgo",0.0671973669015668
"614",5,"wave_fetch",2.25156098423582,"Chthamalus.montagui_EMmeanByTSS_mergedData_mergedRun_mergedAlgo",0.0671973669015668
"615",5,"wave_fetch",2.25156098423582,"Chthamalus.montagui_EMciSupByTSS_mergedData_mergedRun_mergedAlgo",0.15101740380255
"616",6,"wave_fetch",2.27415759635694,"Chthamalus.montagui_EMmeanByROC_mergedData_mergedRun_mergedAlgo",0.0670597213470224
"617",6,"wave_fetch",2.27415759635694,"Chthamalus.montagui_EMciSupByTSS_mergedData_mergedRun_mergedAlgo",0.15092254693597
"618",6,"wave_fetch",2.27415759635694,"Chthamalus.montagui_EMmeanByTSS_mergedData_mergedRun_mergedAlgo",0.0670597213470224
"619",7,"wave_fetch",2.29675420847806,"Chthamalus.montagui_EMciSupByTSS_mergedData_mergedRun_mergedAlgo",0.150830353238042
"620",7,"wave_fetch",2.29675420847806,"Chthamalus.montagui_EMmeanByTSS_mergedData_mergedRun_mergedAlgo",0.0669251344810737
"621",7,"wave_fetch",2.29675420847806,"Chthamalus.montagui_EMmeanByROC_mergedData_mergedRun_mergedAlgo",0.0669251344810737
"622",8,"wave_fetch",2.31935082059918,"Chthamalus.montagui_EMmeanByROC_mergedData_mergedRun_mergedAlgo",0.0667935767142576
"623",8,"wave_fetch",2.31935082059918,"Chthamalus.montagui_EMciSupByTSS_mergedData_mergedRun_mergedAlgo",0.150740745421365
"624",8,"wave_fetch",2.31935082059918,"Chthamalus.montagui_EMmeanByTSS_mergedData_mergedRun_mergedAlgo",0.0667935767142576
"625",9,"wave_fetch",2.3419474327203,"Chthamalus.montagui_EMmeanByROC_mergedData_mergedRun_mergedAlgo",0.0666650480882516
"626",9,"wave_fetch",2.3419474327203,"Chthamalus.montagui_EMciSupByTSS_mergedData_mergedRun_mergedAlgo",0.150653662136152
"627",9,"wave_fetch",2.3419474327203,"Chthamalus.montagui_EMmeanByTSS_mergedData_mergedRun_mergedAlgo",0.0666650480882516
"628",10,"wave_fetch",2.36454404484142,"Chthamalus.montagui_EMmeanByROC_mergedData_mergedRun_mergedAlgo",0.0665395961630251
"629",10,"wave_fetch",2.36454404484142,"Chthamalus.montagui_EMciSupByTSS_mergedData_mergedRun_mergedAlgo",0.150569065534048
"630",10,"wave_fetch",2.36454404484142,"Chthamalus.montagui_EMmeanByTSS_mergedData_mergedRun_mergedAlgo",0.0665395961630251
"631",11,"wave_fetch",2.38714065696254,"Chthamalus.montagui_EMmeanByROC_mergedData_mergedRun_mergedAlgo",0.066417344466018
"632",11,"wave_fetch",2.38714065696254,"Chthamalus.montagui_EMciSupByTSS_mergedData_mergedRun_mergedAlgo",0.150486953452235
"633",11,"wave_fetch",2.38714065696254,"Chthamalus.montagui_EMmeanByTSS_mergedData_mergedRun_mergedAlgo",0.066417344466018
"634",12,"wave_fetch",2.40973726908366,"Chthamalus.montagui_EMmeanByROC_mergedData_mergedRun_mergedAlgo",0.0662985371965273
"635",12,"wave_fetch",2.40973726908366,"Chthamalus.montagui_EMciSupByTSS_mergedData_mergedRun_mergedAlgo",0.15040737874715
"636",12,"wave_fetch",2.40973726908366,"Chthamalus.montagui_EMmeanByTSS_mergedData_mergedRun_mergedAlgo",0.0662985371965273
"637",13,"wave_fetch",2.43233388120478,"Chthamalus.montagui_EMmeanByROC_mergedData_mergedRun_mergedAlgo",0.0661836086205142
"638",13,"wave_fetch",2.43233388120478,"Chthamalus.montagui_EMciSupByTSS_mergedData_mergedRun_mergedAlgo",0.150330479570524
"639",13,"wave_fetch",2.43233388120478,"Chthamalus.montagui_EMmeanByTSS_mergedData_mergedRun_mergedAlgo",0.0661836086205142
"640",14,"wave_fetch",2.4549304933259,"Chthamalus.montagui_EMmeanByTSS_mergedData_mergedRun_mergedAlgo",0.0660732894645849
"641",14,"wave_fetch",2.4549304933259,"Chthamalus.montagui_EMmeanByROC_mergedData_mergedRun_mergedAlgo",0.0660732894645849
"642",14,"wave_fetch",2.4549304933259,"Chthamalus.montagui_EMciSupByTSS_mergedData_mergedRun_mergedAlgo",0.150256526222967
"643",15,"wave_fetch",2.47752710544702,"Chthamalus.montagui_EMmeanByROC_mergedData_mergedRun_mergedAlgo",0.0659687679814
"644",15,"wave_fetch",2.47752710544702,"Chthamalus.montagui_EMciSupByTSS_mergedData_mergedRun_mergedAlgo",0.150185992906477
"645",15,"wave_fetch",2.47752710544702,"Chthamalus.montagui_EMmeanByTSS_mergedData_mergedRun_mergedAlgo",0.0659687679814
"646",16,"wave_fetch",2.50012371756814,"Chthamalus.montagui_EMciSupByTSS_mergedData_mergedRun_mergedAlgo",0.150119666647913
"647",16,"wave_fetch",2.50012371756814,"Chthamalus.montagui_EMmeanByROC_mergedData_mergedRun_mergedAlgo",0.0658719306163483
"648",16,"wave_fetch",2.50012371756814,"Chthamalus.montagui_EMmeanByTSS_mergedData_mergedRun_mergedAlgo",0.0658719306163483
"649",17,"wave_fetch",2.52272032968926,"Chthamalus.montagui_EMmeanByROC_mergedData_mergedRun_mergedAlgo",0.0657857167554825
"650",17,"wave_fetch",2.52272032968926,"Chthamalus.montagui_EMciSupByTSS_mergedData_mergedRun_mergedAlgo",0.150058811598456
"651",17,"wave_fetch",2.52272032968926,"Chthamalus.montagui_EMmeanByTSS_mergedData_mergedRun_mergedAlgo",0.0657857167554825
"652",18,"wave_fetch",2.54531694181038,"Chthamalus.montagui_EMmeanByROC_mergedData_mergedRun_mergedAlgo",0.0657146341532808
"653",18,"wave_fetch",2.54531694181038,"Chthamalus.montagui_EMmeanByTSS_mergedData_mergedRun_mergedAlgo",0.0657146341532808
"654",18,"wave_fetch",2.54531694181038,"Chthamalus.montagui_EMciSupByTSS_mergedData_mergedRun_mergedAlgo",0.150005416136219
"655",19,"wave_fetch",2.5679135539315,"Chthamalus.montagui_EMmeanByROC_mergedData_mergedRun_mergedAlgo",0.065665496239243
"656",19,"wave_fetch",2.5679135539315,"Chthamalus.montagui_EMciSupByTSS_mergedData_mergedRun_mergedAlgo",0.149962565199799
"657",19,"wave_fetch",2.5679135539315,"Chthamalus.montagui_EMmeanByTSS_mergedData_mergedRun_mergedAlgo",0.065665496239243
"658",20,"wave_fetch",2.59051016605262,"Chthamalus.montagui_EMciSupByTSS_mergedData_mergedRun_mergedAlgo",0.149935005893821
"659",20,"wave_fetch",2.59051016605262,"Chthamalus.montagui_EMmeanByTSS_mergedData_mergedRun_mergedAlgo",0.0656484586756291
"660",20,"wave_fetch",2.59051016605262,"Chthamalus.montagui_EMmeanByROC_mergedData_mergedRun_mergedAlgo",0.0656484586756291
"661",21,"wave_fetch",2.61310677817374,"Chthamalus.montagui_EMmeanByTSS_mergedData_mergedRun_mergedAlgo",0.0656784477132919
"662",21,"wave_fetch",2.61310677817374,"Chthamalus.montagui_EMmeanByROC_mergedData_mergedRun_mergedAlgo",0.0656784477132919
"663",21,"wave_fetch",2.61310677817374,"Chthamalus.montagui_EMciSupByTSS_mergedData_mergedRun_mergedAlgo",0.149930019987726
"664",22,"wave_fetch",2.63570339029486,"Chthamalus.montagui_EMmeanByROC_mergedData_mergedRun_mergedAlgo",0.0657770813801359
"665",22,"wave_fetch",2.63570339029486,"Chthamalus.montagui_EMciSupByTSS_mergedData_mergedRun_mergedAlgo",0.14995880015495
"666",22,"wave_fetch",2.63570339029486,"Chthamalus.montagui_EMmeanByTSS_mergedData_mergedRun_mergedAlgo",0.0657770813801359
"667",23,"wave_fetch",2.65830000241598,"Chthamalus.montagui_EMciSupByTSS_mergedData_mergedRun_mergedAlgo",0.150038679679352
"668",23,"wave_fetch",2.65830000241598,"Chthamalus.montagui_EMmeanByROC_mergedData_mergedRun_mergedAlgo",0.0659751751836619
"669",23,"wave_fetch",2.65830000241598,"Chthamalus.montagui_EMmeanByTSS_mergedData_mergedRun_mergedAlgo",0.0659751751836619
"670",24,"wave_fetch",2.68089661453709,"Chthamalus.montagui_EMmeanByROC_mergedData_mergedRun_mergedAlgo",0.0663158767998266
"671",24,"wave_fetch",2.68089661453709,"Chthamalus.montagui_EMciSupByTSS_mergedData_mergedRun_mergedAlgo",0.150196841944061
"672",24,"wave_fetch",2.68089661453709,"Chthamalus.montagui_EMmeanByTSS_mergedData_mergedRun_mergedAlgo",0.0663158767998266
"673",25,"wave_fetch",2.70349322665821,"Chthamalus.montagui_EMmeanByROC_mergedData_mergedRun_mergedAlgo",0.0668583563241804
"674",25,"wave_fetch",2.70349322665821,"Chthamalus.montagui_EMmeanByTSS_mergedData_mergedRun_mergedAlgo",0.0668583563241804
"675",25,"wave_fetch",2.70349322665821,"Chthamalus.montagui_EMciSupByTSS_mergedData_mergedRun_mergedAlgo",0.150476617045217
"676",26,"wave_fetch",2.72608983877933,"Chthamalus.montagui_EMmeanByROC_mergedData_mergedRun_mergedAlgo",0.0676817422965486
"677",26,"wave_fetch",2.72608983877933,"Chthamalus.montagui_EMciSupByTSS_mergedData_mergedRun_mergedAlgo",0.15094824886894
"678",26,"wave_fetch",2.72608983877933,"Chthamalus.montagui_EMmeanByTSS_mergedData_mergedRun_mergedAlgo",0.0676817422965486
"679",27,"wave_fetch",2.74868645090045,"Chthamalus.montagui_EMciSupByTSS_mergedData_mergedRun_mergedAlgo",0.151727092967826
"680",27,"wave_fetch",2.74868645090045,"Chthamalus.montagui_EMmeanByTSS_mergedData_mergedRun_mergedAlgo",0.0688885824224311
"681",27,"wave_fetch",2.74868645090045,"Chthamalus.montagui_EMmeanByROC_mergedData_mergedRun_mergedAlgo",0.0688885824224311
"682",28,"wave_fetch",2.77128306302157,"Chthamalus.montagui_EMmeanByROC_mergedData_mergedRun_mergedAlgo",0.0706064850885438
"683",28,"wave_fetch",2.77128306302157,"Chthamalus.montagui_EMciSupByTSS_mergedData_mergedRun_mergedAlgo",0.15300318856734
"684",28,"wave_fetch",2.77128306302157,"Chthamalus.montagui_EMmeanByTSS_mergedData_mergedRun_mergedAlgo",0.0706064850885438
"685",29,"wave_fetch",2.79387967514269,"Chthamalus.montagui_EMmeanByROC_mergedData_mergedRun_mergedAlgo",0.0729858184624562
"686",29,"wave_fetch",2.79387967514269,"Chthamalus.montagui_EMciSupByTSS_mergedData_mergedRun_mergedAlgo",0.155085408524702
"687",29,"wave_fetch",2.79387967514269,"Chthamalus.montagui_EMmeanByTSS_mergedData_mergedRun_mergedAlgo",0.0729858184624562
"688",30,"wave_fetch",2.81647628726381,"Chthamalus.montagui_EMmeanByROC_mergedData_mergedRun_mergedAlgo",0.0761906841356896
"689",30,"wave_fetch",2.81647628726381,"Chthamalus.montagui_EMciSupByTSS_mergedData_mergedRun_mergedAlgo",0.158456489090201
"690",30,"wave_fetch",2.81647628726381,"Chthamalus.montagui_EMmeanByTSS_mergedData_mergedRun_mergedAlgo",0.0761906841356896
"691",31,"wave_fetch",2.83907289938493,"Chthamalus.montagui_EMmeanByROC_mergedData_mergedRun_mergedAlgo",0.080380484403041
"692",31,"wave_fetch",2.83907289938493,"Chthamalus.montagui_EMciSupByTSS_mergedData_mergedRun_mergedAlgo",0.163814218612496
"693",31,"wave_fetch",2.83907289938493,"Chthamalus.montagui_EMmeanByTSS_mergedData_mergedRun_mergedAlgo",0.080380484403041
"694",32,"wave_fetch",2.86166951150605,"Chthamalus.montagui_EMmeanByROC_mergedData_mergedRun_mergedAlgo",0.085681256317562
"695",32,"wave_fetch",2.86166951150605,"Chthamalus.montagui_EMciSupByTSS_mergedData_mergedRun_mergedAlgo",0.172036430916278
"696",32,"wave_fetch",2.86166951150605,"Chthamalus.montagui_EMmeanByTSS_mergedData_mergedRun_mergedAlgo",0.085681256317562
"697",33,"wave_fetch",2.88426612362717,"Chthamalus.montagui_EMmeanByROC_mergedData_mergedRun_mergedAlgo",0.0921503574008386
"698",33,"wave_fetch",2.88426612362717,"Chthamalus.montagui_EMciSupByTSS_mergedData_mergedRun_mergedAlgo",0.183988424180543
"699",33,"wave_fetch",2.88426612362717,"Chthamalus.montagui_EMmeanByTSS_mergedData_mergedRun_mergedAlgo",0.0921503574008386
"700",34,"wave_fetch",2.90686273574829,"Chthamalus.montagui_EMmeanByTSS_mergedData_mergedRun_mergedAlgo",0.099744421632662
"701",34,"wave_fetch",2.90686273574829,"Chthamalus.montagui_EMmeanByROC_mergedData_mergedRun_mergedAlgo",0.099744421632662
"702",34,"wave_fetch",2.90686273574829,"Chthamalus.montagui_EMciSupByTSS_mergedData_mergedRun_mergedAlgo",0.20017741122591
"703",35,"wave_fetch",2.92945934786941,"Chthamalus.montagui_EMmeanByROC_mergedData_mergedRun_mergedAlgo",0.108305420905112
"704",35,"wave_fetch",2.92945934786941,"Chthamalus.montagui_EMciSupByTSS_mergedData_mergedRun_mergedAlgo",0.220443926809692
"705",35,"wave_fetch",2.92945934786941,"Chthamalus.montagui_EMmeanByTSS_mergedData_mergedRun_mergedAlgo",0.108305420905112
"706",36,"wave_fetch",2.95205595999053,"Chthamalus.montagui_EMciSupByTSS_mergedData_mergedRun_mergedAlgo",0.243923944448623
"707",36,"wave_fetch",2.95205595999053,"Chthamalus.montagui_EMmeanByROC_mergedData_mergedRun_mergedAlgo",0.117577944750394
"708",36,"wave_fetch",2.95205595999053,"Chthamalus.montagui_EMmeanByTSS_mergedData_mergedRun_mergedAlgo",0.117577944750394
"709",37,"wave_fetch",2.97465257211165,"Chthamalus.montagui_EMmeanByROC_mergedData_mergedRun_mergedAlgo",0.127259713073104
"710",37,"wave_fetch",2.97465257211165,"Chthamalus.montagui_EMciSupByTSS_mergedData_mergedRun_mergedAlgo",0.269300127400633
"711",37,"wave_fetch",2.97465257211165,"Chthamalus.montagui_EMmeanByTSS_mergedData_mergedRun_mergedAlgo",0.127259713073104
"712",38,"wave_fetch",2.99724918423277,"Chthamalus.montagui_EMmeanByROC_mergedData_mergedRun_mergedAlgo",0.13707141252768
"713",38,"wave_fetch",2.99724918423277,"Chthamalus.montagui_EMmeanByTSS_mergedData_mergedRun_mergedAlgo",0.13707141252768
"714",38,"wave_fetch",2.99724918423277,"Chthamalus.montagui_EMciSupByTSS_mergedData_mergedRun_mergedAlgo",0.295166422073387
"715",39,"wave_fetch",3.01984579635389,"Chthamalus.montagui_EMmeanByROC_mergedData_mergedRun_mergedAlgo",0.148571467873646
"716",39,"wave_fetch",3.01984579635389,"Chthamalus.montagui_EMciSupByTSS_mergedData_mergedRun_mergedAlgo",0.322796371073201
"717",39,"wave_fetch",3.01984579635389,"Chthamalus.montagui_EMmeanByTSS_mergedData_mergedRun_mergedAlgo",0.148571467873646
"718",40,"wave_fetch",3.04244240847501,"Chthamalus.montagui_EMciSupByTSS_mergedData_mergedRun_mergedAlgo",0.346378347892862
"719",40,"wave_fetch",3.04244240847501,"Chthamalus.montagui_EMmeanByTSS_mergedData_mergedRun_mergedAlgo",0.158193390256948
"720",40,"wave_fetch",3.04244240847501,"Chthamalus.montagui_EMmeanByROC_mergedData_mergedRun_mergedAlgo",0.158193390256948
"721",41,"wave_fetch",3.06503902059613,"Chthamalus.montagui_EMmeanByTSS_mergedData_mergedRun_mergedAlgo",0.167745129504488
"722",41,"wave_fetch",3.06503902059613,"Chthamalus.montagui_EMmeanByROC_mergedData_mergedRun_mergedAlgo",0.167745129504488
"723",41,"wave_fetch",3.06503902059613,"Chthamalus.montagui_EMciSupByTSS_mergedData_mergedRun_mergedAlgo",0.368192031750369
"724",42,"wave_fetch",3.08763563271725,"Chthamalus.montagui_EMmeanByROC_mergedData_mergedRun_mergedAlgo",0.17737271009574
"725",42,"wave_fetch",3.08763563271725,"Chthamalus.montagui_EMciSupByTSS_mergedData_mergedRun_mergedAlgo",0.388334033978226
"726",42,"wave_fetch",3.08763563271725,"Chthamalus.montagui_EMmeanByTSS_mergedData_mergedRun_mergedAlgo",0.17737271009574
"727",43,"wave_fetch",3.11023224483837,"Chthamalus.montagui_EMciSupByTSS_mergedData_mergedRun_mergedAlgo",0.407223540209538
"728",43,"wave_fetch",3.11023224483837,"Chthamalus.montagui_EMmeanByROC_mergedData_mergedRun_mergedAlgo",0.187248760917913
"729",43,"wave_fetch",3.11023224483837,"Chthamalus.montagui_EMmeanByTSS_mergedData_mergedRun_mergedAlgo",0.187248760917913
"730",44,"wave_fetch",3.13282885695949,"Chthamalus.montagui_EMmeanByROC_mergedData_mergedRun_mergedAlgo",0.19750119984919
"731",44,"wave_fetch",3.13282885695949,"Chthamalus.montagui_EMciSupByTSS_mergedData_mergedRun_mergedAlgo",0.425464341354651
"732",44,"wave_fetch",3.13282885695949,"Chthamalus.montagui_EMmeanByTSS_mergedData_mergedRun_mergedAlgo",0.19750119984919
"733",45,"wave_fetch",3.15542546908061,"Chthamalus.montagui_EMmeanByROC_mergedData_mergedRun_mergedAlgo",0.208151020456618
"734",45,"wave_fetch",3.15542546908061,"Chthamalus.montagui_EMmeanByTSS_mergedData_mergedRun_mergedAlgo",0.208151020456618
"735",45,"wave_fetch",3.15542546908061,"Chthamalus.montagui_EMciSupByTSS_mergedData_mergedRun_mergedAlgo",0.443674864434353
"736",46,"wave_fetch",3.17802208120173,"Chthamalus.montagui_EMmeanByROC_mergedData_mergedRun_mergedAlgo",0.219079566830574
"737",46,"wave_fetch",3.17802208120173,"Chthamalus.montagui_EMciSupByTSS_mergedData_mergedRun_mergedAlgo",0.462302534661118
"738",46,"wave_fetch",3.17802208120173,"Chthamalus.montagui_EMmeanByTSS_mergedData_mergedRun_mergedAlgo",0.219079566830574
"739",47,"wave_fetch",3.20061869332285,"Chthamalus.montagui_EMciSupByTSS_mergedData_mergedRun_mergedAlgo",0.481471941301251
"740",47,"wave_fetch",3.20061869332285,"Chthamalus.montagui_EMmeanByTSS_mergedData_mergedRun_mergedAlgo",0.230039517854866
"741",47,"wave_fetch",3.20061869332285,"Chthamalus.montagui_EMmeanByROC_mergedData_mergedRun_mergedAlgo",0.230039517854866
"742",48,"wave_fetch",3.22321530544397,"Chthamalus.montagui_EMmeanByROC_mergedData_mergedRun_mergedAlgo",0.240707660888574
"743",48,"wave_fetch",3.22321530544397,"Chthamalus.montagui_EMciSupByTSS_mergedData_mergedRun_mergedAlgo",0.500936385004859
"744",48,"wave_fetch",3.22321530544397,"Chthamalus.montagui_EMmeanByTSS_mergedData_mergedRun_mergedAlgo",0.240707660888574
"745",49,"wave_fetch",3.24581191756509,"Chthamalus.montagui_EMmeanByROC_mergedData_mergedRun_mergedAlgo",0.252008759324892
"746",49,"wave_fetch",3.24581191756509,"Chthamalus.montagui_EMciSupByTSS_mergedData_mergedRun_mergedAlgo",0.521424451799486
"747",49,"wave_fetch",3.24581191756509,"Chthamalus.montagui_EMmeanByTSS_mergedData_mergedRun_mergedAlgo",0.252008759324892
"748",50,"wave_fetch",3.26840852968621,"Chthamalus.montagui_EMmeanByROC_mergedData_mergedRun_mergedAlgo",0.261181472419073
"749",50,"wave_fetch",3.26840852968621,"Chthamalus.montagui_EMciSupByTSS_mergedData_mergedRun_mergedAlgo",0.539757729270662
"750",50,"wave_fetch",3.26840852968621,"Chthamalus.montagui_EMmeanByTSS_mergedData_mergedRun_mergedAlgo",0.261181472419073
"751",51,"wave_fetch",3.29100514180733,"Chthamalus.montagui_EMmeanByROC_mergedData_mergedRun_mergedAlgo",0.269315286301402
"752",51,"wave_fetch",3.29100514180733,"Chthamalus.montagui_EMciSupByTSS_mergedData_mergedRun_mergedAlgo",0.556676842981235
"753",51,"wave_fetch",3.29100514180733,"Chthamalus.montagui_EMmeanByTSS_mergedData_mergedRun_mergedAlgo",0.269315286301402
"754",52,"wave_fetch",3.31360175392844,"Chthamalus.montagui_EMmeanByROC_mergedData_mergedRun_mergedAlgo",0.276354436181649
"755",52,"wave_fetch",3.31360175392844,"Chthamalus.montagui_EMciSupByTSS_mergedData_mergedRun_mergedAlgo",0.571815628184441
"756",52,"wave_fetch",3.31360175392844,"Chthamalus.montagui_EMmeanByTSS_mergedData_mergedRun_mergedAlgo",0.276354436181649
"757",53,"wave_fetch",3.33619836604956,"Chthamalus.montagui_EMmeanByROC_mergedData_mergedRun_mergedAlgo",0.282328505139355
"758",53,"wave_fetch",3.33619836604956,"Chthamalus.montagui_EMciSupByTSS_mergedData_mergedRun_mergedAlgo",0.585017953182049
"759",53,"wave_fetch",3.33619836604956,"Chthamalus.montagui_EMmeanByTSS_mergedData_mergedRun_mergedAlgo",0.282328505139355
"760",54,"wave_fetch",3.35879497817068,"Chthamalus.montagui_EMmeanByTSS_mergedData_mergedRun_mergedAlgo",0.287323616584627
"761",54,"wave_fetch",3.35879497817068,"Chthamalus.montagui_EMmeanByROC_mergedData_mergedRun_mergedAlgo",0.287323616584627
"762",54,"wave_fetch",3.35879497817068,"Chthamalus.montagui_EMciSupByTSS_mergedData_mergedRun_mergedAlgo",0.596302133354531
"763",55,"wave_fetch",3.3813915902918,"Chthamalus.montagui_EMmeanByROC_mergedData_mergedRun_mergedAlgo",0.291704969434663
"764",55,"wave_fetch",3.3813915902918,"Chthamalus.montagui_EMciSupByTSS_mergedData_mergedRun_mergedAlgo",0.60603747990636
"765",55,"wave_fetch",3.3813915902918,"Chthamalus.montagui_EMmeanByTSS_mergedData_mergedRun_mergedAlgo",0.291704969434663
"766",56,"wave_fetch",3.40398820241292,"Chthamalus.montagui_EMciSupByTSS_mergedData_mergedRun_mergedAlgo",0.615607068118651
"767",56,"wave_fetch",3.40398820241292,"Chthamalus.montagui_EMmeanByROC_mergedData_mergedRun_mergedAlgo",0.296845979930148
"768",56,"wave_fetch",3.40398820241292,"Chthamalus.montagui_EMmeanByTSS_mergedData_mergedRun_mergedAlgo",0.296845979930148
"769",57,"wave_fetch",3.42658481453404,"Chthamalus.montagui_EMmeanByROC_mergedData_mergedRun_mergedAlgo",0.299864966311791
"770",57,"wave_fetch",3.42658481453404,"Chthamalus.montagui_EMciSupByTSS_mergedData_mergedRun_mergedAlgo",0.622377445322292
"771",57,"wave_fetch",3.42658481453404,"Chthamalus.montagui_EMmeanByTSS_mergedData_mergedRun_mergedAlgo",0.299864966311791
"772",58,"wave_fetch",3.44918142665516,"Chthamalus.montagui_EMmeanByROC_mergedData_mergedRun_mergedAlgo",0.304368079970507
"773",58,"wave_fetch",3.44918142665516,"Chthamalus.montagui_EMmeanByTSS_mergedData_mergedRun_mergedAlgo",0.304368079970507
"774",58,"wave_fetch",3.44918142665516,"Chthamalus.montagui_EMciSupByTSS_mergedData_mergedRun_mergedAlgo",0.629898335106968
"775",59,"wave_fetch",3.47177803877628,"Chthamalus.montagui_EMmeanByROC_mergedData_mergedRun_mergedAlgo",0.306696561220766
"776",59,"wave_fetch",3.47177803877628,"Chthamalus.montagui_EMciSupByTSS_mergedData_mergedRun_mergedAlgo",0.634710943646043
"777",59,"wave_fetch",3.47177803877628,"Chthamalus.montagui_EMmeanByTSS_mergedData_mergedRun_mergedAlgo",0.306696561220766
"778",60,"wave_fetch",3.4943746508974,"Chthamalus.montagui_EMciSupByTSS_mergedData_mergedRun_mergedAlgo",0.644639069248325
"779",60,"wave_fetch",3.4943746508974,"Chthamalus.montagui_EMmeanByTSS_mergedData_mergedRun_mergedAlgo",0.314926600235271
"780",60,"wave_fetch",3.4943746508974,"Chthamalus.montagui_EMmeanByROC_mergedData_mergedRun_mergedAlgo",0.314926600235271
"781",61,"wave_fetch",3.51697126301852,"Chthamalus.montagui_EMmeanByTSS_mergedData_mergedRun_mergedAlgo",0.320370551790917
"782",61,"wave_fetch",3.51697126301852,"Chthamalus.montagui_EMmeanByROC_mergedData_mergedRun_mergedAlgo",0.320370551790917
"783",61,"wave_fetch",3.51697126301852,"Chthamalus.montagui_EMciSupByTSS_mergedData_mergedRun_mergedAlgo",0.652046442286081
"784",62,"wave_fetch",3.53956787513964,"Chthamalus.montagui_EMmeanByROC_mergedData_mergedRun_mergedAlgo",0.334578704360467
"785",62,"wave_fetch",3.53956787513964,"Chthamalus.montagui_EMciSupByTSS_mergedData_mergedRun_mergedAlgo",0.667523874983495
"786",62,"wave_fetch",3.53956787513964,"Chthamalus.montagui_EMmeanByTSS_mergedData_mergedRun_mergedAlgo",0.334578704360467
"787",63,"wave_fetch",3.56216448726076,"Chthamalus.montagui_EMciSupByTSS_mergedData_mergedRun_mergedAlgo",0.665405610139295
"788",63,"wave_fetch",3.56216448726076,"Chthamalus.montagui_EMmeanByROC_mergedData_mergedRun_mergedAlgo",0.331341144679721
"789",63,"wave_fetch",3.56216448726076,"Chthamalus.montagui_EMmeanByTSS_mergedData_mergedRun_mergedAlgo",0.331341144679721
"790",64,"wave_fetch",3.58476109938188,"Chthamalus.montagui_EMmeanByROC_mergedData_mergedRun_mergedAlgo",0.324939483400801
"791",64,"wave_fetch",3.58476109938188,"Chthamalus.montagui_EMciSupByTSS_mergedData_mergedRun_mergedAlgo",0.659496681977712
"792",64,"wave_fetch",3.58476109938188,"Chthamalus.montagui_EMmeanByTSS_mergedData_mergedRun_mergedAlgo",0.324939483400801
"793",65,"wave_fetch",3.607357711503,"Chthamalus.montagui_EMmeanByROC_mergedData_mergedRun_mergedAlgo",0.319648341811639
"794",65,"wave_fetch",3.607357711503,"Chthamalus.montagui_EMmeanByTSS_mergedData_mergedRun_mergedAlgo",0.319648341811639
"795",65,"wave_fetch",3.607357711503,"Chthamalus.montagui_EMciSupByTSS_mergedData_mergedRun_mergedAlgo",0.655024353126082
"796",66,"wave_fetch",3.62995432362412,"Chthamalus.montagui_EMmeanByROC_mergedData_mergedRun_mergedAlgo",0.318486573173372
"797",66,"wave_fetch",3.62995432362412,"Chthamalus.montagui_EMciSupByTSS_mergedData_mergedRun_mergedAlgo",0.65445037474983
"798",66,"wave_fetch",3.62995432362412,"Chthamalus.montagui_EMmeanByTSS_mergedData_mergedRun_mergedAlgo",0.318486573173372
"799",67,"wave_fetch",3.65255093574524,"Chthamalus.montagui_EMciSupByTSS_mergedData_mergedRun_mergedAlgo",0.656236734534805
"800",67,"wave_fetch",3.65255093574524,"Chthamalus.montagui_EMmeanByTSS_mergedData_mergedRun_mergedAlgo",0.319968228247566
"801",67,"wave_fetch",3.65255093574524,"Chthamalus.montagui_EMmeanByROC_mergedData_mergedRun_mergedAlgo",0.319968228247566
"802",68,"wave_fetch",3.67514754786636,"Chthamalus.montagui_EMmeanByROC_mergedData_mergedRun_mergedAlgo",0.322353288923034
"803",68,"wave_fetch",3.67514754786636,"Chthamalus.montagui_EMciSupByTSS_mergedData_mergedRun_mergedAlgo",0.658779780425068
"804",68,"wave_fetch",3.67514754786636,"Chthamalus.montagui_EMmeanByTSS_mergedData_mergedRun_mergedAlgo",0.322353288923034
"805",69,"wave_fetch",3.69774415998748,"Chthamalus.montagui_EMmeanByROC_mergedData_mergedRun_mergedAlgo",0.322648196406855
"806",69,"wave_fetch",3.69774415998748,"Chthamalus.montagui_EMciSupByTSS_mergedData_mergedRun_mergedAlgo",0.659184337528997
"807",69,"wave_fetch",3.69774415998748,"Chthamalus.montagui_EMmeanByTSS_mergedData_mergedRun_mergedAlgo",0.322648196406855
"808",70,"wave_fetch",3.7203407721086,"Chthamalus.montagui_EMmeanByROC_mergedData_mergedRun_mergedAlgo",0.325106196984915
"809",70,"wave_fetch",3.7203407721086,"Chthamalus.montagui_EMciSupByTSS_mergedData_mergedRun_mergedAlgo",0.661562042567475
"810",70,"wave_fetch",3.7203407721086,"Chthamalus.montagui_EMmeanByTSS_mergedData_mergedRun_mergedAlgo",0.325106196984915
"811",71,"wave_fetch",3.74293738422972,"Chthamalus.montagui_EMmeanByROC_mergedData_mergedRun_mergedAlgo",0.325477522031042
"812",71,"wave_fetch",3.74293738422972,"Chthamalus.montagui_EMciSupByTSS_mergedData_mergedRun_mergedAlgo",0.661829673347039
"813",71,"wave_fetch",3.74293738422972,"Chthamalus.montagui_EMmeanByTSS_mergedData_mergedRun_mergedAlgo",0.325477522031042
"814",72,"wave_fetch",3.76553399635084,"Chthamalus.montagui_EMmeanByROC_mergedData_mergedRun_mergedAlgo",0.334509411329372
"815",72,"wave_fetch",3.76553399635084,"Chthamalus.montagui_EMciSupByTSS_mergedData_mergedRun_mergedAlgo",0.670752175161483
"816",72,"wave_fetch",3.76553399635084,"Chthamalus.montagui_EMmeanByTSS_mergedData_mergedRun_mergedAlgo",0.334509411329372
"817",73,"wave_fetch",3.78813060847196,"Chthamalus.montagui_EMmeanByROC_mergedData_mergedRun_mergedAlgo",0.332195980562788
"818",73,"wave_fetch",3.78813060847196,"Chthamalus.montagui_EMciSupByTSS_mergedData_mergedRun_mergedAlgo",0.668004517101988
"819",73,"wave_fetch",3.78813060847196,"Chthamalus.montagui_EMmeanByTSS_mergedData_mergedRun_mergedAlgo",0.332195980562788
"820",74,"wave_fetch",3.81072722059308,"Chthamalus.montagui_EMmeanByTSS_mergedData_mergedRun_mergedAlgo",0.327527925242234
"821",74,"wave_fetch",3.81072722059308,"Chthamalus.montagui_EMmeanByROC_mergedData_mergedRun_mergedAlgo",0.327527925242234
"822",74,"wave_fetch",3.81072722059308,"Chthamalus.montagui_EMciSupByTSS_mergedData_mergedRun_mergedAlgo",0.662862602393283
"823",75,"wave_fetch",3.8333238327142,"Chthamalus.montagui_EMmeanByROC_mergedData_mergedRun_mergedAlgo",0.318992044466409
"824",75,"wave_fetch",3.8333238327142,"Chthamalus.montagui_EMciSupByTSS_mergedData_mergedRun_mergedAlgo",0.653706538823348
"825",75,"wave_fetch",3.8333238327142,"Chthamalus.montagui_EMmeanByTSS_mergedData_mergedRun_mergedAlgo",0.318992044466409
"826",76,"wave_fetch",3.85592044483532,"Chthamalus.montagui_EMciSupByTSS_mergedData_mergedRun_mergedAlgo",0.650047570949291
"827",76,"wave_fetch",3.85592044483532,"Chthamalus.montagui_EMmeanByROC_mergedData_mergedRun_mergedAlgo",0.316070558829256
"828",76,"wave_fetch",3.85592044483532,"Chthamalus.montagui_EMmeanByTSS_mergedData_mergedRun_mergedAlgo",0.316070558829256
"829",77,"wave_fetch",3.87851705695644,"Chthamalus.montagui_EMmeanByROC_mergedData_mergedRun_mergedAlgo",0.312990187981544
"830",77,"wave_fetch",3.87851705695644,"Chthamalus.montagui_EMciSupByTSS_mergedData_mergedRun_mergedAlgo",0.646007535348742
"831",77,"wave_fetch",3.87851705695644,"Chthamalus.montagui_EMmeanByTSS_mergedData_mergedRun_mergedAlgo",0.312990187981544
"832",78,"wave_fetch",3.90111366907756,"Chthamalus.montagui_EMmeanByROC_mergedData_mergedRun_mergedAlgo",0.3069709459611
"833",78,"wave_fetch",3.90111366907756,"Chthamalus.montagui_EMmeanByTSS_mergedData_mergedRun_mergedAlgo",0.3069709459611
"834",78,"wave_fetch",3.90111366907756,"Chthamalus.montagui_EMciSupByTSS_mergedData_mergedRun_mergedAlgo",0.639169535109802
"835",79,"wave_fetch",3.92371028119867,"Chthamalus.montagui_EMmeanByROC_mergedData_mergedRun_mergedAlgo",0.302474608920169
"836",79,"wave_fetch",3.92371028119867,"Chthamalus.montagui_EMciSupByTSS_mergedData_mergedRun_mergedAlgo",0.633297223124059
"837",79,"wave_fetch",3.92371028119867,"Chthamalus.montagui_EMmeanByTSS_mergedData_mergedRun_mergedAlgo",0.302474608920169
"838",80,"wave_fetch",3.94630689331979,"Chthamalus.montagui_EMciSupByTSS_mergedData_mergedRun_mergedAlgo",0.629688855450613
"839",80,"wave_fetch",3.94630689331979,"Chthamalus.montagui_EMmeanByTSS_mergedData_mergedRun_mergedAlgo",0.300952815102149
"840",80,"wave_fetch",3.94630689331979,"Chthamalus.montagui_EMmeanByROC_mergedData_mergedRun_mergedAlgo",0.300952815102149
"841",81,"wave_fetch",3.96890350544091,"Chthamalus.montagui_EMmeanByTSS_mergedData_mergedRun_mergedAlgo",0.29959477949611
"842",81,"wave_fetch",3.96890350544091,"Chthamalus.montagui_EMmeanByROC_mergedData_mergedRun_mergedAlgo",0.29959477949611
"843",81,"wave_fetch",3.96890350544091,"Chthamalus.montagui_EMciSupByTSS_mergedData_mergedRun_mergedAlgo",0.625699401500482
"844",82,"wave_fetch",3.99150011756203,"Chthamalus.montagui_EMmeanByROC_mergedData_mergedRun_mergedAlgo",0.299074660126255
"845",82,"wave_fetch",3.99150011756203,"Chthamalus.montagui_EMciSupByTSS_mergedData_mergedRun_mergedAlgo",0.621874656220041
"846",82,"wave_fetch",3.99150011756203,"Chthamalus.montagui_EMmeanByTSS_mergedData_mergedRun_mergedAlgo",0.299074660126255
"847",83,"wave_fetch",4.01409672968315,"Chthamalus.montagui_EMciSupByTSS_mergedData_mergedRun_mergedAlgo",0.612139317973836
"848",83,"wave_fetch",4.01409672968315,"Chthamalus.montagui_EMmeanByROC_mergedData_mergedRun_mergedAlgo",0.292548722409661
"849",83,"wave_fetch",4.01409672968315,"Chthamalus.montagui_EMmeanByTSS_mergedData_mergedRun_mergedAlgo",0.292548722409661
"850",84,"wave_fetch",4.03669334180427,"Chthamalus.montagui_EMmeanByROC_mergedData_mergedRun_mergedAlgo",0.302402645290732
"851",84,"wave_fetch",4.03669334180427,"Chthamalus.montagui_EMciSupByTSS_mergedData_mergedRun_mergedAlgo",0.617267494234023
"852",84,"wave_fetch",4.03669334180427,"Chthamalus.montagui_EMmeanByTSS_mergedData_mergedRun_mergedAlgo",0.302402645290732
"853",85,"wave_fetch",4.05928995392539,"Chthamalus.montagui_EMmeanByROC_mergedData_mergedRun_mergedAlgo",0.304999637564108
"854",85,"wave_fetch",4.05928995392539,"Chthamalus.montagui_EMmeanByTSS_mergedData_mergedRun_mergedAlgo",0.304999637564108
"855",85,"wave_fetch",4.05928995392539,"Chthamalus.montagui_EMciSupByTSS_mergedData_mergedRun_mergedAlgo",0.613549138325452
"856",86,"wave_fetch",4.08188656604651,"Chthamalus.montagui_EMmeanByROC_mergedData_mergedRun_mergedAlgo",0.30768051592745
"857",86,"wave_fetch",4.08188656604651,"Chthamalus.montagui_EMciSupByTSS_mergedData_mergedRun_mergedAlgo",0.609936148642418
"858",86,"wave_fetch",4.08188656604651,"Chthamalus.montagui_EMmeanByTSS_mergedData_mergedRun_mergedAlgo",0.30768051592745
"859",87,"wave_fetch",4.10448317816763,"Chthamalus.montagui_EMciSupByTSS_mergedData_mergedRun_mergedAlgo",0.598545478101121
"860",87,"wave_fetch",4.10448317816763,"Chthamalus.montagui_EMmeanByTSS_mergedData_mergedRun_mergedAlgo",0.304017519139885
"861",87,"wave_fetch",4.10448317816763,"Chthamalus.montagui_EMmeanByROC_mergedData_mergedRun_mergedAlgo",0.304017519139885
"862",88,"wave_fetch",4.12707979028875,"Chthamalus.montagui_EMmeanByROC_mergedData_mergedRun_mergedAlgo",0.294324245296183
"863",88,"wave_fetch",4.12707979028875,"Chthamalus.montagui_EMciSupByTSS_mergedData_mergedRun_mergedAlgo",0.579119292976885
"864",88,"wave_fetch",4.12707979028875,"Chthamalus.montagui_EMmeanByTSS_mergedData_mergedRun_mergedAlgo",0.294324245296183
"865",89,"wave_fetch",4.14967640240987,"Chthamalus.montagui_EMmeanByROC_mergedData_mergedRun_mergedAlgo",0.2796743043103
"866",89,"wave_fetch",4.14967640240987,"Chthamalus.montagui_EMciSupByTSS_mergedData_mergedRun_mergedAlgo",0.552673994694011
"867",89,"wave_fetch",4.14967640240987,"Chthamalus.montagui_EMmeanByTSS_mergedData_mergedRun_mergedAlgo",0.2796743043103
"868",90,"wave_fetch",4.17227301453099,"Chthamalus.montagui_EMmeanByROC_mergedData_mergedRun_mergedAlgo",0.266680358264055
"869",90,"wave_fetch",4.17227301453099,"Chthamalus.montagui_EMciSupByTSS_mergedData_mergedRun_mergedAlgo",0.52618156095844
"870",90,"wave_fetch",4.17227301453099,"Chthamalus.montagui_EMmeanByTSS_mergedData_mergedRun_mergedAlgo",0.266680358264055
"871",91,"wave_fetch",4.19486962665211,"Chthamalus.montagui_EMmeanByROC_mergedData_mergedRun_mergedAlgo",0.254532330776887
"872",91,"wave_fetch",4.19486962665211,"Chthamalus.montagui_EMciSupByTSS_mergedData_mergedRun_mergedAlgo",0.498823256911886
"873",91,"wave_fetch",4.19486962665211,"Chthamalus.montagui_EMmeanByTSS_mergedData_mergedRun_mergedAlgo",0.254532330776887
"874",92,"wave_fetch",4.21746623877323,"Chthamalus.montagui_EMmeanByROC_mergedData_mergedRun_mergedAlgo",0.241288470720806
"875",92,"wave_fetch",4.21746623877323,"Chthamalus.montagui_EMciSupByTSS_mergedData_mergedRun_mergedAlgo",0.469263256840407
"876",92,"wave_fetch",4.21746623877323,"Chthamalus.montagui_EMmeanByTSS_mergedData_mergedRun_mergedAlgo",0.241288470720806
"877",93,"wave_fetch",4.24006285089435,"Chthamalus.montagui_EMmeanByROC_mergedData_mergedRun_mergedAlgo",0.226907266118871
"878",93,"wave_fetch",4.24006285089435,"Chthamalus.montagui_EMciSupByTSS_mergedData_mergedRun_mergedAlgo",0.43768067484153
"879",93,"wave_fetch",4.24006285089435,"Chthamalus.montagui_EMmeanByTSS_mergedData_mergedRun_mergedAlgo",0.226907266118871
"880",94,"wave_fetch",4.26265946301547,"Chthamalus.montagui_EMmeanByTSS_mergedData_mergedRun_mergedAlgo",0.212255875221694
"881",94,"wave_fetch",4.26265946301547,"Chthamalus.montagui_EMmeanByROC_mergedData_mergedRun_mergedAlgo",0.212255875221694
"882",94,"wave_fetch",4.26265946301547,"Chthamalus.montagui_EMciSupByTSS_mergedData_mergedRun_mergedAlgo",0.405778342136475
"883",95,"wave_fetch",4.28525607513659,"Chthamalus.montagui_EMmeanByROC_mergedData_mergedRun_mergedAlgo",0.194835795588553
"884",95,"wave_fetch",4.28525607513659,"Chthamalus.montagui_EMciSupByTSS_mergedData_mergedRun_mergedAlgo",0.37062054194355
"885",95,"wave_fetch",4.28525607513659,"Chthamalus.montagui_EMmeanByTSS_mergedData_mergedRun_mergedAlgo",0.194835795588553
"886",96,"wave_fetch",4.30785268725771,"Chthamalus.montagui_EMciSupByTSS_mergedData_mergedRun_mergedAlgo",0.33729118049059
"887",96,"wave_fetch",4.30785268725771,"Chthamalus.montagui_EMmeanByROC_mergedData_mergedRun_mergedAlgo",0.177978220408558
"888",96,"wave_fetch",4.30785268725771,"Chthamalus.montagui_EMmeanByTSS_mergedData_mergedRun_mergedAlgo",0.177978220408558
"889",97,"wave_fetch",4.33044929937883,"Chthamalus.montagui_EMmeanByROC_mergedData_mergedRun_mergedAlgo",0.161022716160306
"890",97,"wave_fetch",4.33044929937883,"Chthamalus.montagui_EMciSupByTSS_mergedData_mergedRun_mergedAlgo",0.305153935867346
"891",97,"wave_fetch",4.33044929937883,"Chthamalus.montagui_EMmeanByTSS_mergedData_mergedRun_mergedAlgo",0.161022716160306
"892",98,"wave_fetch",4.35304591149995,"Chthamalus.montagui_EMmeanByROC_mergedData_mergedRun_mergedAlgo",0.146246134038572
"893",98,"wave_fetch",4.35304591149995,"Chthamalus.montagui_EMmeanByTSS_mergedData_mergedRun_mergedAlgo",0.146246134038572
"894",98,"wave_fetch",4.35304591149995,"Chthamalus.montagui_EMciSupByTSS_mergedData_mergedRun_mergedAlgo",0.278505065544795
"895",99,"wave_fetch",4.37564252362107,"Chthamalus.montagui_EMmeanByROC_mergedData_mergedRun_mergedAlgo",0.133054703514334
"896",99,"wave_fetch",4.37564252362107,"Chthamalus.montagui_EMciSupByTSS_mergedData_mergedRun_mergedAlgo",0.256574631734512
"897",99,"wave_fetch",4.37564252362107,"Chthamalus.montagui_EMmeanByTSS_mergedData_mergedRun_mergedAlgo",0.133054703514334
"898",100,"wave_fetch",4.39823913574219,"Chthamalus.montagui_EMciSupByTSS_mergedData_mergedRun_mergedAlgo",0.239619533299119
"899",100,"wave_fetch",4.39823913574219,"Chthamalus.montagui_EMmeanByTSS_mergedData_mergedRun_mergedAlgo",0.121697515431961
"900",100,"wave_fetch",4.39823913574219,"Chthamalus.montagui_EMmeanByROC_mergedData_mergedRun_mergedAlgo",0.121697515431961
