"","id","expl.name","expl.val","pred.name","pred.val"
"1",1,"ocean_temp",9.93221758448971,"Semibalanus.balanoides_EMmeanByTSS_mergedData_mergedRun_mergedAlgo",0.667602936678441
"2",1,"ocean_temp",9.93221758448971,"Semibalanus.balanoides_EMmeanByROC_mergedData_mergedRun_mergedAlgo",0.662579281473
"3",1,"ocean_temp",9.93221758448971,"Semibalanus.balanoides_EMciSupByTSS_mergedData_mergedRun_mergedAlgo",0.926553084308744
"4",2,"ocean_temp",9.96400011656069,"Semibalanus.balanoides_EMmeanByROC_mergedData_mergedRun_mergedAlgo",0.665928082108642
"5",2,"ocean_temp",9.96400011656069,"Semibalanus.balanoides_EMciSupByTSS_mergedData_mergedRun_mergedAlgo",0.927783631019253
"6",2,"ocean_temp",9.96400011656069,"Semibalanus.balanoides_EMmeanByTSS_mergedData_mergedRun_mergedAlgo",0.671074385476534
"7",3,"ocean_temp",9.99578264863166,"Semibalanus.balanoides_EMciSupByTSS_mergedData_mergedRun_mergedAlgo",0.929166728310431
"8",3,"ocean_temp",9.99578264863166,"Semibalanus.balanoides_EMmeanByROC_mergedData_mergedRun_mergedAlgo",0.669300114259076
"9",3,"ocean_temp",9.99578264863166,"Semibalanus.balanoides_EMmeanByTSS_mergedData_mergedRun_mergedAlgo",0.67457471615257
"10",4,"ocean_temp",10.0275651807026,"Semibalanus.balanoides_EMmeanByROC_mergedData_mergedRun_mergedAlgo",0.672689251277472
"11",4,"ocean_temp",10.0275651807026,"Semibalanus.balanoides_EMciSupByTSS_mergedData_mergedRun_mergedAlgo",0.930706914005683
"12",4,"ocean_temp",10.0275651807026,"Semibalanus.balanoides_EMmeanByTSS_mergedData_mergedRun_mergedAlgo",0.678096931383743
"13",5,"ocean_temp",10.0593477127736,"Semibalanus.balanoides_EMmeanByROC_mergedData_mergedRun_mergedAlgo",0.676089247275566
"14",5,"ocean_temp",10.0593477127736,"Semibalanus.balanoides_EMmeanByTSS_mergedData_mergedRun_mergedAlgo",0.681633897056557
"15",5,"ocean_temp",10.0593477127736,"Semibalanus.balanoides_EMciSupByTSS_mergedData_mergedRun_mergedAlgo",0.932407359305335
"16",6,"ocean_temp",10.0911302448446,"Semibalanus.balanoides_EMmeanByROC_mergedData_mergedRun_mergedAlgo",0.679493113031769
"17",6,"ocean_temp",10.0911302448446,"Semibalanus.balanoides_EMciSupByTSS_mergedData_mergedRun_mergedAlgo",0.934269134564527
"18",6,"ocean_temp",10.0911302448446,"Semibalanus.balanoides_EMmeanByTSS_mergedData_mergedRun_mergedAlgo",0.685177629027987
"19",7,"ocean_temp",10.1229127769156,"Semibalanus.balanoides_EMciSupByTSS_mergedData_mergedRun_mergedAlgo",0.936291192037195
"20",7,"ocean_temp",10.1229127769156,"Semibalanus.balanoides_EMmeanByTSS_mergedData_mergedRun_mergedAlgo",0.688719722682642
"21",7,"ocean_temp",10.1229127769156,"Semibalanus.balanoides_EMmeanByROC_mergedData_mergedRun_mergedAlgo",0.682893491846771
"22",8,"ocean_temp",10.1546953089865,"Semibalanus.balanoides_EMmeanByROC_mergedData_mergedRun_mergedAlgo",0.686282910338543
"23",8,"ocean_temp",10.1546953089865,"Semibalanus.balanoides_EMciSupByTSS_mergedData_mergedRun_mergedAlgo",0.938470375909953
"24",8,"ocean_temp",10.1546953089865,"Semibalanus.balanoides_EMmeanByTSS_mergedData_mergedRun_mergedAlgo",0.692251639565977
"25",9,"ocean_temp",10.1864778410575,"Semibalanus.balanoides_EMmeanByROC_mergedData_mergedRun_mergedAlgo",0.689653029181387
"26",9,"ocean_temp",10.1864778410575,"Semibalanus.balanoides_EMciSupByTSS_mergedData_mergedRun_mergedAlgo",0.940800468213077
"27",9,"ocean_temp",10.1864778410575,"Semibalanus.balanoides_EMmeanByTSS_mergedData_mergedRun_mergedAlgo",0.695763851094298
"28",10,"ocean_temp",10.2182603731285,"Semibalanus.balanoides_EMmeanByROC_mergedData_mergedRun_mergedAlgo",0.692995768783464
"29",10,"ocean_temp",10.2182603731285,"Semibalanus.balanoides_EMciSupByTSS_mergedData_mergedRun_mergedAlgo",0.943273124326127
"30",10,"ocean_temp",10.2182603731285,"Semibalanus.balanoides_EMmeanByTSS_mergedData_mergedRun_mergedAlgo",0.69924712505188
"31",11,"ocean_temp",10.2500429051995,"Semibalanus.balanoides_EMmeanByROC_mergedData_mergedRun_mergedAlgo",0.69880243490189
"32",11,"ocean_temp",10.2500429051995,"Semibalanus.balanoides_EMciSupByTSS_mergedData_mergedRun_mergedAlgo",0.947234948145755
"33",11,"ocean_temp",10.2500429051995,"Semibalanus.balanoides_EMmeanByTSS_mergedData_mergedRun_mergedAlgo",0.705548669160813
"34",12,"ocean_temp",10.2818254372704,"Semibalanus.balanoides_EMmeanByROC_mergedData_mergedRun_mergedAlgo",0.70231409419766
"35",12,"ocean_temp",10.2818254372704,"Semibalanus.balanoides_EMciSupByTSS_mergedData_mergedRun_mergedAlgo",0.950064516344962
"36",12,"ocean_temp",10.2818254372704,"Semibalanus.balanoides_EMmeanByTSS_mergedData_mergedRun_mergedAlgo",0.709229703152575
"37",13,"ocean_temp",10.3136079693414,"Semibalanus.balanoides_EMmeanByROC_mergedData_mergedRun_mergedAlgo",0.706522199727461
"38",13,"ocean_temp",10.3136079693414,"Semibalanus.balanoides_EMciSupByTSS_mergedData_mergedRun_mergedAlgo",0.953440921865078
"39",13,"ocean_temp",10.3136079693414,"Semibalanus.balanoides_EMmeanByTSS_mergedData_mergedRun_mergedAlgo",0.713709030767962
"40",14,"ocean_temp",10.3453905014124,"Semibalanus.balanoides_EMmeanByTSS_mergedData_mergedRun_mergedAlgo",0.719833468830865
"41",14,"ocean_temp",10.3453905014124,"Semibalanus.balanoides_EMmeanByROC_mergedData_mergedRun_mergedAlgo",0.712167716376324
"42",14,"ocean_temp",10.3453905014124,"Semibalanus.balanoides_EMciSupByTSS_mergedData_mergedRun_mergedAlgo",0.957867039114774
"43",15,"ocean_temp",10.3771730334834,"Semibalanus.balanoides_EMmeanByROC_mergedData_mergedRun_mergedAlgo",0.714742121225516
"44",15,"ocean_temp",10.3771730334834,"Semibalanus.balanoides_EMciSupByTSS_mergedData_mergedRun_mergedAlgo",0.960417474007446
"45",15,"ocean_temp",10.3771730334834,"Semibalanus.balanoides_EMmeanByTSS_mergedData_mergedRun_mergedAlgo",0.722450419108931
"46",16,"ocean_temp",10.4089555655543,"Semibalanus.balanoides_EMciSupByTSS_mergedData_mergedRun_mergedAlgo",0.963338366203974
"47",16,"ocean_temp",10.4089555655543,"Semibalanus.balanoides_EMmeanByROC_mergedData_mergedRun_mergedAlgo",0.717736778867676
"48",16,"ocean_temp",10.4089555655543,"Semibalanus.balanoides_EMmeanByTSS_mergedData_mergedRun_mergedAlgo",0.725550011536642
"49",17,"ocean_temp",10.4407380976253,"Semibalanus.balanoides_EMmeanByROC_mergedData_mergedRun_mergedAlgo",0.720643566658376
"50",17,"ocean_temp",10.4407380976253,"Semibalanus.balanoides_EMciSupByTSS_mergedData_mergedRun_mergedAlgo",0.966275597371297
"51",17,"ocean_temp",10.4407380976253,"Semibalanus.balanoides_EMmeanByTSS_mergedData_mergedRun_mergedAlgo",0.72855153308585
"52",18,"ocean_temp",10.4725206296963,"Semibalanus.balanoides_EMmeanByROC_mergedData_mergedRun_mergedAlgo",0.724205124914877
"53",18,"ocean_temp",10.4725206296963,"Semibalanus.balanoides_EMmeanByTSS_mergedData_mergedRun_mergedAlgo",0.732303713715538
"54",18,"ocean_temp",10.4725206296963,"Semibalanus.balanoides_EMciSupByTSS_mergedData_mergedRun_mergedAlgo",0.969532316619806
"55",19,"ocean_temp",10.5043031617673,"Semibalanus.balanoides_EMmeanByROC_mergedData_mergedRun_mergedAlgo",0.743663982063037
"56",19,"ocean_temp",10.5043031617673,"Semibalanus.balanoides_EMciSupByTSS_mergedData_mergedRun_mergedAlgo",0.978516292780746
"57",19,"ocean_temp",10.5043031617673,"Semibalanus.balanoides_EMmeanByTSS_mergedData_mergedRun_mergedAlgo",0.754226583689954
"58",20,"ocean_temp",10.5360856938382,"Semibalanus.balanoides_EMciSupByTSS_mergedData_mergedRun_mergedAlgo",0.98065780672498
"59",20,"ocean_temp",10.5360856938382,"Semibalanus.balanoides_EMmeanByTSS_mergedData_mergedRun_mergedAlgo",0.755742045123001
"60",20,"ocean_temp",10.5360856938382,"Semibalanus.balanoides_EMmeanByROC_mergedData_mergedRun_mergedAlgo",0.74526430472817
"61",21,"ocean_temp",10.5678682259092,"Semibalanus.balanoides_EMmeanByTSS_mergedData_mergedRun_mergedAlgo",0.765397872039165
"62",21,"ocean_temp",10.5678682259092,"Semibalanus.balanoides_EMmeanByROC_mergedData_mergedRun_mergedAlgo",0.753985397782766
"63",21,"ocean_temp",10.5678682259092,"Semibalanus.balanoides_EMciSupByTSS_mergedData_mergedRun_mergedAlgo",0.985962454233431
"64",22,"ocean_temp",10.5996507579802,"Semibalanus.balanoides_EMmeanByROC_mergedData_mergedRun_mergedAlgo",0.750182329345215
"65",22,"ocean_temp",10.5996507579802,"Semibalanus.balanoides_EMciSupByTSS_mergedData_mergedRun_mergedAlgo",0.980829262315041
"66",22,"ocean_temp",10.5996507579802,"Semibalanus.balanoides_EMmeanByTSS_mergedData_mergedRun_mergedAlgo",0.760742710382108
"67",23,"ocean_temp",10.6314332900512,"Semibalanus.balanoides_EMciSupByTSS_mergedData_mergedRun_mergedAlgo",0.971981433757881
"68",23,"ocean_temp",10.6314332900512,"Semibalanus.balanoides_EMmeanByROC_mergedData_mergedRun_mergedAlgo",0.736504430736896
"69",23,"ocean_temp",10.6314332900512,"Semibalanus.balanoides_EMmeanByTSS_mergedData_mergedRun_mergedAlgo",0.744804363688539
"70",24,"ocean_temp",10.6632158221221,"Semibalanus.balanoides_EMmeanByROC_mergedData_mergedRun_mergedAlgo",0.719957796399652
"71",24,"ocean_temp",10.6632158221221,"Semibalanus.balanoides_EMciSupByTSS_mergedData_mergedRun_mergedAlgo",0.96358113164572
"72",24,"ocean_temp",10.6632158221221,"Semibalanus.balanoides_EMmeanByTSS_mergedData_mergedRun_mergedAlgo",0.725589793002919
"73",25,"ocean_temp",10.6949983541931,"Semibalanus.balanoides_EMmeanByROC_mergedData_mergedRun_mergedAlgo",0.708549158776584
"74",25,"ocean_temp",10.6949983541931,"Semibalanus.balanoides_EMmeanByTSS_mergedData_mergedRun_mergedAlgo",0.712249545320498
"75",25,"ocean_temp",10.6949983541931,"Semibalanus.balanoides_EMciSupByTSS_mergedData_mergedRun_mergedAlgo",0.957956478719534
"76",26,"ocean_temp",10.7267808862641,"Semibalanus.balanoides_EMmeanByROC_mergedData_mergedRun_mergedAlgo",0.685536513158698
"77",26,"ocean_temp",10.7267808862641,"Semibalanus.balanoides_EMciSupByTSS_mergedData_mergedRun_mergedAlgo",0.952541655686046
"78",26,"ocean_temp",10.7267808862641,"Semibalanus.balanoides_EMmeanByTSS_mergedData_mergedRun_mergedAlgo",0.685649896279471
"79",27,"ocean_temp",10.7585634183351,"Semibalanus.balanoides_EMciSupByTSS_mergedData_mergedRun_mergedAlgo",0.948935220809918
"80",27,"ocean_temp",10.7585634183351,"Semibalanus.balanoides_EMmeanByTSS_mergedData_mergedRun_mergedAlgo",0.683514849959457
"81",27,"ocean_temp",10.7585634183351,"Semibalanus.balanoides_EMmeanByROC_mergedData_mergedRun_mergedAlgo",0.683928367502609
"82",28,"ocean_temp",10.790345950406,"Semibalanus.balanoides_EMmeanByROC_mergedData_mergedRun_mergedAlgo",0.682233367220009
"83",28,"ocean_temp",10.790345950406,"Semibalanus.balanoides_EMciSupByTSS_mergedData_mergedRun_mergedAlgo",0.94536796036623
"84",28,"ocean_temp",10.790345950406,"Semibalanus.balanoides_EMmeanByTSS_mergedData_mergedRun_mergedAlgo",0.681282852936964
"85",29,"ocean_temp",10.822128482477,"Semibalanus.balanoides_EMmeanByROC_mergedData_mergedRun_mergedAlgo",0.671460419944115
"86",29,"ocean_temp",10.822128482477,"Semibalanus.balanoides_EMciSupByTSS_mergedData_mergedRun_mergedAlgo",0.941879983770759
"87",29,"ocean_temp",10.822128482477,"Semibalanus.balanoides_EMmeanByTSS_mergedData_mergedRun_mergedAlgo",0.668678365453961
"88",30,"ocean_temp",10.853911014548,"Semibalanus.balanoides_EMmeanByROC_mergedData_mergedRun_mergedAlgo",0.670608320274874
"89",30,"ocean_temp",10.853911014548,"Semibalanus.balanoides_EMciSupByTSS_mergedData_mergedRun_mergedAlgo",0.9384601873048
"90",30,"ocean_temp",10.853911014548,"Semibalanus.balanoides_EMmeanByTSS_mergedData_mergedRun_mergedAlgo",0.667414289707202
"91",31,"ocean_temp",10.885693546619,"Semibalanus.balanoides_EMmeanByROC_mergedData_mergedRun_mergedAlgo",0.665429999505709
"92",31,"ocean_temp",10.885693546619,"Semibalanus.balanoides_EMciSupByTSS_mergedData_mergedRun_mergedAlgo",0.935244054553742
"93",31,"ocean_temp",10.885693546619,"Semibalanus.balanoides_EMmeanByTSS_mergedData_mergedRun_mergedAlgo",0.661208255259437
"94",32,"ocean_temp",10.9174760786899,"Semibalanus.balanoides_EMmeanByROC_mergedData_mergedRun_mergedAlgo",0.663484150338257
"95",32,"ocean_temp",10.9174760786899,"Semibalanus.balanoides_EMciSupByTSS_mergedData_mergedRun_mergedAlgo",0.932028524564262
"96",32,"ocean_temp",10.9174760786899,"Semibalanus.balanoides_EMmeanByTSS_mergedData_mergedRun_mergedAlgo",0.65869876157659
"97",33,"ocean_temp",10.9492586107609,"Semibalanus.balanoides_EMmeanByROC_mergedData_mergedRun_mergedAlgo",0.660999101581965
"98",33,"ocean_temp",10.9492586107609,"Semibalanus.balanoides_EMciSupByTSS_mergedData_mergedRun_mergedAlgo",0.92897017731595
"99",33,"ocean_temp",10.9492586107609,"Semibalanus.balanoides_EMmeanByTSS_mergedData_mergedRun_mergedAlgo",0.655575320551962
"100",34,"ocean_temp",10.9810411428319,"Semibalanus.balanoides_EMmeanByTSS_mergedData_mergedRun_mergedAlgo",0.654134599018799
"101",34,"ocean_temp",10.9810411428319,"Semibalanus.balanoides_EMmeanByROC_mergedData_mergedRun_mergedAlgo",0.659984442846286
"102",34,"ocean_temp",10.9810411428319,"Semibalanus.balanoides_EMciSupByTSS_mergedData_mergedRun_mergedAlgo",0.926226930352098
"103",35,"ocean_temp",11.0128236749029,"Semibalanus.balanoides_EMmeanByROC_mergedData_mergedRun_mergedAlgo",0.660698649227731
"104",35,"ocean_temp",11.0128236749029,"Semibalanus.balanoides_EMciSupByTSS_mergedData_mergedRun_mergedAlgo",0.924095240145842
"105",35,"ocean_temp",11.0128236749029,"Semibalanus.balanoides_EMmeanByTSS_mergedData_mergedRun_mergedAlgo",0.65467198982877
"106",36,"ocean_temp",11.0446062069738,"Semibalanus.balanoides_EMciSupByTSS_mergedData_mergedRun_mergedAlgo",0.921852751237641
"107",36,"ocean_temp",11.0446062069738,"Semibalanus.balanoides_EMmeanByROC_mergedData_mergedRun_mergedAlgo",0.664116580990824
"108",36,"ocean_temp",11.0446062069738,"Semibalanus.balanoides_EMmeanByTSS_mergedData_mergedRun_mergedAlgo",0.658301611495688
"109",37,"ocean_temp",11.0763887390448,"Semibalanus.balanoides_EMmeanByROC_mergedData_mergedRun_mergedAlgo",0.664667233249175
"110",37,"ocean_temp",11.0763887390448,"Semibalanus.balanoides_EMciSupByTSS_mergedData_mergedRun_mergedAlgo",0.922041618931538
"111",37,"ocean_temp",11.0763887390448,"Semibalanus.balanoides_EMmeanByTSS_mergedData_mergedRun_mergedAlgo",0.658656593553771
"112",38,"ocean_temp",11.1081712711158,"Semibalanus.balanoides_EMmeanByROC_mergedData_mergedRun_mergedAlgo",0.672128735648435
"113",38,"ocean_temp",11.1081712711158,"Semibalanus.balanoides_EMmeanByTSS_mergedData_mergedRun_mergedAlgo",0.666911933344358
"114",38,"ocean_temp",11.1081712711158,"Semibalanus.balanoides_EMciSupByTSS_mergedData_mergedRun_mergedAlgo",0.923867112775134
"115",39,"ocean_temp",11.1399538031868,"Semibalanus.balanoides_EMmeanByROC_mergedData_mergedRun_mergedAlgo",0.678783352049943
"116",39,"ocean_temp",11.1399538031868,"Semibalanus.balanoides_EMciSupByTSS_mergedData_mergedRun_mergedAlgo",0.924287307247826
"117",39,"ocean_temp",11.1399538031868,"Semibalanus.balanoides_EMmeanByTSS_mergedData_mergedRun_mergedAlgo",0.674247352806783
"118",40,"ocean_temp",11.1717363352577,"Semibalanus.balanoides_EMciSupByTSS_mergedData_mergedRun_mergedAlgo",0.924934423292223
"119",40,"ocean_temp",11.1717363352577,"Semibalanus.balanoides_EMmeanByTSS_mergedData_mergedRun_mergedAlgo",0.680137155275677
"120",40,"ocean_temp",11.1717363352577,"Semibalanus.balanoides_EMmeanByROC_mergedData_mergedRun_mergedAlgo",0.684171105223862
"121",41,"ocean_temp",11.2035188673287,"Semibalanus.balanoides_EMmeanByTSS_mergedData_mergedRun_mergedAlgo",0.679152653714551
"122",41,"ocean_temp",11.2035188673287,"Semibalanus.balanoides_EMmeanByROC_mergedData_mergedRun_mergedAlgo",0.683541901545189
"123",41,"ocean_temp",11.2035188673287,"Semibalanus.balanoides_EMciSupByTSS_mergedData_mergedRun_mergedAlgo",0.925193441359866
"124",42,"ocean_temp",11.2353013993997,"Semibalanus.balanoides_EMmeanByROC_mergedData_mergedRun_mergedAlgo",0.681395780701744
"125",42,"ocean_temp",11.2353013993997,"Semibalanus.balanoides_EMciSupByTSS_mergedData_mergedRun_mergedAlgo",0.925900155641625
"126",42,"ocean_temp",11.2353013993997,"Semibalanus.balanoides_EMmeanByTSS_mergedData_mergedRun_mergedAlgo",0.67643674181688
"127",43,"ocean_temp",11.2670839314707,"Semibalanus.balanoides_EMciSupByTSS_mergedData_mergedRun_mergedAlgo",0.926319729675532
"128",43,"ocean_temp",11.2670839314707,"Semibalanus.balanoides_EMmeanByROC_mergedData_mergedRun_mergedAlgo",0.682232665412133
"129",43,"ocean_temp",11.2670839314707,"Semibalanus.balanoides_EMmeanByTSS_mergedData_mergedRun_mergedAlgo",0.677132179405688
"130",44,"ocean_temp",11.2988664635416,"Semibalanus.balanoides_EMmeanByROC_mergedData_mergedRun_mergedAlgo",0.683302736157222
"131",44,"ocean_temp",11.2988664635416,"Semibalanus.balanoides_EMciSupByTSS_mergedData_mergedRun_mergedAlgo",0.926708718460111
"132",44,"ocean_temp",11.2988664635416,"Semibalanus.balanoides_EMmeanByTSS_mergedData_mergedRun_mergedAlgo",0.678096306418644
"133",45,"ocean_temp",11.3306489956126,"Semibalanus.balanoides_EMmeanByROC_mergedData_mergedRun_mergedAlgo",0.684855680922918
"134",45,"ocean_temp",11.3306489956126,"Semibalanus.balanoides_EMmeanByTSS_mergedData_mergedRun_mergedAlgo",0.679614471193997
"135",45,"ocean_temp",11.3306489956126,"Semibalanus.balanoides_EMciSupByTSS_mergedData_mergedRun_mergedAlgo",0.927293691356993
"136",46,"ocean_temp",11.3624315276836,"Semibalanus.balanoides_EMmeanByROC_mergedData_mergedRun_mergedAlgo",0.68489181996111
"137",46,"ocean_temp",11.3624315276836,"Semibalanus.balanoides_EMciSupByTSS_mergedData_mergedRun_mergedAlgo",0.927566750077674
"138",46,"ocean_temp",11.3624315276836,"Semibalanus.balanoides_EMmeanByTSS_mergedData_mergedRun_mergedAlgo",0.679401315917062
"139",47,"ocean_temp",11.3942140597546,"Semibalanus.balanoides_EMciSupByTSS_mergedData_mergedRun_mergedAlgo",0.928247867259129
"140",47,"ocean_temp",11.3942140597546,"Semibalanus.balanoides_EMmeanByTSS_mergedData_mergedRun_mergedAlgo",0.678313490656605
"141",47,"ocean_temp",11.3942140597546,"Semibalanus.balanoides_EMmeanByROC_mergedData_mergedRun_mergedAlgo",0.684160730565012
"142",48,"ocean_temp",11.4259965918255,"Semibalanus.balanoides_EMmeanByROC_mergedData_mergedRun_mergedAlgo",0.685162746861775
"143",48,"ocean_temp",11.4259965918255,"Semibalanus.balanoides_EMciSupByTSS_mergedData_mergedRun_mergedAlgo",0.928936080532982
"144",48,"ocean_temp",11.4259965918255,"Semibalanus.balanoides_EMmeanByTSS_mergedData_mergedRun_mergedAlgo",0.679208510278181
"145",49,"ocean_temp",11.4577791238965,"Semibalanus.balanoides_EMmeanByROC_mergedData_mergedRun_mergedAlgo",0.687647584626201
"146",49,"ocean_temp",11.4577791238965,"Semibalanus.balanoides_EMciSupByTSS_mergedData_mergedRun_mergedAlgo",0.929211539165466
"147",49,"ocean_temp",11.4577791238965,"Semibalanus.balanoides_EMmeanByTSS_mergedData_mergedRun_mergedAlgo",0.681800325664087
"148",50,"ocean_temp",11.4895616559675,"Semibalanus.balanoides_EMmeanByROC_mergedData_mergedRun_mergedAlgo",0.688115341108785
"149",50,"ocean_temp",11.4895616559675,"Semibalanus.balanoides_EMciSupByTSS_mergedData_mergedRun_mergedAlgo",0.929702203767508
"150",50,"ocean_temp",11.4895616559675,"Semibalanus.balanoides_EMmeanByTSS_mergedData_mergedRun_mergedAlgo",0.682089037812114
"151",51,"ocean_temp",11.5213441880385,"Semibalanus.balanoides_EMmeanByROC_mergedData_mergedRun_mergedAlgo",0.686566119890226
"152",51,"ocean_temp",11.5213441880385,"Semibalanus.balanoides_EMciSupByTSS_mergedData_mergedRun_mergedAlgo",0.930152355173964
"153",51,"ocean_temp",11.5213441880385,"Semibalanus.balanoides_EMmeanByTSS_mergedData_mergedRun_mergedAlgo",0.680074754815367
"154",52,"ocean_temp",11.5531267201094,"Semibalanus.balanoides_EMmeanByROC_mergedData_mergedRun_mergedAlgo",0.677749530749651
"155",52,"ocean_temp",11.5531267201094,"Semibalanus.balanoides_EMciSupByTSS_mergedData_mergedRun_mergedAlgo",0.929695164572608
"156",52,"ocean_temp",11.5531267201094,"Semibalanus.balanoides_EMmeanByTSS_mergedData_mergedRun_mergedAlgo",0.669757020291596
"157",53,"ocean_temp",11.5849092521804,"Semibalanus.balanoides_EMmeanByROC_mergedData_mergedRun_mergedAlgo",0.682415939559362
"158",53,"ocean_temp",11.5849092521804,"Semibalanus.balanoides_EMciSupByTSS_mergedData_mergedRun_mergedAlgo",0.930184568213281
"159",53,"ocean_temp",11.5849092521804,"Semibalanus.balanoides_EMmeanByTSS_mergedData_mergedRun_mergedAlgo",0.674850527553908
"160",54,"ocean_temp",11.6166917842514,"Semibalanus.balanoides_EMmeanByTSS_mergedData_mergedRun_mergedAlgo",0.677640833803523
"161",54,"ocean_temp",11.6166917842514,"Semibalanus.balanoides_EMmeanByROC_mergedData_mergedRun_mergedAlgo",0.685065218198594
"162",54,"ocean_temp",11.6166917842514,"Semibalanus.balanoides_EMciSupByTSS_mergedData_mergedRun_mergedAlgo",0.930176385620596
"163",55,"ocean_temp",11.6484743163224,"Semibalanus.balanoides_EMmeanByROC_mergedData_mergedRun_mergedAlgo",0.682197244490202
"164",55,"ocean_temp",11.6484743163224,"Semibalanus.balanoides_EMciSupByTSS_mergedData_mergedRun_mergedAlgo",0.930037056532875
"165",55,"ocean_temp",11.6484743163224,"Semibalanus.balanoides_EMmeanByTSS_mergedData_mergedRun_mergedAlgo",0.674127788635154
"166",56,"ocean_temp",11.6802568483933,"Semibalanus.balanoides_EMciSupByTSS_mergedData_mergedRun_mergedAlgo",0.930510708269645
"167",56,"ocean_temp",11.6802568483933,"Semibalanus.balanoides_EMmeanByROC_mergedData_mergedRun_mergedAlgo",0.681812277158221
"168",56,"ocean_temp",11.6802568483933,"Semibalanus.balanoides_EMmeanByTSS_mergedData_mergedRun_mergedAlgo",0.673454533994883
"169",57,"ocean_temp",11.7120393804643,"Semibalanus.balanoides_EMmeanByROC_mergedData_mergedRun_mergedAlgo",0.681659955809598
"170",57,"ocean_temp",11.7120393804643,"Semibalanus.balanoides_EMciSupByTSS_mergedData_mergedRun_mergedAlgo",0.930957301216682
"171",57,"ocean_temp",11.7120393804643,"Semibalanus.balanoides_EMmeanByTSS_mergedData_mergedRun_mergedAlgo",0.673049218449664
"172",58,"ocean_temp",11.7438219125353,"Semibalanus.balanoides_EMmeanByROC_mergedData_mergedRun_mergedAlgo",0.682990300938044
"173",58,"ocean_temp",11.7438219125353,"Semibalanus.balanoides_EMmeanByTSS_mergedData_mergedRun_mergedAlgo",0.67434042576853
"174",58,"ocean_temp",11.7438219125353,"Semibalanus.balanoides_EMciSupByTSS_mergedData_mergedRun_mergedAlgo",0.931513862685156
"175",59,"ocean_temp",11.7756044446063,"Semibalanus.balanoides_EMmeanByROC_mergedData_mergedRun_mergedAlgo",0.68255371394729
"176",59,"ocean_temp",11.7756044446063,"Semibalanus.balanoides_EMciSupByTSS_mergedData_mergedRun_mergedAlgo",0.931343348861324
"177",59,"ocean_temp",11.7756044446063,"Semibalanus.balanoides_EMmeanByTSS_mergedData_mergedRun_mergedAlgo",0.673614317813748
"178",60,"ocean_temp",11.8073869766772,"Semibalanus.balanoides_EMciSupByTSS_mergedData_mergedRun_mergedAlgo",0.93179380885038
"179",60,"ocean_temp",11.8073869766772,"Semibalanus.balanoides_EMmeanByTSS_mergedData_mergedRun_mergedAlgo",0.674870491744112
"180",60,"ocean_temp",11.8073869766772,"Semibalanus.balanoides_EMmeanByROC_mergedData_mergedRun_mergedAlgo",0.683849852201899
"181",61,"ocean_temp",11.8391695087482,"Semibalanus.balanoides_EMmeanByTSS_mergedData_mergedRun_mergedAlgo",0.675251980100305
"182",61,"ocean_temp",11.8391695087482,"Semibalanus.balanoides_EMmeanByROC_mergedData_mergedRun_mergedAlgo",0.684378879094611
"183",61,"ocean_temp",11.8391695087482,"Semibalanus.balanoides_EMciSupByTSS_mergedData_mergedRun_mergedAlgo",0.932309420847434
"184",62,"ocean_temp",11.8709520408192,"Semibalanus.balanoides_EMmeanByROC_mergedData_mergedRun_mergedAlgo",0.680390589140055
"185",62,"ocean_temp",11.8709520408192,"Semibalanus.balanoides_EMciSupByTSS_mergedData_mergedRun_mergedAlgo",0.932673102854161
"186",62,"ocean_temp",11.8709520408192,"Semibalanus.balanoides_EMmeanByTSS_mergedData_mergedRun_mergedAlgo",0.67047282234293
"187",63,"ocean_temp",11.9027345728902,"Semibalanus.balanoides_EMciSupByTSS_mergedData_mergedRun_mergedAlgo",0.933218738602403
"188",63,"ocean_temp",11.9027345728902,"Semibalanus.balanoides_EMmeanByROC_mergedData_mergedRun_mergedAlgo",0.681135283086556
"189",63,"ocean_temp",11.9027345728902,"Semibalanus.balanoides_EMmeanByTSS_mergedData_mergedRun_mergedAlgo",0.671104779272405
"190",64,"ocean_temp",11.9345171049611,"Semibalanus.balanoides_EMmeanByROC_mergedData_mergedRun_mergedAlgo",0.686113018049495
"191",64,"ocean_temp",11.9345171049611,"Semibalanus.balanoides_EMciSupByTSS_mergedData_mergedRun_mergedAlgo",0.933862310482528
"192",64,"ocean_temp",11.9345171049611,"Semibalanus.balanoides_EMmeanByTSS_mergedData_mergedRun_mergedAlgo",0.676576476043801
"193",65,"ocean_temp",11.9662996370321,"Semibalanus.balanoides_EMmeanByROC_mergedData_mergedRun_mergedAlgo",0.686323607666195
"194",65,"ocean_temp",11.9662996370321,"Semibalanus.balanoides_EMmeanByTSS_mergedData_mergedRun_mergedAlgo",0.676601973776061
"195",65,"ocean_temp",11.9662996370321,"Semibalanus.balanoides_EMciSupByTSS_mergedData_mergedRun_mergedAlgo",0.93437414748045
"196",66,"ocean_temp",11.9980821691031,"Semibalanus.balanoides_EMmeanByROC_mergedData_mergedRun_mergedAlgo",0.686267122268455
"197",66,"ocean_temp",11.9980821691031,"Semibalanus.balanoides_EMciSupByTSS_mergedData_mergedRun_mergedAlgo",0.934948653371498
"198",66,"ocean_temp",11.9980821691031,"Semibalanus.balanoides_EMmeanByTSS_mergedData_mergedRun_mergedAlgo",0.67632419832608
"199",67,"ocean_temp",12.0298647011741,"Semibalanus.balanoides_EMciSupByTSS_mergedData_mergedRun_mergedAlgo",0.939483460003851
"200",67,"ocean_temp",12.0298647011741,"Semibalanus.balanoides_EMmeanByTSS_mergedData_mergedRun_mergedAlgo",0.646314654798859
"201",67,"ocean_temp",12.0298647011741,"Semibalanus.balanoides_EMmeanByROC_mergedData_mergedRun_mergedAlgo",0.660193639075092
"202",68,"ocean_temp",12.061647233245,"Semibalanus.balanoides_EMmeanByROC_mergedData_mergedRun_mergedAlgo",0.656353242400801
"203",68,"ocean_temp",12.061647233245,"Semibalanus.balanoides_EMciSupByTSS_mergedData_mergedRun_mergedAlgo",0.941324363234024
"204",68,"ocean_temp",12.061647233245,"Semibalanus.balanoides_EMmeanByTSS_mergedData_mergedRun_mergedAlgo",0.641716284933739
"205",69,"ocean_temp",12.093429765316,"Semibalanus.balanoides_EMmeanByROC_mergedData_mergedRun_mergedAlgo",0.650996023883617
"206",69,"ocean_temp",12.093429765316,"Semibalanus.balanoides_EMciSupByTSS_mergedData_mergedRun_mergedAlgo",0.943237553496968
"207",69,"ocean_temp",12.093429765316,"Semibalanus.balanoides_EMmeanByTSS_mergedData_mergedRun_mergedAlgo",0.635386324510631
"208",70,"ocean_temp",12.125212297387,"Semibalanus.balanoides_EMmeanByROC_mergedData_mergedRun_mergedAlgo",0.6511220827251
"209",70,"ocean_temp",12.125212297387,"Semibalanus.balanoides_EMciSupByTSS_mergedData_mergedRun_mergedAlgo",0.94373465798438
"210",70,"ocean_temp",12.125212297387,"Semibalanus.balanoides_EMmeanByTSS_mergedData_mergedRun_mergedAlgo",0.635324875059459
"211",71,"ocean_temp",12.156994829458,"Semibalanus.balanoides_EMmeanByROC_mergedData_mergedRun_mergedAlgo",0.651731400948376
"212",71,"ocean_temp",12.156994829458,"Semibalanus.balanoides_EMciSupByTSS_mergedData_mergedRun_mergedAlgo",0.944299366482883
"213",71,"ocean_temp",12.156994829458,"Semibalanus.balanoides_EMmeanByTSS_mergedData_mergedRun_mergedAlgo",0.635817618442296
"214",72,"ocean_temp",12.1887773615289,"Semibalanus.balanoides_EMmeanByROC_mergedData_mergedRun_mergedAlgo",0.652823968665202
"215",72,"ocean_temp",12.1887773615289,"Semibalanus.balanoides_EMciSupByTSS_mergedData_mergedRun_mergedAlgo",0.944636976657051
"216",72,"ocean_temp",12.1887773615289,"Semibalanus.balanoides_EMmeanByTSS_mergedData_mergedRun_mergedAlgo",0.636864531450638
"217",73,"ocean_temp",12.2205598935999,"Semibalanus.balanoides_EMmeanByROC_mergedData_mergedRun_mergedAlgo",0.653150159356907
"218",73,"ocean_temp",12.2205598935999,"Semibalanus.balanoides_EMciSupByTSS_mergedData_mergedRun_mergedAlgo",0.94516845275415
"219",73,"ocean_temp",12.2205598935999,"Semibalanus.balanoides_EMmeanByTSS_mergedData_mergedRun_mergedAlgo",0.637037457557513
"220",74,"ocean_temp",12.2523424256709,"Semibalanus.balanoides_EMmeanByTSS_mergedData_mergedRun_mergedAlgo",0.640050535825027
"221",74,"ocean_temp",12.2523424256709,"Semibalanus.balanoides_EMmeanByROC_mergedData_mergedRun_mergedAlgo",0.6559598551646
"222",74,"ocean_temp",12.2523424256709,"Semibalanus.balanoides_EMciSupByTSS_mergedData_mergedRun_mergedAlgo",0.945476917171697
"223",75,"ocean_temp",12.2841249577419,"Semibalanus.balanoides_EMmeanByROC_mergedData_mergedRun_mergedAlgo",0.663503197185535
"224",75,"ocean_temp",12.2841249577419,"Semibalanus.balanoides_EMciSupByTSS_mergedData_mergedRun_mergedAlgo",0.943384786072278
"225",75,"ocean_temp",12.2841249577419,"Semibalanus.balanoides_EMmeanByTSS_mergedData_mergedRun_mergedAlgo",0.648475344104722
"226",76,"ocean_temp",12.3159074898128,"Semibalanus.balanoides_EMciSupByTSS_mergedData_mergedRun_mergedAlgo",0.944138716020511
"227",76,"ocean_temp",12.3159074898128,"Semibalanus.balanoides_EMmeanByROC_mergedData_mergedRun_mergedAlgo",0.663530335778202
"228",76,"ocean_temp",12.3159074898128,"Semibalanus.balanoides_EMmeanByTSS_mergedData_mergedRun_mergedAlgo",0.648312042245223
"229",77,"ocean_temp",12.3476900218838,"Semibalanus.balanoides_EMmeanByROC_mergedData_mergedRun_mergedAlgo",0.67154130586839
"230",77,"ocean_temp",12.3476900218838,"Semibalanus.balanoides_EMciSupByTSS_mergedData_mergedRun_mergedAlgo",0.943859929586903
"231",77,"ocean_temp",12.3476900218838,"Semibalanus.balanoides_EMmeanByTSS_mergedData_mergedRun_mergedAlgo",0.657274943876036
"232",78,"ocean_temp",12.3794725539548,"Semibalanus.balanoides_EMmeanByROC_mergedData_mergedRun_mergedAlgo",0.690536527259504
"233",78,"ocean_temp",12.3794725539548,"Semibalanus.balanoides_EMmeanByTSS_mergedData_mergedRun_mergedAlgo",0.678793088193337
"234",78,"ocean_temp",12.3794725539548,"Semibalanus.balanoides_EMciSupByTSS_mergedData_mergedRun_mergedAlgo",0.943935896517844
"235",79,"ocean_temp",12.4112550860258,"Semibalanus.balanoides_EMmeanByROC_mergedData_mergedRun_mergedAlgo",0.703765804940149
"236",79,"ocean_temp",12.4112550860258,"Semibalanus.balanoides_EMciSupByTSS_mergedData_mergedRun_mergedAlgo",0.947040934972391
"237",79,"ocean_temp",12.4112550860258,"Semibalanus.balanoides_EMmeanByTSS_mergedData_mergedRun_mergedAlgo",0.693723383172404
"238",80,"ocean_temp",12.4430376180967,"Semibalanus.balanoides_EMciSupByTSS_mergedData_mergedRun_mergedAlgo",0.948321962277012
"239",80,"ocean_temp",12.4430376180967,"Semibalanus.balanoides_EMmeanByTSS_mergedData_mergedRun_mergedAlgo",0.707494891635307
"240",80,"ocean_temp",12.4430376180967,"Semibalanus.balanoides_EMmeanByROC_mergedData_mergedRun_mergedAlgo",0.715979579391095
"241",81,"ocean_temp",12.4748201501677,"Semibalanus.balanoides_EMmeanByTSS_mergedData_mergedRun_mergedAlgo",0.715536117310867
"242",81,"ocean_temp",12.4748201501677,"Semibalanus.balanoides_EMmeanByROC_mergedData_mergedRun_mergedAlgo",0.723177801883814
"243",81,"ocean_temp",12.4748201501677,"Semibalanus.balanoides_EMciSupByTSS_mergedData_mergedRun_mergedAlgo",0.950099447487009
"244",82,"ocean_temp",12.5066026822387,"Semibalanus.balanoides_EMmeanByROC_mergedData_mergedRun_mergedAlgo",0.725110684773678
"245",82,"ocean_temp",12.5066026822387,"Semibalanus.balanoides_EMciSupByTSS_mergedData_mergedRun_mergedAlgo",0.951088862787526
"246",82,"ocean_temp",12.5066026822387,"Semibalanus.balanoides_EMmeanByTSS_mergedData_mergedRun_mergedAlgo",0.717561576599995
"247",83,"ocean_temp",12.5383852143097,"Semibalanus.balanoides_EMciSupByTSS_mergedData_mergedRun_mergedAlgo",0.951809756451796
"248",83,"ocean_temp",12.5383852143097,"Semibalanus.balanoides_EMmeanByROC_mergedData_mergedRun_mergedAlgo",0.725278576779514
"249",83,"ocean_temp",12.5383852143097,"Semibalanus.balanoides_EMmeanByTSS_mergedData_mergedRun_mergedAlgo",0.717571656042525
"250",84,"ocean_temp",12.5701677463806,"Semibalanus.balanoides_EMmeanByROC_mergedData_mergedRun_mergedAlgo",0.731931588251635
"251",84,"ocean_temp",12.5701677463806,"Semibalanus.balanoides_EMciSupByTSS_mergedData_mergedRun_mergedAlgo",0.954266750353219
"252",84,"ocean_temp",12.5701677463806,"Semibalanus.balanoides_EMmeanByTSS_mergedData_mergedRun_mergedAlgo",0.724995041196672
"253",85,"ocean_temp",12.6019502784516,"Semibalanus.balanoides_EMmeanByROC_mergedData_mergedRun_mergedAlgo",0.734463216421197
"254",85,"ocean_temp",12.6019502784516,"Semibalanus.balanoides_EMmeanByTSS_mergedData_mergedRun_mergedAlgo",0.727710002641876
"255",85,"ocean_temp",12.6019502784516,"Semibalanus.balanoides_EMciSupByTSS_mergedData_mergedRun_mergedAlgo",0.955827892036859
"256",86,"ocean_temp",12.6337328105226,"Semibalanus.balanoides_EMmeanByROC_mergedData_mergedRun_mergedAlgo",0.733727720630816
"257",86,"ocean_temp",12.6337328105226,"Semibalanus.balanoides_EMciSupByTSS_mergedData_mergedRun_mergedAlgo",0.95554240153459
"258",86,"ocean_temp",12.6337328105226,"Semibalanus.balanoides_EMmeanByTSS_mergedData_mergedRun_mergedAlgo",0.726692824816412
"259",87,"ocean_temp",12.6655153425936,"Semibalanus.balanoides_EMciSupByTSS_mergedData_mergedRun_mergedAlgo",0.947794868459615
"260",87,"ocean_temp",12.6655153425936,"Semibalanus.balanoides_EMmeanByTSS_mergedData_mergedRun_mergedAlgo",0.699374234827941
"261",87,"ocean_temp",12.6655153425936,"Semibalanus.balanoides_EMmeanByROC_mergedData_mergedRun_mergedAlgo",0.709976997541272
"262",88,"ocean_temp",12.6972978746645,"Semibalanus.balanoides_EMmeanByROC_mergedData_mergedRun_mergedAlgo",0.709211706313215
"263",88,"ocean_temp",12.6972978746645,"Semibalanus.balanoides_EMciSupByTSS_mergedData_mergedRun_mergedAlgo",0.947377798078272
"264",88,"ocean_temp",12.6972978746645,"Semibalanus.balanoides_EMmeanByTSS_mergedData_mergedRun_mergedAlgo",0.698326402663083
"265",89,"ocean_temp",12.7290804067355,"Semibalanus.balanoides_EMmeanByROC_mergedData_mergedRun_mergedAlgo",0.708181893757711
"266",89,"ocean_temp",12.7290804067355,"Semibalanus.balanoides_EMciSupByTSS_mergedData_mergedRun_mergedAlgo",0.946880027795675
"267",89,"ocean_temp",12.7290804067355,"Semibalanus.balanoides_EMmeanByTSS_mergedData_mergedRun_mergedAlgo",0.696977941363265
"268",90,"ocean_temp",12.7608629388065,"Semibalanus.balanoides_EMmeanByROC_mergedData_mergedRun_mergedAlgo",0.707388244456415
"269",90,"ocean_temp",12.7608629388065,"Semibalanus.balanoides_EMciSupByTSS_mergedData_mergedRun_mergedAlgo",0.946482421656031
"270",90,"ocean_temp",12.7608629388065,"Semibalanus.balanoides_EMmeanByTSS_mergedData_mergedRun_mergedAlgo",0.695901050020437
"271",91,"ocean_temp",12.7926454708775,"Semibalanus.balanoides_EMmeanByROC_mergedData_mergedRun_mergedAlgo",0.709580955844479
"272",91,"ocean_temp",12.7926454708775,"Semibalanus.balanoides_EMciSupByTSS_mergedData_mergedRun_mergedAlgo",0.946690240458905
"273",91,"ocean_temp",12.7926454708775,"Semibalanus.balanoides_EMmeanByTSS_mergedData_mergedRun_mergedAlgo",0.698238799589035
"274",92,"ocean_temp",12.8244280029484,"Semibalanus.balanoides_EMmeanByROC_mergedData_mergedRun_mergedAlgo",0.709760613254637
"275",92,"ocean_temp",12.8244280029484,"Semibalanus.balanoides_EMciSupByTSS_mergedData_mergedRun_mergedAlgo",0.946508848727431
"276",92,"ocean_temp",12.8244280029484,"Semibalanus.balanoides_EMmeanByTSS_mergedData_mergedRun_mergedAlgo",0.698277561510631
"277",93,"ocean_temp",12.8562105350194,"Semibalanus.balanoides_EMmeanByROC_mergedData_mergedRun_mergedAlgo",0.71492743992091
"278",93,"ocean_temp",12.8562105350194,"Semibalanus.balanoides_EMciSupByTSS_mergedData_mergedRun_mergedAlgo",0.948409450475865
"279",93,"ocean_temp",12.8562105350194,"Semibalanus.balanoides_EMmeanByTSS_mergedData_mergedRun_mergedAlgo",0.704017579147773
"280",94,"ocean_temp",12.8879930670904,"Semibalanus.balanoides_EMmeanByTSS_mergedData_mergedRun_mergedAlgo",0.702888110594947
"281",94,"ocean_temp",12.8879930670904,"Semibalanus.balanoides_EMmeanByROC_mergedData_mergedRun_mergedAlgo",0.714082046934942
"282",94,"ocean_temp",12.8879930670904,"Semibalanus.balanoides_EMciSupByTSS_mergedData_mergedRun_mergedAlgo",0.948128737981835
"283",95,"ocean_temp",12.9197755991614,"Semibalanus.balanoides_EMmeanByROC_mergedData_mergedRun_mergedAlgo",0.711930183158134
"284",95,"ocean_temp",12.9197755991614,"Semibalanus.balanoides_EMciSupByTSS_mergedData_mergedRun_mergedAlgo",0.946767935325267
"285",95,"ocean_temp",12.9197755991614,"Semibalanus.balanoides_EMmeanByTSS_mergedData_mergedRun_mergedAlgo",0.700267142864093
"286",96,"ocean_temp",12.9515581312323,"Semibalanus.balanoides_EMciSupByTSS_mergedData_mergedRun_mergedAlgo",0.93605949835132
"287",96,"ocean_temp",12.9515581312323,"Semibalanus.balanoides_EMmeanByROC_mergedData_mergedRun_mergedAlgo",0.69802486007926
"288",96,"ocean_temp",12.9515581312323,"Semibalanus.balanoides_EMmeanByTSS_mergedData_mergedRun_mergedAlgo",0.684215248868479
"289",97,"ocean_temp",12.9833406633033,"Semibalanus.balanoides_EMmeanByROC_mergedData_mergedRun_mergedAlgo",0.688128101622586
"290",97,"ocean_temp",12.9833406633033,"Semibalanus.balanoides_EMciSupByTSS_mergedData_mergedRun_mergedAlgo",0.928841814478874
"291",97,"ocean_temp",12.9833406633033,"Semibalanus.balanoides_EMmeanByTSS_mergedData_mergedRun_mergedAlgo",0.67274615863326
"292",98,"ocean_temp",13.0151231953743,"Semibalanus.balanoides_EMmeanByROC_mergedData_mergedRun_mergedAlgo",0.678603443900211
"293",98,"ocean_temp",13.0151231953743,"Semibalanus.balanoides_EMmeanByTSS_mergedData_mergedRun_mergedAlgo",0.661703901870979
"294",98,"ocean_temp",13.0151231953743,"Semibalanus.balanoides_EMciSupByTSS_mergedData_mergedRun_mergedAlgo",0.92409915708949
"295",99,"ocean_temp",13.0469057274453,"Semibalanus.balanoides_EMmeanByROC_mergedData_mergedRun_mergedAlgo",0.669710309905621
"296",99,"ocean_temp",13.0469057274453,"Semibalanus.balanoides_EMciSupByTSS_mergedData_mergedRun_mergedAlgo",0.921482141607145
"297",99,"ocean_temp",13.0469057274453,"Semibalanus.balanoides_EMmeanByTSS_mergedData_mergedRun_mergedAlgo",0.65138495049132
"298",100,"ocean_temp",13.0786882595162,"Semibalanus.balanoides_EMciSupByTSS_mergedData_mergedRun_mergedAlgo",0.920482384559255
"299",100,"ocean_temp",13.0786882595162,"Semibalanus.balanoides_EMmeanByTSS_mergedData_mergedRun_mergedAlgo",0.641967646758949
"300",100,"ocean_temp",13.0786882595162,"Semibalanus.balanoides_EMmeanByROC_mergedData_mergedRun_mergedAlgo",0.661604759150541
"301",1,"ph",8.0339820703975,"Semibalanus.balanoides_EMmeanByTSS_mergedData_mergedRun_mergedAlgo",0.667602936678441
"302",1,"ph",8.0339820703975,"Semibalanus.balanoides_EMmeanByROC_mergedData_mergedRun_mergedAlgo",0.662579281473
"303",1,"ph",8.0339820703975,"Semibalanus.balanoides_EMciSupByTSS_mergedData_mergedRun_mergedAlgo",0.926553084308744
"304",2,"ph",8.03474502455131,"Semibalanus.balanoides_EMmeanByROC_mergedData_mergedRun_mergedAlgo",0.663695575732266
"305",2,"ph",8.03474502455131,"Semibalanus.balanoides_EMciSupByTSS_mergedData_mergedRun_mergedAlgo",0.926470297523602
"306",2,"ph",8.03474502455131,"Semibalanus.balanoides_EMmeanByTSS_mergedData_mergedRun_mergedAlgo",0.668338892262481
"307",3,"ph",8.03550797870513,"Semibalanus.balanoides_EMciSupByTSS_mergedData_mergedRun_mergedAlgo",0.926417685099546
"308",3,"ph",8.03550797870513,"Semibalanus.balanoides_EMmeanByROC_mergedData_mergedRun_mergedAlgo",0.664773327834546
"309",3,"ph",8.03550797870513,"Semibalanus.balanoides_EMmeanByTSS_mergedData_mergedRun_mergedAlgo",0.6690581800728
"310",4,"ph",8.03627093285894,"Semibalanus.balanoides_EMmeanByROC_mergedData_mergedRun_mergedAlgo",0.665811856440374
"311",4,"ph",8.03627093285894,"Semibalanus.balanoides_EMciSupByTSS_mergedData_mergedRun_mergedAlgo",0.926395818906141
"312",4,"ph",8.03627093285894,"Semibalanus.balanoides_EMmeanByTSS_mergedData_mergedRun_mergedAlgo",0.669759759977075
"313",5,"ph",8.03703388701275,"Semibalanus.balanoides_EMmeanByROC_mergedData_mergedRun_mergedAlgo",0.666810859764819
"314",5,"ph",8.03703388701275,"Semibalanus.balanoides_EMmeanByTSS_mergedData_mergedRun_mergedAlgo",0.670443026791989
"315",5,"ph",8.03703388701275,"Semibalanus.balanoides_EMciSupByTSS_mergedData_mergedRun_mergedAlgo",0.926405438109408
"316",6,"ph",8.03779684116657,"Semibalanus.balanoides_EMmeanByROC_mergedData_mergedRun_mergedAlgo",0.667769414026119
"317",6,"ph",8.03779684116657,"Semibalanus.balanoides_EMciSupByTSS_mergedData_mergedRun_mergedAlgo",0.926446755582486
"318",6,"ph",8.03779684116657,"Semibalanus.balanoides_EMmeanByTSS_mergedData_mergedRun_mergedAlgo",0.671106667653527
"319",7,"ph",8.03855979532038,"Semibalanus.balanoides_EMciSupByTSS_mergedData_mergedRun_mergedAlgo",0.926520230569449
"320",7,"ph",8.03855979532038,"Semibalanus.balanoides_EMmeanByTSS_mergedData_mergedRun_mergedAlgo",0.671749947978819
"321",7,"ph",8.03855979532038,"Semibalanus.balanoides_EMmeanByROC_mergedData_mergedRun_mergedAlgo",0.668687097057046
"322",8,"ph",8.0393227494742,"Semibalanus.balanoides_EMmeanByROC_mergedData_mergedRun_mergedAlgo",0.669563237066109
"323",8,"ph",8.0393227494742,"Semibalanus.balanoides_EMciSupByTSS_mergedData_mergedRun_mergedAlgo",0.926626033516687
"324",8,"ph",8.0393227494742,"Semibalanus.balanoides_EMmeanByTSS_mergedData_mergedRun_mergedAlgo",0.672371854591551
"325",9,"ph",8.04008570362801,"Semibalanus.balanoides_EMmeanByROC_mergedData_mergedRun_mergedAlgo",0.670396911541729
"326",9,"ph",8.04008570362801,"Semibalanus.balanoides_EMciSupByTSS_mergedData_mergedRun_mergedAlgo",0.926763996755069
"327",9,"ph",8.04008570362801,"Semibalanus.balanoides_EMmeanByTSS_mergedData_mergedRun_mergedAlgo",0.672971096010291
"328",10,"ph",8.04084865778182,"Semibalanus.balanoides_EMmeanByROC_mergedData_mergedRun_mergedAlgo",0.671187571300122
"329",10,"ph",8.04084865778182,"Semibalanus.balanoides_EMciSupByTSS_mergedData_mergedRun_mergedAlgo",0.926934125609747
"330",10,"ph",8.04084865778182,"Semibalanus.balanoides_EMmeanByTSS_mergedData_mergedRun_mergedAlgo",0.67354681704483
"331",11,"ph",8.04161161193564,"Semibalanus.balanoides_EMmeanByROC_mergedData_mergedRun_mergedAlgo",0.672184414661473
"332",11,"ph",8.04161161193564,"Semibalanus.balanoides_EMciSupByTSS_mergedData_mergedRun_mergedAlgo",0.927232344153096
"333",11,"ph",8.04161161193564,"Semibalanus.balanoides_EMmeanByTSS_mergedData_mergedRun_mergedAlgo",0.674383599124228
"334",12,"ph",8.04237456608945,"Semibalanus.balanoides_EMmeanByROC_mergedData_mergedRun_mergedAlgo",0.672886636752789
"335",12,"ph",8.04237456608945,"Semibalanus.balanoides_EMciSupByTSS_mergedData_mergedRun_mergedAlgo",0.927464881609296
"336",12,"ph",8.04237456608945,"Semibalanus.balanoides_EMmeanByTSS_mergedData_mergedRun_mergedAlgo",0.674908889220978
"337",13,"ph",8.04313752024327,"Semibalanus.balanoides_EMmeanByROC_mergedData_mergedRun_mergedAlgo",0.673543428930011
"338",13,"ph",8.04313752024327,"Semibalanus.balanoides_EMciSupByTSS_mergedData_mergedRun_mergedAlgo",0.927728168024081
"339",13,"ph",8.04313752024327,"Semibalanus.balanoides_EMmeanByTSS_mergedData_mergedRun_mergedAlgo",0.675407285935667
"340",14,"ph",8.04390047439708,"Semibalanus.balanoides_EMmeanByTSS_mergedData_mergedRun_mergedAlgo",0.675877682746675
"341",14,"ph",8.04390047439708,"Semibalanus.balanoides_EMmeanByROC_mergedData_mergedRun_mergedAlgo",0.674153978318266
"342",14,"ph",8.04390047439708,"Semibalanus.balanoides_EMciSupByTSS_mergedData_mergedRun_mergedAlgo",0.9280213978908
"343",15,"ph",8.0446634285509,"Semibalanus.balanoides_EMmeanByROC_mergedData_mergedRun_mergedAlgo",0.674717217451037
"344",15,"ph",8.0446634285509,"Semibalanus.balanoides_EMciSupByTSS_mergedData_mergedRun_mergedAlgo",0.928343335523692
"345",15,"ph",8.0446634285509,"Semibalanus.balanoides_EMmeanByTSS_mergedData_mergedRun_mergedAlgo",0.676318696993281
"346",16,"ph",8.04542638270471,"Semibalanus.balanoides_EMciSupByTSS_mergedData_mergedRun_mergedAlgo",0.928692969215603
"347",16,"ph",8.04542638270471,"Semibalanus.balanoides_EMmeanByROC_mergedData_mergedRun_mergedAlgo",0.675232449021225
"348",16,"ph",8.04542638270471,"Semibalanus.balanoides_EMmeanByTSS_mergedData_mergedRun_mergedAlgo",0.676729384594951
"349",17,"ph",8.04618933685852,"Semibalanus.balanoides_EMmeanByROC_mergedData_mergedRun_mergedAlgo",0.676698720724938
"350",17,"ph",8.04618933685852,"Semibalanus.balanoides_EMciSupByTSS_mergedData_mergedRun_mergedAlgo",0.929597188047092
"351",17,"ph",8.04618933685852,"Semibalanus.balanoides_EMmeanByTSS_mergedData_mergedRun_mergedAlgo",0.678251383360297
"352",18,"ph",8.04695229101234,"Semibalanus.balanoides_EMmeanByROC_mergedData_mergedRun_mergedAlgo",0.681615075199293
"353",18,"ph",8.04695229101234,"Semibalanus.balanoides_EMmeanByTSS_mergedData_mergedRun_mergedAlgo",0.68374062774663
"354",18,"ph",8.04695229101234,"Semibalanus.balanoides_EMciSupByTSS_mergedData_mergedRun_mergedAlgo",0.932167427178652
"355",19,"ph",8.04771524516615,"Semibalanus.balanoides_EMmeanByROC_mergedData_mergedRun_mergedAlgo",0.681480425053395
"356",19,"ph",8.04771524516615,"Semibalanus.balanoides_EMciSupByTSS_mergedData_mergedRun_mergedAlgo",0.932245536424835
"357",19,"ph",8.04771524516615,"Semibalanus.balanoides_EMmeanByTSS_mergedData_mergedRun_mergedAlgo",0.683481492209473
"358",20,"ph",8.04847819931997,"Semibalanus.balanoides_EMciSupByTSS_mergedData_mergedRun_mergedAlgo",0.934929850559807
"359",20,"ph",8.04847819931997,"Semibalanus.balanoides_EMmeanByTSS_mergedData_mergedRun_mergedAlgo",0.68927579171319
"360",20,"ph",8.04847819931997,"Semibalanus.balanoides_EMmeanByROC_mergedData_mergedRun_mergedAlgo",0.686621427977
"361",21,"ph",8.04924115347378,"Semibalanus.balanoides_EMmeanByTSS_mergedData_mergedRun_mergedAlgo",0.687966210833765
"362",21,"ph",8.04924115347378,"Semibalanus.balanoides_EMmeanByROC_mergedData_mergedRun_mergedAlgo",0.685525486939308
"363",21,"ph",8.04924115347378,"Semibalanus.balanoides_EMciSupByTSS_mergedData_mergedRun_mergedAlgo",0.933589275567945
"364",22,"ph",8.05000410762759,"Semibalanus.balanoides_EMmeanByROC_mergedData_mergedRun_mergedAlgo",0.684133875464226
"365",22,"ph",8.05000410762759,"Semibalanus.balanoides_EMciSupByTSS_mergedData_mergedRun_mergedAlgo",0.931931661560592
"366",22,"ph",8.05000410762759,"Semibalanus.balanoides_EMmeanByTSS_mergedData_mergedRun_mergedAlgo",0.686342732879033
"367",23,"ph",8.05076706178141,"Semibalanus.balanoides_EMciSupByTSS_mergedData_mergedRun_mergedAlgo",0.927985945043067
"368",23,"ph",8.05076706178141,"Semibalanus.balanoides_EMmeanByROC_mergedData_mergedRun_mergedAlgo",0.677946487982627
"369",23,"ph",8.05076706178141,"Semibalanus.balanoides_EMmeanByTSS_mergedData_mergedRun_mergedAlgo",0.679262354740088
"370",24,"ph",8.05153001593522,"Semibalanus.balanoides_EMmeanByROC_mergedData_mergedRun_mergedAlgo",0.670963465260576
"371",24,"ph",8.05153001593522,"Semibalanus.balanoides_EMciSupByTSS_mergedData_mergedRun_mergedAlgo",0.922726374910759
"372",24,"ph",8.05153001593522,"Semibalanus.balanoides_EMmeanByTSS_mergedData_mergedRun_mergedAlgo",0.671296658904544
"373",25,"ph",8.05229297008904,"Semibalanus.balanoides_EMmeanByROC_mergedData_mergedRun_mergedAlgo",0.67868494490135
"374",25,"ph",8.05229297008904,"Semibalanus.balanoides_EMmeanByTSS_mergedData_mergedRun_mergedAlgo",0.680160099769884
"375",25,"ph",8.05229297008904,"Semibalanus.balanoides_EMciSupByTSS_mergedData_mergedRun_mergedAlgo",0.9265281651262
"376",26,"ph",8.05305592424285,"Semibalanus.balanoides_EMmeanByROC_mergedData_mergedRun_mergedAlgo",0.677360811921862
"377",26,"ph",8.05305592424285,"Semibalanus.balanoides_EMciSupByTSS_mergedData_mergedRun_mergedAlgo",0.925076381035643
"378",26,"ph",8.05305592424285,"Semibalanus.balanoides_EMmeanByTSS_mergedData_mergedRun_mergedAlgo",0.678709718543991
"379",27,"ph",8.05381887839667,"Semibalanus.balanoides_EMciSupByTSS_mergedData_mergedRun_mergedAlgo",0.922292861931018
"380",27,"ph",8.05381887839667,"Semibalanus.balanoides_EMmeanByTSS_mergedData_mergedRun_mergedAlgo",0.675231286731411
"381",27,"ph",8.05381887839667,"Semibalanus.balanoides_EMmeanByROC_mergedData_mergedRun_mergedAlgo",0.674241074397507
"382",28,"ph",8.05458183255048,"Semibalanus.balanoides_EMmeanByROC_mergedData_mergedRun_mergedAlgo",0.669575989183506
"383",28,"ph",8.05458183255048,"Semibalanus.balanoides_EMciSupByTSS_mergedData_mergedRun_mergedAlgo",0.918664928217979
"384",28,"ph",8.05458183255048,"Semibalanus.balanoides_EMmeanByTSS_mergedData_mergedRun_mergedAlgo",0.670010878203679
"385",29,"ph",8.05534478670429,"Semibalanus.balanoides_EMmeanByROC_mergedData_mergedRun_mergedAlgo",0.668115437705211
"386",29,"ph",8.05534478670429,"Semibalanus.balanoides_EMciSupByTSS_mergedData_mergedRun_mergedAlgo",0.917052303402773
"387",29,"ph",8.05534478670429,"Semibalanus.balanoides_EMmeanByTSS_mergedData_mergedRun_mergedAlgo",0.66847701270846
"388",30,"ph",8.05610774085811,"Semibalanus.balanoides_EMmeanByROC_mergedData_mergedRun_mergedAlgo",0.666359551821214
"389",30,"ph",8.05610774085811,"Semibalanus.balanoides_EMciSupByTSS_mergedData_mergedRun_mergedAlgo",0.915279643130164
"390",30,"ph",8.05610774085811,"Semibalanus.balanoides_EMmeanByTSS_mergedData_mergedRun_mergedAlgo",0.666629942247135
"391",31,"ph",8.05687069501192,"Semibalanus.balanoides_EMmeanByROC_mergedData_mergedRun_mergedAlgo",0.666058214761969
"392",31,"ph",8.05687069501192,"Semibalanus.balanoides_EMciSupByTSS_mergedData_mergedRun_mergedAlgo",0.914367015445837
"393",31,"ph",8.05687069501192,"Semibalanus.balanoides_EMmeanByTSS_mergedData_mergedRun_mergedAlgo",0.66646965174391
"394",32,"ph",8.05763364916574,"Semibalanus.balanoides_EMmeanByROC_mergedData_mergedRun_mergedAlgo",0.665961687137915
"395",32,"ph",8.05763364916574,"Semibalanus.balanoides_EMciSupByTSS_mergedData_mergedRun_mergedAlgo",0.913733155398831
"396",32,"ph",8.05763364916574,"Semibalanus.balanoides_EMmeanByTSS_mergedData_mergedRun_mergedAlgo",0.666568002577812
"397",33,"ph",8.05839660331955,"Semibalanus.balanoides_EMmeanByROC_mergedData_mergedRun_mergedAlgo",0.664069983027858
"398",33,"ph",8.05839660331955,"Semibalanus.balanoides_EMciSupByTSS_mergedData_mergedRun_mergedAlgo",0.911983276950119
"399",33,"ph",8.05839660331955,"Semibalanus.balanoides_EMmeanByTSS_mergedData_mergedRun_mergedAlgo",0.664639447546451
"400",34,"ph",8.05915955747336,"Semibalanus.balanoides_EMmeanByTSS_mergedData_mergedRun_mergedAlgo",0.660398317256682
"401",34,"ph",8.05915955747336,"Semibalanus.balanoides_EMmeanByROC_mergedData_mergedRun_mergedAlgo",0.660132996139177
"402",34,"ph",8.05915955747336,"Semibalanus.balanoides_EMciSupByTSS_mergedData_mergedRun_mergedAlgo",0.908842884754424
"403",35,"ph",8.05992251162718,"Semibalanus.balanoides_EMmeanByROC_mergedData_mergedRun_mergedAlgo",0.659900876054234
"404",35,"ph",8.05992251162718,"Semibalanus.balanoides_EMciSupByTSS_mergedData_mergedRun_mergedAlgo",0.90842755674042
"405",35,"ph",8.05992251162718,"Semibalanus.balanoides_EMmeanByTSS_mergedData_mergedRun_mergedAlgo",0.660416392229049
"406",36,"ph",8.06068546578099,"Semibalanus.balanoides_EMciSupByTSS_mergedData_mergedRun_mergedAlgo",0.905588050347147
"407",36,"ph",8.06068546578099,"Semibalanus.balanoides_EMmeanByROC_mergedData_mergedRun_mergedAlgo",0.656123654547272
"408",36,"ph",8.06068546578099,"Semibalanus.balanoides_EMmeanByTSS_mergedData_mergedRun_mergedAlgo",0.65640818927837
"409",37,"ph",8.06144841993481,"Semibalanus.balanoides_EMmeanByROC_mergedData_mergedRun_mergedAlgo",0.654801496990607
"410",37,"ph",8.06144841993481,"Semibalanus.balanoides_EMciSupByTSS_mergedData_mergedRun_mergedAlgo",0.904249832312952
"411",37,"ph",8.06144841993481,"Semibalanus.balanoides_EMmeanByTSS_mergedData_mergedRun_mergedAlgo",0.655231247885574
"412",38,"ph",8.06221137408862,"Semibalanus.balanoides_EMmeanByROC_mergedData_mergedRun_mergedAlgo",0.653184453844326
"413",38,"ph",8.06221137408862,"Semibalanus.balanoides_EMmeanByTSS_mergedData_mergedRun_mergedAlgo",0.653742987982803
"414",38,"ph",8.06221137408862,"Semibalanus.balanoides_EMciSupByTSS_mergedData_mergedRun_mergedAlgo",0.9025930638796
"415",39,"ph",8.06297432824243,"Semibalanus.balanoides_EMmeanByROC_mergedData_mergedRun_mergedAlgo",0.651022587227507
"416",39,"ph",8.06297432824243,"Semibalanus.balanoides_EMciSupByTSS_mergedData_mergedRun_mergedAlgo",0.900625945613464
"417",39,"ph",8.06297432824243,"Semibalanus.balanoides_EMmeanByTSS_mergedData_mergedRun_mergedAlgo",0.651657996291011
"418",40,"ph",8.06373728239625,"Semibalanus.balanoides_EMciSupByTSS_mergedData_mergedRun_mergedAlgo",0.92237668398654
"419",40,"ph",8.06373728239625,"Semibalanus.balanoides_EMmeanByTSS_mergedData_mergedRun_mergedAlgo",0.675548169776684
"420",40,"ph",8.06373728239625,"Semibalanus.balanoides_EMmeanByROC_mergedData_mergedRun_mergedAlgo",0.67156609758473
"421",41,"ph",8.06450023655006,"Semibalanus.balanoides_EMmeanByTSS_mergedData_mergedRun_mergedAlgo",0.69055657336478
"422",41,"ph",8.06450023655006,"Semibalanus.balanoides_EMmeanByROC_mergedData_mergedRun_mergedAlgo",0.684314950438364
"423",41,"ph",8.06450023655006,"Semibalanus.balanoides_EMciSupByTSS_mergedData_mergedRun_mergedAlgo",0.935117936961756
"424",42,"ph",8.06526319070388,"Semibalanus.balanoides_EMmeanByROC_mergedData_mergedRun_mergedAlgo",0.665859003232098
"425",42,"ph",8.06526319070388,"Semibalanus.balanoides_EMciSupByTSS_mergedData_mergedRun_mergedAlgo",0.917815269834592
"426",42,"ph",8.06526319070388,"Semibalanus.balanoides_EMmeanByTSS_mergedData_mergedRun_mergedAlgo",0.66992901190291
"427",43,"ph",8.06602614485769,"Semibalanus.balanoides_EMciSupByTSS_mergedData_mergedRun_mergedAlgo",0.876245103419283
"428",43,"ph",8.06602614485769,"Semibalanus.balanoides_EMmeanByROC_mergedData_mergedRun_mergedAlgo",0.619136007271862
"429",43,"ph",8.06602614485769,"Semibalanus.balanoides_EMmeanByTSS_mergedData_mergedRun_mergedAlgo",0.617023173514311
"430",44,"ph",8.0667890990115,"Semibalanus.balanoides_EMmeanByROC_mergedData_mergedRun_mergedAlgo",0.610386234759927
"431",44,"ph",8.0667890990115,"Semibalanus.balanoides_EMciSupByTSS_mergedData_mergedRun_mergedAlgo",0.870610360115171
"432",44,"ph",8.0667890990115,"Semibalanus.balanoides_EMmeanByTSS_mergedData_mergedRun_mergedAlgo",0.607542487189155
"433",45,"ph",8.06755205316532,"Semibalanus.balanoides_EMmeanByROC_mergedData_mergedRun_mergedAlgo",0.61286848092076
"434",45,"ph",8.06755205316532,"Semibalanus.balanoides_EMmeanByTSS_mergedData_mergedRun_mergedAlgo",0.61092583746637
"435",45,"ph",8.06755205316532,"Semibalanus.balanoides_EMciSupByTSS_mergedData_mergedRun_mergedAlgo",0.870323307014086
"436",46,"ph",8.06831500731913,"Semibalanus.balanoides_EMmeanByROC_mergedData_mergedRun_mergedAlgo",0.574091191230199
"437",46,"ph",8.06831500731913,"Semibalanus.balanoides_EMciSupByTSS_mergedData_mergedRun_mergedAlgo",0.84536280103031
"438",46,"ph",8.06831500731913,"Semibalanus.balanoides_EMmeanByTSS_mergedData_mergedRun_mergedAlgo",0.567183136199442
"439",47,"ph",8.06907796147295,"Semibalanus.balanoides_EMciSupByTSS_mergedData_mergedRun_mergedAlgo",0.833106383443014
"440",47,"ph",8.06907796147295,"Semibalanus.balanoides_EMmeanByTSS_mergedData_mergedRun_mergedAlgo",0.538037179970206
"441",47,"ph",8.06907796147295,"Semibalanus.balanoides_EMmeanByROC_mergedData_mergedRun_mergedAlgo",0.548061588734379
"442",48,"ph",8.06984091562676,"Semibalanus.balanoides_EMmeanByROC_mergedData_mergedRun_mergedAlgo",0.543033301467795
"443",48,"ph",8.06984091562676,"Semibalanus.balanoides_EMciSupByTSS_mergedData_mergedRun_mergedAlgo",0.828159459511383
"444",48,"ph",8.06984091562676,"Semibalanus.balanoides_EMmeanByTSS_mergedData_mergedRun_mergedAlgo",0.532920936001905
"445",49,"ph",8.07060386978057,"Semibalanus.balanoides_EMmeanByROC_mergedData_mergedRun_mergedAlgo",0.538268739958708
"446",49,"ph",8.07060386978057,"Semibalanus.balanoides_EMciSupByTSS_mergedData_mergedRun_mergedAlgo",0.823417689842398
"447",49,"ph",8.07060386978057,"Semibalanus.balanoides_EMmeanByTSS_mergedData_mergedRun_mergedAlgo",0.528134542277893
"448",50,"ph",8.07136682393439,"Semibalanus.balanoides_EMmeanByROC_mergedData_mergedRun_mergedAlgo",0.533519724835118
"449",50,"ph",8.07136682393439,"Semibalanus.balanoides_EMciSupByTSS_mergedData_mergedRun_mergedAlgo",0.81882909030313
"450",50,"ph",8.07136682393439,"Semibalanus.balanoides_EMmeanByTSS_mergedData_mergedRun_mergedAlgo",0.523394593290082
"451",51,"ph",8.0721297780882,"Semibalanus.balanoides_EMmeanByROC_mergedData_mergedRun_mergedAlgo",0.527291114504286
"452",51,"ph",8.0721297780882,"Semibalanus.balanoides_EMciSupByTSS_mergedData_mergedRun_mergedAlgo",0.814006730351035
"453",51,"ph",8.0721297780882,"Semibalanus.balanoides_EMmeanByTSS_mergedData_mergedRun_mergedAlgo",0.516992568549948
"454",52,"ph",8.07289273224202,"Semibalanus.balanoides_EMmeanByROC_mergedData_mergedRun_mergedAlgo",0.52258643292696
"455",52,"ph",8.07289273224202,"Semibalanus.balanoides_EMciSupByTSS_mergedData_mergedRun_mergedAlgo",0.80968308106417
"456",52,"ph",8.07289273224202,"Semibalanus.balanoides_EMmeanByTSS_mergedData_mergedRun_mergedAlgo",0.512361261003538
"457",53,"ph",8.07365568639583,"Semibalanus.balanoides_EMmeanByROC_mergedData_mergedRun_mergedAlgo",0.517909122455766
"458",53,"ph",8.07365568639583,"Semibalanus.balanoides_EMciSupByTSS_mergedData_mergedRun_mergedAlgo",0.805494395920172
"459",53,"ph",8.07365568639583,"Semibalanus.balanoides_EMmeanByTSS_mergedData_mergedRun_mergedAlgo",0.507790491053278
"460",54,"ph",8.07441864054964,"Semibalanus.balanoides_EMmeanByTSS_mergedData_mergedRun_mergedAlgo",0.499569106186286
"461",54,"ph",8.07441864054964,"Semibalanus.balanoides_EMmeanByROC_mergedData_mergedRun_mergedAlgo",0.510011796747034
"462",54,"ph",8.07441864054964,"Semibalanus.balanoides_EMciSupByTSS_mergedData_mergedRun_mergedAlgo",0.800407154886006
"463",55,"ph",8.07518159470346,"Semibalanus.balanoides_EMmeanByROC_mergedData_mergedRun_mergedAlgo",0.505514618724084
"464",55,"ph",8.07518159470346,"Semibalanus.balanoides_EMciSupByTSS_mergedData_mergedRun_mergedAlgo",0.796490368772403
"465",55,"ph",8.07518159470346,"Semibalanus.balanoides_EMmeanByTSS_mergedData_mergedRun_mergedAlgo",0.495263123342554
"466",56,"ph",8.07594454885727,"Semibalanus.balanoides_EMciSupByTSS_mergedData_mergedRun_mergedAlgo",0.792789145425975
"467",56,"ph",8.07594454885727,"Semibalanus.balanoides_EMmeanByROC_mergedData_mergedRun_mergedAlgo",0.501231678590844
"468",56,"ph",8.07594454885727,"Semibalanus.balanoides_EMmeanByTSS_mergedData_mergedRun_mergedAlgo",0.491231585450897
"469",57,"ph",8.07670750301109,"Semibalanus.balanoides_EMmeanByROC_mergedData_mergedRun_mergedAlgo",0.49696362186631
"470",57,"ph",8.07670750301109,"Semibalanus.balanoides_EMciSupByTSS_mergedData_mergedRun_mergedAlgo",0.78915912596613
"471",57,"ph",8.07670750301109,"Semibalanus.balanoides_EMmeanByTSS_mergedData_mergedRun_mergedAlgo",0.487246703554996
"472",58,"ph",8.0774704571649,"Semibalanus.balanoides_EMmeanByROC_mergedData_mergedRun_mergedAlgo",0.493211402438585
"473",58,"ph",8.0774704571649,"Semibalanus.balanoides_EMmeanByTSS_mergedData_mergedRun_mergedAlgo",0.483880998813353
"474",58,"ph",8.0774704571649,"Semibalanus.balanoides_EMciSupByTSS_mergedData_mergedRun_mergedAlgo",0.785788196893572
"475",59,"ph",8.07823341131872,"Semibalanus.balanoides_EMmeanByROC_mergedData_mergedRun_mergedAlgo",0.488725410609559
"476",59,"ph",8.07823341131872,"Semibalanus.balanoides_EMciSupByTSS_mergedData_mergedRun_mergedAlgo",0.782217998627359
"477",59,"ph",8.07823341131872,"Semibalanus.balanoides_EMmeanByTSS_mergedData_mergedRun_mergedAlgo",0.479706301515101
"478",60,"ph",8.07899636547253,"Semibalanus.balanoides_EMciSupByTSS_mergedData_mergedRun_mergedAlgo",0.778780204618855
"479",60,"ph",8.07899636547253,"Semibalanus.balanoides_EMmeanByTSS_mergedData_mergedRun_mergedAlgo",0.475866035679785
"480",60,"ph",8.07899636547253,"Semibalanus.balanoides_EMmeanByROC_mergedData_mergedRun_mergedAlgo",0.484506226106426
"481",61,"ph",8.07975931962634,"Semibalanus.balanoides_EMmeanByTSS_mergedData_mergedRun_mergedAlgo",0.472074503529514
"482",61,"ph",8.07975931962634,"Semibalanus.balanoides_EMmeanByROC_mergedData_mergedRun_mergedAlgo",0.480303996038366
"483",61,"ph",8.07975931962634,"Semibalanus.balanoides_EMciSupByTSS_mergedData_mergedRun_mergedAlgo",0.775396153332747
"484",62,"ph",8.08052227378016,"Semibalanus.balanoides_EMmeanByROC_mergedData_mergedRun_mergedAlgo",0.47511781277113
"485",62,"ph",8.08052227378016,"Semibalanus.balanoides_EMciSupByTSS_mergedData_mergedRun_mergedAlgo",0.771542165875386
"486",62,"ph",8.08052227378016,"Semibalanus.balanoides_EMmeanByTSS_mergedData_mergedRun_mergedAlgo",0.46718759840416
"487",63,"ph",8.08128522793397,"Semibalanus.balanoides_EMciSupByTSS_mergedData_mergedRun_mergedAlgo",0.767921475809771
"488",63,"ph",8.08128522793397,"Semibalanus.balanoides_EMmeanByROC_mergedData_mergedRun_mergedAlgo",0.470196716679054
"489",63,"ph",8.08128522793397,"Semibalanus.balanoides_EMmeanByTSS_mergedData_mergedRun_mergedAlgo",0.462632517552269
"490",64,"ph",8.08204818208779,"Semibalanus.balanoides_EMmeanByROC_mergedData_mergedRun_mergedAlgo",0.466788698744732
"491",64,"ph",8.08204818208779,"Semibalanus.balanoides_EMciSupByTSS_mergedData_mergedRun_mergedAlgo",0.764952755275503
"492",64,"ph",8.08204818208779,"Semibalanus.balanoides_EMmeanByTSS_mergedData_mergedRun_mergedAlgo",0.459835189085532
"493",65,"ph",8.0828111362416,"Semibalanus.balanoides_EMmeanByROC_mergedData_mergedRun_mergedAlgo",0.462140327968247
"494",65,"ph",8.0828111362416,"Semibalanus.balanoides_EMmeanByTSS_mergedData_mergedRun_mergedAlgo",0.455648413103128
"495",65,"ph",8.0828111362416,"Semibalanus.balanoides_EMciSupByTSS_mergedData_mergedRun_mergedAlgo",0.761357282231107
"496",66,"ph",8.08357409039541,"Semibalanus.balanoides_EMmeanByROC_mergedData_mergedRun_mergedAlgo",0.473496878537669
"497",66,"ph",8.08357409039541,"Semibalanus.balanoides_EMciSupByTSS_mergedData_mergedRun_mergedAlgo",0.766392441964546
"498",66,"ph",8.08357409039541,"Semibalanus.balanoides_EMmeanByTSS_mergedData_mergedRun_mergedAlgo",0.469780574133889
"499",67,"ph",8.08433704454923,"Semibalanus.balanoides_EMciSupByTSS_mergedData_mergedRun_mergedAlgo",0.764112030384852
"500",67,"ph",8.08433704454923,"Semibalanus.balanoides_EMmeanByTSS_mergedData_mergedRun_mergedAlgo",0.467366067761223
"501",67,"ph",8.08433704454923,"Semibalanus.balanoides_EMmeanByROC_mergedData_mergedRun_mergedAlgo",0.470351456720576
"502",68,"ph",8.08509999870304,"Semibalanus.balanoides_EMmeanByROC_mergedData_mergedRun_mergedAlgo",0.460195502430658
"503",68,"ph",8.08509999870304,"Semibalanus.balanoides_EMciSupByTSS_mergedData_mergedRun_mergedAlgo",0.757239466543235
"504",68,"ph",8.08509999870304,"Semibalanus.balanoides_EMmeanByTSS_mergedData_mergedRun_mergedAlgo",0.456965870011102
"505",69,"ph",8.08586295285686,"Semibalanus.balanoides_EMmeanByROC_mergedData_mergedRun_mergedAlgo",0.449518165405975
"506",69,"ph",8.08586295285686,"Semibalanus.balanoides_EMciSupByTSS_mergedData_mergedRun_mergedAlgo",0.750649588622631
"507",69,"ph",8.08586295285686,"Semibalanus.balanoides_EMmeanByTSS_mergedData_mergedRun_mergedAlgo",0.445995392368955
"508",70,"ph",8.08662590701067,"Semibalanus.balanoides_EMmeanByROC_mergedData_mergedRun_mergedAlgo",0.442806430965455
"509",70,"ph",8.08662590701067,"Semibalanus.balanoides_EMciSupByTSS_mergedData_mergedRun_mergedAlgo",0.745967979040336
"510",70,"ph",8.08662590701067,"Semibalanus.balanoides_EMmeanByTSS_mergedData_mergedRun_mergedAlgo",0.439581765294788
"511",71,"ph",8.08738886116449,"Semibalanus.balanoides_EMmeanByROC_mergedData_mergedRun_mergedAlgo",0.438545120279862
"512",71,"ph",8.08738886116449,"Semibalanus.balanoides_EMciSupByTSS_mergedData_mergedRun_mergedAlgo",0.74224259877935
"513",71,"ph",8.08738886116449,"Semibalanus.balanoides_EMmeanByTSS_mergedData_mergedRun_mergedAlgo",0.435992407389854
"514",72,"ph",8.0881518153183,"Semibalanus.balanoides_EMmeanByROC_mergedData_mergedRun_mergedAlgo",0.433467890101264
"515",72,"ph",8.0881518153183,"Semibalanus.balanoides_EMciSupByTSS_mergedData_mergedRun_mergedAlgo",0.737828885651393
"516",72,"ph",8.0881518153183,"Semibalanus.balanoides_EMmeanByTSS_mergedData_mergedRun_mergedAlgo",0.431493308799549
"517",73,"ph",8.08891476947211,"Semibalanus.balanoides_EMmeanByROC_mergedData_mergedRun_mergedAlgo",0.427806856908903
"518",73,"ph",8.08891476947211,"Semibalanus.balanoides_EMciSupByTSS_mergedData_mergedRun_mergedAlgo",0.732835438369026
"519",73,"ph",8.08891476947211,"Semibalanus.balanoides_EMmeanByTSS_mergedData_mergedRun_mergedAlgo",0.426348600294399
"520",74,"ph",8.08967772362593,"Semibalanus.balanoides_EMmeanByTSS_mergedData_mergedRun_mergedAlgo",0.42196540804304
"521",74,"ph",8.08967772362593,"Semibalanus.balanoides_EMmeanByROC_mergedData_mergedRun_mergedAlgo",0.422794345416226
"522",74,"ph",8.08967772362593,"Semibalanus.balanoides_EMciSupByTSS_mergedData_mergedRun_mergedAlgo",0.727868444587722
"523",75,"ph",8.09044067777974,"Semibalanus.balanoides_EMmeanByROC_mergedData_mergedRun_mergedAlgo",0.417912636388298
"524",75,"ph",8.09044067777974,"Semibalanus.balanoides_EMciSupByTSS_mergedData_mergedRun_mergedAlgo",0.722737270517878
"525",75,"ph",8.09044067777974,"Semibalanus.balanoides_EMmeanByTSS_mergedData_mergedRun_mergedAlgo",0.417750708377145
"526",76,"ph",8.09120363193356,"Semibalanus.balanoides_EMciSupByTSS_mergedData_mergedRun_mergedAlgo",0.715585807118509
"527",76,"ph",8.09120363193356,"Semibalanus.balanoides_EMmeanByROC_mergedData_mergedRun_mergedAlgo",0.410395713737343
"528",76,"ph",8.09120363193356,"Semibalanus.balanoides_EMmeanByTSS_mergedData_mergedRun_mergedAlgo",0.410541896849348
"529",77,"ph",8.09196658608737,"Semibalanus.balanoides_EMmeanByROC_mergedData_mergedRun_mergedAlgo",0.404979135853537
"530",77,"ph",8.09196658608737,"Semibalanus.balanoides_EMciSupByTSS_mergedData_mergedRun_mergedAlgo",0.709231110396244
"531",77,"ph",8.09196658608737,"Semibalanus.balanoides_EMmeanByTSS_mergedData_mergedRun_mergedAlgo",0.405749500169626
"532",78,"ph",8.09272954024118,"Semibalanus.balanoides_EMmeanByROC_mergedData_mergedRun_mergedAlgo",0.397401531141819
"533",78,"ph",8.09272954024118,"Semibalanus.balanoides_EMmeanByTSS_mergedData_mergedRun_mergedAlgo",0.398501745321572
"534",78,"ph",8.09272954024118,"Semibalanus.balanoides_EMciSupByTSS_mergedData_mergedRun_mergedAlgo",0.700956895596707
"535",79,"ph",8.093492494395,"Semibalanus.balanoides_EMmeanByROC_mergedData_mergedRun_mergedAlgo",0.39290459275171
"536",79,"ph",8.093492494395,"Semibalanus.balanoides_EMciSupByTSS_mergedData_mergedRun_mergedAlgo",0.694153002114338
"537",79,"ph",8.093492494395,"Semibalanus.balanoides_EMmeanByTSS_mergedData_mergedRun_mergedAlgo",0.394787414443947
"538",80,"ph",8.09425544854881,"Semibalanus.balanoides_EMciSupByTSS_mergedData_mergedRun_mergedAlgo",0.686198284481177
"539",80,"ph",8.09425544854881,"Semibalanus.balanoides_EMmeanByTSS_mergedData_mergedRun_mergedAlgo",0.389456699778141
"540",80,"ph",8.09425544854881,"Semibalanus.balanoides_EMmeanByROC_mergedData_mergedRun_mergedAlgo",0.386983822487807
"541",81,"ph",8.09501840270263,"Semibalanus.balanoides_EMmeanByTSS_mergedData_mergedRun_mergedAlgo",0.384220915837569
"542",81,"ph",8.09501840270263,"Semibalanus.balanoides_EMmeanByROC_mergedData_mergedRun_mergedAlgo",0.381138273901053
"543",81,"ph",8.09501840270263,"Semibalanus.balanoides_EMciSupByTSS_mergedData_mergedRun_mergedAlgo",0.677756189883981
"544",82,"ph",8.09578135685644,"Semibalanus.balanoides_EMmeanByROC_mergedData_mergedRun_mergedAlgo",0.37562154458037
"545",82,"ph",8.09578135685644,"Semibalanus.balanoides_EMciSupByTSS_mergedData_mergedRun_mergedAlgo",0.669051667495142
"546",82,"ph",8.09578135685644,"Semibalanus.balanoides_EMmeanByTSS_mergedData_mergedRun_mergedAlgo",0.37936792595574
"547",83,"ph",8.09654431101026,"Semibalanus.balanoides_EMciSupByTSS_mergedData_mergedRun_mergedAlgo",0.659351595435052
"548",83,"ph",8.09654431101026,"Semibalanus.balanoides_EMmeanByROC_mergedData_mergedRun_mergedAlgo",0.369190767678192
"549",83,"ph",8.09654431101026,"Semibalanus.balanoides_EMmeanByTSS_mergedData_mergedRun_mergedAlgo",0.373475283224661
"550",84,"ph",8.09730726516407,"Semibalanus.balanoides_EMmeanByROC_mergedData_mergedRun_mergedAlgo",0.364106627701104
"551",84,"ph",8.09730726516407,"Semibalanus.balanoides_EMciSupByTSS_mergedData_mergedRun_mergedAlgo",0.650059039891914
"552",84,"ph",8.09730726516407,"Semibalanus.balanoides_EMmeanByTSS_mergedData_mergedRun_mergedAlgo",0.369124542978038
"553",85,"ph",8.09807021931788,"Semibalanus.balanoides_EMmeanByROC_mergedData_mergedRun_mergedAlgo",0.366883163138614
"554",85,"ph",8.09807021931788,"Semibalanus.balanoides_EMmeanByTSS_mergedData_mergedRun_mergedAlgo",0.373758189686828
"555",85,"ph",8.09807021931788,"Semibalanus.balanoides_EMciSupByTSS_mergedData_mergedRun_mergedAlgo",0.645856871983483
"556",86,"ph",8.0988331734717,"Semibalanus.balanoides_EMmeanByROC_mergedData_mergedRun_mergedAlgo",0.362286868497319
"557",86,"ph",8.0988331734717,"Semibalanus.balanoides_EMciSupByTSS_mergedData_mergedRun_mergedAlgo",0.636598849421175
"558",86,"ph",8.0988331734717,"Semibalanus.balanoides_EMmeanByTSS_mergedData_mergedRun_mergedAlgo",0.369964335418903
"559",87,"ph",8.09959612762551,"Semibalanus.balanoides_EMciSupByTSS_mergedData_mergedRun_mergedAlgo",0.619331024562816
"560",87,"ph",8.09959612762551,"Semibalanus.balanoides_EMmeanByTSS_mergedData_mergedRun_mergedAlgo",0.353762175585265
"561",87,"ph",8.09959612762551,"Semibalanus.balanoides_EMmeanByROC_mergedData_mergedRun_mergedAlgo",0.346836458324279
"562",88,"ph",8.10035908177933,"Semibalanus.balanoides_EMmeanByROC_mergedData_mergedRun_mergedAlgo",0.336802705831969
"563",88,"ph",8.10035908177933,"Semibalanus.balanoides_EMciSupByTSS_mergedData_mergedRun_mergedAlgo",0.605833359071168
"564",88,"ph",8.10035908177933,"Semibalanus.balanoides_EMmeanByTSS_mergedData_mergedRun_mergedAlgo",0.343744673407789
"565",89,"ph",8.10112203593314,"Semibalanus.balanoides_EMmeanByROC_mergedData_mergedRun_mergedAlgo",0.330206881228988
"566",89,"ph",8.10112203593314,"Semibalanus.balanoides_EMciSupByTSS_mergedData_mergedRun_mergedAlgo",0.594430814603801
"567",89,"ph",8.10112203593314,"Semibalanus.balanoides_EMmeanByTSS_mergedData_mergedRun_mergedAlgo",0.33764821597082
"568",90,"ph",8.10188499008695,"Semibalanus.balanoides_EMmeanByROC_mergedData_mergedRun_mergedAlgo",0.323571214881232
"569",90,"ph",8.10188499008695,"Semibalanus.balanoides_EMciSupByTSS_mergedData_mergedRun_mergedAlgo",0.582936691235757
"570",90,"ph",8.10188499008695,"Semibalanus.balanoides_EMmeanByTSS_mergedData_mergedRun_mergedAlgo",0.331496013289116
"571",91,"ph",8.10264794424077,"Semibalanus.balanoides_EMmeanByROC_mergedData_mergedRun_mergedAlgo",0.316917710443695
"572",91,"ph",8.10264794424077,"Semibalanus.balanoides_EMciSupByTSS_mergedData_mergedRun_mergedAlgo",0.571424177041648
"573",91,"ph",8.10264794424077,"Semibalanus.balanoides_EMmeanByTSS_mergedData_mergedRun_mergedAlgo",0.325311040394721
"574",92,"ph",8.10341089839458,"Semibalanus.balanoides_EMmeanByROC_mergedData_mergedRun_mergedAlgo",0.310268083092999
"575",92,"ph",8.10341089839458,"Semibalanus.balanoides_EMciSupByTSS_mergedData_mergedRun_mergedAlgo",0.559963761266226
"576",92,"ph",8.10341089839458,"Semibalanus.balanoides_EMmeanByTSS_mergedData_mergedRun_mergedAlgo",0.31911597958644
"577",93,"ph",8.1041738525484,"Semibalanus.balanoides_EMmeanByROC_mergedData_mergedRun_mergedAlgo",0.303643460505715
"578",93,"ph",8.1041738525484,"Semibalanus.balanoides_EMciSupByTSS_mergedData_mergedRun_mergedAlgo",0.54862201326664
"579",93,"ph",8.1041738525484,"Semibalanus.balanoides_EMmeanByTSS_mergedData_mergedRun_mergedAlgo",0.312932891413032
"580",94,"ph",8.10493680670221,"Semibalanus.balanoides_EMmeanByTSS_mergedData_mergedRun_mergedAlgo",0.30678234296059
"581",94,"ph",8.10493680670221,"Semibalanus.balanoides_EMmeanByROC_mergedData_mergedRun_mergedAlgo",0.297063609224001
"582",94,"ph",8.10493680670221,"Semibalanus.balanoides_EMciSupByTSS_mergedData_mergedRun_mergedAlgo",0.537458879873869
"583",95,"ph",8.10569976085602,"Semibalanus.balanoides_EMmeanByROC_mergedData_mergedRun_mergedAlgo",0.290547049050877
"584",95,"ph",8.10569976085602,"Semibalanus.balanoides_EMciSupByTSS_mergedData_mergedRun_mergedAlgo",0.526528015487042
"585",95,"ph",8.10569976085602,"Semibalanus.balanoides_EMmeanByTSS_mergedData_mergedRun_mergedAlgo",0.3006835505832
"586",96,"ph",8.10646271500984,"Semibalanus.balanoides_EMciSupByTSS_mergedData_mergedRun_mergedAlgo",0.515876496818021
"587",96,"ph",8.10646271500984,"Semibalanus.balanoides_EMmeanByROC_mergedData_mergedRun_mergedAlgo",0.284111118100353
"588",96,"ph",8.10646271500984,"Semibalanus.balanoides_EMmeanByTSS_mergedData_mergedRun_mergedAlgo",0.294654465645007
"589",97,"ph",8.10722566916365,"Semibalanus.balanoides_EMmeanByROC_mergedData_mergedRun_mergedAlgo",0.277771213638468
"590",97,"ph",8.10722566916365,"Semibalanus.balanoides_EMciSupByTSS_mergedData_mergedRun_mergedAlgo",0.505542891012983
"591",97,"ph",8.10722566916365,"Semibalanus.balanoides_EMmeanByTSS_mergedData_mergedRun_mergedAlgo",0.288710917554304
"592",98,"ph",8.10798862331747,"Semibalanus.balanoides_EMmeanByROC_mergedData_mergedRun_mergedAlgo",0.271541233819928
"593",98,"ph",8.10798862331747,"Semibalanus.balanoides_EMmeanByTSS_mergedData_mergedRun_mergedAlgo",0.282867128368809
"594",98,"ph",8.10798862331747,"Semibalanus.balanoides_EMciSupByTSS_mergedData_mergedRun_mergedAlgo",0.495558488570031
"595",99,"ph",8.10875157747128,"Semibalanus.balanoides_EMmeanByROC_mergedData_mergedRun_mergedAlgo",0.265433095423584
"596",99,"ph",8.10875157747128,"Semibalanus.balanoides_EMciSupByTSS_mergedData_mergedRun_mergedAlgo",0.485946311390449
"597",99,"ph",8.10875157747128,"Semibalanus.balanoides_EMmeanByTSS_mergedData_mergedRun_mergedAlgo",0.277135170394516
"598",100,"ph",8.10951453162509,"Semibalanus.balanoides_EMciSupByTSS_mergedData_mergedRun_mergedAlgo",0.476722774482183
"599",100,"ph",8.10951453162509,"Semibalanus.balanoides_EMmeanByTSS_mergedData_mergedRun_mergedAlgo",0.271525738198328
"600",100,"ph",8.10951453162509,"Semibalanus.balanoides_EMmeanByROC_mergedData_mergedRun_mergedAlgo",0.259457402668744
"601",1,"wave_fetch",1.951007604599,"Semibalanus.balanoides_EMmeanByTSS_mergedData_mergedRun_mergedAlgo",0.667602936678441
"602",1,"wave_fetch",1.951007604599,"Semibalanus.balanoides_EMmeanByROC_mergedData_mergedRun_mergedAlgo",0.662579281473
"603",1,"wave_fetch",1.951007604599,"Semibalanus.balanoides_EMciSupByTSS_mergedData_mergedRun_mergedAlgo",0.926553084308744
"604",2,"wave_fetch",1.97551328485662,"Semibalanus.balanoides_EMmeanByROC_mergedData_mergedRun_mergedAlgo",0.665134789543825
"605",2,"wave_fetch",1.97551328485662,"Semibalanus.balanoides_EMciSupByTSS_mergedData_mergedRun_mergedAlgo",0.924705914268237
"606",2,"wave_fetch",1.97551328485662,"Semibalanus.balanoides_EMmeanByTSS_mergedData_mergedRun_mergedAlgo",0.669439220155849
"607",3,"wave_fetch",2.00001896511425,"Semibalanus.balanoides_EMciSupByTSS_mergedData_mergedRun_mergedAlgo",0.922867963974383
"608",3,"wave_fetch",2.00001896511425,"Semibalanus.balanoides_EMmeanByROC_mergedData_mergedRun_mergedAlgo",0.667694324415843
"609",3,"wave_fetch",2.00001896511425,"Semibalanus.balanoides_EMmeanByTSS_mergedData_mergedRun_mergedAlgo",0.671326385018243
"610",4,"wave_fetch",2.02452464537187,"Semibalanus.balanoides_EMmeanByROC_mergedData_mergedRun_mergedAlgo",0.670251583568216
"611",4,"wave_fetch",2.02452464537187,"Semibalanus.balanoides_EMciSupByTSS_mergedData_mergedRun_mergedAlgo",0.921049624758419
"612",4,"wave_fetch",2.02452464537187,"Semibalanus.balanoides_EMmeanByTSS_mergedData_mergedRun_mergedAlgo",0.673256657899114
"613",5,"wave_fetch",2.04903032562949,"Semibalanus.balanoides_EMmeanByROC_mergedData_mergedRun_mergedAlgo",0.672799860676922
"614",5,"wave_fetch",2.04903032562949,"Semibalanus.balanoides_EMmeanByTSS_mergedData_mergedRun_mergedAlgo",0.675221744070912
"615",5,"wave_fetch",2.04903032562949,"Semibalanus.balanoides_EMciSupByTSS_mergedData_mergedRun_mergedAlgo",0.919261261984542
"616",6,"wave_fetch",2.07353600588712,"Semibalanus.balanoides_EMmeanByROC_mergedData_mergedRun_mergedAlgo",0.676082139284037
"617",6,"wave_fetch",2.07353600588712,"Semibalanus.balanoides_EMciSupByTSS_mergedData_mergedRun_mergedAlgo",0.918007445571417
"618",6,"wave_fetch",2.07353600588712,"Semibalanus.balanoides_EMmeanByTSS_mergedData_mergedRun_mergedAlgo",0.678070089177628
"619",7,"wave_fetch",2.09804168614474,"Semibalanus.balanoides_EMciSupByTSS_mergedData_mergedRun_mergedAlgo",0.916296774483853
"620",7,"wave_fetch",2.09804168614474,"Semibalanus.balanoides_EMmeanByTSS_mergedData_mergedRun_mergedAlgo",0.680078434259813
"621",7,"wave_fetch",2.09804168614474,"Semibalanus.balanoides_EMmeanByROC_mergedData_mergedRun_mergedAlgo",0.678591193869976
"622",8,"wave_fetch",2.12254736640237,"Semibalanus.balanoides_EMmeanByROC_mergedData_mergedRun_mergedAlgo",0.681069694789283
"623",8,"wave_fetch",2.12254736640237,"Semibalanus.balanoides_EMciSupByTSS_mergedData_mergedRun_mergedAlgo",0.914644485056528
"624",8,"wave_fetch",2.12254736640237,"Semibalanus.balanoides_EMmeanByTSS_mergedData_mergedRun_mergedAlgo",0.682094802888173
"625",9,"wave_fetch",2.14705304665999,"Semibalanus.balanoides_EMmeanByROC_mergedData_mergedRun_mergedAlgo",0.683510313489976
"626",9,"wave_fetch",2.14705304665999,"Semibalanus.balanoides_EMciSupByTSS_mergedData_mergedRun_mergedAlgo",0.913058707999637
"627",9,"wave_fetch",2.14705304665999,"Semibalanus.balanoides_EMmeanByTSS_mergedData_mergedRun_mergedAlgo",0.684110059188564
"628",10,"wave_fetch",2.17155872691761,"Semibalanus.balanoides_EMmeanByROC_mergedData_mergedRun_mergedAlgo",0.685905824583862
"629",10,"wave_fetch",2.17155872691761,"Semibalanus.balanoides_EMciSupByTSS_mergedData_mergedRun_mergedAlgo",0.911546511028722
"630",10,"wave_fetch",2.17155872691761,"Semibalanus.balanoides_EMmeanByTSS_mergedData_mergedRun_mergedAlgo",0.686115175719957
"631",11,"wave_fetch",2.19606440717524,"Semibalanus.balanoides_EMmeanByROC_mergedData_mergedRun_mergedAlgo",0.689499201651433
"632",11,"wave_fetch",2.19606440717524,"Semibalanus.balanoides_EMciSupByTSS_mergedData_mergedRun_mergedAlgo",0.910869410074151
"633",11,"wave_fetch",2.19606440717524,"Semibalanus.balanoides_EMmeanByTSS_mergedData_mergedRun_mergedAlgo",0.689529921964899
"634",12,"wave_fetch",2.22057008743286,"Semibalanus.balanoides_EMmeanByROC_mergedData_mergedRun_mergedAlgo",0.691783704118872
"635",12,"wave_fetch",2.22057008743286,"Semibalanus.balanoides_EMciSupByTSS_mergedData_mergedRun_mergedAlgo",0.909499010295326
"636",12,"wave_fetch",2.22057008743286,"Semibalanus.balanoides_EMmeanByTSS_mergedData_mergedRun_mergedAlgo",0.691488684716659
"637",13,"wave_fetch",2.24507576769049,"Semibalanus.balanoides_EMmeanByROC_mergedData_mergedRun_mergedAlgo",0.69400295309753
"638",13,"wave_fetch",2.24507576769049,"Semibalanus.balanoides_EMciSupByTSS_mergedData_mergedRun_mergedAlgo",0.908215611829322
"639",13,"wave_fetch",2.24507576769049,"Semibalanus.balanoides_EMmeanByTSS_mergedData_mergedRun_mergedAlgo",0.69341198942598
"640",14,"wave_fetch",2.26958144794811,"Semibalanus.balanoides_EMmeanByTSS_mergedData_mergedRun_mergedAlgo",0.69529229226857
"641",14,"wave_fetch",2.26958144794811,"Semibalanus.balanoides_EMmeanByROC_mergedData_mergedRun_mergedAlgo",0.69615099468493
"642",14,"wave_fetch",2.26958144794811,"Semibalanus.balanoides_EMciSupByTSS_mergedData_mergedRun_mergedAlgo",0.907020973606074
"643",15,"wave_fetch",2.29408712820573,"Semibalanus.balanoides_EMmeanByROC_mergedData_mergedRun_mergedAlgo",0.698222349848557
"644",15,"wave_fetch",2.29408712820573,"Semibalanus.balanoides_EMciSupByTSS_mergedData_mergedRun_mergedAlgo",0.905915399813786
"645",15,"wave_fetch",2.29408712820573,"Semibalanus.balanoides_EMmeanByTSS_mergedData_mergedRun_mergedAlgo",0.697122613406749
"646",16,"wave_fetch",2.31859280846336,"Semibalanus.balanoides_EMciSupByTSS_mergedData_mergedRun_mergedAlgo",0.904897778299873
"647",16,"wave_fetch",2.31859280846336,"Semibalanus.balanoides_EMmeanByROC_mergedData_mergedRun_mergedAlgo",0.700212050610736
"648",16,"wave_fetch",2.31859280846336,"Semibalanus.balanoides_EMmeanByTSS_mergedData_mergedRun_mergedAlgo",0.698896582601162
"649",17,"wave_fetch",2.34309848872098,"Semibalanus.balanoides_EMmeanByROC_mergedData_mergedRun_mergedAlgo",0.70236566279302
"650",17,"wave_fetch",2.34309848872098,"Semibalanus.balanoides_EMciSupByTSS_mergedData_mergedRun_mergedAlgo",0.904097215335079
"651",17,"wave_fetch",2.34309848872098,"Semibalanus.balanoides_EMmeanByTSS_mergedData_mergedRun_mergedAlgo",0.700894183230703
"652",18,"wave_fetch",2.3676041689786,"Semibalanus.balanoides_EMmeanByROC_mergedData_mergedRun_mergedAlgo",0.704179171038355
"653",18,"wave_fetch",2.3676041689786,"Semibalanus.balanoides_EMmeanByTSS_mergedData_mergedRun_mergedAlgo",0.702538767017192
"654",18,"wave_fetch",2.3676041689786,"Semibalanus.balanoides_EMciSupByTSS_mergedData_mergedRun_mergedAlgo",0.903242580712116
"655",19,"wave_fetch",2.39210984923623,"Semibalanus.balanoides_EMmeanByROC_mergedData_mergedRun_mergedAlgo",0.705149352194434
"656",19,"wave_fetch",2.39210984923623,"Semibalanus.balanoides_EMciSupByTSS_mergedData_mergedRun_mergedAlgo",0.902100160421866
"657",19,"wave_fetch",2.39210984923623,"Semibalanus.balanoides_EMmeanByTSS_mergedData_mergedRun_mergedAlgo",0.703254626452322
"658",20,"wave_fetch",2.41661552949385,"Semibalanus.balanoides_EMciSupByTSS_mergedData_mergedRun_mergedAlgo",0.901405029507365
"659",20,"wave_fetch",2.41661552949385,"Semibalanus.balanoides_EMmeanByTSS_mergedData_mergedRun_mergedAlgo",0.704752126510384
"660",20,"wave_fetch",2.41661552949385,"Semibalanus.balanoides_EMmeanByROC_mergedData_mergedRun_mergedAlgo",0.706773263406428
"661",21,"wave_fetch",2.44112120975148,"Semibalanus.balanoides_EMmeanByTSS_mergedData_mergedRun_mergedAlgo",0.706170397417639
"662",21,"wave_fetch",2.44112120975148,"Semibalanus.balanoides_EMmeanByROC_mergedData_mergedRun_mergedAlgo",0.708298096433704
"663",21,"wave_fetch",2.44112120975148,"Semibalanus.balanoides_EMciSupByTSS_mergedData_mergedRun_mergedAlgo",0.900772689901935
"664",22,"wave_fetch",2.4656268900091,"Semibalanus.balanoides_EMmeanByROC_mergedData_mergedRun_mergedAlgo",0.709721899780829
"665",22,"wave_fetch",2.4656268900091,"Semibalanus.balanoides_EMciSupByTSS_mergedData_mergedRun_mergedAlgo",0.900195627972365
"666",22,"wave_fetch",2.4656268900091,"Semibalanus.balanoides_EMmeanByTSS_mergedData_mergedRun_mergedAlgo",0.707506733190037
"667",23,"wave_fetch",2.49013257026672,"Semibalanus.balanoides_EMciSupByTSS_mergedData_mergedRun_mergedAlgo",0.899663872072399
"668",23,"wave_fetch",2.49013257026672,"Semibalanus.balanoides_EMmeanByROC_mergedData_mergedRun_mergedAlgo",0.711042420230536
"669",23,"wave_fetch",2.49013257026672,"Semibalanus.balanoides_EMmeanByTSS_mergedData_mergedRun_mergedAlgo",0.708758126359105
"670",24,"wave_fetch",2.51463825052435,"Semibalanus.balanoides_EMmeanByROC_mergedData_mergedRun_mergedAlgo",0.712257440299689
"671",24,"wave_fetch",2.51463825052435,"Semibalanus.balanoides_EMciSupByTSS_mergedData_mergedRun_mergedAlgo",0.899166140604449
"672",24,"wave_fetch",2.51463825052435,"Semibalanus.balanoides_EMmeanByTSS_mergedData_mergedRun_mergedAlgo",0.709921654940894
"673",25,"wave_fetch",2.53914393078197,"Semibalanus.balanoides_EMmeanByROC_mergedData_mergedRun_mergedAlgo",0.706863988024262
"674",25,"wave_fetch",2.53914393078197,"Semibalanus.balanoides_EMmeanByTSS_mergedData_mergedRun_mergedAlgo",0.70356500899671
"675",25,"wave_fetch",2.53914393078197,"Semibalanus.balanoides_EMciSupByTSS_mergedData_mergedRun_mergedAlgo",0.896833810324356
"676",26,"wave_fetch",2.5636496110396,"Semibalanus.balanoides_EMmeanByROC_mergedData_mergedRun_mergedAlgo",0.707858920330843
"677",26,"wave_fetch",2.5636496110396,"Semibalanus.balanoides_EMciSupByTSS_mergedData_mergedRun_mergedAlgo",0.896434981089405
"678",26,"wave_fetch",2.5636496110396,"Semibalanus.balanoides_EMmeanByTSS_mergedData_mergedRun_mergedAlgo",0.704541443961583
"679",27,"wave_fetch",2.58815529129722,"Semibalanus.balanoides_EMciSupByTSS_mergedData_mergedRun_mergedAlgo",0.89601407692704
"680",27,"wave_fetch",2.58815529129722,"Semibalanus.balanoides_EMmeanByTSS_mergedData_mergedRun_mergedAlgo",0.705416733435307
"681",27,"wave_fetch",2.58815529129722,"Semibalanus.balanoides_EMmeanByROC_mergedData_mergedRun_mergedAlgo",0.708737506084074
"682",28,"wave_fetch",2.61266097155484,"Semibalanus.balanoides_EMmeanByROC_mergedData_mergedRun_mergedAlgo",0.709493759723327
"683",28,"wave_fetch",2.61266097155484,"Semibalanus.balanoides_EMciSupByTSS_mergedData_mergedRun_mergedAlgo",0.895546419697421
"684",28,"wave_fetch",2.61266097155484,"Semibalanus.balanoides_EMmeanByTSS_mergedData_mergedRun_mergedAlgo",0.706183836783755
"685",29,"wave_fetch",2.63716665181247,"Semibalanus.balanoides_EMmeanByROC_mergedData_mergedRun_mergedAlgo",0.71011990122754
"686",29,"wave_fetch",2.63716665181247,"Semibalanus.balanoides_EMciSupByTSS_mergedData_mergedRun_mergedAlgo",0.895002204398305
"687",29,"wave_fetch",2.63716665181247,"Semibalanus.balanoides_EMmeanByTSS_mergedData_mergedRun_mergedAlgo",0.706833710981433
"688",30,"wave_fetch",2.66167233207009,"Semibalanus.balanoides_EMmeanByROC_mergedData_mergedRun_mergedAlgo",0.710605942981601
"689",30,"wave_fetch",2.66167233207009,"Semibalanus.balanoides_EMciSupByTSS_mergedData_mergedRun_mergedAlgo",0.894345555442405
"690",30,"wave_fetch",2.66167233207009,"Semibalanus.balanoides_EMmeanByTSS_mergedData_mergedRun_mergedAlgo",0.707354838791241
"691",31,"wave_fetch",2.68617801232771,"Semibalanus.balanoides_EMmeanByROC_mergedData_mergedRun_mergedAlgo",0.722690153966194
"692",31,"wave_fetch",2.68617801232771,"Semibalanus.balanoides_EMciSupByTSS_mergedData_mergedRun_mergedAlgo",0.894466497685887
"693",31,"wave_fetch",2.68617801232771,"Semibalanus.balanoides_EMmeanByTSS_mergedData_mergedRun_mergedAlgo",0.721162330915525
"694",32,"wave_fetch",2.71068369258534,"Semibalanus.balanoides_EMmeanByROC_mergedData_mergedRun_mergedAlgo",0.722858526558682
"695",32,"wave_fetch",2.71068369258534,"Semibalanus.balanoides_EMciSupByTSS_mergedData_mergedRun_mergedAlgo",0.893353063195446
"696",32,"wave_fetch",2.71068369258534,"Semibalanus.balanoides_EMmeanByTSS_mergedData_mergedRun_mergedAlgo",0.721383031024669
"697",33,"wave_fetch",2.73518937284296,"Semibalanus.balanoides_EMmeanByROC_mergedData_mergedRun_mergedAlgo",0.723345621117134
"698",33,"wave_fetch",2.73518937284296,"Semibalanus.balanoides_EMciSupByTSS_mergedData_mergedRun_mergedAlgo",0.892056862878593
"699",33,"wave_fetch",2.73518937284296,"Semibalanus.balanoides_EMmeanByTSS_mergedData_mergedRun_mergedAlgo",0.721999338148788
"700",34,"wave_fetch",2.75969505310059,"Semibalanus.balanoides_EMmeanByTSS_mergedData_mergedRun_mergedAlgo",0.721849175090717
"701",34,"wave_fetch",2.75969505310059,"Semibalanus.balanoides_EMmeanByROC_mergedData_mergedRun_mergedAlgo",0.723134538423143
"702",34,"wave_fetch",2.75969505310059,"Semibalanus.balanoides_EMciSupByTSS_mergedData_mergedRun_mergedAlgo",0.890398442494821
"703",35,"wave_fetch",2.78420073335821,"Semibalanus.balanoides_EMmeanByROC_mergedData_mergedRun_mergedAlgo",0.722707894981139
"704",35,"wave_fetch",2.78420073335821,"Semibalanus.balanoides_EMciSupByTSS_mergedData_mergedRun_mergedAlgo",0.888389306546505
"705",35,"wave_fetch",2.78420073335821,"Semibalanus.balanoides_EMmeanByTSS_mergedData_mergedRun_mergedAlgo",0.721484245712173
"706",36,"wave_fetch",2.80870641361583,"Semibalanus.balanoides_EMciSupByTSS_mergedData_mergedRun_mergedAlgo",0.885977884628518
"707",36,"wave_fetch",2.80870641361583,"Semibalanus.balanoides_EMmeanByROC_mergedData_mergedRun_mergedAlgo",0.722048301111101
"708",36,"wave_fetch",2.80870641361583,"Semibalanus.balanoides_EMmeanByTSS_mergedData_mergedRun_mergedAlgo",0.720884866729709
"709",37,"wave_fetch",2.83321209387346,"Semibalanus.balanoides_EMmeanByROC_mergedData_mergedRun_mergedAlgo",0.708889216726206
"710",37,"wave_fetch",2.83321209387346,"Semibalanus.balanoides_EMciSupByTSS_mergedData_mergedRun_mergedAlgo",0.882484526218898
"711",37,"wave_fetch",2.83321209387346,"Semibalanus.balanoides_EMmeanByTSS_mergedData_mergedRun_mergedAlgo",0.706032373888014
"712",38,"wave_fetch",2.85771777413108,"Semibalanus.balanoides_EMmeanByROC_mergedData_mergedRun_mergedAlgo",0.690965809655121
"713",38,"wave_fetch",2.85771777413108,"Semibalanus.balanoides_EMmeanByTSS_mergedData_mergedRun_mergedAlgo",0.685767245195886
"714",38,"wave_fetch",2.85771777413108,"Semibalanus.balanoides_EMciSupByTSS_mergedData_mergedRun_mergedAlgo",0.881201230050456
"715",39,"wave_fetch",2.88222345438871,"Semibalanus.balanoides_EMmeanByROC_mergedData_mergedRun_mergedAlgo",0.687015691348373
"716",39,"wave_fetch",2.88222345438871,"Semibalanus.balanoides_EMciSupByTSS_mergedData_mergedRun_mergedAlgo",0.878052243222269
"717",39,"wave_fetch",2.88222345438871,"Semibalanus.balanoides_EMmeanByTSS_mergedData_mergedRun_mergedAlgo",0.681504226741147
"718",40,"wave_fetch",2.90672913464633,"Semibalanus.balanoides_EMciSupByTSS_mergedData_mergedRun_mergedAlgo",0.874785209310922
"719",40,"wave_fetch",2.90672913464633,"Semibalanus.balanoides_EMmeanByTSS_mergedData_mergedRun_mergedAlgo",0.67494674658546
"720",40,"wave_fetch",2.90672913464633,"Semibalanus.balanoides_EMmeanByROC_mergedData_mergedRun_mergedAlgo",0.681029029797499
"721",41,"wave_fetch",2.93123481490395,"Semibalanus.balanoides_EMmeanByTSS_mergedData_mergedRun_mergedAlgo",0.672945473662207
"722",41,"wave_fetch",2.93123481490395,"Semibalanus.balanoides_EMmeanByROC_mergedData_mergedRun_mergedAlgo",0.678999789492821
"723",41,"wave_fetch",2.93123481490395,"Semibalanus.balanoides_EMciSupByTSS_mergedData_mergedRun_mergedAlgo",0.870151648325311
"724",42,"wave_fetch",2.95574049516158,"Semibalanus.balanoides_EMmeanByROC_mergedData_mergedRun_mergedAlgo",0.676928223248976
"725",42,"wave_fetch",2.95574049516158,"Semibalanus.balanoides_EMciSupByTSS_mergedData_mergedRun_mergedAlgo",0.865620703995367
"726",42,"wave_fetch",2.95574049516158,"Semibalanus.balanoides_EMmeanByTSS_mergedData_mergedRun_mergedAlgo",0.670929735743997
"727",43,"wave_fetch",2.9802461754192,"Semibalanus.balanoides_EMciSupByTSS_mergedData_mergedRun_mergedAlgo",0.86485867187634
"728",43,"wave_fetch",2.9802461754192,"Semibalanus.balanoides_EMmeanByROC_mergedData_mergedRun_mergedAlgo",0.67528474073535
"729",43,"wave_fetch",2.9802461754192,"Semibalanus.balanoides_EMmeanByTSS_mergedData_mergedRun_mergedAlgo",0.66943765340958
"730",44,"wave_fetch",3.00475185567682,"Semibalanus.balanoides_EMmeanByROC_mergedData_mergedRun_mergedAlgo",0.673300528560128
"731",44,"wave_fetch",3.00475185567682,"Semibalanus.balanoides_EMciSupByTSS_mergedData_mergedRun_mergedAlgo",0.864292846441762
"732",44,"wave_fetch",3.00475185567682,"Semibalanus.balanoides_EMmeanByTSS_mergedData_mergedRun_mergedAlgo",0.667591132664191
"733",45,"wave_fetch",3.02925753593445,"Semibalanus.balanoides_EMmeanByROC_mergedData_mergedRun_mergedAlgo",0.672225921770702
"734",45,"wave_fetch",3.02925753593445,"Semibalanus.balanoides_EMmeanByTSS_mergedData_mergedRun_mergedAlgo",0.666819716023136
"735",45,"wave_fetch",3.02925753593445,"Semibalanus.balanoides_EMciSupByTSS_mergedData_mergedRun_mergedAlgo",0.863368915171004
"736",46,"wave_fetch",3.05376321619207,"Semibalanus.balanoides_EMmeanByROC_mergedData_mergedRun_mergedAlgo",0.671311151648854
"737",46,"wave_fetch",3.05376321619207,"Semibalanus.balanoides_EMciSupByTSS_mergedData_mergedRun_mergedAlgo",0.862283162239709
"738",46,"wave_fetch",3.05376321619207,"Semibalanus.balanoides_EMmeanByTSS_mergedData_mergedRun_mergedAlgo",0.666267149026068
"739",47,"wave_fetch",3.0782688964497,"Semibalanus.balanoides_EMciSupByTSS_mergedData_mergedRun_mergedAlgo",0.861218563424469
"740",47,"wave_fetch",3.0782688964497,"Semibalanus.balanoides_EMmeanByTSS_mergedData_mergedRun_mergedAlgo",0.665362804879758
"741",47,"wave_fetch",3.0782688964497,"Semibalanus.balanoides_EMmeanByROC_mergedData_mergedRun_mergedAlgo",0.670056344695738
"742",48,"wave_fetch",3.10277457670732,"Semibalanus.balanoides_EMmeanByROC_mergedData_mergedRun_mergedAlgo",0.663211522718697
"743",48,"wave_fetch",3.10277457670732,"Semibalanus.balanoides_EMciSupByTSS_mergedData_mergedRun_mergedAlgo",0.861510504217766
"744",48,"wave_fetch",3.10277457670732,"Semibalanus.balanoides_EMmeanByTSS_mergedData_mergedRun_mergedAlgo",0.658107395658077
"745",49,"wave_fetch",3.12728025696494,"Semibalanus.balanoides_EMmeanByROC_mergedData_mergedRun_mergedAlgo",0.657526603948914
"746",49,"wave_fetch",3.12728025696494,"Semibalanus.balanoides_EMciSupByTSS_mergedData_mergedRun_mergedAlgo",0.861477295021227
"747",49,"wave_fetch",3.12728025696494,"Semibalanus.balanoides_EMmeanByTSS_mergedData_mergedRun_mergedAlgo",0.652215827076268
"748",50,"wave_fetch",3.15178593722257,"Semibalanus.balanoides_EMmeanByROC_mergedData_mergedRun_mergedAlgo",0.652001405135472
"749",50,"wave_fetch",3.15178593722257,"Semibalanus.balanoides_EMciSupByTSS_mergedData_mergedRun_mergedAlgo",0.861344071841888
"750",50,"wave_fetch",3.15178593722257,"Semibalanus.balanoides_EMmeanByTSS_mergedData_mergedRun_mergedAlgo",0.646545768159148
"751",51,"wave_fetch",3.17629161748019,"Semibalanus.balanoides_EMmeanByROC_mergedData_mergedRun_mergedAlgo",0.648135644577302
"752",51,"wave_fetch",3.17629161748019,"Semibalanus.balanoides_EMciSupByTSS_mergedData_mergedRun_mergedAlgo",0.860798551774906
"753",51,"wave_fetch",3.17629161748019,"Semibalanus.balanoides_EMmeanByTSS_mergedData_mergedRun_mergedAlgo",0.642811935710928
"754",52,"wave_fetch",3.20079729773782,"Semibalanus.balanoides_EMmeanByROC_mergedData_mergedRun_mergedAlgo",0.645928946069574
"755",52,"wave_fetch",3.20079729773782,"Semibalanus.balanoides_EMciSupByTSS_mergedData_mergedRun_mergedAlgo",0.859543661241286
"756",52,"wave_fetch",3.20079729773782,"Semibalanus.balanoides_EMmeanByTSS_mergedData_mergedRun_mergedAlgo",0.64101466493922
"757",53,"wave_fetch",3.22530297799544,"Semibalanus.balanoides_EMmeanByROC_mergedData_mergedRun_mergedAlgo",0.644380843755056
"758",53,"wave_fetch",3.22530297799544,"Semibalanus.balanoides_EMciSupByTSS_mergedData_mergedRun_mergedAlgo",0.857941537532463
"759",53,"wave_fetch",3.22530297799544,"Semibalanus.balanoides_EMmeanByTSS_mergedData_mergedRun_mergedAlgo",0.640011337601766
"760",54,"wave_fetch",3.24980865825306,"Semibalanus.balanoides_EMmeanByTSS_mergedData_mergedRun_mergedAlgo",0.638944953345745
"761",54,"wave_fetch",3.24980865825306,"Semibalanus.balanoides_EMmeanByROC_mergedData_mergedRun_mergedAlgo",0.642740787883809
"762",54,"wave_fetch",3.24980865825306,"Semibalanus.balanoides_EMciSupByTSS_mergedData_mergedRun_mergedAlgo",0.856263957271264
"763",55,"wave_fetch",3.27431433851069,"Semibalanus.balanoides_EMmeanByROC_mergedData_mergedRun_mergedAlgo",0.641008151496018
"764",55,"wave_fetch",3.27431433851069,"Semibalanus.balanoides_EMciSupByTSS_mergedData_mergedRun_mergedAlgo",0.854511167644745
"765",55,"wave_fetch",3.27431433851069,"Semibalanus.balanoides_EMmeanByTSS_mergedData_mergedRun_mergedAlgo",0.637815558496321
"766",56,"wave_fetch",3.29882001876831,"Semibalanus.balanoides_EMciSupByTSS_mergedData_mergedRun_mergedAlgo",0.852683430465002
"767",56,"wave_fetch",3.29882001876831,"Semibalanus.balanoides_EMmeanByROC_mergedData_mergedRun_mergedAlgo",0.639182238052793
"768",56,"wave_fetch",3.29882001876831,"Semibalanus.balanoides_EMmeanByTSS_mergedData_mergedRun_mergedAlgo",0.636623103709185
"769",57,"wave_fetch",3.32332569902593,"Semibalanus.balanoides_EMmeanByROC_mergedData_mergedRun_mergedAlgo",0.63701229004819
"770",57,"wave_fetch",3.32332569902593,"Semibalanus.balanoides_EMciSupByTSS_mergedData_mergedRun_mergedAlgo",0.850894876925885
"771",57,"wave_fetch",3.32332569902593,"Semibalanus.balanoides_EMmeanByTSS_mergedData_mergedRun_mergedAlgo",0.635081730488361
"772",58,"wave_fetch",3.34783137928356,"Semibalanus.balanoides_EMmeanByROC_mergedData_mergedRun_mergedAlgo",0.63499749864237
"773",58,"wave_fetch",3.34783137928356,"Semibalanus.balanoides_EMmeanByTSS_mergedData_mergedRun_mergedAlgo",0.633762629442935
"774",58,"wave_fetch",3.34783137928356,"Semibalanus.balanoides_EMciSupByTSS_mergedData_mergedRun_mergedAlgo",0.848917764136532
"775",59,"wave_fetch",3.37233705954118,"Semibalanus.balanoides_EMmeanByROC_mergedData_mergedRun_mergedAlgo",0.633387014360622
"776",59,"wave_fetch",3.37233705954118,"Semibalanus.balanoides_EMciSupByTSS_mergedData_mergedRun_mergedAlgo",0.846788447848684
"777",59,"wave_fetch",3.37233705954118,"Semibalanus.balanoides_EMmeanByTSS_mergedData_mergedRun_mergedAlgo",0.632951184600266
"778",60,"wave_fetch",3.39684273979881,"Semibalanus.balanoides_EMciSupByTSS_mergedData_mergedRun_mergedAlgo",0.844664833380478
"779",60,"wave_fetch",3.39684273979881,"Semibalanus.balanoides_EMmeanByTSS_mergedData_mergedRun_mergedAlgo",0.631504118108906
"780",60,"wave_fetch",3.39684273979881,"Semibalanus.balanoides_EMmeanByROC_mergedData_mergedRun_mergedAlgo",0.631179958905776
"781",61,"wave_fetch",3.42134842005643,"Semibalanus.balanoides_EMmeanByTSS_mergedData_mergedRun_mergedAlgo",0.630278063966088
"782",61,"wave_fetch",3.42134842005643,"Semibalanus.balanoides_EMmeanByROC_mergedData_mergedRun_mergedAlgo",0.629125438132139
"783",61,"wave_fetch",3.42134842005643,"Semibalanus.balanoides_EMciSupByTSS_mergedData_mergedRun_mergedAlgo",0.842353921662806
"784",62,"wave_fetch",3.44585410031405,"Semibalanus.balanoides_EMmeanByROC_mergedData_mergedRun_mergedAlgo",0.62672255622738
"785",62,"wave_fetch",3.44585410031405,"Semibalanus.balanoides_EMciSupByTSS_mergedData_mergedRun_mergedAlgo",0.840084878759493
"786",62,"wave_fetch",3.44585410031405,"Semibalanus.balanoides_EMmeanByTSS_mergedData_mergedRun_mergedAlgo",0.628700999421056
"787",63,"wave_fetch",3.47035978057168,"Semibalanus.balanoides_EMciSupByTSS_mergedData_mergedRun_mergedAlgo",0.837632135545993
"788",63,"wave_fetch",3.47035978057168,"Semibalanus.balanoides_EMmeanByROC_mergedData_mergedRun_mergedAlgo",0.624470431144637
"789",63,"wave_fetch",3.47035978057168,"Semibalanus.balanoides_EMmeanByTSS_mergedData_mergedRun_mergedAlgo",0.627343677007912
"790",64,"wave_fetch",3.4948654608293,"Semibalanus.balanoides_EMmeanByROC_mergedData_mergedRun_mergedAlgo",0.624055586320394
"791",64,"wave_fetch",3.4948654608293,"Semibalanus.balanoides_EMciSupByTSS_mergedData_mergedRun_mergedAlgo",0.836005940922214
"792",64,"wave_fetch",3.4948654608293,"Semibalanus.balanoides_EMmeanByTSS_mergedData_mergedRun_mergedAlgo",0.628133771607303
"793",65,"wave_fetch",3.51937114108692,"Semibalanus.balanoides_EMmeanByROC_mergedData_mergedRun_mergedAlgo",0.624610968704259
"794",65,"wave_fetch",3.51937114108692,"Semibalanus.balanoides_EMmeanByTSS_mergedData_mergedRun_mergedAlgo",0.630080456953494
"795",65,"wave_fetch",3.51937114108692,"Semibalanus.balanoides_EMciSupByTSS_mergedData_mergedRun_mergedAlgo",0.833983114761365
"796",66,"wave_fetch",3.54387682134455,"Semibalanus.balanoides_EMmeanByROC_mergedData_mergedRun_mergedAlgo",0.618075093114665
"797",66,"wave_fetch",3.54387682134455,"Semibalanus.balanoides_EMciSupByTSS_mergedData_mergedRun_mergedAlgo",0.834679988241725
"798",66,"wave_fetch",3.54387682134455,"Semibalanus.balanoides_EMmeanByTSS_mergedData_mergedRun_mergedAlgo",0.623970554591926
"799",67,"wave_fetch",3.56838250160217,"Semibalanus.balanoides_EMciSupByTSS_mergedData_mergedRun_mergedAlgo",0.836499047848949
"800",67,"wave_fetch",3.56838250160217,"Semibalanus.balanoides_EMmeanByTSS_mergedData_mergedRun_mergedAlgo",0.612944684023413
"801",67,"wave_fetch",3.56838250160217,"Semibalanus.balanoides_EMmeanByROC_mergedData_mergedRun_mergedAlgo",0.607196187919667
"802",68,"wave_fetch",3.5928881818598,"Semibalanus.balanoides_EMmeanByROC_mergedData_mergedRun_mergedAlgo",0.60872209202444
"803",68,"wave_fetch",3.5928881818598,"Semibalanus.balanoides_EMciSupByTSS_mergedData_mergedRun_mergedAlgo",0.833913725963716
"804",68,"wave_fetch",3.5928881818598,"Semibalanus.balanoides_EMmeanByTSS_mergedData_mergedRun_mergedAlgo",0.616142842786904
"805",69,"wave_fetch",3.61739386211742,"Semibalanus.balanoides_EMmeanByROC_mergedData_mergedRun_mergedAlgo",0.609651153126961
"806",69,"wave_fetch",3.61739386211742,"Semibalanus.balanoides_EMciSupByTSS_mergedData_mergedRun_mergedAlgo",0.831758098899456
"807",69,"wave_fetch",3.61739386211742,"Semibalanus.balanoides_EMmeanByTSS_mergedData_mergedRun_mergedAlgo",0.618705416675547
"808",70,"wave_fetch",3.64189954237504,"Semibalanus.balanoides_EMmeanByROC_mergedData_mergedRun_mergedAlgo",0.614231502180722
"809",70,"wave_fetch",3.64189954237504,"Semibalanus.balanoides_EMciSupByTSS_mergedData_mergedRun_mergedAlgo",0.828740826095528
"810",70,"wave_fetch",3.64189954237504,"Semibalanus.balanoides_EMmeanByTSS_mergedData_mergedRun_mergedAlgo",0.62548662029259
"811",71,"wave_fetch",3.66640522263267,"Semibalanus.balanoides_EMmeanByROC_mergedData_mergedRun_mergedAlgo",0.617461453978461
"812",71,"wave_fetch",3.66640522263267,"Semibalanus.balanoides_EMciSupByTSS_mergedData_mergedRun_mergedAlgo",0.825775362467444
"813",71,"wave_fetch",3.66640522263267,"Semibalanus.balanoides_EMmeanByTSS_mergedData_mergedRun_mergedAlgo",0.630769225304809
"814",72,"wave_fetch",3.69091090289029,"Semibalanus.balanoides_EMmeanByROC_mergedData_mergedRun_mergedAlgo",0.619589408743944
"815",72,"wave_fetch",3.69091090289029,"Semibalanus.balanoides_EMciSupByTSS_mergedData_mergedRun_mergedAlgo",0.823528582441818
"816",72,"wave_fetch",3.69091090289029,"Semibalanus.balanoides_EMmeanByTSS_mergedData_mergedRun_mergedAlgo",0.634835862326116
"817",73,"wave_fetch",3.71541658314792,"Semibalanus.balanoides_EMmeanByROC_mergedData_mergedRun_mergedAlgo",0.61636412959001
"818",73,"wave_fetch",3.71541658314792,"Semibalanus.balanoides_EMciSupByTSS_mergedData_mergedRun_mergedAlgo",0.822959125097823
"819",73,"wave_fetch",3.71541658314792,"Semibalanus.balanoides_EMmeanByTSS_mergedData_mergedRun_mergedAlgo",0.63282646807553
"820",74,"wave_fetch",3.73992226340554,"Semibalanus.balanoides_EMmeanByTSS_mergedData_mergedRun_mergedAlgo",0.631309163728568
"821",74,"wave_fetch",3.73992226340554,"Semibalanus.balanoides_EMmeanByROC_mergedData_mergedRun_mergedAlgo",0.613534270670608
"822",74,"wave_fetch",3.73992226340554,"Semibalanus.balanoides_EMciSupByTSS_mergedData_mergedRun_mergedAlgo",0.822317197207351
"823",75,"wave_fetch",3.76442794366316,"Semibalanus.balanoides_EMmeanByROC_mergedData_mergedRun_mergedAlgo",0.630849155822469
"824",75,"wave_fetch",3.76442794366316,"Semibalanus.balanoides_EMciSupByTSS_mergedData_mergedRun_mergedAlgo",0.815906385501682
"825",75,"wave_fetch",3.76442794366316,"Semibalanus.balanoides_EMmeanByTSS_mergedData_mergedRun_mergedAlgo",0.652852564645964
"826",76,"wave_fetch",3.78893362392079,"Semibalanus.balanoides_EMciSupByTSS_mergedData_mergedRun_mergedAlgo",0.814094102210029
"827",76,"wave_fetch",3.78893362392079,"Semibalanus.balanoides_EMmeanByROC_mergedData_mergedRun_mergedAlgo",0.63455793245835
"828",76,"wave_fetch",3.78893362392079,"Semibalanus.balanoides_EMmeanByTSS_mergedData_mergedRun_mergedAlgo",0.658881950201955
"829",77,"wave_fetch",3.81343930417841,"Semibalanus.balanoides_EMmeanByROC_mergedData_mergedRun_mergedAlgo",0.627029225438353
"830",77,"wave_fetch",3.81343930417841,"Semibalanus.balanoides_EMciSupByTSS_mergedData_mergedRun_mergedAlgo",0.812855003720242
"831",77,"wave_fetch",3.81343930417841,"Semibalanus.balanoides_EMmeanByTSS_mergedData_mergedRun_mergedAlgo",0.652101722386856
"832",78,"wave_fetch",3.83794498443604,"Semibalanus.balanoides_EMmeanByROC_mergedData_mergedRun_mergedAlgo",0.609364040608287
"833",78,"wave_fetch",3.83794498443604,"Semibalanus.balanoides_EMmeanByTSS_mergedData_mergedRun_mergedAlgo",0.633767296080038
"834",78,"wave_fetch",3.83794498443604,"Semibalanus.balanoides_EMciSupByTSS_mergedData_mergedRun_mergedAlgo",0.794989087350293
"835",79,"wave_fetch",3.86245066469366,"Semibalanus.balanoides_EMmeanByROC_mergedData_mergedRun_mergedAlgo",0.595245167653898
"836",79,"wave_fetch",3.86245066469366,"Semibalanus.balanoides_EMciSupByTSS_mergedData_mergedRun_mergedAlgo",0.775207307089544
"837",79,"wave_fetch",3.86245066469366,"Semibalanus.balanoides_EMmeanByTSS_mergedData_mergedRun_mergedAlgo",0.619512992377754
"838",80,"wave_fetch",3.88695634495128,"Semibalanus.balanoides_EMciSupByTSS_mergedData_mergedRun_mergedAlgo",0.75648207982027
"839",80,"wave_fetch",3.88695634495128,"Semibalanus.balanoides_EMmeanByTSS_mergedData_mergedRun_mergedAlgo",0.597472363399449
"840",80,"wave_fetch",3.88695634495128,"Semibalanus.balanoides_EMmeanByROC_mergedData_mergedRun_mergedAlgo",0.574292456876475
"841",81,"wave_fetch",3.91146202520891,"Semibalanus.balanoides_EMmeanByTSS_mergedData_mergedRun_mergedAlgo",0.577512519727965
"842",81,"wave_fetch",3.91146202520891,"Semibalanus.balanoides_EMmeanByROC_mergedData_mergedRun_mergedAlgo",0.555142844448129
"843",81,"wave_fetch",3.91146202520891,"Semibalanus.balanoides_EMciSupByTSS_mergedData_mergedRun_mergedAlgo",0.736858338384397
"844",82,"wave_fetch",3.93596770546653,"Semibalanus.balanoides_EMmeanByROC_mergedData_mergedRun_mergedAlgo",0.535941500653408
"845",82,"wave_fetch",3.93596770546653,"Semibalanus.balanoides_EMciSupByTSS_mergedData_mergedRun_mergedAlgo",0.717535684497433
"846",82,"wave_fetch",3.93596770546653,"Semibalanus.balanoides_EMmeanByTSS_mergedData_mergedRun_mergedAlgo",0.557509745777648
"847",83,"wave_fetch",3.96047338572415,"Semibalanus.balanoides_EMciSupByTSS_mergedData_mergedRun_mergedAlgo",0.702443299480104
"848",83,"wave_fetch",3.96047338572415,"Semibalanus.balanoides_EMmeanByROC_mergedData_mergedRun_mergedAlgo",0.502833475567606
"849",83,"wave_fetch",3.96047338572415,"Semibalanus.balanoides_EMmeanByTSS_mergedData_mergedRun_mergedAlgo",0.521625688216516
"850",84,"wave_fetch",3.98497906598178,"Semibalanus.balanoides_EMmeanByROC_mergedData_mergedRun_mergedAlgo",0.48820609156147
"851",84,"wave_fetch",3.98497906598178,"Semibalanus.balanoides_EMciSupByTSS_mergedData_mergedRun_mergedAlgo",0.68333033828197
"852",84,"wave_fetch",3.98497906598178,"Semibalanus.balanoides_EMmeanByTSS_mergedData_mergedRun_mergedAlgo",0.506870116668708
"853",85,"wave_fetch",4.0094847462394,"Semibalanus.balanoides_EMmeanByROC_mergedData_mergedRun_mergedAlgo",0.485684831958327
"854",85,"wave_fetch",4.0094847462394,"Semibalanus.balanoides_EMmeanByTSS_mergedData_mergedRun_mergedAlgo",0.505953398581919
"855",85,"wave_fetch",4.0094847462394,"Semibalanus.balanoides_EMciSupByTSS_mergedData_mergedRun_mergedAlgo",0.663961809506621
"856",86,"wave_fetch",4.03399042649703,"Semibalanus.balanoides_EMmeanByROC_mergedData_mergedRun_mergedAlgo",0.472877725105357
"857",86,"wave_fetch",4.03399042649703,"Semibalanus.balanoides_EMciSupByTSS_mergedData_mergedRun_mergedAlgo",0.648749779226771
"858",86,"wave_fetch",4.03399042649703,"Semibalanus.balanoides_EMmeanByTSS_mergedData_mergedRun_mergedAlgo",0.493280115654458
"859",87,"wave_fetch",4.05849610675465,"Semibalanus.balanoides_EMciSupByTSS_mergedData_mergedRun_mergedAlgo",0.634690181254894
"860",87,"wave_fetch",4.05849610675465,"Semibalanus.balanoides_EMmeanByTSS_mergedData_mergedRun_mergedAlgo",0.476377534730514
"861",87,"wave_fetch",4.05849610675465,"Semibalanus.balanoides_EMmeanByROC_mergedData_mergedRun_mergedAlgo",0.456375223059982
"862",88,"wave_fetch",4.08300178701227,"Semibalanus.balanoides_EMmeanByROC_mergedData_mergedRun_mergedAlgo",0.448999574040974
"863",88,"wave_fetch",4.08300178701227,"Semibalanus.balanoides_EMciSupByTSS_mergedData_mergedRun_mergedAlgo",0.624164829547308
"864",88,"wave_fetch",4.08300178701227,"Semibalanus.balanoides_EMmeanByTSS_mergedData_mergedRun_mergedAlgo",0.469894931602771
"865",89,"wave_fetch",4.1075074672699,"Semibalanus.balanoides_EMmeanByROC_mergedData_mergedRun_mergedAlgo",0.442305187759654
"866",89,"wave_fetch",4.1075074672699,"Semibalanus.balanoides_EMciSupByTSS_mergedData_mergedRun_mergedAlgo",0.617475717624193
"867",89,"wave_fetch",4.1075074672699,"Semibalanus.balanoides_EMmeanByTSS_mergedData_mergedRun_mergedAlgo",0.464175480294781
"868",90,"wave_fetch",4.13201314752752,"Semibalanus.balanoides_EMmeanByROC_mergedData_mergedRun_mergedAlgo",0.426830492738999
"869",90,"wave_fetch",4.13201314752752,"Semibalanus.balanoides_EMciSupByTSS_mergedData_mergedRun_mergedAlgo",0.607843147248916
"870",90,"wave_fetch",4.13201314752752,"Semibalanus.balanoides_EMmeanByTSS_mergedData_mergedRun_mergedAlgo",0.448401277434016
"871",91,"wave_fetch",4.15651882778515,"Semibalanus.balanoides_EMmeanByROC_mergedData_mergedRun_mergedAlgo",0.412100534758286
"872",91,"wave_fetch",4.15651882778515,"Semibalanus.balanoides_EMciSupByTSS_mergedData_mergedRun_mergedAlgo",0.598323514107368
"873",91,"wave_fetch",4.15651882778515,"Semibalanus.balanoides_EMmeanByTSS_mergedData_mergedRun_mergedAlgo",0.433453499859278
"874",92,"wave_fetch",4.18102450804277,"Semibalanus.balanoides_EMmeanByROC_mergedData_mergedRun_mergedAlgo",0.415377690639411
"875",92,"wave_fetch",4.18102450804277,"Semibalanus.balanoides_EMciSupByTSS_mergedData_mergedRun_mergedAlgo",0.603209540990378
"876",92,"wave_fetch",4.18102450804277,"Semibalanus.balanoides_EMmeanByTSS_mergedData_mergedRun_mergedAlgo",0.439056122221992
"877",93,"wave_fetch",4.20553018830039,"Semibalanus.balanoides_EMmeanByROC_mergedData_mergedRun_mergedAlgo",0.40466574672871
"878",93,"wave_fetch",4.20553018830039,"Semibalanus.balanoides_EMciSupByTSS_mergedData_mergedRun_mergedAlgo",0.59863536423593
"879",93,"wave_fetch",4.20553018830039,"Semibalanus.balanoides_EMmeanByTSS_mergedData_mergedRun_mergedAlgo",0.428637764340755
"880",94,"wave_fetch",4.23003586855802,"Semibalanus.balanoides_EMmeanByTSS_mergedData_mergedRun_mergedAlgo",0.415618238320951
"881",94,"wave_fetch",4.23003586855802,"Semibalanus.balanoides_EMmeanByROC_mergedData_mergedRun_mergedAlgo",0.391710591633451
"882",94,"wave_fetch",4.23003586855802,"Semibalanus.balanoides_EMciSupByTSS_mergedData_mergedRun_mergedAlgo",0.591338364574685
"883",95,"wave_fetch",4.25454154881564,"Semibalanus.balanoides_EMmeanByROC_mergedData_mergedRun_mergedAlgo",0.37650239804976
"884",95,"wave_fetch",4.25454154881564,"Semibalanus.balanoides_EMciSupByTSS_mergedData_mergedRun_mergedAlgo",0.581382164464902
"885",95,"wave_fetch",4.25454154881564,"Semibalanus.balanoides_EMmeanByTSS_mergedData_mergedRun_mergedAlgo",0.399982508675883
"886",96,"wave_fetch",4.27904722907326,"Semibalanus.balanoides_EMciSupByTSS_mergedData_mergedRun_mergedAlgo",0.576691690365307
"887",96,"wave_fetch",4.27904722907326,"Semibalanus.balanoides_EMmeanByROC_mergedData_mergedRun_mergedAlgo",0.366777918867886
"888",96,"wave_fetch",4.27904722907326,"Semibalanus.balanoides_EMmeanByTSS_mergedData_mergedRun_mergedAlgo",0.390569064880156
"889",97,"wave_fetch",4.30355290933089,"Semibalanus.balanoides_EMmeanByROC_mergedData_mergedRun_mergedAlgo",0.357270523153745
"890",97,"wave_fetch",4.30355290933089,"Semibalanus.balanoides_EMciSupByTSS_mergedData_mergedRun_mergedAlgo",0.571945064921095
"891",97,"wave_fetch",4.30355290933089,"Semibalanus.balanoides_EMmeanByTSS_mergedData_mergedRun_mergedAlgo",0.381355706366474
"892",98,"wave_fetch",4.32805858958851,"Semibalanus.balanoides_EMmeanByROC_mergedData_mergedRun_mergedAlgo",0.348462723067348
"893",98,"wave_fetch",4.32805858958851,"Semibalanus.balanoides_EMmeanByTSS_mergedData_mergedRun_mergedAlgo",0.37289102635001
"894",98,"wave_fetch",4.32805858958851,"Semibalanus.balanoides_EMciSupByTSS_mergedData_mergedRun_mergedAlgo",0.567626393513422
"895",99,"wave_fetch",4.35256426984614,"Semibalanus.balanoides_EMmeanByROC_mergedData_mergedRun_mergedAlgo",0.340086068266029
"896",99,"wave_fetch",4.35256426984614,"Semibalanus.balanoides_EMciSupByTSS_mergedData_mergedRun_mergedAlgo",0.563456434372666
"897",99,"wave_fetch",4.35256426984614,"Semibalanus.balanoides_EMmeanByTSS_mergedData_mergedRun_mergedAlgo",0.364865738711892
"898",100,"wave_fetch",4.37706995010376,"Semibalanus.balanoides_EMciSupByTSS_mergedData_mergedRun_mergedAlgo",0.559418652113725
"899",100,"wave_fetch",4.37706995010376,"Semibalanus.balanoides_EMmeanByTSS_mergedData_mergedRun_mergedAlgo",0.357256421454326
"900",100,"wave_fetch",4.37706995010376,"Semibalanus.balanoides_EMmeanByROC_mergedData_mergedRun_mergedAlgo",0.332121909823312
