"","id","expl.name","expl.val","pred.name","pred.val"
"1",1,"ocean_temp",9.90896304924382,"Semibalanus.balanoides_PA1_RUN1_GAM",0.985158793667826
"2",1,"ocean_temp",9.90896304924382,"Semibalanus.balanoides_PA1_allRun_MAXENT",0.907511
"3",1,"ocean_temp",9.90896304924382,"Semibalanus.balanoides_allData_allRun_GLM",0.548414917180697
"4",1,"ocean_temp",9.90896304924382,"Semibalanus.balanoides_PA1_RUN1_RF",0.688
"5",1,"ocean_temp",9.90896304924382,"Semibalanus.balanoides_PA1_RUN1_GLM",0.984991635818891
"6",1,"ocean_temp",9.90896304924382,"Semibalanus.balanoides_allData_allRun_GAM",0.821960231196476
"7",2,"ocean_temp",9.94184040925652,"Semibalanus.balanoides_PA1_allRun_MAXENT",0.952366
"8",2,"ocean_temp",9.94184040925652,"Semibalanus.balanoides_allData_allRun_GLM",0.560742461528747
"9",2,"ocean_temp",9.94184040925652,"Semibalanus.balanoides_PA1_RUN1_RF",0.688
"10",2,"ocean_temp",9.94184040925652,"Semibalanus.balanoides_PA1_RUN1_GLM",0.986546331881024
"11",2,"ocean_temp",9.94184040925652,"Semibalanus.balanoides_PA1_RUN1_GAM",0.985239407523609
"12",2,"ocean_temp",9.94184040925652,"Semibalanus.balanoides_allData_allRun_GAM",0.824031247464157
"13",3,"ocean_temp",9.97471776926921,"Semibalanus.balanoides_PA1_RUN1_GAM",0.985319590029381
"14",3,"ocean_temp",9.97471776926921,"Semibalanus.balanoides_PA1_RUN1_GLM",0.987920372835242
"15",3,"ocean_temp",9.97471776926921,"Semibalanus.balanoides_PA1_RUN1_RF",0.688
"16",3,"ocean_temp",9.97471776926921,"Semibalanus.balanoides_PA1_allRun_MAXENT",0.979619
"17",3,"ocean_temp",9.97471776926921,"Semibalanus.balanoides_allData_allRun_GLM",0.572840313094552
"18",3,"ocean_temp",9.97471776926921,"Semibalanus.balanoides_allData_allRun_GAM",0.826083270303905
"19",4,"ocean_temp",10.0075951292819,"Semibalanus.balanoides_PA1_RUN1_GLM",0.989136193935531
"20",4,"ocean_temp",10.0075951292819,"Semibalanus.balanoides_PA1_RUN1_GAM",0.985399343422511
"21",4,"ocean_temp",10.0075951292819,"Semibalanus.balanoides_PA1_allRun_MAXENT",0.993121
"22",4,"ocean_temp",10.0075951292819,"Semibalanus.balanoides_allData_allRun_GLM",0.584697646190776
"23",4,"ocean_temp",10.0075951292819,"Semibalanus.balanoides_PA1_RUN1_RF",0.688
"24",4,"ocean_temp",10.0075951292819,"Semibalanus.balanoides_allData_allRun_GAM",0.828116355277321
"25",5,"ocean_temp",10.0404724892946,"Semibalanus.balanoides_PA1_RUN1_RF",0.688
"26",5,"ocean_temp",10.0404724892946,"Semibalanus.balanoides_PA1_RUN1_GAM",0.985478669929528
"27",5,"ocean_temp",10.0404724892946,"Semibalanus.balanoides_allData_allRun_GAM",0.830130560717482
"28",5,"ocean_temp",10.0404724892946,"Semibalanus.balanoides_PA1_allRun_MAXENT",0.998287
"29",5,"ocean_temp",10.0404724892946,"Semibalanus.balanoides_PA1_RUN1_GLM",0.990213329689373
"30",5,"ocean_temp",10.0404724892946,"Semibalanus.balanoides_allData_allRun_GLM",0.596305031497933
"31",6,"ocean_temp",10.0733498493073,"Semibalanus.balanoides_PA1_RUN1_GLM",0.991168793362806
"32",6,"ocean_temp",10.0733498493073,"Semibalanus.balanoides_PA1_RUN1_GAM",0.98555757176617
"33",6,"ocean_temp",10.0733498493073,"Semibalanus.balanoides_allData_allRun_GLM",0.607654403577887
"34",6,"ocean_temp",10.0733498493073,"Semibalanus.balanoides_PA1_allRun_MAXENT",0.999711
"35",6,"ocean_temp",10.0733498493073,"Semibalanus.balanoides_PA1_RUN1_RF",0.688
"36",6,"ocean_temp",10.0733498493073,"Semibalanus.balanoides_allData_allRun_GAM",0.832125947659523
"37",7,"ocean_temp",10.10622720932,"Semibalanus.balanoides_PA1_RUN1_GLM",0.99201740833327
"38",7,"ocean_temp",10.10622720932,"Semibalanus.balanoides_PA1_RUN1_GAM",0.985636051137419
"39",7,"ocean_temp",10.10622720932,"Semibalanus.balanoides_PA1_RUN1_RF",0.688
"40",7,"ocean_temp",10.10622720932,"Semibalanus.balanoides_PA1_allRun_MAXENT",0.99997
"41",7,"ocean_temp",10.10622720932,"Semibalanus.balanoides_allData_allRun_GAM",0.834102579771388
"42",7,"ocean_temp",10.10622720932,"Semibalanus.balanoides_allData_allRun_GLM",0.618739018187623
"43",8,"ocean_temp",10.1391045693327,"Semibalanus.balanoides_PA1_RUN1_GAM",0.985714110237555
"44",8,"ocean_temp",10.1391045693327,"Semibalanus.balanoides_PA1_allRun_MAXENT",0.999998
"45",8,"ocean_temp",10.1391045693327,"Semibalanus.balanoides_PA1_RUN1_GLM",0.992772096680936
"46",8,"ocean_temp",10.1391045693327,"Semibalanus.balanoides_PA1_RUN1_RF",0.688
"47",8,"ocean_temp",10.1391045693327,"Semibalanus.balanoides_allData_allRun_GLM",0.629553400871839
"48",8,"ocean_temp",10.1391045693327,"Semibalanus.balanoides_allData_allRun_GAM",0.836060523284809
"49",9,"ocean_temp",10.1719819293454,"Semibalanus.balanoides_PA1_RUN1_GLM",0.993444130052888
"50",9,"ocean_temp",10.1719819293454,"Semibalanus.balanoides_allData_allRun_GLM",0.640093288347919
"51",9,"ocean_temp",10.1719819293454,"Semibalanus.balanoides_PA1_allRun_MAXENT",1
"52",9,"ocean_temp",10.1719819293454,"Semibalanus.balanoides_PA1_RUN1_RF",0.688
"53",9,"ocean_temp",10.1719819293454,"Semibalanus.balanoides_PA1_RUN1_GAM",0.985791751250197
"54",9,"ocean_temp",10.1719819293454,"Semibalanus.balanoides_allData_allRun_GAM",0.837999846926584
"55",10,"ocean_temp",10.2048592893581,"Semibalanus.balanoides_PA1_RUN1_GAM",0.985868976348338
"56",10,"ocean_temp",10.2048592893581,"Semibalanus.balanoides_PA1_RUN1_RF",0.688
"57",10,"ocean_temp",10.2048592893581,"Semibalanus.balanoides_allData_allRun_GAM",0.839920621850124
"58",10,"ocean_temp",10.2048592893581,"Semibalanus.balanoides_PA1_allRun_MAXENT",1
"59",10,"ocean_temp",10.2048592893581,"Semibalanus.balanoides_PA1_RUN1_GLM",0.994043347413832
"60",10,"ocean_temp",10.2048592893581,"Semibalanus.balanoides_allData_allRun_GLM",0.650355564138677
"61",11,"ocean_temp",10.2377366493708,"Semibalanus.balanoides_PA1_RUN1_GAM",0.985945787694405
"62",11,"ocean_temp",10.2377366493708,"Semibalanus.balanoides_PA1_RUN1_GLM",0.994578343850568
"63",11,"ocean_temp",10.2377366493708,"Semibalanus.balanoides_allData_allRun_GLM",0.660338189829151
"64",11,"ocean_temp",10.2377366493708,"Semibalanus.balanoides_PA1_allRun_MAXENT",1
"65",11,"ocean_temp",10.2377366493708,"Semibalanus.balanoides_PA1_RUN1_RF",0.688
"66",11,"ocean_temp",10.2377366493708,"Semibalanus.balanoides_allData_allRun_GAM",0.841822921567388
"67",12,"ocean_temp",10.2706140093835,"Semibalanus.balanoides_PA1_RUN1_GLM",0.995056634154888
"68",12,"ocean_temp",10.2706140093835,"Semibalanus.balanoides_PA1_allRun_MAXENT",1
"69",12,"ocean_temp",10.2706140093835,"Semibalanus.balanoides_PA1_RUN1_GAM",0.986022187440284
"70",12,"ocean_temp",10.2706140093835,"Semibalanus.balanoides_PA1_RUN1_RF",0.688
"71",12,"ocean_temp",10.2706140093835,"Semibalanus.balanoides_allData_allRun_GLM",0.670040133211373
"72",12,"ocean_temp",10.2706140093835,"Semibalanus.balanoides_allData_allRun_GAM",0.843706821881189
"73",13,"ocean_temp",10.3034913693962,"Semibalanus.balanoides_PA1_RUN1_GAM",0.986098177727381
"74",13,"ocean_temp",10.3034913693962,"Semibalanus.balanoides_PA1_RUN1_RF",0.694
"75",13,"ocean_temp",10.3034913693962,"Semibalanus.balanoides_PA1_allRun_MAXENT",1
"76",13,"ocean_temp",10.3034913693962,"Semibalanus.balanoides_PA1_RUN1_GLM",0.995484794485551
"77",13,"ocean_temp",10.3034913693962,"Semibalanus.balanoides_allData_allRun_GAM",0.845572400817918
"78",13,"ocean_temp",10.3034913693962,"Semibalanus.balanoides_allData_allRun_GLM",0.679461294558475
"79",14,"ocean_temp",10.3363687294089,"Semibalanus.balanoides_PA1_RUN1_GLM",0.995868585015535
"80",14,"ocean_temp",10.3363687294089,"Semibalanus.balanoides_allData_allRun_GLM",0.68860243204239
"81",14,"ocean_temp",10.3363687294089,"Semibalanus.balanoides_PA1_allRun_MAXENT",1
"82",14,"ocean_temp",10.3363687294089,"Semibalanus.balanoides_PA1_RUN1_GAM",0.986173760686654
"83",14,"ocean_temp",10.3363687294089,"Semibalanus.balanoides_PA1_RUN1_RF",0.694
"84",14,"ocean_temp",10.3363687294089,"Semibalanus.balanoides_allData_allRun_GAM",0.847419738560747
"85",15,"ocean_temp",10.3692460894216,"Semibalanus.balanoides_PA1_RUN1_GAM",0.98624893843866
"86",15,"ocean_temp",10.3692460894216,"Semibalanus.balanoides_PA1_RUN1_RF",0.708
"87",15,"ocean_temp",10.3692460894216,"Semibalanus.balanoides_PA1_RUN1_GLM",0.996213056110269
"88",15,"ocean_temp",10.3692460894216,"Semibalanus.balanoides_allData_allRun_GAM",0.849248917383275
"89",15,"ocean_temp",10.3692460894216,"Semibalanus.balanoides_PA1_allRun_MAXENT",1
"90",15,"ocean_temp",10.3692460894216,"Semibalanus.balanoides_allData_allRun_GLM",0.6974650872709
"91",16,"ocean_temp",10.4021234494343,"Semibalanus.balanoides_PA1_RUN1_GAM",0.986323713093598
"92",16,"ocean_temp",10.4021234494343,"Semibalanus.balanoides_PA1_allRun_MAXENT",1
"93",16,"ocean_temp",10.4021234494343,"Semibalanus.balanoides_PA1_RUN1_GLM",0.996522640257526
"94",16,"ocean_temp",10.4021234494343,"Semibalanus.balanoides_allData_allRun_GLM",0.7060515117845
"95",16,"ocean_temp",10.4021234494343,"Semibalanus.balanoides_PA1_RUN1_RF",0.714
"96",16,"ocean_temp",10.4021234494343,"Semibalanus.balanoides_allData_allRun_GAM",0.851060021583739
"97",17,"ocean_temp",10.435000809447,"Semibalanus.balanoides_PA1_RUN1_GLM",0.996801231680338
"98",17,"ocean_temp",10.435000809447,"Semibalanus.balanoides_allData_allRun_GLM",0.714364595192786
"99",17,"ocean_temp",10.435000809447,"Semibalanus.balanoides_PA1_RUN1_GAM",0.986398086751351
"100",17,"ocean_temp",10.435000809447,"Semibalanus.balanoides_PA1_RUN1_RF",0.716
"101",17,"ocean_temp",10.435000809447,"Semibalanus.balanoides_PA1_allRun_MAXENT",1
"102",17,"ocean_temp",10.435000809447,"Semibalanus.balanoides_allData_allRun_GAM",0.852853137419745
"103",18,"ocean_temp",10.4678781694597,"Semibalanus.balanoides_PA1_RUN1_RF",0.738
"104",18,"ocean_temp",10.4678781694597,"Semibalanus.balanoides_PA1_RUN1_GLM",0.997052255307806
"105",18,"ocean_temp",10.4678781694597,"Semibalanus.balanoides_PA1_allRun_MAXENT",1
"106",18,"ocean_temp",10.4678781694597,"Semibalanus.balanoides_allData_allRun_GAM",0.854628353043585
"107",18,"ocean_temp",10.4678781694597,"Semibalanus.balanoides_allData_allRun_GLM",0.722407795558172
"108",18,"ocean_temp",10.4678781694597,"Semibalanus.balanoides_PA1_RUN1_GAM",0.986472061501534
"109",19,"ocean_temp",10.5007555294724,"Semibalanus.balanoides_PA1_RUN1_GLM",0.997278726554011
"110",19,"ocean_temp",10.5007555294724,"Semibalanus.balanoides_PA1_allRun_MAXENT",1
"111",19,"ocean_temp",10.5007555294724,"Semibalanus.balanoides_allData_allRun_GAM",0.856385758438167
"112",19,"ocean_temp",10.5007555294724,"Semibalanus.balanoides_PA1_RUN1_RF",0.75
"113",19,"ocean_temp",10.5007555294724,"Semibalanus.balanoides_PA1_RUN1_GAM",0.986545639423526
"114",19,"ocean_temp",10.5007555294724,"Semibalanus.balanoides_allData_allRun_GLM",0.730185072512323
"115",20,"ocean_temp",10.5336328894851,"Semibalanus.balanoides_allData_allRun_GAM",0.858125445353542
"116",20,"ocean_temp",10.5336328894851,"Semibalanus.balanoides_allData_allRun_GLM",0.737700823480328
"117",20,"ocean_temp",10.5336328894851,"Semibalanus.balanoides_PA1_allRun_MAXENT",1
"118",20,"ocean_temp",10.5336328894851,"Semibalanus.balanoides_PA1_RUN1_GLM",0.997483303158358
"119",20,"ocean_temp",10.5336328894851,"Semibalanus.balanoides_PA1_RUN1_RF",0.812
"120",20,"ocean_temp",10.5336328894851,"Semibalanus.balanoides_PA1_RUN1_GAM",0.986618822586528
"121",21,"ocean_temp",10.5665102494978,"Semibalanus.balanoides_allData_allRun_GLM",0.744959823274583
"122",21,"ocean_temp",10.5665102494978,"Semibalanus.balanoides_PA1_allRun_MAXENT",1
"123",21,"ocean_temp",10.5665102494978,"Semibalanus.balanoides_PA1_RUN1_GLM",0.997668330169414
"124",21,"ocean_temp",10.5665102494978,"Semibalanus.balanoides_PA1_RUN1_RF",0.812
"125",21,"ocean_temp",10.5665102494978,"Semibalanus.balanoides_allData_allRun_GAM",0.859847507244118
"126",21,"ocean_temp",10.5665102494978,"Semibalanus.balanoides_PA1_RUN1_GAM",0.986691613049593
"127",22,"ocean_temp",10.5993876095104,"Semibalanus.balanoides_PA1_RUN1_GLM",0.997835879005908
"128",22,"ocean_temp",10.5993876095104,"Semibalanus.balanoides_PA1_allRun_MAXENT",1
"129",22,"ocean_temp",10.5993876095104,"Semibalanus.balanoides_PA1_RUN1_GAM",0.986764012861673
"130",22,"ocean_temp",10.5993876095104,"Semibalanus.balanoides_PA1_RUN1_RF",0.812
"131",22,"ocean_temp",10.5993876095104,"Semibalanus.balanoides_allData_allRun_GLM",0.75196716730663
"132",22,"ocean_temp",10.5993876095104,"Semibalanus.balanoides_allData_allRun_GAM",0.861552039206534
"133",23,"ocean_temp",10.6322649695231,"Semibalanus.balanoides_PA1_allRun_MAXENT",1
"134",23,"ocean_temp",10.6322649695231,"Semibalanus.balanoides_PA1_RUN1_RF",0.768
"135",23,"ocean_temp",10.6322649695231,"Semibalanus.balanoides_allData_allRun_GLM",0.75872821849111
"136",23,"ocean_temp",10.6322649695231,"Semibalanus.balanoides_PA1_RUN1_GLM",0.997987781399531
"137",23,"ocean_temp",10.6322649695231,"Semibalanus.balanoides_allData_allRun_GAM",0.863239137918231
"138",23,"ocean_temp",10.6322649695231,"Semibalanus.balanoides_PA1_RUN1_GAM",0.986836024061666
"139",24,"ocean_temp",10.6651423295358,"Semibalanus.balanoides_PA1_RUN1_GLM",0.998125658913345
"140",24,"ocean_temp",10.6651423295358,"Semibalanus.balanoides_PA1_RUN1_GAM",0.986907648678447
"141",24,"ocean_temp",10.6651423295358,"Semibalanus.balanoides_PA1_allRun_MAXENT",1
"142",24,"ocean_temp",10.6651423295358,"Semibalanus.balanoides_PA1_RUN1_RF",0.758
"143",24,"ocean_temp",10.6651423295358,"Semibalanus.balanoides_allData_allRun_GLM",0.765248557931741
"144",24,"ocean_temp",10.6651423295358,"Semibalanus.balanoides_allData_allRun_GAM",0.864908901576753
"145",25,"ocean_temp",10.6980196895485,"Semibalanus.balanoides_PA1_RUN1_GLM",0.998250948633477
"146",25,"ocean_temp",10.6980196895485,"Semibalanus.balanoides_PA1_allRun_MAXENT",1
"147",25,"ocean_temp",10.6980196895485,"Semibalanus.balanoides_PA1_RUN1_GAM",0.986978888730926
"148",25,"ocean_temp",10.6980196895485,"Semibalanus.balanoides_PA1_RUN1_RF",0.756
"149",25,"ocean_temp",10.6980196895485,"Semibalanus.balanoides_allData_allRun_GLM",0.771533939373404
"150",25,"ocean_temp",10.6980196895485,"Semibalanus.balanoides_allData_allRun_GAM",0.866561429839755
"151",26,"ocean_temp",10.7308970495612,"Semibalanus.balanoides_PA1_allRun_MAXENT",1
"152",26,"ocean_temp",10.7308970495612,"Semibalanus.balanoides_PA1_RUN1_RF",0.75
"153",26,"ocean_temp",10.7308970495612,"Semibalanus.balanoides_PA1_RUN1_GLM",0.998364925549249
"154",26,"ocean_temp",10.7308970495612,"Semibalanus.balanoides_allData_allRun_GLM",0.777590247395672
"155",26,"ocean_temp",10.7308970495612,"Semibalanus.balanoides_PA1_RUN1_GAM",0.987049746228077
"156",26,"ocean_temp",10.7308970495612,"Semibalanus.balanoides_allData_allRun_GAM",0.868196823765802
"157",27,"ocean_temp",10.7637744095739,"Semibalanus.balanoides_PA1_allRun_MAXENT",1
"158",27,"ocean_temp",10.7637744095739,"Semibalanus.balanoides_PA1_RUN1_GLM",0.998468722065629
"159",27,"ocean_temp",10.7637744095739,"Semibalanus.balanoides_PA1_RUN1_RF",0.75
"160",27,"ocean_temp",10.7637744095739,"Semibalanus.balanoides_PA1_RUN1_GAM",0.987120223168985
"161",27,"ocean_temp",10.7637744095739,"Semibalanus.balanoides_allData_allRun_GLM",0.783423459237317
"162",27,"ocean_temp",10.7637744095739,"Semibalanus.balanoides_allData_allRun_GAM",0.869815185755916
"163",28,"ocean_temp",10.7966517695866,"Semibalanus.balanoides_PA1_RUN1_GLM",0.998563345030776
"164",28,"ocean_temp",10.7966517695866,"Semibalanus.balanoides_PA1_allRun_MAXENT",1
"165",28,"ocean_temp",10.7966517695866,"Semibalanus.balanoides_PA1_RUN1_GAM",0.987190321542891
"166",28,"ocean_temp",10.7966517695866,"Semibalanus.balanoides_PA1_RUN1_RF",0.75
"167",28,"ocean_temp",10.7966517695866,"Semibalanus.balanoides_allData_allRun_GLM",0.789039610149338
"168",28,"ocean_temp",10.7966517695866,"Semibalanus.balanoides_allData_allRun_GAM",0.871416619495915
"169",29,"ocean_temp",10.8295291295993,"Semibalanus.balanoides_PA1_RUN1_GLM",0.998649690608665
"170",29,"ocean_temp",10.8295291295993,"Semibalanus.balanoides_PA1_allRun_MAXENT",1
"171",29,"ocean_temp",10.8295291295993,"Semibalanus.balanoides_PA1_RUN1_GAM",0.987260043329227
"172",29,"ocean_temp",10.8295291295993,"Semibalanus.balanoides_PA1_RUN1_RF",0.736
"173",29,"ocean_temp",10.8295291295993,"Semibalanus.balanoides_allData_allRun_GLM",0.794444762130203
"174",29,"ocean_temp",10.8295291295993,"Semibalanus.balanoides_allData_allRun_GAM",0.873001229899566
"175",30,"ocean_temp",10.862406489612,"Semibalanus.balanoides_PA1_allRun_MAXENT",1
"176",30,"ocean_temp",10.862406489612,"Semibalanus.balanoides_PA1_RUN1_RF",0.736
"177",30,"ocean_temp",10.862406489612,"Semibalanus.balanoides_PA1_RUN1_GAM",0.987329390497666
"178",30,"ocean_temp",10.862406489612,"Semibalanus.balanoides_allData_allRun_GLM",0.799644975896051
"179",30,"ocean_temp",10.862406489612,"Semibalanus.balanoides_PA1_RUN1_GLM",0.998728557281536
"180",30,"ocean_temp",10.862406489612,"Semibalanus.balanoides_allData_allRun_GAM",0.874569123052521
"181",31,"ocean_temp",10.8952838496247,"Semibalanus.balanoides_PA1_allRun_MAXENT",1
"182",31,"ocean_temp",10.8952838496247,"Semibalanus.balanoides_PA1_RUN1_GLM",0.998800657227976
"183",31,"ocean_temp",10.8952838496247,"Semibalanus.balanoides_PA1_RUN1_RF",0.736
"184",31,"ocean_temp",10.8952838496247,"Semibalanus.balanoides_PA1_RUN1_GAM",0.987398365008158
"185",31,"ocean_temp",10.8952838496247,"Semibalanus.balanoides_allData_allRun_GAM",0.876120406157116
"186",31,"ocean_temp",10.8952838496247,"Semibalanus.balanoides_allData_allRun_GLM",0.804646285874882
"187",32,"ocean_temp",10.9281612096374,"Semibalanus.balanoides_PA1_RUN1_GLM",0.998866626288836
"188",32,"ocean_temp",10.9281612096374,"Semibalanus.balanoides_PA1_allRun_MAXENT",1
"189",32,"ocean_temp",10.9281612096374,"Semibalanus.balanoides_PA1_RUN1_GAM",0.987466968810971
"190",32,"ocean_temp",10.9281612096374,"Semibalanus.balanoides_PA1_RUN1_RF",0.736
"191",32,"ocean_temp",10.9281612096374,"Semibalanus.balanoides_allData_allRun_GLM",0.809454678081952
"192",32,"ocean_temp",10.9281612096374,"Semibalanus.balanoides_allData_allRun_GAM",0.877655187477981
"193",33,"ocean_temp",10.9610385696501,"Semibalanus.balanoides_PA1_RUN1_GLM",0.998927032704501
"194",33,"ocean_temp",10.9610385696501,"Semibalanus.balanoides_PA1_allRun_MAXENT",1
"195",33,"ocean_temp",10.9610385696501,"Semibalanus.balanoides_PA1_RUN1_GAM",0.98753520384674
"196",33,"ocean_temp",10.9610385696501,"Semibalanus.balanoides_PA1_RUN1_RF",0.736
"197",33,"ocean_temp",10.9610385696501,"Semibalanus.balanoides_allData_allRun_GLM",0.814076070663316
"198",33,"ocean_temp",10.9610385696501,"Semibalanus.balanoides_allData_allRun_GAM",0.879173576288523
"199",34,"ocean_temp",10.9939159296628,"Semibalanus.balanoides_PA1_allRun_MAXENT",1
"200",34,"ocean_temp",10.9939159296628,"Semibalanus.balanoides_PA1_RUN1_GLM",0.998982384782063
"201",34,"ocean_temp",10.9939159296628,"Semibalanus.balanoides_PA1_RUN1_RF",0.736
"202",34,"ocean_temp",10.9939159296628,"Semibalanus.balanoides_PA1_RUN1_GAM",0.987603072046496
"203",34,"ocean_temp",10.9939159296628,"Semibalanus.balanoides_allData_allRun_GLM",0.818516296919109
"204",34,"ocean_temp",10.9939159296628,"Semibalanus.balanoides_allData_allRun_GAM",0.880675682818232
"205",35,"ocean_temp",11.0267932896755,"Semibalanus.balanoides_PA1_allRun_MAXENT",1
"206",35,"ocean_temp",11.0267932896755,"Semibalanus.balanoides_PA1_RUN1_RF",0.736
"207",35,"ocean_temp",11.0267932896755,"Semibalanus.balanoides_PA1_RUN1_GLM",0.999033137629744
"208",35,"ocean_temp",11.0267932896755,"Semibalanus.balanoides_allData_allRun_GLM",0.822781090633045
"209",35,"ocean_temp",11.0267932896755,"Semibalanus.balanoides_PA1_RUN1_GAM",0.98767057533172
"210",35,"ocean_temp",11.0267932896755,"Semibalanus.balanoides_allData_allRun_GAM",0.882161618200881
"211",36,"ocean_temp",11.0596706496882,"Semibalanus.balanoides_PA1_RUN1_GLM",0.999079699077379
"212",36,"ocean_temp",11.0596706496882,"Semibalanus.balanoides_PA1_allRun_MAXENT",1
"213",36,"ocean_temp",11.0596706496882,"Semibalanus.balanoides_PA1_RUN1_GAM",0.987737715614379
"214",36,"ocean_temp",11.0596706496882,"Semibalanus.balanoides_PA1_RUN1_RF",0.736
"215",36,"ocean_temp",11.0596706496882,"Semibalanus.balanoides_allData_allRun_GLM",0.826876073501616
"216",36,"ocean_temp",11.0596706496882,"Semibalanus.balanoides_allData_allRun_GAM",0.883631494423591
"217",37,"ocean_temp",11.0925480097009,"Semibalanus.balanoides_PA1_RUN1_GLM",0.999122434886012
"218",37,"ocean_temp",11.0925480097009,"Semibalanus.balanoides_PA1_RUN1_GAM",0.987804494796962
"219",37,"ocean_temp",11.0925480097009,"Semibalanus.balanoides_PA1_allRun_MAXENT",1
"220",37,"ocean_temp",11.0925480097009,"Semibalanus.balanoides_PA1_RUN1_RF",0.744
"221",37,"ocean_temp",11.0925480097009,"Semibalanus.balanoides_allData_allRun_GLM",0.830806744495578
"222",37,"ocean_temp",11.0925480097009,"Semibalanus.balanoides_allData_allRun_GAM",0.885085424276761
"223",38,"ocean_temp",11.1254253697136,"Semibalanus.balanoides_PA1_allRun_MAXENT",1
"224",38,"ocean_temp",11.1254253697136,"Semibalanus.balanoides_PA1_RUN1_GLM",0.999161673335939
"225",38,"ocean_temp",11.1254253697136,"Semibalanus.balanoides_PA1_RUN1_RF",0.758
"226",38,"ocean_temp",11.1254253697136,"Semibalanus.balanoides_PA1_RUN1_GAM",0.987870914772531
"227",38,"ocean_temp",11.1254253697136,"Semibalanus.balanoides_allData_allRun_GLM",0.834578470977328
"228",38,"ocean_temp",11.1254253697136,"Semibalanus.balanoides_allData_allRun_GAM",0.886523521304907
"229",39,"ocean_temp",11.1583027297263,"Semibalanus.balanoides_PA1_allRun_MAXENT",1
"230",39,"ocean_temp",11.1583027297263,"Semibalanus.balanoides_PA1_RUN1_RF",0.762
"231",39,"ocean_temp",11.1583027297263,"Semibalanus.balanoides_allData_allRun_GLM",0.838196481420935
"232",39,"ocean_temp",11.1583027297263,"Semibalanus.balanoides_PA1_RUN1_GLM",0.999197709270737
"233",39,"ocean_temp",11.1583027297263,"Semibalanus.balanoides_allData_allRun_GAM",0.887945899758356
"234",39,"ocean_temp",11.1583027297263,"Semibalanus.balanoides_PA1_RUN1_GAM",0.987936977424751
"235",40,"ocean_temp",11.191180089739,"Semibalanus.balanoides_allData_allRun_GLM",0.841665859547812
"236",40,"ocean_temp",11.191180089739,"Semibalanus.balanoides_PA1_RUN1_GLM",0.999230807664632
"237",40,"ocean_temp",11.191180089739,"Semibalanus.balanoides_PA1_allRun_MAXENT",1
"238",40,"ocean_temp",11.191180089739,"Semibalanus.balanoides_allData_allRun_GAM",0.889352674545862
"239",40,"ocean_temp",11.191180089739,"Semibalanus.balanoides_PA1_RUN1_RF",0.768
"240",40,"ocean_temp",11.191180089739,"Semibalanus.balanoides_PA1_RUN1_GAM",0.988002684627942
"241",41,"ocean_temp",11.2240574497517,"Semibalanus.balanoides_allData_allRun_GLM",0.844991539765244
"242",41,"ocean_temp",11.2240574497517,"Semibalanus.balanoides_allData_allRun_GAM",0.890743961188094
"243",41,"ocean_temp",11.2240574497517,"Semibalanus.balanoides_PA1_RUN1_GAM",0.988068038247112
"244",41,"ocean_temp",11.2240574497517,"Semibalanus.balanoides_PA1_RUN1_GLM",0.999261206771741
"245",41,"ocean_temp",11.2240574497517,"Semibalanus.balanoides_PA1_allRun_MAXENT",1
"246",41,"ocean_temp",11.2240574497517,"Semibalanus.balanoides_PA1_RUN1_RF",0.758
"247",42,"ocean_temp",11.2569348097644,"Semibalanus.balanoides_PA1_RUN1_GAM",0.988133040137996
"248",42,"ocean_temp",11.2569348097644,"Semibalanus.balanoides_allData_allRun_GLM",0.848178303748191
"249",42,"ocean_temp",11.2569348097644,"Semibalanus.balanoides_PA1_allRun_MAXENT",1
"250",42,"ocean_temp",11.2569348097644,"Semibalanus.balanoides_PA1_RUN1_GLM",0.999289120908119
"251",42,"ocean_temp",11.2569348097644,"Semibalanus.balanoides_PA1_RUN1_RF",0.74
"252",42,"ocean_temp",11.2569348097644,"Semibalanus.balanoides_allData_allRun_GAM",0.892119875772036
"253",43,"ocean_temp",11.2898121697771,"Semibalanus.balanoides_PA1_RUN1_GAM",0.988197692147106
"254",43,"ocean_temp",11.2898121697771,"Semibalanus.balanoides_PA1_RUN1_RF",0.74
"255",43,"ocean_temp",11.2898121697771,"Semibalanus.balanoides_PA1_RUN1_GLM",0.999314742910933
"256",43,"ocean_temp",11.2898121697771,"Semibalanus.balanoides_PA1_allRun_MAXENT",1
"257",43,"ocean_temp",11.2898121697771,"Semibalanus.balanoides_allData_allRun_GLM",0.851230778043762
"258",43,"ocean_temp",11.2898121697771,"Semibalanus.balanoides_allData_allRun_GAM",0.893480534906278
"259",44,"ocean_temp",11.3226895297898,"Semibalanus.balanoides_PA1_allRun_MAXENT",1
"260",44,"ocean_temp",11.3226895297898,"Semibalanus.balanoides_PA1_RUN1_GAM",0.98826199611176
"261",44,"ocean_temp",11.3226895297898,"Semibalanus.balanoides_PA1_RUN1_GLM",0.999338246313369
"262",44,"ocean_temp",11.3226895297898,"Semibalanus.balanoides_allData_allRun_GLM",0.854153432572455
"263",44,"ocean_temp",11.3226895297898,"Semibalanus.balanoides_PA1_RUN1_RF",0.74
"264",44,"ocean_temp",11.3226895297898,"Semibalanus.balanoides_allData_allRun_GAM",0.894826055677196
"265",45,"ocean_temp",11.3555668898025,"Semibalanus.balanoides_PA1_RUN1_GLM",0.999359787268921
"266",45,"ocean_temp",11.3555668898025,"Semibalanus.balanoides_PA1_RUN1_GAM",0.98832595386013
"267",45,"ocean_temp",11.3555668898025,"Semibalanus.balanoides_allData_allRun_GAM",0.896156555606042
"268",45,"ocean_temp",11.3555668898025,"Semibalanus.balanoides_PA1_RUN1_RF",0.75
"269",45,"ocean_temp",11.3555668898025,"Semibalanus.balanoides_PA1_allRun_MAXENT",1
"270",45,"ocean_temp",11.3555668898025,"Semibalanus.balanoides_allData_allRun_GLM",0.856950579930819
"271",46,"ocean_temp",11.3884442498152,"Semibalanus.balanoides_PA1_RUN1_GAM",0.98838956721128
"272",46,"ocean_temp",11.3884442498152,"Semibalanus.balanoides_PA1_RUN1_GLM",0.999379506254402
"273",46,"ocean_temp",11.3884442498152,"Semibalanus.balanoides_PA1_allRun_MAXENT",1
"274",46,"ocean_temp",11.3884442498152,"Semibalanus.balanoides_PA1_RUN1_RF",0.75
"275",46,"ocean_temp",11.3884442498152,"Semibalanus.balanoides_allData_allRun_GLM",0.859626375371201
"276",46,"ocean_temp",11.3884442498152,"Semibalanus.balanoides_allData_allRun_GAM",0.897472152606925
"277",47,"ocean_temp",11.4213216098279,"Semibalanus.balanoides_PA1_RUN1_GLM",0.999397529577275
"278",47,"ocean_temp",11.4213216098279,"Semibalanus.balanoides_PA1_allRun_MAXENT",1
"279",47,"ocean_temp",11.4213216098279,"Semibalanus.balanoides_PA1_RUN1_GAM",0.988452837975204
"280",47,"ocean_temp",11.4213216098279,"Semibalanus.balanoides_allData_allRun_GLM",0.862184817388865
"281",47,"ocean_temp",11.4213216098279,"Semibalanus.balanoides_PA1_RUN1_RF",0.75
"282",47,"ocean_temp",11.4213216098279,"Semibalanus.balanoides_allData_allRun_GAM",0.898772964945687
"283",48,"ocean_temp",11.4541989698406,"Semibalanus.balanoides_PA1_RUN1_GAM",0.988515767952868
"284",48,"ocean_temp",11.4541989698406,"Semibalanus.balanoides_PA1_RUN1_RF",0.766
"285",48,"ocean_temp",11.4541989698406,"Semibalanus.balanoides_PA1_RUN1_GLM",0.999413970709644
"286",48,"ocean_temp",11.4541989698406,"Semibalanus.balanoides_PA1_allRun_MAXENT",1
"287",48,"ocean_temp",11.4541989698406,"Semibalanus.balanoides_allData_allRun_GAM",0.900059111199676
"288",48,"ocean_temp",11.4541989698406,"Semibalanus.balanoides_allData_allRun_GLM",0.864629748817192
"289",49,"ocean_temp",11.4870763298533,"Semibalanus.balanoides_PA1_RUN1_GLM",0.999428931468379
"290",49,"ocean_temp",11.4870763298533,"Semibalanus.balanoides_PA1_allRun_MAXENT",1
"291",49,"ocean_temp",11.4870763298533,"Semibalanus.balanoides_allData_allRun_GLM",0.866964858359584
"292",49,"ocean_temp",11.4870763298533,"Semibalanus.balanoides_PA1_RUN1_GAM",0.988578358936249
"293",49,"ocean_temp",11.4870763298533,"Semibalanus.balanoides_allData_allRun_GAM",0.901330710218395
"294",49,"ocean_temp",11.4870763298533,"Semibalanus.balanoides_PA1_RUN1_RF",0.76
"295",50,"ocean_temp",11.519953689866,"Semibalanus.balanoides_PA1_RUN1_GLM",0.999442503058415
"296",50,"ocean_temp",11.519953689866,"Semibalanus.balanoides_PA1_RUN1_GAM",0.988640612708374
"297",50,"ocean_temp",11.519953689866,"Semibalanus.balanoides_PA1_RUN1_RF",0.776
"298",50,"ocean_temp",11.519953689866,"Semibalanus.balanoides_allData_allRun_GAM",0.902587881085052
"299",50,"ocean_temp",11.519953689866,"Semibalanus.balanoides_PA1_allRun_MAXENT",1
"300",50,"ocean_temp",11.519953689866,"Semibalanus.balanoides_allData_allRun_GLM",0.869193682487475
"301",51,"ocean_temp",11.5528310498787,"Semibalanus.balanoides_PA1_RUN1_GAM",0.988702531043364
"302",51,"ocean_temp",11.5528310498787,"Semibalanus.balanoides_PA1_RUN1_RF",0.762
"303",51,"ocean_temp",11.5528310498787,"Semibalanus.balanoides_PA1_RUN1_GLM",0.99945476699403
"304",51,"ocean_temp",11.5528310498787,"Semibalanus.balanoides_PA1_allRun_MAXENT",1
"305",51,"ocean_temp",11.5528310498787,"Semibalanus.balanoides_allData_allRun_GLM",0.871319607641548
"306",51,"ocean_temp",11.5528310498787,"Semibalanus.balanoides_allData_allRun_GAM",0.903830743078983
"307",52,"ocean_temp",11.5857084098913,"Semibalanus.balanoides_PA1_allRun_MAXENT",1
"308",52,"ocean_temp",11.5857084098913,"Semibalanus.balanoides_PA1_RUN1_GLM",0.999465795911061
"309",52,"ocean_temp",11.5857084098913,"Semibalanus.balanoides_allData_allRun_GLM",0.873345872679548
"310",52,"ocean_temp",11.5857084098913,"Semibalanus.balanoides_PA1_RUN1_GAM",0.988764115706462
"311",52,"ocean_temp",11.5857084098913,"Semibalanus.balanoides_PA1_RUN1_RF",0.754
"312",52,"ocean_temp",11.5857084098913,"Semibalanus.balanoides_allData_allRun_GAM",0.905059415638955
"313",53,"ocean_temp",11.618585769904,"Semibalanus.balanoides_PA1_RUN1_GAM",0.988825368454089
"314",53,"ocean_temp",11.618585769904,"Semibalanus.balanoides_PA1_RUN1_GLM",0.999475654281308
"315",53,"ocean_temp",11.618585769904,"Semibalanus.balanoides_PA1_RUN1_RF",0.77
"316",53,"ocean_temp",11.618585769904,"Semibalanus.balanoides_allData_allRun_GAM",0.90627401832735
"317",53,"ocean_temp",11.618585769904,"Semibalanus.balanoides_PA1_allRun_MAXENT",1
"318",53,"ocean_temp",11.618585769904,"Semibalanus.balanoides_allData_allRun_GLM",0.875275571519905
"319",54,"ocean_temp",11.6514631299167,"Semibalanus.balanoides_PA1_RUN1_GLM",0.999484399038914
"320",54,"ocean_temp",11.6514631299167,"Semibalanus.balanoides_PA1_allRun_MAXENT",1
"321",54,"ocean_temp",11.6514631299167,"Semibalanus.balanoides_PA1_RUN1_GAM",0.988886291033866
"322",54,"ocean_temp",11.6514631299167,"Semibalanus.balanoides_allData_allRun_GLM",0.87711165593729
"323",54,"ocean_temp",11.6514631299167,"Semibalanus.balanoides_PA1_RUN1_RF",0.762
"324",54,"ocean_temp",11.6514631299167,"Semibalanus.balanoides_allData_allRun_GAM",0.907474670795195
"325",55,"ocean_temp",11.6843404899294,"Semibalanus.balanoides_PA1_RUN1_GLM",0.999492080127212
"326",55,"ocean_temp",11.6843404899294,"Semibalanus.balanoides_PA1_RUN1_GAM",0.988946885184665
"327",55,"ocean_temp",11.6843404899294,"Semibalanus.balanoides_PA1_allRun_MAXENT",1
"328",55,"ocean_temp",11.6843404899294,"Semibalanus.balanoides_PA1_RUN1_RF",0.762
"329",55,"ocean_temp",11.6843404899294,"Semibalanus.balanoides_allData_allRun_GAM",0.90866149274807
"330",55,"ocean_temp",11.6843404899294,"Semibalanus.balanoides_allData_allRun_GLM",0.878856938460209
"331",56,"ocean_temp",11.7172178499421,"Semibalanus.balanoides_PA1_RUN1_GAM",0.989007152636647
"332",56,"ocean_temp",11.7172178499421,"Semibalanus.balanoides_PA1_RUN1_RF",0.768
"333",56,"ocean_temp",11.7172178499421,"Semibalanus.balanoides_PA1_allRun_MAXENT",1
"334",56,"ocean_temp",11.7172178499421,"Semibalanus.balanoides_PA1_RUN1_GLM",0.99949874097336
"335",56,"ocean_temp",11.7172178499421,"Semibalanus.balanoides_allData_allRun_GLM",0.88051409535902
"336",56,"ocean_temp",11.7172178499421,"Semibalanus.balanoides_allData_allRun_GAM",0.909834603912863
"337",57,"ocean_temp",11.7500952099548,"Semibalanus.balanoides_PA1_RUN1_GLM",0.999504418897057
"338",57,"ocean_temp",11.7500952099548,"Semibalanus.balanoides_PA1_allRun_MAXENT",1
"339",57,"ocean_temp",11.7500952099548,"Semibalanus.balanoides_PA1_RUN1_GAM",0.98906709511129
"340",57,"ocean_temp",11.7500952099548,"Semibalanus.balanoides_allData_allRun_GAM",0.910994124005386
"341",57,"ocean_temp",11.7500952099548,"Semibalanus.balanoides_allData_allRun_GLM",0.882085669657086
"342",57,"ocean_temp",11.7500952099548,"Semibalanus.balanoides_PA1_RUN1_RF",0.77
"343",58,"ocean_temp",11.7829725699675,"Semibalanus.balanoides_PA1_RUN1_GLM",0.999509145458719
"344",58,"ocean_temp",11.7829725699675,"Semibalanus.balanoides_PA1_RUN1_GAM",0.989126714321443
"345",58,"ocean_temp",11.7829725699675,"Semibalanus.balanoides_PA1_RUN1_RF",0.776
"346",58,"ocean_temp",11.7829725699675,"Semibalanus.balanoides_allData_allRun_GAM",0.912140172698802
"347",58,"ocean_temp",11.7829725699675,"Semibalanus.balanoides_PA1_allRun_MAXENT",1
"348",58,"ocean_temp",11.7829725699675,"Semibalanus.balanoides_allData_allRun_GLM",0.883574074168374
"349",59,"ocean_temp",11.8158499299802,"Semibalanus.balanoides_PA1_RUN1_GLM",0.999512946751658
"350",59,"ocean_temp",11.8158499299802,"Semibalanus.balanoides_PA1_allRun_MAXENT",1
"351",59,"ocean_temp",11.8158499299802,"Semibalanus.balanoides_allData_allRun_GAM",0.913272869592912
"352",59,"ocean_temp",11.8158499299802,"Semibalanus.balanoides_PA1_RUN1_RF",0.776
"353",59,"ocean_temp",11.8158499299802,"Semibalanus.balanoides_PA1_RUN1_GAM",0.989186011971352
"354",59,"ocean_temp",11.8158499299802,"Semibalanus.balanoides_allData_allRun_GLM",0.884981594518707
"355",60,"ocean_temp",11.8487272899929,"Semibalanus.balanoides_PA1_allRun_MAXENT",1
"356",60,"ocean_temp",11.8487272899929,"Semibalanus.balanoides_PA1_RUN1_RF",0.78
"357",60,"ocean_temp",11.8487272899929,"Semibalanus.balanoides_allData_allRun_GAM",0.914392334184258
"358",60,"ocean_temp",11.8487272899929,"Semibalanus.balanoides_allData_allRun_GLM",0.886310392139629
"359",60,"ocean_temp",11.8487272899929,"Semibalanus.balanoides_PA1_RUN1_GLM",0.999515843642026
"360",60,"ocean_temp",11.8487272899929,"Semibalanus.balanoides_PA1_RUN1_GAM",0.989244989756706
"361",61,"ocean_temp",11.8816046500056,"Semibalanus.balanoides_allData_allRun_GLM",0.887562507199544
"362",61,"ocean_temp",11.8816046500056,"Semibalanus.balanoides_PA1_allRun_MAXENT",1
"363",61,"ocean_temp",11.8816046500056,"Semibalanus.balanoides_PA1_RUN1_GLM",0.999517851959629
"364",61,"ocean_temp",11.8816046500056,"Semibalanus.balanoides_PA1_RUN1_RF",0.776
"365",61,"ocean_temp",11.8816046500056,"Semibalanus.balanoides_allData_allRun_GAM",0.915498685837032
"366",61,"ocean_temp",11.8816046500056,"Semibalanus.balanoides_PA1_RUN1_GAM",0.989303649364674
"367",62,"ocean_temp",11.9144820100183,"Semibalanus.balanoides_allData_allRun_GLM",0.888739861481537
"368",62,"ocean_temp",11.9144820100183,"Semibalanus.balanoides_PA1_RUN1_GLM",0.999518982642029
"369",62,"ocean_temp",11.9144820100183,"Semibalanus.balanoides_allData_allRun_GAM",0.916592043754814
"370",62,"ocean_temp",11.9144820100183,"Semibalanus.balanoides_PA1_RUN1_GAM",0.989361992473937
"371",62,"ocean_temp",11.9144820100183,"Semibalanus.balanoides_PA1_allRun_MAXENT",1
"372",62,"ocean_temp",11.9144820100183,"Semibalanus.balanoides_PA1_RUN1_RF",0.796
"373",63,"ocean_temp",11.947359370031,"Semibalanus.balanoides_PA1_RUN1_GLM",0.999519241833791
"374",63,"ocean_temp",11.947359370031,"Semibalanus.balanoides_PA1_RUN1_GAM",0.989420020754739
"375",63,"ocean_temp",11.947359370031,"Semibalanus.balanoides_allData_allRun_GLM",0.889844261168313
"376",63,"ocean_temp",11.947359370031,"Semibalanus.balanoides_PA1_allRun_MAXENT",1
"377",63,"ocean_temp",11.947359370031,"Semibalanus.balanoides_allData_allRun_GAM",0.917672526953082
"378",63,"ocean_temp",11.947359370031,"Semibalanus.balanoides_PA1_RUN1_RF",0.796
"379",64,"ocean_temp",11.9802367300437,"Semibalanus.balanoides_PA1_RUN1_GLM",0.999518630942111
"380",64,"ocean_temp",11.9802367300437,"Semibalanus.balanoides_PA1_RUN1_GAM",0.989477735868908
"381",64,"ocean_temp",11.9802367300437,"Semibalanus.balanoides_PA1_allRun_MAXENT",1
"382",64,"ocean_temp",11.9802367300437,"Semibalanus.balanoides_PA1_RUN1_RF",0.796
"383",64,"ocean_temp",11.9802367300437,"Semibalanus.balanoides_allData_allRun_GLM",0.890877399533854
"384",64,"ocean_temp",11.9802367300437,"Semibalanus.balanoides_allData_allRun_GAM",0.918740254232533
"385",65,"ocean_temp",12.0131140900564,"Semibalanus.balanoides_PA1_RUN1_GLM",0.999517146649546
"386",65,"ocean_temp",12.0131140900564,"Semibalanus.balanoides_PA1_RUN1_GAM",0.98953513946991
"387",65,"ocean_temp",12.0131140900564,"Semibalanus.balanoides_PA1_allRun_MAXENT",1
"388",65,"ocean_temp",12.0131140900564,"Semibalanus.balanoides_allData_allRun_GLM",0.891840859533126
"389",65,"ocean_temp",12.0131140900564,"Semibalanus.balanoides_PA1_RUN1_RF",0.796
"390",65,"ocean_temp",12.0131140900564,"Semibalanus.balanoides_allData_allRun_GAM",0.919795344153176
"391",66,"ocean_temp",12.0459914500691,"Semibalanus.balanoides_PA1_RUN1_GLM",0.999514780884003
"392",66,"ocean_temp",12.0459914500691,"Semibalanus.balanoides_allData_allRun_GLM",0.892736116273548
"393",66,"ocean_temp",12.0459914500691,"Semibalanus.balanoides_PA1_RUN1_GAM",0.989592233202878
"394",66,"ocean_temp",12.0459914500691,"Semibalanus.balanoides_allData_allRun_GAM",0.920837915009187
"395",66,"ocean_temp",12.0459914500691,"Semibalanus.balanoides_PA1_allRun_MAXENT",1
"396",66,"ocean_temp",12.0459914500691,"Semibalanus.balanoides_PA1_RUN1_RF",0.796
"397",67,"ocean_temp",12.0788688100818,"Semibalanus.balanoides_PA1_RUN1_GLM",0.999511520745593
"398",67,"ocean_temp",12.0788688100818,"Semibalanus.balanoides_PA1_RUN1_GAM",0.989649018704649
"399",67,"ocean_temp",12.0788688100818,"Semibalanus.balanoides_allData_allRun_GLM",0.893564539368249
"400",67,"ocean_temp",12.0788688100818,"Semibalanus.balanoides_PA1_allRun_MAXENT",1
"401",67,"ocean_temp",12.0788688100818,"Semibalanus.balanoides_allData_allRun_GAM",0.921868084804549
"402",67,"ocean_temp",12.0788688100818,"Semibalanus.balanoides_PA1_RUN1_RF",0.754
"403",68,"ocean_temp",12.1117461700945,"Semibalanus.balanoides_PA1_RUN1_GLM",0.999507348389456
"404",68,"ocean_temp",12.1117461700945,"Semibalanus.balanoides_PA1_RUN1_GAM",0.989705497603807
"405",68,"ocean_temp",12.1117461700945,"Semibalanus.balanoides_PA1_allRun_MAXENT",1
"406",68,"ocean_temp",12.1117461700945,"Semibalanus.balanoides_allData_allRun_GLM",0.894327395153305
"407",68,"ocean_temp",12.1117461700945,"Semibalanus.balanoides_PA1_RUN1_RF",0.75
"408",68,"ocean_temp",12.1117461700945,"Semibalanus.balanoides_allData_allRun_GAM",0.922885971229408
"409",69,"ocean_temp",12.1446235301072,"Semibalanus.balanoides_PA1_RUN1_GLM",0.999502240863025
"410",69,"ocean_temp",12.1446235301072,"Semibalanus.balanoides_PA1_RUN1_GAM",0.989761671520714
"411",69,"ocean_temp",12.1446235301072,"Semibalanus.balanoides_PA1_allRun_MAXENT",1
"412",69,"ocean_temp",12.1446235301072,"Semibalanus.balanoides_allData_allRun_GLM",0.895025848777383
"413",69,"ocean_temp",12.1446235301072,"Semibalanus.balanoides_PA1_RUN1_RF",0.75
"414",69,"ocean_temp",12.1446235301072,"Semibalanus.balanoides_allData_allRun_GAM",0.923891691637195
"415",70,"ocean_temp",12.1775008901199,"Semibalanus.balanoides_PA1_RUN1_GAM",0.989817542067553
"416",70,"ocean_temp",12.1775008901199,"Semibalanus.balanoides_PA1_RUN1_GLM",0.9994961698957
"417",70,"ocean_temp",12.1775008901199,"Semibalanus.balanoides_allData_allRun_GLM",0.895660966148619
"418",70,"ocean_temp",12.1775008901199,"Semibalanus.balanoides_PA1_allRun_MAXENT",1
"419",70,"ocean_temp",12.1775008901199,"Semibalanus.balanoides_allData_allRun_GAM",0.924885363022471
"420",70,"ocean_temp",12.1775008901199,"Semibalanus.balanoides_PA1_RUN1_RF",0.75
"421",71,"ocean_temp",12.2103782501326,"Semibalanus.balanoides_PA1_RUN1_GLM",0.999489101638202
"422",71,"ocean_temp",12.2103782501326,"Semibalanus.balanoides_allData_allRun_GAM",0.925867101999485
"423",71,"ocean_temp",12.2103782501326,"Semibalanus.balanoides_PA1_RUN1_GAM",0.989873110848362
"424",71,"ocean_temp",12.2103782501326,"Semibalanus.balanoides_allData_allRun_GLM",0.896233715739034
"425",71,"ocean_temp",12.2103782501326,"Semibalanus.balanoides_PA1_allRun_MAXENT",1
"426",71,"ocean_temp",12.2103782501326,"Semibalanus.balanoides_PA1_RUN1_RF",0.75
"427",72,"ocean_temp",12.2432556101453,"Semibalanus.balanoides_PA1_RUN1_GLM",0.999480996348265
"428",72,"ocean_temp",12.2432556101453,"Semibalanus.balanoides_PA1_RUN1_GAM",0.989928379459071
"429",72,"ocean_temp",12.2432556101453,"Semibalanus.balanoides_PA1_allRun_MAXENT",1
"430",72,"ocean_temp",12.2432556101453,"Semibalanus.balanoides_allData_allRun_GLM",0.896744970243928
"431",72,"ocean_temp",12.2432556101453,"Semibalanus.balanoides_PA1_RUN1_RF",0.75
"432",72,"ocean_temp",12.2432556101453,"Semibalanus.balanoides_allData_allRun_GAM",0.926837024781452
"433",73,"ocean_temp",12.276132970158,"Semibalanus.balanoides_PA1_RUN1_GLM",0.999471808018592
"434",73,"ocean_temp",12.276132970158,"Semibalanus.balanoides_PA1_RUN1_GAM",0.98998334948754
"435",73,"ocean_temp",12.276132970158,"Semibalanus.balanoides_PA1_allRun_MAXENT",1
"436",73,"ocean_temp",12.276132970158,"Semibalanus.balanoides_allData_allRun_GLM",0.897195508085485
"437",73,"ocean_temp",12.276132970158,"Semibalanus.balanoides_PA1_RUN1_RF",0.752
"438",73,"ocean_temp",12.276132970158,"Semibalanus.balanoides_allData_allRun_GAM",0.927795247160512
"439",74,"ocean_temp",12.3090103301707,"Semibalanus.balanoides_PA1_RUN1_GLM",0.999461483942197
"440",74,"ocean_temp",12.3090103301707,"Semibalanus.balanoides_PA1_RUN1_GAM",0.990038022513593
"441",74,"ocean_temp",12.3090103301707,"Semibalanus.balanoides_allData_allRun_GLM",0.89758601477936
"442",74,"ocean_temp",12.3090103301707,"Semibalanus.balanoides_PA1_allRun_MAXENT",1
"443",74,"ocean_temp",12.3090103301707,"Semibalanus.balanoides_allData_allRun_GAM",0.928741884488388
"444",74,"ocean_temp",12.3090103301707,"Semibalanus.balanoides_PA1_RUN1_RF",0.754
"445",75,"ocean_temp",12.3418876901834,"Semibalanus.balanoides_PA1_RUN1_GLM",0.999449964209405
"446",75,"ocean_temp",12.3418876901834,"Semibalanus.balanoides_allData_allRun_GLM",0.897917084131454
"447",75,"ocean_temp",12.3418876901834,"Semibalanus.balanoides_PA1_RUN1_GAM",0.99009240010906
"448",75,"ocean_temp",12.3418876901834,"Semibalanus.balanoides_allData_allRun_GAM",0.929677051657722
"449",75,"ocean_temp",12.3418876901834,"Semibalanus.balanoides_PA1_allRun_MAXENT",1
"450",75,"ocean_temp",12.3418876901834,"Semibalanus.balanoides_PA1_RUN1_RF",0.76
"451",76,"ocean_temp",12.3747650501961,"Semibalanus.balanoides_PA1_RUN1_GLM",0.999437181129816
"452",76,"ocean_temp",12.3747650501961,"Semibalanus.balanoides_PA1_RUN1_GAM",0.99014648383781
"453",76,"ocean_temp",12.3747650501961,"Semibalanus.balanoides_PA1_allRun_MAXENT",1
"454",76,"ocean_temp",12.3747650501961,"Semibalanus.balanoides_allData_allRun_GLM",0.898189219294467
"455",76,"ocean_temp",12.3747650501961,"Semibalanus.balanoides_PA1_RUN1_RF",0.762
"456",76,"ocean_temp",12.3747650501961,"Semibalanus.balanoides_allData_allRun_GAM",0.930600863084059
"457",77,"ocean_temp",12.4076424102088,"Semibalanus.balanoides_PA1_RUN1_GLM",0.99942305857145
"458",77,"ocean_temp",12.4076424102088,"Semibalanus.balanoides_PA1_RUN1_GAM",0.990200275255786
"459",77,"ocean_temp",12.4076424102088,"Semibalanus.balanoides_PA1_allRun_MAXENT",1
"460",77,"ocean_temp",12.4076424102088,"Semibalanus.balanoides_PA1_RUN1_RF",0.774
"461",77,"ocean_temp",12.4076424102088,"Semibalanus.balanoides_allData_allRun_GLM",0.898402833658275
"462",77,"ocean_temp",12.4076424102088,"Semibalanus.balanoides_allData_allRun_GAM",0.931513432688508
"463",78,"ocean_temp",12.4405197702215,"Semibalanus.balanoides_allData_allRun_GLM",0.898558251591335
"464",78,"ocean_temp",12.4405197702215,"Semibalanus.balanoides_PA1_RUN1_GLM",0.999407511208074
"465",78,"ocean_temp",12.4405197702215,"Semibalanus.balanoides_allData_allRun_GAM",0.932414873881021
"466",78,"ocean_temp",12.4405197702215,"Semibalanus.balanoides_PA1_RUN1_GAM",0.990253775911044
"467",78,"ocean_temp",12.4405197702215,"Semibalanus.balanoides_PA1_allRun_MAXENT",1
"468",78,"ocean_temp",12.4405197702215,"Semibalanus.balanoides_PA1_RUN1_RF",0.776
"469",79,"ocean_temp",12.4733971302342,"Semibalanus.balanoides_PA1_RUN1_GLM",0.99939044366437
"470",79,"ocean_temp",12.4733971302342,"Semibalanus.balanoides_PA1_RUN1_GAM",0.990306987343787
"471",79,"ocean_temp",12.4733971302342,"Semibalanus.balanoides_PA1_allRun_MAXENT",1
"472",79,"ocean_temp",12.4733971302342,"Semibalanus.balanoides_allData_allRun_GLM",0.898655709021773
"473",79,"ocean_temp",12.4733971302342,"Semibalanus.balanoides_PA1_RUN1_RF",0.778
"474",79,"ocean_temp",12.4733971302342,"Semibalanus.balanoides_allData_allRun_GAM",0.933305299544317
"475",80,"ocean_temp",12.5062744902469,"Semibalanus.balanoides_allData_allRun_GLM",0.898695353861683
"476",80,"ocean_temp",12.5062744902469,"Semibalanus.balanoides_PA1_RUN1_GLM",0.999371749547002
"477",80,"ocean_temp",12.5062744902469,"Semibalanus.balanoides_PA1_allRun_MAXENT",1
"478",80,"ocean_temp",12.5062744902469,"Semibalanus.balanoides_allData_allRun_GAM",0.934184822018423
"479",80,"ocean_temp",12.5062744902469,"Semibalanus.balanoides_PA1_RUN1_RF",0.776
"480",80,"ocean_temp",12.5062744902469,"Semibalanus.balanoides_PA1_RUN1_GAM",0.990359911086404
"481",81,"ocean_temp",12.5391518502596,"Semibalanus.balanoides_allData_allRun_GLM",0.898677246274947
"482",81,"ocean_temp",12.5391518502596,"Semibalanus.balanoides_PA1_allRun_MAXENT",1
"483",81,"ocean_temp",12.5391518502596,"Semibalanus.balanoides_allData_allRun_GAM",0.935053553085822
"484",81,"ocean_temp",12.5391518502596,"Semibalanus.balanoides_PA1_RUN1_RF",0.774
"485",81,"ocean_temp",12.5391518502596,"Semibalanus.balanoides_PA1_RUN1_GAM",0.990412548663504
"486",81,"ocean_temp",12.5391518502596,"Semibalanus.balanoides_PA1_RUN1_GLM",0.999351310347946
"487",82,"ocean_temp",12.5720292102722,"Semibalanus.balanoides_PA1_RUN1_GAM",0.99046490159195
"488",82,"ocean_temp",12.5720292102722,"Semibalanus.balanoides_allData_allRun_GLM",0.89860135878045
"489",82,"ocean_temp",12.5720292102722,"Semibalanus.balanoides_PA1_allRun_MAXENT",1
"490",82,"ocean_temp",12.5720292102722,"Semibalanus.balanoides_PA1_RUN1_GLM",0.999328994204361
"491",82,"ocean_temp",12.5720292102722,"Semibalanus.balanoides_PA1_RUN1_RF",0.806
"492",82,"ocean_temp",12.5720292102722,"Semibalanus.balanoides_allData_allRun_GAM",0.935911603957202
"493",83,"ocean_temp",12.6049065702849,"Semibalanus.balanoides_allData_allRun_GLM",0.89846757621112
"494",83,"ocean_temp",12.6049065702849,"Semibalanus.balanoides_PA1_RUN1_GAM",0.9905169713809
"495",83,"ocean_temp",12.6049065702849,"Semibalanus.balanoides_PA1_RUN1_GLM",0.999304654497068
"496",83,"ocean_temp",12.6049065702849,"Semibalanus.balanoides_PA1_RUN1_RF",0.808
"497",83,"ocean_temp",12.6049065702849,"Semibalanus.balanoides_allData_allRun_GAM",0.936759085257778
"498",83,"ocean_temp",12.6049065702849,"Semibalanus.balanoides_PA1_allRun_MAXENT",1
"499",84,"ocean_temp",12.6377839302976,"Semibalanus.balanoides_PA1_RUN1_GLM",0.99927812826701
"500",84,"ocean_temp",12.6377839302976,"Semibalanus.balanoides_PA1_RUN1_RF",0.744
"501",84,"ocean_temp",12.6377839302976,"Semibalanus.balanoides_PA1_allRun_MAXENT",1
"502",84,"ocean_temp",12.6377839302976,"Semibalanus.balanoides_allData_allRun_GLM",0.898275695498372
"503",84,"ocean_temp",12.6377839302976,"Semibalanus.balanoides_PA1_RUN1_GAM",0.990568759531834
"504",84,"ocean_temp",12.6377839302976,"Semibalanus.balanoides_allData_allRun_GAM",0.937596107014203
"505",85,"ocean_temp",12.6706612903103,"Semibalanus.balanoides_PA1_RUN1_GLM",0.999249234426109
"506",85,"ocean_temp",12.6706612903103,"Semibalanus.balanoides_PA1_allRun_MAXENT",1
"507",85,"ocean_temp",12.6706612903103,"Semibalanus.balanoides_PA1_RUN1_GAM",0.9906202675386
"508",85,"ocean_temp",12.6706612903103,"Semibalanus.balanoides_allData_allRun_GAM",0.938422778642035
"509",85,"ocean_temp",12.6706612903103,"Semibalanus.balanoides_PA1_RUN1_RF",0.694
"510",85,"ocean_temp",12.6706612903103,"Semibalanus.balanoides_allData_allRun_GLM",0.898025425312592
"511",86,"ocean_temp",12.703538650323,"Semibalanus.balanoides_PA1_RUN1_GAM",0.99067149688744
"512",86,"ocean_temp",12.703538650323,"Semibalanus.balanoides_PA1_RUN1_RF",0.694
"513",86,"ocean_temp",12.703538650323,"Semibalanus.balanoides_PA1_RUN1_GLM",0.999217771735478
"514",86,"ocean_temp",12.703538650323,"Semibalanus.balanoides_allData_allRun_GAM",0.939239208933756
"515",86,"ocean_temp",12.703538650323,"Semibalanus.balanoides_PA1_allRun_MAXENT",1
"516",86,"ocean_temp",12.703538650323,"Semibalanus.balanoides_allData_allRun_GLM",0.897716385535394
"517",87,"ocean_temp",12.7364160103357,"Semibalanus.balanoides_PA1_RUN1_GLM",0.999183516519967
"518",87,"ocean_temp",12.7364160103357,"Semibalanus.balanoides_PA1_allRun_MAXENT",1
"519",87,"ocean_temp",12.7364160103357,"Semibalanus.balanoides_allData_allRun_GLM",0.897348106582017
"520",87,"ocean_temp",12.7364160103357,"Semibalanus.balanoides_PA1_RUN1_RF",0.69
"521",87,"ocean_temp",12.7364160103357,"Semibalanus.balanoides_PA1_RUN1_GAM",0.99072244905703
"522",87,"ocean_temp",12.7364160103357,"Semibalanus.balanoides_allData_allRun_GAM",0.940045506047334
"523",88,"ocean_temp",12.7692933703484,"Semibalanus.balanoides_PA1_RUN1_GAM",0.990773125518516
"524",88,"ocean_temp",12.7692933703484,"Semibalanus.balanoides_PA1_RUN1_GLM",0.99914622008348
"525",88,"ocean_temp",12.7692933703484,"Semibalanus.balanoides_allData_allRun_GAM",0.940841777495307
"526",88,"ocean_temp",12.7692933703484,"Semibalanus.balanoides_PA1_RUN1_RF",0.64
"527",88,"ocean_temp",12.7692933703484,"Semibalanus.balanoides_PA1_allRun_MAXENT",1
"528",88,"ocean_temp",12.7692933703484,"Semibalanus.balanoides_allData_allRun_GLM",0.8969200285638
"529",89,"ocean_temp",12.8021707303611,"Semibalanus.balanoides_PA1_RUN1_GLM",0.999105605784249
"530",89,"ocean_temp",12.8021707303611,"Semibalanus.balanoides_PA1_RUN1_GAM",0.990823527735542
"531",89,"ocean_temp",12.8021707303611,"Semibalanus.balanoides_PA1_allRun_MAXENT",1
"532",89,"ocean_temp",12.8021707303611,"Semibalanus.balanoides_allData_allRun_GLM",0.896431500296196
"533",89,"ocean_temp",12.8021707303611,"Semibalanus.balanoides_PA1_RUN1_RF",0.64
"534",89,"ocean_temp",12.8021707303611,"Semibalanus.balanoides_allData_allRun_GAM",0.941628130134396
"535",90,"ocean_temp",12.8350480903738,"Semibalanus.balanoides_PA1_RUN1_GLM",0.999061365723171
"536",90,"ocean_temp",12.8350480903738,"Semibalanus.balanoides_PA1_allRun_MAXENT",1
"537",90,"ocean_temp",12.8350480903738,"Semibalanus.balanoides_PA1_RUN1_RF",0.64
"538",90,"ocean_temp",12.8350480903738,"Semibalanus.balanoides_PA1_RUN1_GAM",0.990873657164296
"539",90,"ocean_temp",12.8350480903738,"Semibalanus.balanoides_allData_allRun_GAM",0.942404670155615
"540",90,"ocean_temp",12.8350480903738,"Semibalanus.balanoides_allData_allRun_GLM",0.895881778148621
"541",91,"ocean_temp",12.8679254503865,"Semibalanus.balanoides_PA1_RUN1_GAM",0.990923515253532
"542",91,"ocean_temp",12.8679254503865,"Semibalanus.balanoides_allData_allRun_GAM",0.943171503074889
"543",91,"ocean_temp",12.8679254503865,"Semibalanus.balanoides_PA1_RUN1_RF",0.64
"544",91,"ocean_temp",12.8679254503865,"Semibalanus.balanoides_PA1_RUN1_GLM",0.999013156991366
"545",91,"ocean_temp",12.8679254503865,"Semibalanus.balanoides_PA1_allRun_MAXENT",1
"546",91,"ocean_temp",12.8679254503865,"Semibalanus.balanoides_allData_allRun_GLM",0.895270024748212
"547",92,"ocean_temp",12.9008028103992,"Semibalanus.balanoides_PA1_RUN1_GLM",0.998960597414974
"548",92,"ocean_temp",12.9008028103992,"Semibalanus.balanoides_allData_allRun_GLM",0.894595307521553
"549",92,"ocean_temp",12.9008028103992,"Semibalanus.balanoides_PA1_allRun_MAXENT",1
"550",92,"ocean_temp",12.9008028103992,"Semibalanus.balanoides_PA1_RUN1_RF",0.686
"551",92,"ocean_temp",12.9008028103992,"Semibalanus.balanoides_PA1_RUN1_GAM",0.990973103444617
"552",92,"ocean_temp",12.9008028103992,"Semibalanus.balanoides_allData_allRun_GAM",0.943928733724139
"553",93,"ocean_temp",12.9336801704119,"Semibalanus.balanoides_PA1_RUN1_GLM",0.998903260725938
"554",93,"ocean_temp",12.9336801704119,"Semibalanus.balanoides_PA1_RUN1_GAM",0.991022423171556
"555",93,"ocean_temp",12.9336801704119,"Semibalanus.balanoides_PA1_allRun_MAXENT",1
"556",93,"ocean_temp",12.9336801704119,"Semibalanus.balanoides_allData_allRun_GAM",0.944676466242861
"557",93,"ocean_temp",12.9336801704119,"Semibalanus.balanoides_PA1_RUN1_RF",0.686
"558",93,"ocean_temp",12.9336801704119,"Semibalanus.balanoides_allData_allRun_GLM",0.893856597097369
"559",94,"ocean_temp",12.9665575304246,"Semibalanus.balanoides_PA1_RUN1_GAM",0.99107147586103
"560",94,"ocean_temp",12.9665575304246,"Semibalanus.balanoides_PA1_RUN1_GLM",0.998840671076637
"561",94,"ocean_temp",12.9665575304246,"Semibalanus.balanoides_PA1_RUN1_RF",0.686
"562",94,"ocean_temp",12.9665575304246,"Semibalanus.balanoides_PA1_allRun_MAXENT",1
"563",94,"ocean_temp",12.9665575304246,"Semibalanus.balanoides_allData_allRun_GLM",0.89305276555087
"564",94,"ocean_temp",12.9665575304246,"Semibalanus.balanoides_allData_allRun_GAM",0.945414804070155
"565",95,"ocean_temp",12.9994348904373,"Semibalanus.balanoides_PA1_RUN1_GLM",0.99877229680377
"566",95,"ocean_temp",12.9994348904373,"Semibalanus.balanoides_PA1_allRun_MAXENT",1
"567",95,"ocean_temp",12.9994348904373,"Semibalanus.balanoides_PA1_RUN1_RF",0.658
"568",95,"ocean_temp",12.9994348904373,"Semibalanus.balanoides_PA1_RUN1_GAM",0.99112026293243
"569",95,"ocean_temp",12.9994348904373,"Semibalanus.balanoides_allData_allRun_GLM",0.892182584514641
"570",95,"ocean_temp",12.9994348904373,"Semibalanus.balanoides_allData_allRun_GAM",0.946143849937214
"571",96,"ocean_temp",13.03231225045,"Semibalanus.balanoides_PA1_RUN1_GAM",0.99116878579789
"572",96,"ocean_temp",13.03231225045,"Semibalanus.balanoides_allData_allRun_GAM",0.946863705860255
"573",96,"ocean_temp",13.03231225045,"Semibalanus.balanoides_PA1_RUN1_RF",0.654
"574",96,"ocean_temp",13.03231225045,"Semibalanus.balanoides_PA1_RUN1_GLM",0.998697543332339
"575",96,"ocean_temp",13.03231225045,"Semibalanus.balanoides_allData_allRun_GLM",0.891244723138395
"576",96,"ocean_temp",13.03231225045,"Semibalanus.balanoides_PA1_allRun_MAXENT",1
"577",97,"ocean_temp",13.0651896104627,"Semibalanus.balanoides_PA1_RUN1_GLM",0.998615745093738
"578",97,"ocean_temp",13.0651896104627,"Semibalanus.balanoides_PA1_allRun_MAXENT",1
"579",97,"ocean_temp",13.0651896104627,"Semibalanus.balanoides_PA1_RUN1_GAM",0.991217045862324
"580",97,"ocean_temp",13.0651896104627,"Semibalanus.balanoides_PA1_RUN1_RF",0.654
"581",97,"ocean_temp",13.0651896104627,"Semibalanus.balanoides_allData_allRun_GLM",0.890237745919889
"582",97,"ocean_temp",13.0651896104627,"Semibalanus.balanoides_allData_allRun_GAM",0.947574473133874
"583",98,"ocean_temp",13.0980669704754,"Semibalanus.balanoides_PA1_RUN1_GLM",0.998526156312459
"584",98,"ocean_temp",13.0980669704754,"Semibalanus.balanoides_PA1_RUN1_GAM",0.991265044523458
"585",98,"ocean_temp",13.0980669704754,"Semibalanus.balanoides_PA1_RUN1_RF",0.654
"586",98,"ocean_temp",13.0980669704754,"Semibalanus.balanoides_PA1_allRun_MAXENT",1
"587",98,"ocean_temp",13.0980669704754,"Semibalanus.balanoides_allData_allRun_GAM",0.948276252324831
"588",98,"ocean_temp",13.0980669704754,"Semibalanus.balanoides_allData_allRun_GLM",0.889160110401886
"589",99,"ocean_temp",13.1309443304881,"Semibalanus.balanoides_PA1_RUN1_GLM",0.998427940493179
"590",99,"ocean_temp",13.1309443304881,"Semibalanus.balanoides_allData_allRun_GLM",0.888010164741214
"591",99,"ocean_temp",13.1309443304881,"Semibalanus.balanoides_allData_allRun_GAM",0.948969143266248
"592",99,"ocean_temp",13.1309443304881,"Semibalanus.balanoides_PA1_allRun_MAXENT",0.999999
"593",99,"ocean_temp",13.1309443304881,"Semibalanus.balanoides_PA1_RUN1_GAM",0.991312783171859
"594",99,"ocean_temp",13.1309443304881,"Semibalanus.balanoides_PA1_RUN1_RF",0.654
"595",100,"ocean_temp",13.1638216905008,"Semibalanus.balanoides_PA1_RUN1_GLM",0.998320158413677
"596",100,"ocean_temp",13.1638216905008,"Semibalanus.balanoides_allData_allRun_GAM",0.949653245052194
"597",100,"ocean_temp",13.1638216905008,"Semibalanus.balanoides_PA1_allRun_MAXENT",0.999994
"598",100,"ocean_temp",13.1638216905008,"Semibalanus.balanoides_PA1_RUN1_GAM",0.991360263190977
"599",100,"ocean_temp",13.1638216905008,"Semibalanus.balanoides_PA1_RUN1_RF",0.654
"600",100,"ocean_temp",13.1638216905008,"Semibalanus.balanoides_allData_allRun_GLM",0.886786145167989
"601",1,"ph",8.03495038690993,"Semibalanus.balanoides_PA1_RUN1_GAM",0.985158793667826
"602",1,"ph",8.03495038690993,"Semibalanus.balanoides_PA1_allRun_MAXENT",0.907511
"603",1,"ph",8.03495038690993,"Semibalanus.balanoides_allData_allRun_GLM",0.548414917180697
"604",1,"ph",8.03495038690993,"Semibalanus.balanoides_PA1_RUN1_RF",0.688
"605",1,"ph",8.03495038690993,"Semibalanus.balanoides_PA1_RUN1_GLM",0.984991635818891
"606",1,"ph",8.03495038690993,"Semibalanus.balanoides_allData_allRun_GAM",0.821960231196476
"607",2,"ph",8.03562129867388,"Semibalanus.balanoides_PA1_allRun_MAXENT",0.917866
"608",2,"ph",8.03562129867388,"Semibalanus.balanoides_allData_allRun_GLM",0.551809419900482
"609",2,"ph",8.03562129867388,"Semibalanus.balanoides_PA1_RUN1_RF",0.688
"610",2,"ph",8.03562129867388,"Semibalanus.balanoides_PA1_RUN1_GLM",0.984589097260852
"611",2,"ph",8.03562129867388,"Semibalanus.balanoides_PA1_RUN1_GAM",0.984494616699574
"612",2,"ph",8.03562129867388,"Semibalanus.balanoides_allData_allRun_GAM",0.819494195476119
"613",3,"ph",8.03629221043783,"Semibalanus.balanoides_PA1_RUN1_GAM",0.983801205072474
"614",3,"ph",8.03629221043783,"Semibalanus.balanoides_PA1_RUN1_GLM",0.984173379002088
"615",3,"ph",8.03629221043783,"Semibalanus.balanoides_PA1_RUN1_RF",0.688
"616",3,"ph",8.03629221043783,"Semibalanus.balanoides_PA1_allRun_MAXENT",0.92748
"617",3,"ph",8.03629221043783,"Semibalanus.balanoides_allData_allRun_GLM",0.555075326764551
"618",3,"ph",8.03629221043783,"Semibalanus.balanoides_allData_allRun_GAM",0.817001607231174
"619",4,"ph",8.03696312220177,"Semibalanus.balanoides_PA1_RUN1_GLM",0.983744006719705
"620",4,"ph",8.03696312220177,"Semibalanus.balanoides_PA1_RUN1_GAM",0.983077316625451
"621",4,"ph",8.03696312220177,"Semibalanus.balanoides_PA1_allRun_MAXENT",0.936376
"622",4,"ph",8.03696312220177,"Semibalanus.balanoides_allData_allRun_GLM",0.558212886609741
"623",4,"ph",8.03696312220177,"Semibalanus.balanoides_PA1_RUN1_RF",0.688
"624",4,"ph",8.03696312220177,"Semibalanus.balanoides_allData_allRun_GAM",0.814482391065806
"625",5,"ph",8.03763403396572,"Semibalanus.balanoides_PA1_RUN1_RF",0.688
"626",5,"ph",8.03763403396572,"Semibalanus.balanoides_PA1_RUN1_GAM",0.982321660491485
"627",5,"ph",8.03763403396572,"Semibalanus.balanoides_allData_allRun_GAM",0.811936477524539
"628",5,"ph",8.03763403396572,"Semibalanus.balanoides_PA1_allRun_MAXENT",0.944533
"629",5,"ph",8.03763403396572,"Semibalanus.balanoides_PA1_RUN1_GLM",0.983300488000008
"630",5,"ph",8.03763403396572,"Semibalanus.balanoides_allData_allRun_GLM",0.561222389463242
"631",6,"ph",8.03830494572967,"Semibalanus.balanoides_PA1_RUN1_GLM",0.982842311640869
"632",6,"ph",8.03830494572967,"Semibalanus.balanoides_PA1_RUN1_GAM",0.981532895562481
"633",6,"ph",8.03830494572967,"Semibalanus.balanoides_allData_allRun_GLM",0.56410416037462
"634",6,"ph",8.03830494572967,"Semibalanus.balanoides_PA1_allRun_MAXENT",0.951983
"635",6,"ph",8.03830494572967,"Semibalanus.balanoides_PA1_RUN1_RF",0.688
"636",6,"ph",8.03830494572967,"Semibalanus.balanoides_allData_allRun_GAM",0.809363803250912
"637",7,"ph",8.03897585749361,"Semibalanus.balanoides_PA1_RUN1_GLM",0.982368946929571
"638",7,"ph",8.03897585749361,"Semibalanus.balanoides_PA1_RUN1_GAM",0.980709628941652
"639",7,"ph",8.03897585749361,"Semibalanus.balanoides_PA1_RUN1_RF",0.688
"640",7,"ph",8.03897585749361,"Semibalanus.balanoides_PA1_allRun_MAXENT",0.958721
"641",7,"ph",8.03897585749361,"Semibalanus.balanoides_allData_allRun_GAM",0.806764311145807
"642",7,"ph",8.03897585749361,"Semibalanus.balanoides_allData_allRun_GLM",0.56685855351949
"643",8,"ph",8.03964676925756,"Semibalanus.balanoides_PA1_RUN1_GAM",0.979850414387416
"644",8,"ph",8.03964676925756,"Semibalanus.balanoides_PA1_allRun_MAXENT",0.964788
"645",8,"ph",8.03964676925756,"Semibalanus.balanoides_PA1_RUN1_GLM",0.981879842894314
"646",8,"ph",8.03964676925756,"Semibalanus.balanoides_PA1_RUN1_RF",0.688
"647",8,"ph",8.03964676925756,"Semibalanus.balanoides_allData_allRun_GLM",0.569485946580484
"648",8,"ph",8.03964676925756,"Semibalanus.balanoides_allData_allRun_GAM",0.804137950525251
"649",9,"ph",8.04031768102151,"Semibalanus.balanoides_PA1_RUN1_GLM",0.981374427529353
"650",9,"ph",8.04031768102151,"Semibalanus.balanoides_allData_allRun_GLM",0.571986735445252
"651",9,"ph",8.04031768102151,"Semibalanus.balanoides_PA1_allRun_MAXENT",0.970194
"652",9,"ph",8.04031768102151,"Semibalanus.balanoides_PA1_RUN1_RF",0.688
"653",9,"ph",8.04031768102151,"Semibalanus.balanoides_PA1_RUN1_GAM",0.978953750753303
"654",9,"ph",8.04031768102151,"Semibalanus.balanoides_allData_allRun_GAM",0.801484677277628
"655",10,"ph",8.04098859278545,"Semibalanus.balanoides_PA1_RUN1_GAM",0.978018080428867
"656",10,"ph",8.04098859278545,"Semibalanus.balanoides_PA1_RUN1_RF",0.688
"657",10,"ph",8.04098859278545,"Semibalanus.balanoides_allData_allRun_GAM",0.798804454019935
"658",10,"ph",8.04098859278545,"Semibalanus.balanoides_PA1_allRun_MAXENT",0.974984
"659",10,"ph",8.04098859278545,"Semibalanus.balanoides_PA1_RUN1_GLM",0.980852106993912
"660",10,"ph",8.04098859278545,"Semibalanus.balanoides_allData_allRun_GLM",0.574361329131407
"661",11,"ph",8.0416595045494,"Semibalanus.balanoides_PA1_RUN1_GAM",0.977041787787249
"662",11,"ph",8.0416595045494,"Semibalanus.balanoides_PA1_RUN1_GLM",0.980312264781967
"663",11,"ph",8.0416595045494,"Semibalanus.balanoides_allData_allRun_GLM",0.576610145045422
"664",11,"ph",8.0416595045494,"Semibalanus.balanoides_PA1_allRun_MAXENT",0.979181
"665",11,"ph",8.0416595045494,"Semibalanus.balanoides_PA1_RUN1_RF",0.688
"666",11,"ph",8.0416595045494,"Semibalanus.balanoides_allData_allRun_GAM",0.796097250253179
"667",12,"ph",8.04233041631335,"Semibalanus.balanoides_PA1_RUN1_GLM",0.979754260865219
"668",12,"ph",8.04233041631335,"Semibalanus.balanoides_PA1_allRun_MAXENT",0.982837
"669",12,"ph",8.04233041631335,"Semibalanus.balanoides_PA1_RUN1_GAM",0.976023197645593
"670",12,"ph",8.04233041631335,"Semibalanus.balanoides_PA1_RUN1_RF",0.688
"671",12,"ph",8.04233041631335,"Semibalanus.balanoides_allData_allRun_GLM",0.578733604481602
"672",12,"ph",8.04233041631335,"Semibalanus.balanoides_allData_allRun_GAM",0.793363042516407
"673",13,"ph",8.0430013280773,"Semibalanus.balanoides_PA1_RUN1_GAM",0.974960573745246
"674",13,"ph",8.0430013280773,"Semibalanus.balanoides_PA1_RUN1_RF",0.688
"675",13,"ph",8.0430013280773,"Semibalanus.balanoides_PA1_allRun_MAXENT",0.985982
"676",13,"ph",8.0430013280773,"Semibalanus.balanoides_PA1_RUN1_GLM",0.979177430806374
"677",13,"ph",8.0430013280773,"Semibalanus.balanoides_allData_allRun_GAM",0.790601814539454
"678",13,"ph",8.0430013280773,"Semibalanus.balanoides_allData_allRun_GLM",0.580732128414574
"679",14,"ph",8.04367223984124,"Semibalanus.balanoides_PA1_RUN1_GLM",0.978581084843275
"680",14,"ph",8.04367223984124,"Semibalanus.balanoides_allData_allRun_GLM",0.582606133559629
"681",14,"ph",8.04367223984124,"Semibalanus.balanoides_PA1_allRun_MAXENT",0.988669
"682",14,"ph",8.04367223984124,"Semibalanus.balanoides_PA1_RUN1_GAM",0.973852117259341
"683",14,"ph",8.04367223984124,"Semibalanus.balanoides_PA1_RUN1_RF",0.688
"684",14,"ph",8.04367223984124,"Semibalanus.balanoides_allData_allRun_GAM",0.787813557394005
"685",15,"ph",8.04434315160519,"Semibalanus.balanoides_PA1_RUN1_GAM",0.972695965336196
"686",15,"ph",8.04434315160519,"Semibalanus.balanoides_PA1_RUN1_RF",0.688
"687",15,"ph",8.04434315160519,"Semibalanus.balanoides_PA1_RUN1_GLM",0.977964506943498
"688",15,"ph",8.04434315160519,"Semibalanus.balanoides_allData_allRun_GAM",0.78499826964296
"689",15,"ph",8.04434315160519,"Semibalanus.balanoides_PA1_allRun_MAXENT",0.990935
"690",15,"ph",8.04434315160519,"Semibalanus.balanoides_allData_allRun_GLM",0.584356028689134
"691",16,"ph",8.04501406336914,"Semibalanus.balanoides_PA1_RUN1_GAM",0.971490189687682
"692",16,"ph",8.04501406336914,"Semibalanus.balanoides_PA1_allRun_MAXENT",0.99283
"693",16,"ph",8.04501406336914,"Semibalanus.balanoides_PA1_RUN1_GLM",0.977326953828512
"694",16,"ph",8.04501406336914,"Semibalanus.balanoides_allData_allRun_GLM",0.585982211215924
"695",16,"ph",8.04501406336914,"Semibalanus.balanoides_PA1_RUN1_RF",0.688
"696",16,"ph",8.04501406336914,"Semibalanus.balanoides_allData_allRun_GAM",0.782155957487756
"697",17,"ph",8.04568497513309,"Semibalanus.balanoides_PA1_RUN1_GLM",0.976667653967205
"698",17,"ph",8.04568497513309,"Semibalanus.balanoides_allData_allRun_GLM",0.587485064027721
"699",17,"ph",8.04568497513309,"Semibalanus.balanoides_PA1_RUN1_GAM",0.970232795232661
"700",17,"ph",8.04568497513309,"Semibalanus.balanoides_PA1_RUN1_RF",0.688
"701",17,"ph",8.04568497513309,"Semibalanus.balanoides_PA1_allRun_MAXENT",0.994393
"702",17,"ph",8.04568497513309,"Semibalanus.balanoides_allData_allRun_GAM",0.779286634913476
"703",18,"ph",8.04635588689703,"Semibalanus.balanoides_PA1_RUN1_RF",0.688
"704",18,"ph",8.04635588689703,"Semibalanus.balanoides_PA1_RUN1_GLM",0.975985806538679
"705",18,"ph",8.04635588689703,"Semibalanus.balanoides_PA1_allRun_MAXENT",0.99567
"706",18,"ph",8.04635588689703,"Semibalanus.balanoides_allData_allRun_GAM",0.776390323831596
"707",18,"ph",8.04635588689703,"Semibalanus.balanoides_allData_allRun_GLM",0.588864952579563
"708",18,"ph",8.04635588689703,"Semibalanus.balanoides_PA1_RUN1_GAM",0.968921718806473
"709",19,"ph",8.04702679866098,"Semibalanus.balanoides_PA1_RUN1_GLM",0.975280580363699
"710",19,"ph",8.04702679866098,"Semibalanus.balanoides_PA1_allRun_MAXENT",0.996698
"711",19,"ph",8.04702679866098,"Semibalanus.balanoides_allData_allRun_GAM",0.77346705422006
"712",19,"ph",8.04702679866098,"Semibalanus.balanoides_PA1_RUN1_RF",0.704
"713",19,"ph",8.04702679866098,"Semibalanus.balanoides_PA1_RUN1_GAM",0.967554827948386
"714",19,"ph",8.04702679866098,"Semibalanus.balanoides_allData_allRun_GLM",0.590122222208822
"715",20,"ph",8.04769771042493,"Semibalanus.balanoides_allData_allRun_GAM",0.770516864260605
"716",20,"ph",8.04769771042493,"Semibalanus.balanoides_allData_allRun_GLM",0.59125719572213
"717",20,"ph",8.04769771042493,"Semibalanus.balanoides_PA1_allRun_MAXENT",0.997516
"718",20,"ph",8.04769771042493,"Semibalanus.balanoides_PA1_RUN1_GLM",0.974551112805386
"719",20,"ph",8.04769771042493,"Semibalanus.balanoides_PA1_RUN1_RF",0.712
"720",20,"ph",8.04769771042493,"Semibalanus.balanoides_PA1_RUN1_GAM",0.966129919780027
"721",21,"ph",8.04836862218887,"Semibalanus.balanoides_allData_allRun_GLM",0.592270171175042
"722",21,"ph",8.04836862218887,"Semibalanus.balanoides_PA1_allRun_MAXENT",0.997763
"723",21,"ph",8.04836862218887,"Semibalanus.balanoides_PA1_RUN1_GLM",0.973796508637966
"724",21,"ph",8.04836862218887,"Semibalanus.balanoides_PA1_RUN1_RF",0.674
"725",21,"ph",8.04836862218887,"Semibalanus.balanoides_allData_allRun_GAM",0.767539800472921
"726",21,"ph",8.04836862218887,"Semibalanus.balanoides_PA1_RUN1_GAM",0.964644719988742
"727",22,"ph",8.04903953395282,"Semibalanus.balanoides_PA1_RUN1_GLM",0.973015838885255
"728",22,"ph",8.04903953395282,"Semibalanus.balanoides_PA1_allRun_MAXENT",0.997594
"729",22,"ph",8.04903953395282,"Semibalanus.balanoides_PA1_RUN1_GAM",0.963096881931043
"730",22,"ph",8.04903953395282,"Semibalanus.balanoides_PA1_RUN1_RF",0.65
"731",22,"ph",8.04903953395282,"Semibalanus.balanoides_allData_allRun_GLM",0.593161419922229
"732",22,"ph",8.04903953395282,"Semibalanus.balanoides_allData_allRun_GAM",0.764535917845654
"733",23,"ph",8.04971044571677,"Semibalanus.balanoides_PA1_allRun_MAXENT",0.997414
"734",23,"ph",8.04971044571677,"Semibalanus.balanoides_PA1_RUN1_RF",0.664
"735",23,"ph",8.04971044571677,"Semibalanus.balanoides_allData_allRun_GLM",0.593931184852621
"736",23,"ph",8.04971044571677,"Semibalanus.balanoides_PA1_RUN1_GLM",0.972208139627216
"737",23,"ph",8.04971044571677,"Semibalanus.balanoides_allData_allRun_GAM",0.761505279963825
"738",23,"ph",8.04971044571677,"Semibalanus.balanoides_PA1_RUN1_GAM",0.961483985872416
"739",24,"ph",8.05038135748071,"Semibalanus.balanoides_PA1_RUN1_GLM",0.971372410776829
"740",24,"ph",8.05038135748071,"Semibalanus.balanoides_PA1_RUN1_GAM",0.959803538380912
"741",24,"ph",8.05038135748071,"Semibalanus.balanoides_PA1_allRun_MAXENT",0.997224
"742",24,"ph",8.05038135748071,"Semibalanus.balanoides_PA1_RUN1_RF",0.672
"743",24,"ph",8.05038135748071,"Semibalanus.balanoides_allData_allRun_GLM",0.594579678872045
"744",24,"ph",8.05038135748071,"Semibalanus.balanoides_allData_allRun_GAM",0.758447959132579
"745",25,"ph",8.05105226924466,"Semibalanus.balanoides_PA1_RUN1_GLM",0.970507614826322
"746",25,"ph",8.05105226924466,"Semibalanus.balanoides_PA1_allRun_MAXENT",0.997022
"747",25,"ph",8.05105226924466,"Semibalanus.balanoides_PA1_RUN1_GAM",0.958052971893262
"748",25,"ph",8.05105226924466,"Semibalanus.balanoides_PA1_RUN1_RF",0.666
"749",25,"ph",8.05105226924466,"Semibalanus.balanoides_allData_allRun_GLM",0.595107083580243
"750",25,"ph",8.05105226924466,"Semibalanus.balanoides_allData_allRun_GAM",0.755364036497005
"751",26,"ph",8.05172318100861,"Semibalanus.balanoides_PA1_allRun_MAXENT",0.996808
"752",26,"ph",8.05172318100861,"Semibalanus.balanoides_PA1_RUN1_RF",0.662
"753",26,"ph",8.05172318100861,"Semibalanus.balanoides_PA1_RUN1_GLM",0.969612675564587
"754",26,"ph",8.05172318100861,"Semibalanus.balanoides_allData_allRun_GLM",0.595513548187987
"755",26,"ph",8.05172318100861,"Semibalanus.balanoides_PA1_RUN1_GAM",0.956229644473375
"756",26,"ph",8.05172318100861,"Semibalanus.balanoides_allData_allRun_GAM",0.752253602157782
"757",27,"ph",8.05239409277255,"Semibalanus.balanoides_PA1_allRun_MAXENT",0.996582
"758",27,"ph",8.05239409277255,"Semibalanus.balanoides_PA1_RUN1_GLM",0.968686476765698
"759",27,"ph",8.05239409277255,"Semibalanus.balanoides_PA1_RUN1_RF",0.656
"760",27,"ph",8.05239409277255,"Semibalanus.balanoides_PA1_RUN1_GAM",0.95433083978447
"761",27,"ph",8.05239409277255,"Semibalanus.balanoides_allData_allRun_GLM",0.595799188608176
"762",27,"ph",8.05239409277255,"Semibalanus.balanoides_allData_allRun_GAM",0.749116755282401
"763",28,"ph",8.0530650045365,"Semibalanus.balanoides_PA1_RUN1_GLM",0.967727860850368
"764",28,"ph",8.0530650045365,"Semibalanus.balanoides_PA1_allRun_MAXENT",0.996342
"765",28,"ph",8.0530650045365,"Semibalanus.balanoides_PA1_RUN1_GAM",0.952353767297284
"766",28,"ph",8.0530650045365,"Semibalanus.balanoides_PA1_RUN1_RF",0.658
"767",28,"ph",8.0530650045365,"Semibalanus.balanoides_allData_allRun_GLM",0.595964086779864
"768",28,"ph",8.0530650045365,"Semibalanus.balanoides_allData_allRun_GAM",0.745953604211808
"769",29,"ph",8.05373591630045,"Semibalanus.balanoides_PA1_RUN1_GLM",0.96673562752201
"770",29,"ph",8.05373591630045,"Semibalanus.balanoides_PA1_allRun_MAXENT",0.996089
"771",29,"ph",8.05373591630045,"Semibalanus.balanoides_PA1_RUN1_GAM",0.950295562758197
"772",29,"ph",8.05373591630045,"Semibalanus.balanoides_PA1_RUN1_RF",0.658
"773",29,"ph",8.05373591630045,"Semibalanus.balanoides_allData_allRun_GLM",0.596008290182963
"774",29,"ph",8.05373591630045,"Semibalanus.balanoides_allData_allRun_GAM",0.742764266562216
"775",30,"ph",8.0544068280644,"Semibalanus.balanoides_PA1_allRun_MAXENT",0.995821
"776",30,"ph",8.0544068280644,"Semibalanus.balanoides_PA1_RUN1_RF",0.658
"777",30,"ph",8.0544068280644,"Semibalanus.balanoides_PA1_RUN1_GAM",0.948153288942218
"778",30,"ph",8.0544068280644,"Semibalanus.balanoides_allData_allRun_GLM",0.595931811575575
"779",30,"ph",8.0544068280644,"Semibalanus.balanoides_PA1_RUN1_GLM",0.965708532378265
"780",30,"ph",8.0544068280644,"Semibalanus.balanoides_allData_allRun_GAM",0.739548869321843
"781",31,"ph",8.05507773982834,"Semibalanus.balanoides_PA1_allRun_MAXENT",0.995539
"782",31,"ph",8.05507773982834,"Semibalanus.balanoides_PA1_RUN1_GLM",0.964645285499268
"783",31,"ph",8.05507773982834,"Semibalanus.balanoides_PA1_RUN1_RF",0.658
"784",31,"ph",8.05507773982834,"Semibalanus.balanoides_PA1_RUN1_GAM",0.945923936717201
"785",31,"ph",8.05507773982834,"Semibalanus.balanoides_allData_allRun_GAM",0.736307548942323
"786",31,"ph",8.05507773982834,"Semibalanus.balanoides_allData_allRun_GLM",0.59573462889711
"787",32,"ph",8.05574865159229,"Semibalanus.balanoides_PA1_RUN1_GLM",0.963544550018573
"788",32,"ph",8.05574865159229,"Semibalanus.balanoides_PA1_allRun_MAXENT",0.995241
"789",32,"ph",8.05574865159229,"Semibalanus.balanoides_PA1_RUN1_GAM",0.943604426446783
"790",32,"ph",8.05574865159229,"Semibalanus.balanoides_PA1_RUN1_RF",0.656
"791",32,"ph",8.05574865159229,"Semibalanus.balanoides_allData_allRun_GLM",0.595416685414039
"792",32,"ph",8.05574865159229,"Semibalanus.balanoides_allData_allRun_GAM",0.733040451424695
"793",33,"ph",8.05641956335624,"Semibalanus.balanoides_PA1_RUN1_GLM",0.962404940674153
"794",33,"ph",8.05641956335624,"Semibalanus.balanoides_PA1_allRun_MAXENT",0.994928
"795",33,"ph",8.05641956335624,"Semibalanus.balanoides_PA1_RUN1_GAM",0.941191609760612
"796",33,"ph",8.05641956335624,"Semibalanus.balanoides_PA1_RUN1_RF",0.656
"797",33,"ph",8.05641956335624,"Semibalanus.balanoides_allData_allRun_GLM",0.594977890049117
"798",33,"ph",8.05641956335624,"Semibalanus.balanoides_allData_allRun_GAM",0.729747732399557
"799",34,"ph",8.05709047512018,"Semibalanus.balanoides_PA1_allRun_MAXENT",0.994598
"800",34,"ph",8.05709047512018,"Semibalanus.balanoides_PA1_RUN1_GLM",0.96122502234672
"801",34,"ph",8.05709047512018,"Semibalanus.balanoides_PA1_RUN1_RF",0.656
"802",34,"ph",8.05709047512018,"Semibalanus.balanoides_PA1_RUN1_GAM",0.938682271721787
"803",34,"ph",8.05709047512018,"Semibalanus.balanoides_allData_allRun_GLM",0.594418117901978
"804",34,"ph",8.05709047512018,"Semibalanus.balanoides_allData_allRun_GAM",0.726429557201382
"805",35,"ph",8.05776138688413,"Semibalanus.balanoides_PA1_allRun_MAXENT",0.99425
"806",35,"ph",8.05776138688413,"Semibalanus.balanoides_PA1_RUN1_RF",0.66
"807",35,"ph",8.05776138688413,"Semibalanus.balanoides_PA1_RUN1_GLM",0.96000330858722
"808",35,"ph",8.05776138688413,"Semibalanus.balanoides_allData_allRun_GLM",0.593737211016986
"809",35,"ph",8.05776138688413,"Semibalanus.balanoides_PA1_RUN1_GAM",0.936073133421939
"810",35,"ph",8.05776138688413,"Semibalanus.balanoides_allData_allRun_GAM",0.723086100936629
"811",36,"ph",8.05843229864808,"Semibalanus.balanoides_PA1_RUN1_GLM",0.958738260136869
"812",36,"ph",8.05843229864808,"Semibalanus.balanoides_PA1_allRun_MAXENT",0.993885
"813",36,"ph",8.05843229864808,"Semibalanus.balanoides_PA1_RUN1_GAM",0.933360855035674
"814",36,"ph",8.05843229864808,"Semibalanus.balanoides_PA1_RUN1_RF",0.656
"815",36,"ph",8.05843229864808,"Semibalanus.balanoides_allData_allRun_GLM",0.592934979295173
"816",36,"ph",8.05843229864808,"Semibalanus.balanoides_allData_allRun_GAM",0.719717548545465
"817",37,"ph",8.05910321041202,"Semibalanus.balanoides_PA1_RUN1_GLM",0.957428283446369
"818",37,"ph",8.05910321041202,"Semibalanus.balanoides_PA1_RUN1_GAM",0.930542039366513
"819",37,"ph",8.05910321041202,"Semibalanus.balanoides_PA1_allRun_MAXENT",0.993502
"820",37,"ph",8.05910321041202,"Semibalanus.balanoides_PA1_RUN1_RF",0.656
"821",37,"ph",8.05910321041202,"Semibalanus.balanoides_allData_allRun_GLM",0.592011201677364
"822",37,"ph",8.05910321041202,"Semibalanus.balanoides_allData_allRun_GAM",0.716324094856969
"823",38,"ph",8.05977412217597,"Semibalanus.balanoides_PA1_allRun_MAXENT",0.993099
"824",38,"ph",8.05977412217597,"Semibalanus.balanoides_PA1_RUN1_GLM",0.956071729196028
"825",38,"ph",8.05977412217597,"Semibalanus.balanoides_PA1_RUN1_RF",0.656
"826",38,"ph",8.05977412217597,"Semibalanus.balanoides_PA1_RUN1_GAM",0.927613235916987
"827",38,"ph",8.05977412217597,"Semibalanus.balanoides_allData_allRun_GLM",0.590965627501607
"828",38,"ph",8.05977412217597,"Semibalanus.balanoides_allData_allRun_GAM",0.712905944637507
"829",39,"ph",8.06044503393992,"Semibalanus.balanoides_PA1_allRun_MAXENT",0.992677
"830",39,"ph",8.06044503393992,"Semibalanus.balanoides_PA1_RUN1_RF",0.652
"831",39,"ph",8.06044503393992,"Semibalanus.balanoides_allData_allRun_GLM",0.589797978098145
"832",39,"ph",8.06044503393992,"Semibalanus.balanoides_PA1_RUN1_GLM",0.954666890826695
"833",39,"ph",8.06044503393992,"Semibalanus.balanoides_allData_allRun_GAM",0.709463312632227
"834",39,"ph",8.06044503393992,"Semibalanus.balanoides_PA1_RUN1_GAM",0.924570945515966
"835",40,"ph",8.06111594570387,"Semibalanus.balanoides_allData_allRun_GLM",0.588507948583744
"836",40,"ph",8.06111594570387,"Semibalanus.balanoides_PA1_RUN1_GLM",0.95321200308269
"837",40,"ph",8.06111594570387,"Semibalanus.balanoides_PA1_allRun_MAXENT",0.992233
"838",40,"ph",8.06111594570387,"Semibalanus.balanoides_allData_allRun_GAM",0.705996423599281
"839",40,"ph",8.06111594570387,"Semibalanus.balanoides_PA1_RUN1_RF",0.652
"840",40,"ph",8.06111594570387,"Semibalanus.balanoides_PA1_RUN1_GAM",0.921411625536049
"841",41,"ph",8.06178685746781,"Semibalanus.balanoides_allData_allRun_GLM",0.587095209905512
"842",41,"ph",8.06178685746781,"Semibalanus.balanoides_allData_allRun_GAM",0.702505512336819
"843",41,"ph",8.06178685746781,"Semibalanus.balanoides_PA1_RUN1_GAM",0.918131695733808
"844",41,"ph",8.06178685746781,"Semibalanus.balanoides_PA1_RUN1_GLM",0.951705240579586
"845",41,"ph",8.06178685746781,"Semibalanus.balanoides_PA1_allRun_MAXENT",0.99177
"846",41,"ph",8.06178685746781,"Semibalanus.balanoides_PA1_RUN1_RF",0.66
"847",42,"ph",8.06245776923176,"Semibalanus.balanoides_PA1_RUN1_GAM",0.914727544744903
"848",42,"ph",8.06245776923176,"Semibalanus.balanoides_allData_allRun_GLM",0.585559411096717
"849",42,"ph",8.06245776923176,"Semibalanus.balanoides_PA1_allRun_MAXENT",0.991284
"850",42,"ph",8.06245776923176,"Semibalanus.balanoides_PA1_RUN1_GLM",0.950144716399232
"851",42,"ph",8.06245776923176,"Semibalanus.balanoides_PA1_RUN1_RF",0.668
"852",42,"ph",8.06245776923176,"Semibalanus.balanoides_allData_allRun_GAM",0.698990823702377
"853",43,"ph",8.06312868099571,"Semibalanus.balanoides_PA1_RUN1_GAM",0.911195537265084
"854",43,"ph",8.06312868099571,"Semibalanus.balanoides_PA1_RUN1_RF",0.672
"855",43,"ph",8.06312868099571,"Semibalanus.balanoides_PA1_RUN1_GLM",0.948528480723004
"856",43,"ph",8.06312868099571,"Semibalanus.balanoides_PA1_allRun_MAXENT",0.990776
"857",43,"ph",8.06312868099571,"Semibalanus.balanoides_allData_allRun_GLM",0.583900181763657
"858",43,"ph",8.06312868099571,"Semibalanus.balanoides_allData_allRun_GAM",0.695452612624617
"859",44,"ph",8.06379959275965,"Semibalanus.balanoides_PA1_allRun_MAXENT",0.990245
"860",44,"ph",8.06379959275965,"Semibalanus.balanoides_PA1_RUN1_GAM",0.907532021946815
"861",44,"ph",8.06379959275965,"Semibalanus.balanoides_PA1_RUN1_GLM",0.946854519514958
"862",44,"ph",8.06379959275965,"Semibalanus.balanoides_allData_allRun_GLM",0.582117134845914
"863",44,"ph",8.06379959275965,"Semibalanus.balanoides_PA1_RUN1_RF",0.696
"864",44,"ph",8.06379959275965,"Semibalanus.balanoides_allData_allRun_GAM",0.691891144107233
"865",45,"ph",8.0644705045236,"Semibalanus.balanoides_PA1_RUN1_GLM",0.945120753259445
"866",45,"ph",8.0644705045236,"Semibalanus.balanoides_PA1_RUN1_GAM",0.903733340039053
"867",45,"ph",8.0644705045236,"Semibalanus.balanoides_allData_allRun_GAM",0.688306693224842
"868",45,"ph",8.0644705045236,"Semibalanus.balanoides_PA1_RUN1_RF",0.78
"869",45,"ph",8.0644705045236,"Semibalanus.balanoides_PA1_allRun_MAXENT",0.989691
"870",45,"ph",8.0644705045236,"Semibalanus.balanoides_allData_allRun_GLM",0.580209869568845
"871",46,"ph",8.06514141628755,"Semibalanus.balanoides_PA1_RUN1_GAM",0.899795834795622
"872",46,"ph",8.06514141628755,"Semibalanus.balanoides_PA1_RUN1_GLM",0.943325035770466
"873",46,"ph",8.06514141628755,"Semibalanus.balanoides_PA1_allRun_MAXENT",0.988876
"874",46,"ph",8.06514141628755,"Semibalanus.balanoides_PA1_RUN1_RF",0.812
"875",46,"ph",8.06514141628755,"Semibalanus.balanoides_allData_allRun_GLM",0.578177974689057
"876",46,"ph",8.06514141628755,"Semibalanus.balanoides_allData_allRun_GAM",0.684699545110683
"877",47,"ph",8.06581232805149,"Semibalanus.balanoides_PA1_RUN1_GLM",0.94146515308203
"878",47,"ph",8.06581232805149,"Semibalanus.balanoides_PA1_allRun_MAXENT",0.987564
"879",47,"ph",8.06581232805149,"Semibalanus.balanoides_PA1_RUN1_GAM",0.895715861674351
"880",47,"ph",8.06581232805149,"Semibalanus.balanoides_allData_allRun_GLM",0.57602103198358
"881",47,"ph",8.06581232805149,"Semibalanus.balanoides_PA1_RUN1_RF",0.786
"882",47,"ph",8.06581232805149,"Semibalanus.balanoides_allData_allRun_GAM",0.68106999493607
"883",48,"ph",8.06648323981544,"Semibalanus.balanoides_PA1_RUN1_GAM",0.891489799345847
"884",48,"ph",8.06648323981544,"Semibalanus.balanoides_PA1_RUN1_RF",0.76
"885",48,"ph",8.06648323981544,"Semibalanus.balanoides_PA1_RUN1_GLM",0.939538822433371
"886",48,"ph",8.06648323981544,"Semibalanus.balanoides_PA1_allRun_MAXENT",0.986133
"887",48,"ph",8.06648323981544,"Semibalanus.balanoides_allData_allRun_GAM",0.677418347881475
"888",48,"ph",8.06648323981544,"Semibalanus.balanoides_allData_allRun_GLM",0.573738619989621
"889",49,"ph",8.06715415157939,"Semibalanus.balanoides_PA1_RUN1_GLM",0.937543691363961
"890",49,"ph",8.06715415157939,"Semibalanus.balanoides_PA1_allRun_MAXENT",0.984581
"891",49,"ph",8.06715415157939,"Semibalanus.balanoides_allData_allRun_GLM",0.571330318033649
"892",49,"ph",8.06715415157939,"Semibalanus.balanoides_PA1_RUN1_GAM",0.887114061526171
"893",49,"ph",8.06715415157939,"Semibalanus.balanoides_allData_allRun_GAM",0.673744919098981
"894",49,"ph",8.06715415157939,"Semibalanus.balanoides_PA1_RUN1_RF",0.764
"895",50,"ph",8.06782506334334,"Semibalanus.balanoides_PA1_RUN1_GLM",0.935477336934646
"896",50,"ph",8.06782506334334,"Semibalanus.balanoides_PA1_RUN1_GAM",0.882585109643089
"897",50,"ph",8.06782506334334,"Semibalanus.balanoides_PA1_RUN1_RF",0.734
"898",50,"ph",8.06782506334334,"Semibalanus.balanoides_allData_allRun_GAM",0.670050033666177
"899",50,"ph",8.06782506334334,"Semibalanus.balanoides_PA1_allRun_MAXENT",0.982898
"900",50,"ph",8.06782506334334,"Semibalanus.balanoides_allData_allRun_GLM",0.568795710502911
"901",51,"ph",8.06849597510728,"Semibalanus.balanoides_PA1_RUN1_GAM",0.877899466339731
"902",51,"ph",8.06849597510728,"Semibalanus.balanoides_PA1_RUN1_RF",0.586
"903",51,"ph",8.06849597510728,"Semibalanus.balanoides_PA1_RUN1_GLM",0.933337265091735
"904",51,"ph",8.06849597510728,"Semibalanus.balanoides_PA1_allRun_MAXENT",0.981083
"905",51,"ph",8.06849597510728,"Semibalanus.balanoides_allData_allRun_GLM",0.566134391409624
"906",51,"ph",8.06849597510728,"Semibalanus.balanoides_allData_allRun_GAM",0.666334026531329
"907",52,"ph",8.06916688687123,"Semibalanus.balanoides_PA1_allRun_MAXENT",0.979124
"908",52,"ph",8.06916688687123,"Semibalanus.balanoides_PA1_RUN1_GLM",0.931120910192006
"909",52,"ph",8.06916688687123,"Semibalanus.balanoides_allData_allRun_GLM",0.563345969231805
"910",52,"ph",8.06916688687123,"Semibalanus.balanoides_PA1_RUN1_GAM",0.873053729813073
"911",52,"ph",8.06916688687123,"Semibalanus.balanoides_PA1_RUN1_RF",0.538
"912",52,"ph",8.06916688687123,"Semibalanus.balanoides_allData_allRun_GAM",0.662597242449653
"913",53,"ph",8.06983779863518,"Semibalanus.balanoides_PA1_RUN1_GAM",0.868044588977732
"914",53,"ph",8.06983779863518,"Semibalanus.balanoides_PA1_RUN1_GLM",0.928825634709385
"915",53,"ph",8.06983779863518,"Semibalanus.balanoides_PA1_RUN1_RF",0.526
"916",53,"ph",8.06983779863518,"Semibalanus.balanoides_allData_allRun_GAM",0.658840035910822
"917",53,"ph",8.06983779863518,"Semibalanus.balanoides_PA1_allRun_MAXENT",0.977022
"918",53,"ph",8.06983779863518,"Semibalanus.balanoides_allData_allRun_GLM",0.560430072036903
"919",54,"ph",8.07050871039912,"Semibalanus.balanoides_PA1_RUN1_GLM",0.926448729144631
"920",54,"ph",8.07050871039912,"Semibalanus.balanoides_PA1_allRun_MAXENT",0.974765
"921",54,"ph",8.07050871039912,"Semibalanus.balanoides_PA1_RUN1_GAM",0.862868839437174
"922",54,"ph",8.07050871039912,"Semibalanus.balanoides_allData_allRun_GLM",0.557386352877331
"923",54,"ph",8.07050871039912,"Semibalanus.balanoides_PA1_RUN1_RF",0.524
"924",54,"ph",8.07050871039912,"Semibalanus.balanoides_allData_allRun_GAM",0.655062771057464
"925",55,"ph",8.07117962216307,"Semibalanus.balanoides_PA1_RUN1_GLM",0.923987412160549
"926",55,"ph",8.07117962216307,"Semibalanus.balanoides_PA1_RUN1_GAM",0.857523400236166
"927",55,"ph",8.07117962216307,"Semibalanus.balanoides_PA1_allRun_MAXENT",0.972354
"928",55,"ph",8.07117962216307,"Semibalanus.balanoides_PA1_RUN1_RF",0.524
"929",55,"ph",8.07117962216307,"Semibalanus.balanoides_allData_allRun_GAM",0.651265821594655
"930",55,"ph",8.07117962216307,"Semibalanus.balanoides_allData_allRun_GLM",0.554214495485231
"931",56,"ph",8.07185053392702,"Semibalanus.balanoides_PA1_RUN1_GAM",0.852005331358537
"932",56,"ph",8.07185053392702,"Semibalanus.balanoides_PA1_RUN1_RF",0.524
"933",56,"ph",8.07185053392702,"Semibalanus.balanoides_PA1_allRun_MAXENT",0.969777
"934",56,"ph",8.07185053392702,"Semibalanus.balanoides_PA1_RUN1_GLM",0.921438830966568
"935",56,"ph",8.07185053392702,"Semibalanus.balanoides_allData_allRun_GLM",0.55091422022975
"936",56,"ph",8.07185053392702,"Semibalanus.balanoides_allData_allRun_GAM",0.647449570690444
"937",57,"ph",8.07252144569097,"Semibalanus.balanoides_PA1_RUN1_GLM",0.918800061979528
"938",57,"ph",8.07252144569097,"Semibalanus.balanoides_PA1_allRun_MAXENT",0.967037
"939",57,"ph",8.07252144569097,"Semibalanus.balanoides_PA1_RUN1_GAM",0.84631185192402
"940",57,"ph",8.07252144569097,"Semibalanus.balanoides_allData_allRun_GAM",0.643614410867272
"941",57,"ph",8.07252144569097,"Semibalanus.balanoides_allData_allRun_GLM",0.547485290370263
"942",57,"ph",8.07252144569097,"Semibalanus.balanoides_PA1_RUN1_RF",0.518
"943",58,"ph",8.07319235745491,"Semibalanus.balanoides_PA1_RUN1_GLM",0.916068111789091
"944",58,"ph",8.07319235745491,"Semibalanus.balanoides_PA1_RUN1_GAM",0.840440359027588
"945",58,"ph",8.07319235745491,"Semibalanus.balanoides_PA1_RUN1_RF",0.518
"946",58,"ph",8.07319235745491,"Semibalanus.balanoides_allData_allRun_GAM",0.639760743884443
"947",58,"ph",8.07319235745491,"Semibalanus.balanoides_PA1_allRun_MAXENT",0.964121
"948",58,"ph",8.07319235745491,"Semibalanus.balanoides_allData_allRun_GLM",0.543927518583452
"949",59,"ph",8.07386326921886,"Semibalanus.balanoides_PA1_RUN1_GLM",0.913239918453854
"950",59,"ph",8.07386326921886,"Semibalanus.balanoides_PA1_allRun_MAXENT",0.961034
"951",59,"ph",8.07386326921886,"Semibalanus.balanoides_allData_allRun_GAM",0.635888980611413
"952",59,"ph",8.07386326921886,"Semibalanus.balanoides_PA1_RUN1_RF",0.514
"953",59,"ph",8.07386326921886,"Semibalanus.balanoides_PA1_RUN1_GAM",0.834388447152195
"954",59,"ph",8.07386326921886,"Semibalanus.balanoides_allData_allRun_GLM",0.540240773749045
"955",60,"ph",8.07453418098281,"Semibalanus.balanoides_PA1_allRun_MAXENT",0.957763
"956",60,"ph",8.07453418098281,"Semibalanus.balanoides_PA1_RUN1_RF",0.512
"957",60,"ph",8.07453418098281,"Semibalanus.balanoides_allData_allRun_GAM",0.631999540892213
"958",60,"ph",8.07453418098281,"Semibalanus.balanoides_allData_allRun_GLM",0.536424988012887
"959",60,"ph",8.07453418098281,"Semibalanus.balanoides_PA1_RUN1_GLM",0.910312353159985
"960",60,"ph",8.07453418098281,"Semibalanus.balanoides_PA1_RUN1_GAM",0.828153928074743
"961",61,"ph",8.07520509274675,"Semibalanus.balanoides_allData_allRun_GLM",0.532480164075051
"962",61,"ph",8.07520509274675,"Semibalanus.balanoides_PA1_allRun_MAXENT",0.954314
"963",61,"ph",8.07520509274675,"Semibalanus.balanoides_PA1_RUN1_GLM",0.907282222278313
"964",61,"ph",8.07520509274675,"Semibalanus.balanoides_PA1_RUN1_RF",0.512
"965",61,"ph",8.07520509274675,"Semibalanus.balanoides_allData_allRun_GAM",0.628092853400697
"966",61,"ph",8.07520509274675,"Semibalanus.balanoides_PA1_RUN1_GAM",0.821734851171925
"967",62,"ph",8.0758760045107,"Semibalanus.balanoides_allData_allRun_GLM",0.528406382758257
"968",62,"ph",8.0758760045107,"Semibalanus.balanoides_PA1_RUN1_GLM",0.904146269844773
"969",62,"ph",8.0758760045107,"Semibalanus.balanoides_allData_allRun_GAM",0.624169355487107
"970",62,"ph",8.0758760045107,"Semibalanus.balanoides_PA1_RUN1_GAM",0.81512952402031
"971",62,"ph",8.0758760045107,"Semibalanus.balanoides_PA1_allRun_MAXENT",0.950674
"972",62,"ph",8.0758760045107,"Semibalanus.balanoides_PA1_RUN1_RF",0.512
"973",63,"ph",8.07654691627465,"Semibalanus.balanoides_PA1_RUN1_GLM",0.900901180508463
"974",63,"ph",8.07654691627465,"Semibalanus.balanoides_PA1_RUN1_GAM",0.808336533171526
"975",63,"ph",8.07654691627465,"Semibalanus.balanoides_allData_allRun_GLM",0.524203810742602
"976",63,"ph",8.07654691627465,"Semibalanus.balanoides_PA1_allRun_MAXENT",0.946851
"977",63,"ph",8.07654691627465,"Semibalanus.balanoides_allData_allRun_GAM",0.620229493015517
"978",63,"ph",8.07654691627465,"Semibalanus.balanoides_PA1_RUN1_RF",0.512
"979",64,"ph",8.0772178280386,"Semibalanus.balanoides_PA1_RUN1_GLM",0.897543582976245
"980",64,"ph",8.0772178280386,"Semibalanus.balanoides_PA1_RUN1_GAM",0.801354764971032
"981",64,"ph",8.0772178280386,"Semibalanus.balanoides_PA1_allRun_MAXENT",0.942831
"982",64,"ph",8.0772178280386,"Semibalanus.balanoides_PA1_RUN1_RF",0.512
"983",64,"ph",8.0772178280386,"Semibalanus.balanoides_allData_allRun_GLM",0.51987270853764
"984",64,"ph",8.0772178280386,"Semibalanus.balanoides_allData_allRun_GAM",0.616273720192675
"985",65,"ph",8.07788873980254,"Semibalanus.balanoides_PA1_RUN1_GLM",0.894070053995239
"986",65,"ph",8.07788873980254,"Semibalanus.balanoides_PA1_RUN1_GAM",0.794183426276023
"987",65,"ph",8.07788873980254,"Semibalanus.balanoides_PA1_allRun_MAXENT",0.938624
"988",65,"ph",8.07788873980254,"Semibalanus.balanoides_allData_allRun_GLM",0.515413438629317
"989",65,"ph",8.07788873980254,"Semibalanus.balanoides_PA1_RUN1_RF",0.512
"990",65,"ph",8.07788873980254,"Semibalanus.balanoides_allData_allRun_GAM",0.612302499388028
"991",66,"ph",8.07855965156649,"Semibalanus.balanoides_PA1_RUN1_GLM",0.890477122908474
"992",66,"ph",8.07855965156649,"Semibalanus.balanoides_allData_allRun_GLM",0.510826473773655
"993",66,"ph",8.07855965156649,"Semibalanus.balanoides_PA1_RUN1_GAM",0.786822064915722
"994",66,"ph",8.07855965156649,"Semibalanus.balanoides_allData_allRun_GAM",0.608316300945209
"995",66,"ph",8.07855965156649,"Semibalanus.balanoides_PA1_allRun_MAXENT",0.934218
"996",66,"ph",8.07855965156649,"Semibalanus.balanoides_PA1_RUN1_RF",0.512
"997",67,"ph",8.07923056333044,"Semibalanus.balanoides_PA1_RUN1_GLM",0.88676127682413
"998",67,"ph",8.07923056333044,"Semibalanus.balanoides_PA1_RUN1_GAM",0.779270589726228
"999",67,"ph",8.07923056333044,"Semibalanus.balanoides_allData_allRun_GLM",0.506112405403523
"1000",67,"ph",8.07923056333044,"Semibalanus.balanoides_PA1_allRun_MAXENT",0.929623
"1001",67,"ph",8.07923056333044,"Semibalanus.balanoides_allData_allRun_GAM",0.604315602985117
"1002",67,"ph",8.07923056333044,"Semibalanus.balanoides_PA1_RUN1_RF",0.512
"1003",68,"ph",8.07990147509438,"Semibalanus.balanoides_PA1_RUN1_GLM",0.882918966436936
"1004",68,"ph",8.07990147509438,"Semibalanus.balanoides_PA1_RUN1_GAM",0.771529289980837
"1005",68,"ph",8.07990147509438,"Semibalanus.balanoides_PA1_allRun_MAXENT",0.924825
"1006",68,"ph",8.07990147509438,"Semibalanus.balanoides_allData_allRun_GLM",0.501271952138261
"1007",68,"ph",8.07990147509438,"Semibalanus.balanoides_PA1_RUN1_RF",0.512
"1008",68,"ph",8.07990147509438,"Semibalanus.balanoides_allData_allRun_GAM",0.600300891200557
"1009",69,"ph",8.08057238685833,"Semibalanus.balanoides_PA1_RUN1_GLM",0.878946612538761
"1010",69,"ph",8.08057238685833,"Semibalanus.balanoides_PA1_RUN1_GAM",0.763598854028112
"1011",69,"ph",8.08057238685833,"Semibalanus.balanoides_PA1_allRun_MAXENT",0.91984
"1012",69,"ph",8.08057238685833,"Semibalanus.balanoides_allData_allRun_GLM",0.496305968341919
"1013",69,"ph",8.08057238685833,"Semibalanus.balanoides_PA1_RUN1_RF",0.512
"1014",69,"ph",8.08057238685833,"Semibalanus.balanoides_allData_allRun_GAM",0.596272658642801
"1015",70,"ph",8.08124329862228,"Semibalanus.balanoides_PA1_RUN1_GAM",0.755480386941746
"1016",70,"ph",8.08124329862228,"Semibalanus.balanoides_PA1_RUN1_GLM",0.874840613262163
"1017",70,"ph",8.08124329862228,"Semibalanus.balanoides_allData_allRun_GLM",0.49121545268075
"1018",70,"ph",8.08124329862228,"Semibalanus.balanoides_PA1_allRun_MAXENT",0.914652
"1019",70,"ph",8.08124329862228,"Semibalanus.balanoides_allData_allRun_GAM",0.592231405500148
"1020",70,"ph",8.08124329862228,"Semibalanus.balanoides_PA1_RUN1_RF",0.512
"1021",71,"ph",8.08191421038622,"Semibalanus.balanoides_PA1_RUN1_GLM",0.870597352091548
"1022",71,"ph",8.08191421038622,"Semibalanus.balanoides_allData_allRun_GAM",0.588177638868575
"1023",71,"ph",8.08191421038622,"Semibalanus.balanoides_PA1_RUN1_GAM",0.747175426980283
"1024",71,"ph",8.08191421038622,"Semibalanus.balanoides_allData_allRun_GLM",0.486001556650057
"1025",71,"ph",8.08191421038622,"Semibalanus.balanoides_PA1_allRun_MAXENT",0.909277
"1026",71,"ph",8.08191421038622,"Semibalanus.balanoides_PA1_RUN1_RF",0.512
"1027",72,"ph",8.08258512215017,"Semibalanus.balanoides_PA1_RUN1_GLM",0.866213206672782
"1028",72,"ph",8.08258512215017,"Semibalanus.balanoides_PA1_RUN1_GAM",0.738685960651174
"1029",72,"ph",8.08258512215017,"Semibalanus.balanoides_PA1_allRun_MAXENT",0.903701
"1030",72,"ph",8.08258512215017,"Semibalanus.balanoides_allData_allRun_GLM",0.480665593008971
"1031",72,"ph",8.08258512215017,"Semibalanus.balanoides_PA1_RUN1_RF",0.512
"1032",72,"ph",8.08258512215017,"Semibalanus.balanoides_allData_allRun_GAM",0.584111872514897
"1033",73,"ph",8.08325603391412,"Semibalanus.balanoides_PA1_RUN1_GLM",0.861684558473097
"1034",73,"ph",8.08325603391412,"Semibalanus.balanoides_PA1_RUN1_GAM",0.730014436171383
"1035",73,"ph",8.08325603391412,"Semibalanus.balanoides_PA1_allRun_MAXENT",0.897943
"1036",73,"ph",8.08325603391412,"Semibalanus.balanoides_allData_allRun_GLM",0.475209044081096
"1037",73,"ph",8.08325603391412,"Semibalanus.balanoides_PA1_RUN1_RF",0.516
"1038",73,"ph",8.08325603391412,"Semibalanus.balanoides_allData_allRun_GAM",0.580034626632446
"1039",74,"ph",8.08392694567807,"Semibalanus.balanoides_PA1_RUN1_GLM",0.857007803305229
"1040",74,"ph",8.08392694567807,"Semibalanus.balanoides_PA1_RUN1_GAM",0.721163775118451
"1041",74,"ph",8.08392694567807,"Semibalanus.balanoides_allData_allRun_GLM",0.469633569833057
"1042",74,"ph",8.08392694567807,"Semibalanus.balanoides_PA1_allRun_MAXENT",0.891987
"1043",74,"ph",8.08392694567807,"Semibalanus.balanoides_allData_allRun_GAM",0.575946427589546
"1044",74,"ph",8.08392694567807,"Semibalanus.balanoides_PA1_RUN1_RF",0.524
"1045",75,"ph",8.08459785744201,"Semibalanus.balanoides_PA1_RUN1_GLM",0.8521793627584
"1046",75,"ph",8.08459785744201,"Semibalanus.balanoides_allData_allRun_GLM",0.463941015709804
"1047",75,"ph",8.08459785744201,"Semibalanus.balanoides_PA1_RUN1_GAM",0.712137382069375
"1048",75,"ph",8.08459785744201,"Semibalanus.balanoides_allData_allRun_GAM",0.571847807671108
"1049",75,"ph",8.08459785744201,"Semibalanus.balanoides_PA1_allRun_MAXENT",0.885853
"1050",75,"ph",8.08459785744201,"Semibalanus.balanoides_PA1_RUN1_RF",0.498
"1051",76,"ph",8.08526876920596,"Semibalanus.balanoides_PA1_RUN1_GLM",0.847195696554554
"1052",76,"ph",8.08526876920596,"Semibalanus.balanoides_PA1_RUN1_GAM",0.702939152031508
"1053",76,"ph",8.08526876920596,"Semibalanus.balanoides_PA1_allRun_MAXENT",0.879526
"1054",76,"ph",8.08526876920596,"Semibalanus.balanoides_allData_allRun_GLM",0.458133420134468
"1055",76,"ph",8.08526876920596,"Semibalanus.balanoides_PA1_RUN1_RF",0.478
"1056",76,"ph",8.08526876920596,"Semibalanus.balanoides_allData_allRun_GAM",0.567739304813458
"1057",77,"ph",8.08593968096991,"Semibalanus.balanoides_PA1_RUN1_GLM",0.842053315857333
"1058",77,"ph",8.08593968096991,"Semibalanus.balanoides_PA1_RUN1_GAM",0.693573475480178
"1059",77,"ph",8.08593968096991,"Semibalanus.balanoides_PA1_allRun_MAXENT",0.873029
"1060",77,"ph",8.08593968096991,"Semibalanus.balanoides_PA1_RUN1_RF",0.476
"1061",77,"ph",8.08593968096991,"Semibalanus.balanoides_allData_allRun_GLM",0.452213021588084
"1062",77,"ph",8.08593968096991,"Semibalanus.balanoides_allData_allRun_GAM",0.563621462332842
"1063",78,"ph",8.08661059273385,"Semibalanus.balanoides_allData_allRun_GLM",0.446182265228461
"1064",78,"ph",8.08661059273385,"Semibalanus.balanoides_PA1_RUN1_GLM",0.836748797544612
"1065",78,"ph",8.08661059273385,"Semibalanus.balanoides_allData_allRun_GAM",0.559494828647646
"1066",78,"ph",8.08661059273385,"Semibalanus.balanoides_PA1_RUN1_GAM",0.684045240830227
"1067",78,"ph",8.08661059273385,"Semibalanus.balanoides_PA1_allRun_MAXENT",0.866345
"1068",78,"ph",8.08661059273385,"Semibalanus.balanoides_PA1_RUN1_RF",0.476
"1069",79,"ph",8.0872815044978,"Semibalanus.balanoides_PA1_RUN1_GLM",0.831278799454235
"1070",79,"ph",8.0872815044978,"Semibalanus.balanoides_PA1_RUN1_GAM",0.674359834186156
"1071",79,"ph",8.0872815044978,"Semibalanus.balanoides_PA1_allRun_MAXENT",0.859498
"1072",79,"ph",8.0872815044978,"Semibalanus.balanoides_allData_allRun_GLM",0.440043808966536
"1073",79,"ph",8.0872815044978,"Semibalanus.balanoides_PA1_RUN1_RF",0.476
"1074",79,"ph",8.0872815044978,"Semibalanus.balanoides_allData_allRun_GAM",0.555359956994896
"1075",80,"ph",8.08795241626175,"Semibalanus.balanoides_allData_allRun_GLM",0.433800528887839
"1076",80,"ph",8.08795241626175,"Semibalanus.balanoides_PA1_RUN1_GLM",0.82564007661497
"1077",80,"ph",8.08795241626175,"Semibalanus.balanoides_PA1_allRun_MAXENT",0.852474
"1078",80,"ph",8.08795241626175,"Semibalanus.balanoides_allData_allRun_GAM",0.551217405141015
"1079",80,"ph",8.08795241626175,"Semibalanus.balanoides_PA1_RUN1_RF",0.476
"1080",80,"ph",8.08795241626175,"Semibalanus.balanoides_PA1_RUN1_GAM",0.664523136234596
"1081",81,"ph",8.08862332802569,"Semibalanus.balanoides_allData_allRun_GLM",0.427455523991531
"1082",81,"ph",8.08862332802569,"Semibalanus.balanoides_PA1_allRun_MAXENT",0.845296
"1083",81,"ph",8.08862332802569,"Semibalanus.balanoides_allData_allRun_GAM",0.547067735087573
"1084",81,"ph",8.08862332802569,"Semibalanus.balanoides_PA1_RUN1_RF",0.476
"1085",81,"ph",8.08862332802569,"Semibalanus.balanoides_PA1_RUN1_GAM",0.654541516167149
"1086",81,"ph",8.08862332802569,"Semibalanus.balanoides_PA1_RUN1_GLM",0.819829498434367
"1087",82,"ph",8.08929423978964,"Semibalanus.balanoides_PA1_RUN1_GAM",0.644421822545921
"1088",82,"ph",8.08929423978964,"Semibalanus.balanoides_allData_allRun_GLM",0.421012120118018
"1089",82,"ph",8.08929423978964,"Semibalanus.balanoides_PA1_allRun_MAXENT",0.837949
"1090",82,"ph",8.08929423978964,"Semibalanus.balanoides_PA1_RUN1_GLM",0.813844066858258
"1091",82,"ph",8.08929423978964,"Semibalanus.balanoides_PA1_RUN1_RF",0.474
"1092",82,"ph",8.08929423978964,"Semibalanus.balanoides_allData_allRun_GAM",0.542911512771868
"1093",83,"ph",8.08996515155359,"Semibalanus.balanoides_allData_allRun_GLM",0.414473873024078
"1094",83,"ph",8.08996515155359,"Semibalanus.balanoides_PA1_RUN1_GAM",0.634171371054677
"1095",83,"ph",8.08996515155359,"Semibalanus.balanoides_PA1_RUN1_GLM",0.807680935447171
"1096",83,"ph",8.08996515155359,"Semibalanus.balanoides_PA1_RUN1_RF",0.474
"1097",83,"ph",8.08996515155359,"Semibalanus.balanoides_allData_allRun_GAM",0.538749307763082
"1098",83,"ph",8.08996515155359,"Semibalanus.balanoides_PA1_allRun_MAXENT",0.830459
"1099",84,"ph",8.09063606331753,"Semibalanus.balanoides_PA1_RUN1_GLM",0.801337429349845
"1100",84,"ph",8.09063606331753,"Semibalanus.balanoides_PA1_RUN1_RF",0.474
"1101",84,"ph",8.09063606331753,"Semibalanus.balanoides_PA1_allRun_MAXENT",0.822811
"1102",84,"ph",8.09063606331753,"Semibalanus.balanoides_allData_allRun_GLM",0.407844570488584
"1103",84,"ph",8.09063606331753,"Semibalanus.balanoides_PA1_RUN1_GAM",0.623797929108762
"1104",84,"ph",8.09063606331753,"Semibalanus.balanoides_allData_allRun_GAM",0.534581692954072
"1105",85,"ph",8.09130697508148,"Semibalanus.balanoides_PA1_RUN1_GLM",0.79481106611528
"1106",85,"ph",8.09130697508148,"Semibalanus.balanoides_PA1_allRun_MAXENT",0.815032
"1107",85,"ph",8.09130697508148,"Semibalanus.balanoides_PA1_RUN1_GAM",0.613309697330362
"1108",85,"ph",8.09130697508148,"Semibalanus.balanoides_allData_allRun_GAM",0.530409244249289
"1109",85,"ph",8.09130697508148,"Semibalanus.balanoides_PA1_RUN1_RF",0.474
"1110",85,"ph",8.09130697508148,"Semibalanus.balanoides_allData_allRun_GLM",0.401128233406859
"1111",86,"ph",8.09197788684543,"Semibalanus.balanoides_PA1_RUN1_GAM",0.602715287931042
"1112",86,"ph",8.09197788684543,"Semibalanus.balanoides_PA1_RUN1_RF",0.474
"1113",86,"ph",8.09197788684543,"Semibalanus.balanoides_PA1_RUN1_GLM",0.788099577284228
"1114",86,"ph",8.09197788684543,"Semibalanus.balanoides_allData_allRun_GAM",0.526232540249214
"1115",86,"ph",8.09197788684543,"Semibalanus.balanoides_PA1_allRun_MAXENT",0.807105
"1116",86,"ph",8.09197788684543,"Semibalanus.balanoides_allData_allRun_GLM",0.394329115779447
"1117",87,"ph",8.09264879860938,"Semibalanus.balanoides_PA1_RUN1_GLM",0.78120093067708
"1118",87,"ph",8.09264879860938,"Semibalanus.balanoides_PA1_allRun_MAXENT",0.79906
"1119",87,"ph",8.09264879860938,"Semibalanus.balanoides_allData_allRun_GLM",0.387451703528419
"1120",87,"ph",8.09264879860938,"Semibalanus.balanoides_PA1_RUN1_RF",0.474
"1121",87,"ph",8.09264879860938,"Semibalanus.balanoides_PA1_RUN1_GAM",0.592023700078311
"1122",87,"ph",8.09264879860938,"Semibalanus.balanoides_allData_allRun_GAM",0.522052161931478
"1123",88,"ph",8.09331971037332,"Semibalanus.balanoides_PA1_RUN1_GAM",0.581244292360196
"1124",88,"ph",8.09331971037332,"Semibalanus.balanoides_PA1_RUN1_GLM",0.77411335328573
"1125",88,"ph",8.09331971037332,"Semibalanus.balanoides_allData_allRun_GAM",0.517868692329261
"1126",88,"ph",8.09331971037332,"Semibalanus.balanoides_PA1_RUN1_RF",0.474
"1127",88,"ph",8.09331971037332,"Semibalanus.balanoides_PA1_allRun_MAXENT",0.790879
"1128",88,"ph",8.09331971037332,"Semibalanus.balanoides_allData_allRun_GLM",0.380500712064057
"1129",89,"ph",8.09399062213727,"Semibalanus.balanoides_PA1_RUN1_GLM",0.766835354655825
"1130",89,"ph",8.09399062213727,"Semibalanus.balanoides_PA1_RUN1_GAM",0.570386752497246
"1131",89,"ph",8.09399062213727,"Semibalanus.balanoides_PA1_allRun_MAXENT",0.782593
"1132",89,"ph",8.09399062213727,"Semibalanus.balanoides_allData_allRun_GLM",0.373481082576236
"1133",89,"ph",8.09399062213727,"Semibalanus.balanoides_PA1_RUN1_RF",0.474
"1134",89,"ph",8.09399062213727,"Semibalanus.balanoides_allData_allRun_GAM",0.513682716207252
"1135",90,"ph",8.09466153390122,"Semibalanus.balanoides_PA1_RUN1_GLM",0.759365750642711
"1136",90,"ph",8.09466153390122,"Semibalanus.balanoides_PA1_allRun_MAXENT",0.774184
"1137",90,"ph",8.09466153390122,"Semibalanus.balanoides_PA1_RUN1_RF",0.474
"1138",90,"ph",8.09466153390122,"Semibalanus.balanoides_PA1_RUN1_GAM",0.559461064486537
"1139",90,"ph",8.09466153390122,"Semibalanus.balanoides_allData_allRun_GAM",0.509494819735453
"1140",90,"ph",8.09466153390122,"Semibalanus.balanoides_allData_allRun_GLM",0.366397976968175
"1141",91,"ph",8.09533244566516,"Semibalanus.balanoides_PA1_RUN1_GAM",0.548477473396425
"1142",91,"ph",8.09533244566516,"Semibalanus.balanoides_allData_allRun_GAM",0.505305590161443
"1143",91,"ph",8.09533244566516,"Semibalanus.balanoides_PA1_RUN1_RF",0.474
"1144",91,"ph",8.09533244566516,"Semibalanus.balanoides_PA1_RUN1_GLM",0.751703687374978
"1145",91,"ph",8.09533244566516,"Semibalanus.balanoides_PA1_allRun_MAXENT",0.765683
"1146",91,"ph",8.09533244566516,"Semibalanus.balanoides_allData_allRun_GLM",0.35925677139279
"1147",92,"ph",8.09600335742911,"Semibalanus.balanoides_PA1_RUN1_GLM",0.743848665288865
"1148",92,"ph",8.09600335742911,"Semibalanus.balanoides_allData_allRun_GLM",0.352063048383595
"1149",92,"ph",8.09600335742911,"Semibalanus.balanoides_PA1_allRun_MAXENT",0.757072
"1150",92,"ph",8.09600335742911,"Semibalanus.balanoides_PA1_RUN1_RF",0.474
"1151",92,"ph",8.09600335742911,"Semibalanus.balanoides_PA1_RUN1_GAM",0.537446448061256
"1152",92,"ph",8.09600335742911,"Semibalanus.balanoides_allData_allRun_GAM",0.50111561548129
"1153",93,"ph",8.09667426919306,"Semibalanus.balanoides_PA1_RUN1_GLM",0.73580056303183
"1154",93,"ph",8.09667426919306,"Semibalanus.balanoides_PA1_RUN1_GAM",0.526378641954818
"1155",93,"ph",8.09667426919306,"Semibalanus.balanoides_PA1_allRun_MAXENT",0.748383
"1156",93,"ph",8.09667426919306,"Semibalanus.balanoides_allData_allRun_GAM",0.496925484109542
"1157",93,"ph",8.09667426919306,"Semibalanus.balanoides_PA1_RUN1_RF",0.474
"1158",93,"ph",8.09667426919306,"Semibalanus.balanoides_allData_allRun_GLM",0.344822587535703
"1159",94,"ph",8.097345180957,"Semibalanus.balanoides_PA1_RUN1_GAM",0.515284852545788
"1160",94,"ph",8.097345180957,"Semibalanus.balanoides_PA1_RUN1_GLM",0.727559661050269
"1161",94,"ph",8.097345180957,"Semibalanus.balanoides_PA1_RUN1_RF",0.474
"1162",94,"ph",8.097345180957,"Semibalanus.balanoides_PA1_allRun_MAXENT",0.739597
"1163",94,"ph",8.097345180957,"Semibalanus.balanoides_allData_allRun_GLM",0.337541354737392
"1164",94,"ph",8.097345180957,"Semibalanus.balanoides_allData_allRun_GAM",0.492735784548757
"1165",95,"ph",8.09801609272095,"Semibalanus.balanoides_PA1_RUN1_GLM",0.719126664645491
"1166",95,"ph",8.09801609272095,"Semibalanus.balanoides_PA1_allRun_MAXENT",0.730747
"1167",95,"ph",8.09801609272095,"Semibalanus.balanoides_PA1_RUN1_RF",0.474
"1168",95,"ph",8.09801609272095,"Semibalanus.balanoides_PA1_RUN1_GAM",0.504175979460449
"1169",95,"ph",8.09801609272095,"Semibalanus.balanoides_allData_allRun_GLM",0.33022548996377
"1170",95,"ph",8.09801609272095,"Semibalanus.balanoides_allData_allRun_GAM",0.488547105058947
"1171",96,"ph",8.0986870044849,"Semibalanus.balanoides_PA1_RUN1_GAM",0.493062981793847
"1172",96,"ph",8.0986870044849,"Semibalanus.balanoides_allData_allRun_GAM",0.48436003332729
"1173",96,"ph",8.0986870044849,"Semibalanus.balanoides_PA1_RUN1_RF",0.474
"1174",96,"ph",8.0986870044849,"Semibalanus.balanoides_PA1_RUN1_GLM",0.710502726266365
"1175",96,"ph",8.0986870044849,"Semibalanus.balanoides_allData_allRun_GLM",0.322881293636948
"1176",96,"ph",8.0986870044849,"Semibalanus.balanoides_PA1_allRun_MAXENT",0.721814
"1177",97,"ph",8.09935791624885,"Semibalanus.balanoides_PA1_RUN1_GLM",0.701689466799612
"1178",97,"ph",8.09935791624885,"Semibalanus.balanoides_PA1_allRun_MAXENT",0.712831
"1179",97,"ph",8.09935791624885,"Semibalanus.balanoides_PA1_RUN1_GAM",0.48195683492366
"1180",97,"ph",8.09935791624885,"Semibalanus.balanoides_PA1_RUN1_RF",0.474
"1181",97,"ph",8.09935791624885,"Semibalanus.balanoides_allData_allRun_GLM",0.315515211593588
"1182",97,"ph",8.09935791624885,"Semibalanus.balanoides_allData_allRun_GAM",0.480175156138478
"1183",98,"ph",8.10002882801279,"Semibalanus.balanoides_PA1_RUN1_GLM",0.692688995601992
"1184",98,"ph",8.10002882801279,"Semibalanus.balanoides_PA1_RUN1_GAM",0.470868487187636
"1185",98,"ph",8.10002882801279,"Semibalanus.balanoides_PA1_RUN1_RF",0.474
"1186",98,"ph",8.10002882801279,"Semibalanus.balanoides_PA1_allRun_MAXENT",0.703778
"1187",98,"ph",8.10002882801279,"Semibalanus.balanoides_allData_allRun_GAM",0.47599305904625
"1188",98,"ph",8.10002882801279,"Semibalanus.balanoides_allData_allRun_GLM",0.308133818724731
"1189",99,"ph",8.10069973977674,"Semibalanus.balanoides_PA1_RUN1_GLM",0.683503929008006
"1190",99,"ph",8.10069973977674,"Semibalanus.balanoides_allData_allRun_GLM",0.300743801320768
"1191",99,"ph",8.10069973977674,"Semibalanus.balanoides_allData_allRun_GAM",0.471814326046249
"1192",99,"ph",8.10069973977674,"Semibalanus.balanoides_PA1_allRun_MAXENT",0.694688
"1193",99,"ph",8.10069973977674,"Semibalanus.balanoides_PA1_RUN1_GAM",0.459808816787409
"1194",99,"ph",8.10069973977674,"Semibalanus.balanoides_PA1_RUN1_RF",0.474
"1195",100,"ph",8.10137065154069,"Semibalanus.balanoides_PA1_RUN1_GLM",0.674137407050901
"1196",100,"ph",8.10137065154069,"Semibalanus.balanoides_allData_allRun_GAM",0.467639539250883
"1197",100,"ph",8.10137065154069,"Semibalanus.balanoides_PA1_allRun_MAXENT",0.685542
"1198",100,"ph",8.10137065154069,"Semibalanus.balanoides_PA1_RUN1_GAM",0.448788589278799
"1199",100,"ph",8.10137065154069,"Semibalanus.balanoides_PA1_RUN1_RF",0.474
"1200",100,"ph",8.10137065154069,"Semibalanus.balanoides_allData_allRun_GLM",0.293351938235063
"1201",1,"wave_fetch",2.14842057228088,"Semibalanus.balanoides_PA1_RUN1_GAM",0.985158793667826
"1202",1,"wave_fetch",2.14842057228088,"Semibalanus.balanoides_PA1_allRun_MAXENT",0.907511
"1203",1,"wave_fetch",2.14842057228088,"Semibalanus.balanoides_allData_allRun_GLM",0.548414917180697
"1204",1,"wave_fetch",2.14842057228088,"Semibalanus.balanoides_PA1_RUN1_RF",0.688
"1205",1,"wave_fetch",2.14842057228088,"Semibalanus.balanoides_PA1_RUN1_GLM",0.984991635818891
"1206",1,"wave_fetch",2.14842057228088,"Semibalanus.balanoides_allData_allRun_GAM",0.821960231196476
"1207",2,"wave_fetch",2.17113643222385,"Semibalanus.balanoides_PA1_allRun_MAXENT",0.878065
"1208",2,"wave_fetch",2.17113643222385,"Semibalanus.balanoides_allData_allRun_GLM",0.536929479048987
"1209",2,"wave_fetch",2.17113643222385,"Semibalanus.balanoides_PA1_RUN1_RF",0.688
"1210",2,"wave_fetch",2.17113643222385,"Semibalanus.balanoides_PA1_RUN1_GLM",0.982610554216218
"1211",2,"wave_fetch",2.17113643222385,"Semibalanus.balanoides_PA1_RUN1_GAM",0.984657277951887
"1212",2,"wave_fetch",2.17113643222385,"Semibalanus.balanoides_allData_allRun_GAM",0.816850202414555
"1213",3,"wave_fetch",2.19385229216682,"Semibalanus.balanoides_PA1_RUN1_GAM",0.984139087809041
"1214",3,"wave_fetch",2.19385229216682,"Semibalanus.balanoides_PA1_RUN1_GLM",0.979896933880002
"1215",3,"wave_fetch",2.19385229216682,"Semibalanus.balanoides_PA1_RUN1_RF",0.688
"1216",3,"wave_fetch",2.19385229216682,"Semibalanus.balanoides_PA1_allRun_MAXENT",0.844322
"1217",3,"wave_fetch",2.19385229216682,"Semibalanus.balanoides_allData_allRun_GLM",0.525461888798527
"1218",3,"wave_fetch",2.19385229216682,"Semibalanus.balanoides_allData_allRun_GAM",0.811627119780815
"1219",4,"wave_fetch",2.21656815210978,"Semibalanus.balanoides_PA1_RUN1_GLM",0.97681297686599
"1220",4,"wave_fetch",2.21656815210978,"Semibalanus.balanoides_PA1_RUN1_GAM",0.983603687573624
"1221",4,"wave_fetch",2.21656815210978,"Semibalanus.balanoides_PA1_allRun_MAXENT",0.806798
"1222",4,"wave_fetch",2.21656815210978,"Semibalanus.balanoides_allData_allRun_GLM",0.514024650500915
"1223",4,"wave_fetch",2.21656815210978,"Semibalanus.balanoides_PA1_RUN1_RF",0.688
"1224",4,"wave_fetch",2.21656815210978,"Semibalanus.balanoides_allData_allRun_GAM",0.806290407676095
"1225",5,"wave_fetch",2.23928401205275,"Semibalanus.balanoides_PA1_RUN1_RF",0.688
"1226",5,"wave_fetch",2.23928401205275,"Semibalanus.balanoides_PA1_RUN1_GAM",0.983050525655913
"1227",5,"wave_fetch",2.23928401205275,"Semibalanus.balanoides_allData_allRun_GAM",0.800839603590886
"1228",5,"wave_fetch",2.23928401205275,"Semibalanus.balanoides_PA1_allRun_MAXENT",0.766167
"1229",5,"wave_fetch",2.23928401205275,"Semibalanus.balanoides_PA1_RUN1_GLM",0.973318256598188
"1230",5,"wave_fetch",2.23928401205275,"Semibalanus.balanoides_allData_allRun_GLM",0.502630020252381
"1231",6,"wave_fetch",2.26199987199571,"Semibalanus.balanoides_PA1_RUN1_GLM",0.969369879853812
"1232",6,"wave_fetch",2.26199987199571,"Semibalanus.balanoides_PA1_RUN1_GAM",0.98247903415757
"1233",6,"wave_fetch",2.26199987199571,"Semibalanus.balanoides_allData_allRun_GLM",0.491289956568405
"1234",6,"wave_fetch",2.26199987199571,"Semibalanus.balanoides_PA1_allRun_MAXENT",0.723195
"1235",6,"wave_fetch",2.26199987199571,"Semibalanus.balanoides_PA1_RUN1_RF",0.688
"1236",6,"wave_fetch",2.26199987199571,"Semibalanus.balanoides_allData_allRun_GAM",0.795274363966342
"1237",7,"wave_fetch",2.28471573193868,"Semibalanus.balanoides_PA1_RUN1_GLM",0.964922740744925
"1238",7,"wave_fetch",2.28471573193868,"Semibalanus.balanoides_PA1_RUN1_GAM",0.981888628484201
"1239",7,"wave_fetch",2.28471573193868,"Semibalanus.balanoides_PA1_RUN1_RF",0.688
"1240",7,"wave_fetch",2.28471573193868,"Semibalanus.balanoides_PA1_allRun_MAXENT",0.67868
"1241",7,"wave_fetch",2.28471573193868,"Semibalanus.balanoides_allData_allRun_GAM",0.789594469968274
"1242",7,"wave_fetch",2.28471573193868,"Semibalanus.balanoides_allData_allRun_GLM",0.480016073997602
"1243",8,"wave_fetch",2.30743159188165,"Semibalanus.balanoides_PA1_RUN1_GAM",0.981278706955539
"1244",8,"wave_fetch",2.30743159188165,"Semibalanus.balanoides_PA1_allRun_MAXENT",0.633408
"1245",8,"wave_fetch",2.30743159188165,"Semibalanus.balanoides_PA1_RUN1_GLM",0.95992988031578
"1246",8,"wave_fetch",2.30743159188165,"Semibalanus.balanoides_PA1_RUN1_RF",0.688
"1247",8,"wave_fetch",2.30743159188165,"Semibalanus.balanoides_allData_allRun_GLM",0.468819600289838
"1248",8,"wave_fetch",2.30743159188165,"Semibalanus.balanoides_allData_allRun_GAM",0.783799833165037
"1249",9,"wave_fetch",2.33014745182461,"Semibalanus.balanoides_PA1_RUN1_GLM",0.954342964431622
"1250",9,"wave_fetch",2.33014745182461,"Semibalanus.balanoides_allData_allRun_GLM",0.457711337397279
"1251",9,"wave_fetch",2.33014745182461,"Semibalanus.balanoides_PA1_allRun_MAXENT",0.58811
"1252",9,"wave_fetch",2.33014745182461,"Semibalanus.balanoides_PA1_RUN1_RF",0.688
"1253",9,"wave_fetch",2.33014745182461,"Semibalanus.balanoides_PA1_RUN1_GAM",0.980648650413836
"1254",9,"wave_fetch",2.33014745182461,"Semibalanus.balanoides_allData_allRun_GAM",0.777890501078855
"1255",10,"wave_fetch",2.35286331176758,"Semibalanus.balanoides_PA1_RUN1_GAM",0.979997821831085
"1256",10,"wave_fetch",2.35286331176758,"Semibalanus.balanoides_PA1_RUN1_RF",0.688
"1257",10,"wave_fetch",2.35286331176758,"Semibalanus.balanoides_allData_allRun_GAM",0.771866662578847
"1258",10,"wave_fetch",2.35286331176758,"Semibalanus.balanoides_PA1_allRun_MAXENT",0.543433
"1259",10,"wave_fetch",2.35286331176758,"Semibalanus.balanoides_PA1_RUN1_GLM",0.948112890674242
"1260",10,"wave_fetch",2.35286331176758,"Semibalanus.balanoides_allData_allRun_GLM",0.446701626528711
"1261",11,"wave_fetch",2.37557917171054,"Semibalanus.balanoides_PA1_RUN1_GAM",0.979325565915747
"1262",11,"wave_fetch",2.37557917171054,"Semibalanus.balanoides_PA1_RUN1_GLM",0.941190531778207
"1263",11,"wave_fetch",2.37557917171054,"Semibalanus.balanoides_allData_allRun_GLM",0.43580031741844
"1264",11,"wave_fetch",2.37557917171054,"Semibalanus.balanoides_PA1_allRun_MAXENT",0.499924
"1265",11,"wave_fetch",2.37557917171054,"Semibalanus.balanoides_PA1_RUN1_RF",0.688
"1266",11,"wave_fetch",2.37557917171054,"Semibalanus.balanoides_allData_allRun_GAM",0.765728653082892
"1267",12,"wave_fetch",2.39829503165351,"Semibalanus.balanoides_PA1_RUN1_GLM",0.933527618571004
"1268",12,"wave_fetch",2.39829503165351,"Semibalanus.balanoides_PA1_allRun_MAXENT",0.458027
"1269",12,"wave_fetch",2.39829503165351,"Semibalanus.balanoides_PA1_RUN1_GAM",0.978631208719748
"1270",12,"wave_fetch",2.39829503165351,"Semibalanus.balanoides_PA1_RUN1_RF",0.688
"1271",12,"wave_fetch",2.39829503165351,"Semibalanus.balanoides_allData_allRun_GLM",0.425016741912455
"1272",12,"wave_fetch",2.39829503165351,"Semibalanus.balanoides_allData_allRun_GAM",0.759476959534537
"1273",13,"wave_fetch",2.42101089159648,"Semibalanus.balanoides_PA1_RUN1_GAM",0.97791405724653
"1274",13,"wave_fetch",2.42101089159648,"Semibalanus.balanoides_PA1_RUN1_RF",0.688
"1275",13,"wave_fetch",2.42101089159648,"Semibalanus.balanoides_PA1_allRun_MAXENT",0.41808
"1276",13,"wave_fetch",2.42101089159648,"Semibalanus.balanoides_PA1_RUN1_GLM",0.925077759321717
"1277",13,"wave_fetch",2.42101089159648,"Semibalanus.balanoides_allData_allRun_GAM",0.753112225120367
"1278",13,"wave_fetch",2.42101089159648,"Semibalanus.balanoides_allData_allRun_GLM",0.41435969191748
"1279",14,"wave_fetch",2.44372675153944,"Semibalanus.balanoides_PA1_RUN1_GLM",0.915797584866825
"1280",14,"wave_fetch",2.44372675153944,"Semibalanus.balanoides_allData_allRun_GLM",0.40383740170404
"1281",14,"wave_fetch",2.44372675153944,"Semibalanus.balanoides_PA1_allRun_MAXENT",0.380327
"1282",14,"wave_fetch",2.44372675153944,"Semibalanus.balanoides_PA1_RUN1_GAM",0.977173399061055
"1283",14,"wave_fetch",2.44372675153944,"Semibalanus.balanoides_PA1_RUN1_RF",0.688
"1284",14,"wave_fetch",2.44372675153944,"Semibalanus.balanoides_allData_allRun_GAM",0.746635253692757
"1285",15,"wave_fetch",2.46644261148241,"Semibalanus.balanoides_PA1_RUN1_GAM",0.976408501902704
"1286",15,"wave_fetch",2.46644261148241,"Semibalanus.balanoides_PA1_RUN1_RF",0.688
"1287",15,"wave_fetch",2.46644261148241,"Semibalanus.balanoides_PA1_RUN1_GLM",0.905648000029031
"1288",15,"wave_fetch",2.46644261148241,"Semibalanus.balanoides_allData_allRun_GAM",0.740047013862569
"1289",15,"wave_fetch",2.46644261148241,"Semibalanus.balanoides_PA1_allRun_MAXENT",0.344923
"1290",15,"wave_fetch",2.46644261148241,"Semibalanus.balanoides_allData_allRun_GLM",0.393457534503564
"1291",16,"wave_fetch",2.48915847142537,"Semibalanus.balanoides_PA1_RUN1_GAM",0.975618613302082
"1292",16,"wave_fetch",2.48915847142537,"Semibalanus.balanoides_PA1_allRun_MAXENT",0.311949
"1293",16,"wave_fetch",2.48915847142537,"Semibalanus.balanoides_PA1_RUN1_GLM",0.894595512024105
"1294",16,"wave_fetch",2.48915847142537,"Semibalanus.balanoides_allData_allRun_GLM",0.383227173292669
"1295",16,"wave_fetch",2.48915847142537,"Semibalanus.balanoides_PA1_RUN1_RF",0.688
"1296",16,"wave_fetch",2.48915847142537,"Semibalanus.balanoides_allData_allRun_GAM",0.733348642726378
"1297",17,"wave_fetch",2.51187433136834,"Semibalanus.balanoides_PA1_RUN1_GLM",0.882613596321075
"1298",17,"wave_fetch",2.51187433136834,"Semibalanus.balanoides_allData_allRun_GLM",0.373152815615536
"1299",17,"wave_fetch",2.51187433136834,"Semibalanus.balanoides_PA1_RUN1_GAM",0.974802960202865
"1300",17,"wave_fetch",2.51187433136834,"Semibalanus.balanoides_PA1_RUN1_RF",0.688
"1301",17,"wave_fetch",2.51187433136834,"Semibalanus.balanoides_PA1_allRun_MAXENT",0.281424
"1302",17,"wave_fetch",2.51187433136834,"Semibalanus.balanoides_allData_allRun_GAM",0.72654144919299
"1303",18,"wave_fetch",2.53459019131131,"Semibalanus.balanoides_PA1_RUN1_RF",0.688
"1304",18,"wave_fetch",2.53459019131131,"Semibalanus.balanoides_PA1_RUN1_GLM",0.869684050556341
"1305",18,"wave_fetch",2.53459019131131,"Semibalanus.balanoides_PA1_allRun_MAXENT",0.253317
"1306",18,"wave_fetch",2.53459019131131,"Semibalanus.balanoides_allData_allRun_GAM",0.719626916874566
"1307",18,"wave_fetch",2.53459019131131,"Semibalanus.balanoides_allData_allRun_GLM",0.363240372258292
"1308",18,"wave_fetch",2.53459019131131,"Semibalanus.balanoides_PA1_RUN1_GAM",0.973960748589847
"1309",19,"wave_fetch",2.55730605125427,"Semibalanus.balanoides_PA1_RUN1_GLM",0.855798278559464
"1310",19,"wave_fetch",2.55730605125427,"Semibalanus.balanoides_PA1_allRun_MAXENT",0.227559
"1311",19,"wave_fetch",2.55730605125427,"Semibalanus.balanoides_allData_allRun_GAM",0.71260670650854
"1312",19,"wave_fetch",2.55730605125427,"Semibalanus.balanoides_PA1_RUN1_RF",0.686
"1313",19,"wave_fetch",2.55730605125427,"Semibalanus.balanoides_PA1_RUN1_GAM",0.973091163124473
"1314",19,"wave_fetch",2.55730605125427,"Semibalanus.balanoides_allData_allRun_GLM",0.353495169557699
"1315",20,"wave_fetch",2.58002191119724,"Semibalanus.balanoides_allData_allRun_GAM",0.705482657877615
"1316",20,"wave_fetch",2.58002191119724,"Semibalanus.balanoides_allData_allRun_GLM",0.343921955100409
"1317",20,"wave_fetch",2.58002191119724,"Semibalanus.balanoides_PA1_allRun_MAXENT",0.204053
"1318",20,"wave_fetch",2.58002191119724,"Semibalanus.balanoides_PA1_RUN1_GLM",0.840958440400061
"1319",20,"wave_fetch",2.58002191119724,"Semibalanus.balanoides_PA1_RUN1_RF",0.686
"1320",20,"wave_fetch",2.58002191119724,"Semibalanus.balanoides_PA1_RUN1_GAM",0.972193366789242
"1321",21,"wave_fetch",2.6027377711402,"Semibalanus.balanoides_allData_allRun_GLM",0.334524906548571
"1322",21,"wave_fetch",2.6027377711402,"Semibalanus.balanoides_PA1_allRun_MAXENT",0.182682
"1323",21,"wave_fetch",2.6027377711402,"Semibalanus.balanoides_PA1_RUN1_GLM",0.825178401690741
"1324",21,"wave_fetch",2.6027377711402,"Semibalanus.balanoides_PA1_RUN1_RF",0.686
"1325",21,"wave_fetch",2.6027377711402,"Semibalanus.balanoides_allData_allRun_GAM",0.698256791196701
"1326",21,"wave_fetch",2.6027377711402,"Semibalanus.balanoides_PA1_RUN1_GAM",0.971266500542414
"1327",22,"wave_fetch",2.62545363108317,"Semibalanus.balanoides_PA1_RUN1_GLM",0.808484417123757
"1328",22,"wave_fetch",2.62545363108317,"Semibalanus.balanoides_PA1_allRun_MAXENT",0.163314
"1329",22,"wave_fetch",2.62545363108317,"Semibalanus.balanoides_PA1_RUN1_GAM",0.970309682984611
"1330",22,"wave_fetch",2.62545363108317,"Semibalanus.balanoides_PA1_RUN1_RF",0.68
"1331",22,"wave_fetch",2.62545363108317,"Semibalanus.balanoides_allData_allRun_GLM",0.325307643312486
"1332",22,"wave_fetch",2.62545363108317,"Semibalanus.balanoides_allData_allRun_GAM",0.690931307937439
"1333",23,"wave_fetch",2.64816949102614,"Semibalanus.balanoides_PA1_allRun_MAXENT",0.145813
"1334",23,"wave_fetch",2.64816949102614,"Semibalanus.balanoides_PA1_RUN1_RF",0.68
"1335",23,"wave_fetch",2.64816949102614,"Semibalanus.balanoides_allData_allRun_GLM",0.316273240781175
"1336",23,"wave_fetch",2.64816949102614,"Semibalanus.balanoides_PA1_RUN1_GLM",0.790915490026281
"1337",23,"wave_fetch",2.64816949102614,"Semibalanus.balanoides_allData_allRun_GAM",0.683508591063155
"1338",23,"wave_fetch",2.64816949102614,"Semibalanus.balanoides_PA1_RUN1_GAM",0.969322010038965
"1339",24,"wave_fetch",2.6708853509691,"Semibalanus.balanoides_PA1_RUN1_GLM",0.772523361788267
"1340",24,"wave_fetch",2.6708853509691,"Semibalanus.balanoides_PA1_RUN1_GAM",0.9683025546466
"1341",24,"wave_fetch",2.6708853509691,"Semibalanus.balanoides_PA1_allRun_MAXENT",0.130039
"1342",24,"wave_fetch",2.6708853509691,"Semibalanus.balanoides_PA1_RUN1_RF",0.68
"1343",24,"wave_fetch",2.6708853509691,"Semibalanus.balanoides_allData_allRun_GLM",0.307424246816691
"1344",24,"wave_fetch",2.6708853509691,"Semibalanus.balanoides_allData_allRun_GAM",0.675991204649639
"1345",25,"wave_fetch",2.69360121091207,"Semibalanus.balanoides_PA1_RUN1_GLM",0.753372101979757
"1346",25,"wave_fetch",2.69360121091207,"Semibalanus.balanoides_PA1_allRun_MAXENT",0.115854
"1347",25,"wave_fetch",2.69360121091207,"Semibalanus.balanoides_PA1_RUN1_GAM",0.967250366479325
"1348",25,"wave_fetch",2.69360121091207,"Semibalanus.balanoides_PA1_RUN1_RF",0.68
"1349",25,"wave_fetch",2.69360121091207,"Semibalanus.balanoides_allData_allRun_GLM",0.298762700217552
"1350",25,"wave_fetch",2.69360121091207,"Semibalanus.balanoides_allData_allRun_GAM",0.668381892869936
"1351",26,"wave_fetch",2.71631707085503,"Semibalanus.balanoides_PA1_allRun_MAXENT",0.103124
"1352",26,"wave_fetch",2.71631707085503,"Semibalanus.balanoides_PA1_RUN1_RF",0.68
"1353",26,"wave_fetch",2.71631707085503,"Semibalanus.balanoides_PA1_RUN1_GLM",0.733537290849999
"1354",26,"wave_fetch",2.71631707085503,"Semibalanus.balanoides_allData_allRun_GLM",0.290290150860181
"1355",26,"wave_fetch",2.71631707085503,"Semibalanus.balanoides_PA1_RUN1_GAM",0.966164471671558
"1356",26,"wave_fetch",2.71631707085503,"Semibalanus.balanoides_allData_allRun_GAM",0.660683578324578
"1357",27,"wave_fetch",2.739032930798,"Semibalanus.balanoides_PA1_allRun_MAXENT",0.0917192
"1358",27,"wave_fetch",2.739032930798,"Semibalanus.balanoides_PA1_RUN1_GLM",0.713104809138145
"1359",27,"wave_fetch",2.739032930798,"Semibalanus.balanoides_PA1_RUN1_RF",0.68
"1360",27,"wave_fetch",2.739032930798,"Semibalanus.balanoides_PA1_RUN1_GAM",0.965043872573592
"1361",27,"wave_fetch",2.739032930798,"Semibalanus.balanoides_allData_allRun_GLM",0.28200768123441
"1362",27,"wave_fetch",2.739032930798,"Semibalanus.balanoides_allData_allRun_GAM",0.652899359702146
"1363",28,"wave_fetch",2.76174879074097,"Semibalanus.balanoides_PA1_RUN1_GLM",0.692169273746788
"1364",28,"wave_fetch",2.76174879074097,"Semibalanus.balanoides_PA1_allRun_MAXENT",0.0815177
"1365",28,"wave_fetch",2.76174879074097,"Semibalanus.balanoides_PA1_RUN1_GAM",0.963887547528469
"1366",28,"wave_fetch",2.76174879074097,"Semibalanus.balanoides_PA1_RUN1_RF",0.68
"1367",28,"wave_fetch",2.76174879074097,"Semibalanus.balanoides_allData_allRun_GLM",0.273915929099278
"1368",28,"wave_fetch",2.76174879074097,"Semibalanus.balanoides_allData_allRun_GAM",0.645032508758794
"1369",29,"wave_fetch",2.78446465068393,"Semibalanus.balanoides_PA1_RUN1_GLM",0.670832179657988
"1370",29,"wave_fetch",2.78446465068393,"Semibalanus.balanoides_PA1_allRun_MAXENT",0.0724053
"1371",29,"wave_fetch",2.78446465068393,"Semibalanus.balanoides_PA1_RUN1_GAM",0.962694450674825
"1372",29,"wave_fetch",2.78446465068393,"Semibalanus.balanoides_PA1_RUN1_RF",0.566
"1373",29,"wave_fetch",2.78446465068393,"Semibalanus.balanoides_allData_allRun_GLM",0.266015110998198
"1374",29,"wave_fetch",2.78446465068393,"Semibalanus.balanoides_allData_allRun_GAM",0.637086466609458
"1375",30,"wave_fetch",2.8071805106269,"Semibalanus.balanoides_PA1_allRun_MAXENT",0.0642757
"1376",30,"wave_fetch",2.8071805106269,"Semibalanus.balanoides_PA1_RUN1_RF",0.56
"1377",30,"wave_fetch",2.8071805106269,"Semibalanus.balanoides_PA1_RUN1_GAM",0.961463511778223
"1378",30,"wave_fetch",2.8071805106269,"Semibalanus.balanoides_allData_allRun_GLM",0.258305046387443
"1379",30,"wave_fetch",2.8071805106269,"Semibalanus.balanoides_PA1_RUN1_GLM",0.649199826411936
"1380",30,"wave_fetch",2.8071805106269,"Semibalanus.balanoides_allData_allRun_GAM",0.629064839327686
"1381",31,"wave_fetch",2.82989637056986,"Semibalanus.balanoides_PA1_allRun_MAXENT",0.0570304
"1382",31,"wave_fetch",2.82989637056986,"Semibalanus.balanoides_PA1_RUN1_GLM",0.62738111979453
"1383",31,"wave_fetch",2.82989637056986,"Semibalanus.balanoides_PA1_RUN1_RF",0.398
"1384",31,"wave_fetch",2.82989637056986,"Semibalanus.balanoides_PA1_RUN1_GAM",0.960193636093619
"1385",31,"wave_fetch",2.82989637056986,"Semibalanus.balanoides_allData_allRun_GAM",0.620971392855509
"1386",31,"wave_fetch",2.82989637056986,"Semibalanus.balanoides_allData_allRun_GLM",0.250785182148427
"1387",32,"wave_fetch",2.85261223051283,"Semibalanus.balanoides_PA1_RUN1_GLM",0.605485344973617
"1388",32,"wave_fetch",2.85261223051283,"Semibalanus.balanoides_PA1_allRun_MAXENT",0.0505798
"1389",32,"wave_fetch",2.85261223051283,"Semibalanus.balanoides_PA1_RUN1_GAM",0.958883704261726
"1390",32,"wave_fetch",2.85261223051283,"Semibalanus.balanoides_PA1_RUN1_RF",0.398
"1391",32,"wave_fetch",2.85261223051283,"Semibalanus.balanoides_allData_allRun_GLM",0.243454617272008
"1392",32,"wave_fetch",2.85261223051283,"Semibalanus.balanoides_allData_allRun_GAM",0.612810047229378
"1393",33,"wave_fetch",2.8753280904558,"Semibalanus.balanoides_PA1_RUN1_GLM",0.583620005820834
"1394",33,"wave_fetch",2.8753280904558,"Semibalanus.balanoides_PA1_allRun_MAXENT",0.0448413
"1395",33,"wave_fetch",2.8753280904558,"Semibalanus.balanoides_PA1_RUN1_GAM",0.957532572242207
"1396",33,"wave_fetch",2.8753280904558,"Semibalanus.balanoides_PA1_RUN1_RF",0.344
"1397",33,"wave_fetch",2.8753280904558,"Semibalanus.balanoides_allData_allRun_GLM",0.236312127521448
"1398",33,"wave_fetch",2.8753280904558,"Semibalanus.balanoides_allData_allRun_GAM",0.604584870132942
"1399",34,"wave_fetch",2.89804395039876,"Semibalanus.balanoides_PA1_allRun_MAXENT",0.0397402
"1400",34,"wave_fetch",2.89804395039876,"Semibalanus.balanoides_PA1_RUN1_GLM",0.56188881697709
"1401",34,"wave_fetch",2.89804395039876,"Semibalanus.balanoides_PA1_RUN1_RF",0.334
"1402",34,"wave_fetch",2.89804395039876,"Semibalanus.balanoides_PA1_RUN1_GAM",0.956139071286754
"1403",34,"wave_fetch",2.89804395039876,"Semibalanus.balanoides_allData_allRun_GLM",0.229356189899618
"1404",34,"wave_fetch",2.89804395039876,"Semibalanus.balanoides_allData_allRun_GAM",0.5963000697922
"1405",35,"wave_fetch",2.92075981034173,"Semibalanus.balanoides_PA1_allRun_MAXENT",0.0352086
"1406",35,"wave_fetch",2.92075981034173,"Semibalanus.balanoides_PA1_RUN1_RF",0.328
"1407",35,"wave_fetch",2.92075981034173,"Semibalanus.balanoides_PA1_RUN1_GLM",0.540389921477078
"1408",35,"wave_fetch",2.92075981034173,"Semibalanus.balanoides_allData_allRun_GLM",0.222585006764917
"1409",35,"wave_fetch",2.92075981034173,"Semibalanus.balanoides_PA1_RUN1_GAM",0.954702007955241
"1410",35,"wave_fetch",2.92075981034173,"Semibalanus.balanoides_allData_allRun_GAM",0.587959987233435
"1411",36,"wave_fetch",2.9434756702847,"Semibalanus.balanoides_PA1_RUN1_GLM",0.519214389057414
"1412",36,"wave_fetch",2.9434756702847,"Semibalanus.balanoides_PA1_allRun_MAXENT",0.032949
"1413",36,"wave_fetch",2.9434756702847,"Semibalanus.balanoides_PA1_RUN1_GAM",0.953220164178301
"1414",36,"wave_fetch",2.9434756702847,"Semibalanus.balanoides_PA1_RUN1_RF",0.298
"1415",36,"wave_fetch",2.9434756702847,"Semibalanus.balanoides_allData_allRun_GLM",0.2159965294591
"1416",36,"wave_fetch",2.9434756702847,"Semibalanus.balanoides_allData_allRun_GAM",0.579569087929059
"1417",37,"wave_fetch",2.96619153022766,"Semibalanus.balanoides_PA1_RUN1_GLM",0.498445030505982
"1418",37,"wave_fetch",2.96619153022766,"Semibalanus.balanoides_PA1_RUN1_GAM",0.951692297369803
"1419",37,"wave_fetch",2.96619153022766,"Semibalanus.balanoides_PA1_allRun_MAXENT",0.032949
"1420",37,"wave_fetch",2.96619153022766,"Semibalanus.balanoides_PA1_RUN1_RF",0.29
"1421",37,"wave_fetch",2.96619153022766,"Semibalanus.balanoides_allData_allRun_GLM",0.209588481328454
"1422",37,"wave_fetch",2.96619153022766,"Semibalanus.balanoides_allData_allRun_GAM",0.571131952861256
"1423",38,"wave_fetch",2.98890739017063,"Semibalanus.balanoides_PA1_allRun_MAXENT",0.032949
"1424",38,"wave_fetch",2.98890739017063,"Semibalanus.balanoides_PA1_RUN1_GLM",0.478155543439226
"1425",38,"wave_fetch",2.98890739017063,"Semibalanus.balanoides_PA1_RUN1_RF",0.288
"1426",38,"wave_fetch",2.98890739017063,"Semibalanus.balanoides_PA1_RUN1_GAM",0.950117140592864
"1427",38,"wave_fetch",2.98890739017063,"Semibalanus.balanoides_allData_allRun_GLM",0.2033583800373
"1428",38,"wave_fetch",2.98890739017063,"Semibalanus.balanoides_allData_allRun_GAM",0.562653269037826
"1429",39,"wave_fetch",3.01162325011359,"Semibalanus.balanoides_PA1_allRun_MAXENT",0.032949
"1430",39,"wave_fetch",3.01162325011359,"Semibalanus.balanoides_PA1_RUN1_RF",0.264
"1431",39,"wave_fetch",3.01162325011359,"Semibalanus.balanoides_allData_allRun_GLM",0.197303559089495
"1432",39,"wave_fetch",3.01162325011359,"Semibalanus.balanoides_PA1_RUN1_GLM",0.458409986368355
"1433",39,"wave_fetch",3.01162325011359,"Semibalanus.balanoides_allData_allRun_GAM",0.554137819499032
"1434",39,"wave_fetch",3.01162325011359,"Semibalanus.balanoides_PA1_RUN1_GAM",0.94849340278314
"1435",40,"wave_fetch",3.03433911005656,"Semibalanus.balanoides_allData_allRun_GLM",0.191421188489353
"1436",40,"wave_fetch",3.03433911005656,"Semibalanus.balanoides_PA1_RUN1_GLM",0.43926256210206
"1437",40,"wave_fetch",3.03433911005656,"Semibalanus.balanoides_PA1_allRun_MAXENT",0.032949
"1438",40,"wave_fetch",3.03433911005656,"Semibalanus.balanoides_allData_allRun_GAM",0.545590472858371
"1439",40,"wave_fetch",3.03433911005656,"Semibalanus.balanoides_PA1_RUN1_RF",0.264
"1440",40,"wave_fetch",3.03433911005656,"Semibalanus.balanoides_PA1_RUN1_GAM",0.946819769033307
"1441",41,"wave_fetch",3.05705496999953,"Semibalanus.balanoides_allData_allRun_GLM",0.185708294488039
"1442",41,"wave_fetch",3.05705496999953,"Semibalanus.balanoides_allData_allRun_GAM",0.537016172424009
"1443",41,"wave_fetch",3.05705496999953,"Semibalanus.balanoides_PA1_RUN1_GAM",0.945094900942753
"1444",41,"wave_fetch",3.05705496999953,"Semibalanus.balanoides_PA1_RUN1_GLM",0.4207576792365
"1445",41,"wave_fetch",3.05705496999953,"Semibalanus.balanoides_PA1_allRun_MAXENT",0.032949
"1446",41,"wave_fetch",3.05705496999953,"Semibalanus.balanoides_PA1_RUN1_RF",0.264
"1447",42,"wave_fetch",3.07977082994249,"Semibalanus.balanoides_PA1_RUN1_GAM",0.943317437036644
"1448",42,"wave_fetch",3.07977082994249,"Semibalanus.balanoides_allData_allRun_GLM",0.180161778375025
"1449",42,"wave_fetch",3.07977082994249,"Semibalanus.balanoides_PA1_allRun_MAXENT",0.032949
"1450",42,"wave_fetch",3.07977082994249,"Semibalanus.balanoides_PA1_RUN1_GLM",0.402930252040337
"1451",42,"wave_fetch",3.07977082994249,"Semibalanus.balanoides_PA1_RUN1_RF",0.264
"1452",42,"wave_fetch",3.07977082994249,"Semibalanus.balanoides_allData_allRun_GAM",0.52841992495114
"1453",43,"wave_fetch",3.10248668988546,"Semibalanus.balanoides_PA1_RUN1_GAM",0.941485993258628
"1454",43,"wave_fetch",3.10248668988546,"Semibalanus.balanoides_PA1_RUN1_RF",0.264
"1455",43,"wave_fetch",3.10248668988546,"Semibalanus.balanoides_PA1_RUN1_GLM",0.3858061943786
"1456",43,"wave_fetch",3.10248668988546,"Semibalanus.balanoides_PA1_allRun_MAXENT",0.032949
"1457",43,"wave_fetch",3.10248668988546,"Semibalanus.balanoides_allData_allRun_GLM",0.174778434286543
"1458",43,"wave_fetch",3.10248668988546,"Semibalanus.balanoides_allData_allRun_GAM",0.519806789078603
"1459",44,"wave_fetch",3.12520254982842,"Semibalanus.balanoides_PA1_allRun_MAXENT",0.032949
"1460",44,"wave_fetch",3.12520254982842,"Semibalanus.balanoides_PA1_RUN1_GAM",0.939599163541575
"1461",44,"wave_fetch",3.12520254982842,"Semibalanus.balanoides_PA1_RUN1_GLM",0.36940306204305
"1462",44,"wave_fetch",3.12520254982842,"Semibalanus.balanoides_allData_allRun_GLM",0.16955496601415
"1463",44,"wave_fetch",3.12520254982842,"Semibalanus.balanoides_PA1_RUN1_RF",0.264
"1464",44,"wave_fetch",3.12520254982842,"Semibalanus.balanoides_allData_allRun_GAM",0.511181863505805
"1465",45,"wave_fetch",3.14791840977139,"Semibalanus.balanoides_PA1_RUN1_GLM",0.35373079937172
"1466",45,"wave_fetch",3.14791840977139,"Semibalanus.balanoides_PA1_RUN1_GAM",0.937655520460832
"1467",45,"wave_fetch",3.14791840977139,"Semibalanus.balanoides_allData_allRun_GAM",0.502550274968188
"1468",45,"wave_fetch",3.14791840977139,"Semibalanus.balanoides_PA1_RUN1_RF",0.236
"1469",45,"wave_fetch",3.14791840977139,"Semibalanus.balanoides_PA1_allRun_MAXENT",0.032949
"1470",45,"wave_fetch",3.14791840977139,"Semibalanus.balanoides_allData_allRun_GLM",0.164488002806512
"1471",46,"wave_fetch",3.17063426971436,"Semibalanus.balanoides_PA1_RUN1_GAM",0.935653615974586
"1472",46,"wave_fetch",3.17063426971436,"Semibalanus.balanoides_PA1_RUN1_GLM",0.338792549652195
"1473",46,"wave_fetch",3.17063426971436,"Semibalanus.balanoides_PA1_allRun_MAXENT",0.032949
"1474",46,"wave_fetch",3.17063426971436,"Semibalanus.balanoides_PA1_RUN1_RF",0.236
"1475",46,"wave_fetch",3.17063426971436,"Semibalanus.balanoides_allData_allRun_GLM",0.159574114166381
"1476",46,"wave_fetch",3.17063426971436,"Semibalanus.balanoides_allData_allRun_GAM",0.493917166071246
"1477",47,"wave_fetch",3.19335012965732,"Semibalanus.balanoides_PA1_RUN1_GLM",0.324585493811597
"1478",47,"wave_fetch",3.19335012965732,"Semibalanus.balanoides_PA1_allRun_MAXENT",0.0329735
"1479",47,"wave_fetch",3.19335012965732,"Semibalanus.balanoides_PA1_RUN1_GAM",0.93359198225597
"1480",47,"wave_fetch",3.19335012965732,"Semibalanus.balanoides_allData_allRun_GLM",0.154809823652507
"1481",47,"wave_fetch",3.19335012965732,"Semibalanus.balanoides_PA1_RUN1_RF",0.202
"1482",47,"wave_fetch",3.19335012965732,"Semibalanus.balanoides_allData_allRun_GAM",0.485287683044282
"1483",48,"wave_fetch",3.21606598960029,"Semibalanus.balanoides_PA1_RUN1_GAM",0.931469132621658
"1484",48,"wave_fetch",3.21606598960029,"Semibalanus.balanoides_PA1_RUN1_RF",0.202
"1485",48,"wave_fetch",3.21606598960029,"Semibalanus.balanoides_PA1_RUN1_GLM",0.311101687661666
"1486",48,"wave_fetch",3.21606598960029,"Semibalanus.balanoides_PA1_allRun_MAXENT",0.0330665
"1487",48,"wave_fetch",3.21606598960029,"Semibalanus.balanoides_allData_allRun_GAM",0.476666963475834
"1488",48,"wave_fetch",3.21606598960029,"Semibalanus.balanoides_allData_allRun_GLM",0.150191621702895
"1489",49,"wave_fetch",3.23878184954325,"Semibalanus.balanoides_PA1_RUN1_GLM",0.29832887395382
"1490",49,"wave_fetch",3.23878184954325,"Semibalanus.balanoides_PA1_allRun_MAXENT",0.0331598
"1491",49,"wave_fetch",3.23878184954325,"Semibalanus.balanoides_allData_allRun_GLM",0.145715977501582
"1492",49,"wave_fetch",3.23878184954325,"Semibalanus.balanoides_PA1_RUN1_GAM",0.929283562561694
"1493",49,"wave_fetch",3.23878184954325,"Semibalanus.balanoides_allData_allRun_GAM",0.46806012409282
"1494",49,"wave_fetch",3.23878184954325,"Semibalanus.balanoides_PA1_RUN1_RF",0.196
"1495",50,"wave_fetch",3.26149770948622,"Semibalanus.balanoides_PA1_RUN1_GLM",0.286251251292646
"1496",50,"wave_fetch",3.26149770948622,"Semibalanus.balanoides_PA1_RUN1_GAM",0.927033750875354
"1497",50,"wave_fetch",3.26149770948622,"Semibalanus.balanoides_PA1_RUN1_RF",0.196
"1498",50,"wave_fetch",3.26149770948622,"Semibalanus.balanoides_allData_allRun_GAM",0.459472248645093
"1499",50,"wave_fetch",3.26149770948622,"Semibalanus.balanoides_PA1_allRun_MAXENT",0.0332533
"1500",50,"wave_fetch",3.26149770948622,"Semibalanus.balanoides_allData_allRun_GLM",0.141379349915857
"1501",51,"wave_fetch",3.28421356942919,"Semibalanus.balanoides_PA1_RUN1_GAM",0.924718160917839
"1502",51,"wave_fetch",3.28421356942919,"Semibalanus.balanoides_PA1_RUN1_RF",0.194
"1503",51,"wave_fetch",3.28421356942919,"Semibalanus.balanoides_PA1_RUN1_GLM",0.274850187266509
"1504",51,"wave_fetch",3.28421356942919,"Semibalanus.balanoides_PA1_allRun_MAXENT",0.0333471
"1505",51,"wave_fetch",3.28421356942919,"Semibalanus.balanoides_allData_allRun_GLM",0.13717819753478
"1506",51,"wave_fetch",3.28421356942919,"Semibalanus.balanoides_allData_allRun_GAM",0.45090837595618
"1507",52,"wave_fetch",3.30692942937215,"Semibalanus.balanoides_PA1_allRun_MAXENT",0.0334412
"1508",52,"wave_fetch",3.30692942937215,"Semibalanus.balanoides_PA1_RUN1_GLM",0.264104867802201
"1509",52,"wave_fetch",3.30692942937215,"Semibalanus.balanoides_allData_allRun_GLM",0.133108987843049
"1510",52,"wave_fetch",3.30692942937215,"Semibalanus.balanoides_PA1_RUN1_GAM",0.922335241962563
"1511",52,"wave_fetch",3.30692942937215,"Semibalanus.balanoides_PA1_RUN1_RF",0.192
"1512",52,"wave_fetch",3.30692942937215,"Semibalanus.balanoides_allData_allRun_GAM",0.44237348819955
"1513",53,"wave_fetch",3.32964528931512,"Semibalanus.balanoides_PA1_RUN1_GAM",0.919883430683776
"1514",53,"wave_fetch",3.32964528931512,"Semibalanus.balanoides_PA1_RUN1_GLM",0.253992878652179
"1515",53,"wave_fetch",3.32964528931512,"Semibalanus.balanoides_PA1_RUN1_RF",0.192
"1516",53,"wave_fetch",3.32964528931512,"Semibalanus.balanoides_allData_allRun_GAM",0.433872499457799
"1517",53,"wave_fetch",3.32964528931512,"Semibalanus.balanoides_PA1_allRun_MAXENT",0.0335355
"1518",53,"wave_fetch",3.32964528931512,"Semibalanus.balanoides_allData_allRun_GLM",0.129168205566614
"1519",54,"wave_fetch",3.35236114925808,"Semibalanus.balanoides_PA1_RUN1_GLM",0.244490718064907
"1520",54,"wave_fetch",3.35236114925808,"Semibalanus.balanoides_PA1_allRun_MAXENT",0.0336301
"1521",54,"wave_fetch",3.35236114925808,"Semibalanus.balanoides_PA1_RUN1_GAM",0.91736115276417
"1522",54,"wave_fetch",3.35236114925808,"Semibalanus.balanoides_allData_allRun_GLM",0.12535236022833
"1523",54,"wave_fetch",3.35236114925808,"Semibalanus.balanoides_PA1_RUN1_RF",0.192
"1524",54,"wave_fetch",3.35236114925808,"Semibalanus.balanoides_allData_allRun_GAM",0.42541024461976
"1525",55,"wave_fetch",3.37507700920105,"Semibalanus.balanoides_PA1_RUN1_GLM",0.235574242109986
"1526",55,"wave_fetch",3.37507700920105,"Semibalanus.balanoides_PA1_RUN1_GAM",0.914766824632011
"1527",55,"wave_fetch",3.37507700920105,"Semibalanus.balanoides_PA1_allRun_MAXENT",0.0337249
"1528",55,"wave_fetch",3.37507700920105,"Semibalanus.balanoides_PA1_RUN1_RF",0.192
"1529",55,"wave_fetch",3.37507700920105,"Semibalanus.balanoides_allData_allRun_GAM",0.416991468667644
"1530",55,"wave_fetch",3.37507700920105,"Semibalanus.balanoides_allData_allRun_GLM",0.121657992953054
"1531",56,"wave_fetch",3.39779286914402,"Semibalanus.balanoides_PA1_RUN1_GAM",0.912098855332194
"1532",56,"wave_fetch",3.39779286914402,"Semibalanus.balanoides_PA1_RUN1_RF",0.192
"1533",56,"wave_fetch",3.39779286914402,"Semibalanus.balanoides_PA1_allRun_MAXENT",0.03382
"1534",56,"wave_fetch",3.39779286914402,"Semibalanus.balanoides_PA1_RUN1_GLM",0.227219045901646
"1535",56,"wave_fetch",3.39779286914402,"Semibalanus.balanoides_allData_allRun_GLM",0.118081682562408
"1536",56,"wave_fetch",3.39779286914402,"Semibalanus.balanoides_allData_allRun_GAM",0.408620816403092
"1537",57,"wave_fetch",3.42050872908698,"Semibalanus.balanoides_PA1_RUN1_GLM",0.219400785175693
"1538",57,"wave_fetch",3.42050872908698,"Semibalanus.balanoides_PA1_allRun_MAXENT",0.0339154
"1539",57,"wave_fetch",3.42050872908698,"Semibalanus.balanoides_PA1_RUN1_GAM",0.909355648535449
"1540",57,"wave_fetch",3.42050872908698,"Semibalanus.balanoides_allData_allRun_GAM",0.400302822657347
"1541",57,"wave_fetch",3.42050872908698,"Semibalanus.balanoides_allData_allRun_GLM",0.114620050999601
"1542",57,"wave_fetch",3.42050872908698,"Semibalanus.balanoides_PA1_RUN1_RF",0.192
"1543",58,"wave_fetch",3.44322458902995,"Semibalanus.balanoides_PA1_RUN1_GLM",0.212095443421428
"1544",58,"wave_fetch",3.44322458902995,"Semibalanus.balanoides_PA1_RUN1_GAM",0.906535604689687
"1545",58,"wave_fetch",3.44322458902995,"Semibalanus.balanoides_PA1_RUN1_RF",0.192
"1546",58,"wave_fetch",3.44322458902995,"Semibalanus.balanoides_allData_allRun_GAM",0.392041903026812
"1547",58,"wave_fetch",3.44322458902995,"Semibalanus.balanoides_PA1_allRun_MAXENT",0.034011
"1548",58,"wave_fetch",3.44322458902995,"Semibalanus.balanoides_allData_allRun_GLM",0.111269768124673
"1549",59,"wave_fetch",3.46594044897291,"Semibalanus.balanoides_PA1_RUN1_GLM",0.205279550144043
"1550",59,"wave_fetch",3.46594044897291,"Semibalanus.balanoides_PA1_allRun_MAXENT",0.0341069
"1551",59,"wave_fetch",3.46594044897291,"Semibalanus.balanoides_allData_allRun_GAM",0.38384234517103
"1552",59,"wave_fetch",3.46594044897291,"Semibalanus.balanoides_PA1_RUN1_RF",0.192
"1553",59,"wave_fetch",3.46594044897291,"Semibalanus.balanoides_PA1_RUN1_GAM",0.903637123317221
"1554",59,"wave_fetch",3.46594044897291,"Semibalanus.balanoides_allData_allRun_GLM",0.10802755592001
"1555",60,"wave_fetch",3.48865630891588,"Semibalanus.balanoides_PA1_allRun_MAXENT",0.0342031
"1556",60,"wave_fetch",3.48865630891588,"Semibalanus.balanoides_PA1_RUN1_RF",0.192
"1557",60,"wave_fetch",3.48865630891588,"Semibalanus.balanoides_allData_allRun_GAM",0.375708300705648
"1558",60,"wave_fetch",3.48865630891588,"Semibalanus.balanoides_allData_allRun_GLM",0.104890192145316
"1559",60,"wave_fetch",3.48865630891588,"Semibalanus.balanoides_PA1_RUN1_GLM",0.198930355920225
"1560",60,"wave_fetch",3.48865630891588,"Semibalanus.balanoides_PA1_RUN1_GAM",0.900658605461285
"1561",61,"wave_fetch",3.51137216885885,"Semibalanus.balanoides_allData_allRun_GLM",0.101854513480224
"1562",61,"wave_fetch",3.51137216885885,"Semibalanus.balanoides_PA1_allRun_MAXENT",0.0342995
"1563",61,"wave_fetch",3.51137216885885,"Semibalanus.balanoides_PA1_RUN1_GLM",0.193025969784981
"1564",61,"wave_fetch",3.51137216885885,"Semibalanus.balanoides_PA1_RUN1_RF",0.192
"1565",61,"wave_fetch",3.51137216885885,"Semibalanus.balanoides_allData_allRun_GAM",0.367643777718338
"1566",61,"wave_fetch",3.51137216885885,"Semibalanus.balanoides_PA1_RUN1_GAM",0.8975984562849
"1567",62,"wave_fetch",3.53408802880181,"Semibalanus.balanoides_allData_allRun_GLM",0.0989174181916243
"1568",62,"wave_fetch",3.53408802880181,"Semibalanus.balanoides_PA1_RUN1_GLM",0.18754546421446
"1569",62,"wave_fetch",3.53408802880181,"Semibalanus.balanoides_allData_allRun_GAM",0.359652633930859
"1570",62,"wave_fetch",3.53408802880181,"Semibalanus.balanoides_PA1_RUN1_GAM",0.894455087824739
"1571",62,"wave_fetch",3.53408802880181,"Semibalanus.balanoides_PA1_allRun_MAXENT",0.0343962
"1572",62,"wave_fetch",3.53408802880181,"Semibalanus.balanoides_PA1_RUN1_RF",0.192
"1573",63,"wave_fetch",3.55680388874478,"Semibalanus.balanoides_PA1_RUN1_GLM",0.182468952599632
"1574",63,"wave_fetch",3.55680388874478,"Semibalanus.balanoides_PA1_RUN1_GAM",0.891226921902162
"1575",63,"wave_fetch",3.55680388874478,"Semibalanus.balanoides_allData_allRun_GLM",0.0960758683614793
"1576",63,"wave_fetch",3.55680388874478,"Semibalanus.balanoides_PA1_allRun_MAXENT",0.0344932
"1577",63,"wave_fetch",3.55680388874478,"Semibalanus.balanoides_allData_allRun_GAM",0.35173857052569
"1578",63,"wave_fetch",3.55680388874478,"Semibalanus.balanoides_PA1_RUN1_RF",0.192
"1579",64,"wave_fetch",3.57951974868774,"Semibalanus.balanoides_PA1_RUN1_GLM",0.177777643679981
"1580",64,"wave_fetch",3.57951974868774,"Semibalanus.balanoides_PA1_RUN1_GAM",0.887912393193069
"1581",64,"wave_fetch",3.57951974868774,"Semibalanus.balanoides_PA1_allRun_MAXENT",0.0345904
"1582",64,"wave_fetch",3.57951974868774,"Semibalanus.balanoides_PA1_RUN1_RF",0.192
"1583",64,"wave_fetch",3.57951974868774,"Semibalanus.balanoides_allData_allRun_GLM",0.0933268917094758
"1584",64,"wave_fetch",3.57951974868774,"Semibalanus.balanoides_allData_allRun_GAM",0.343905126650802
"1585",65,"wave_fetch",3.60223560863071,"Semibalanus.balanoides_PA1_RUN1_GLM",0.173453876956163
"1586",65,"wave_fetch",3.60223560863071,"Semibalanus.balanoides_PA1_RUN1_GAM",0.884509952457639
"1587",65,"wave_fetch",3.60223560863071,"Semibalanus.balanoides_PA1_allRun_MAXENT",0.0346879
"1588",65,"wave_fetch",3.60223560863071,"Semibalanus.balanoides_allData_allRun_GLM",0.0906675830433888
"1589",65,"wave_fetch",3.60223560863071,"Semibalanus.balanoides_PA1_RUN1_RF",0.192
"1590",65,"wave_fetch",3.60223560863071,"Semibalanus.balanoides_allData_allRun_GAM",0.336155674611403
"1591",66,"wave_fetch",3.62495146857368,"Semibalanus.balanoides_PA1_RUN1_GLM",0.169481142648992
"1592",66,"wave_fetch",3.62495146857368,"Semibalanus.balanoides_allData_allRun_GLM",0.0880951053684583
"1593",66,"wave_fetch",3.62495146857368,"Semibalanus.balanoides_PA1_RUN1_GAM",0.881018069930366
"1594",66,"wave_fetch",3.62495146857368,"Semibalanus.balanoides_allData_allRun_GAM",0.328493415752767
"1595",66,"wave_fetch",3.62495146857368,"Semibalanus.balanoides_PA1_allRun_MAXENT",0.0347857
"1596",66,"wave_fetch",3.62495146857368,"Semibalanus.balanoides_PA1_RUN1_RF",0.192
"1597",67,"wave_fetch",3.64766732851664,"Semibalanus.balanoides_PA1_RUN1_GLM",0.165844089335479
"1598",67,"wave_fetch",3.64766732851664,"Semibalanus.balanoides_PA1_RUN1_GAM",0.877435238870095
"1599",67,"wave_fetch",3.64766732851664,"Semibalanus.balanoides_allData_allRun_GLM",0.085606690685496
"1600",67,"wave_fetch",3.64766732851664,"Semibalanus.balanoides_PA1_allRun_MAXENT",0.0348837
"1601",67,"wave_fetch",3.64766732851664,"Semibalanus.balanoides_allData_allRun_GAM",0.320921377033722
"1602",67,"wave_fetch",3.64766732851664,"Semibalanus.balanoides_PA1_RUN1_RF",0.194
"1603",68,"wave_fetch",3.67038318845961,"Semibalanus.balanoides_PA1_RUN1_GLM",0.162528521981763
"1604",68,"wave_fetch",3.67038318845961,"Semibalanus.balanoides_PA1_RUN1_GAM",0.873759979269003
"1605",68,"wave_fetch",3.67038318845961,"Semibalanus.balanoides_PA1_allRun_MAXENT",0.0349821
"1606",68,"wave_fetch",3.67038318845961,"Semibalanus.balanoides_allData_allRun_GLM",0.0831996405058247
"1607",68,"wave_fetch",3.67038318845961,"Semibalanus.balanoides_PA1_RUN1_RF",0.208
"1608",68,"wave_fetch",3.67038318845961,"Semibalanus.balanoides_allData_allRun_GAM",0.313442408285974
"1609",69,"wave_fetch",3.69309904840257,"Semibalanus.balanoides_PA1_RUN1_GLM",0.159521392714163
"1610",69,"wave_fetch",3.69309904840257,"Semibalanus.balanoides_PA1_RUN1_GAM",0.8699908417186
"1611",69,"wave_fetch",3.69309904840257,"Semibalanus.balanoides_PA1_allRun_MAXENT",0.0350806
"1612",69,"wave_fetch",3.69309904840257,"Semibalanus.balanoides_allData_allRun_GLM",0.0808713261095433
"1613",69,"wave_fetch",3.69309904840257,"Semibalanus.balanoides_PA1_RUN1_RF",0.224
"1614",69,"wave_fetch",3.69309904840257,"Semibalanus.balanoides_allData_allRun_GAM",0.30605918015029
"1615",70,"wave_fetch",3.71581490834554,"Semibalanus.balanoides_PA1_RUN1_GAM",0.866126411429943
"1616",70,"wave_fetch",3.71581490834554,"Semibalanus.balanoides_PA1_RUN1_GLM",0.156810786326804
"1617",70,"wave_fetch",3.71581490834554,"Semibalanus.balanoides_allData_allRun_GLM",0.0786191885720172
"1618",70,"wave_fetch",3.71581490834554,"Semibalanus.balanoides_PA1_allRun_MAXENT",0.0351795
"1619",70,"wave_fetch",3.71581490834554,"Semibalanus.balanoides_allData_allRun_GAM",0.298774182676613
"1620",70,"wave_fetch",3.71581490834554,"Semibalanus.balanoides_PA1_RUN1_RF",0.224
"1621",71,"wave_fetch",3.73853076828851,"Semibalanus.balanoides_PA1_RUN1_GLM",0.15438590221805
"1622",71,"wave_fetch",3.73853076828851,"Semibalanus.balanoides_allData_allRun_GAM",0.291589724571539
"1623",71,"wave_fetch",3.73853076828851,"Semibalanus.balanoides_PA1_RUN1_GAM",0.862165312404282
"1624",71,"wave_fetch",3.73853076828851,"Semibalanus.balanoides_allData_allRun_GLM",0.0764407385819222
"1625",71,"wave_fetch",3.73853076828851,"Semibalanus.balanoides_PA1_allRun_MAXENT",0.0352786
"1626",71,"wave_fetch",3.73853076828851,"Semibalanus.balanoides_PA1_RUN1_RF",0.226
"1627",72,"wave_fetch",3.76124662823147,"Semibalanus.balanoides_PA1_RUN1_GLM",0.152237034177794
"1628",72,"wave_fetch",3.76124662823147,"Semibalanus.balanoides_PA1_RUN1_GAM",0.858106211749313
"1629",72,"wave_fetch",3.76124662823147,"Semibalanus.balanoides_PA1_allRun_MAXENT",0.035378
"1630",72,"wave_fetch",3.76124662823147,"Semibalanus.balanoides_allData_allRun_GLM",0.0743335560726425
"1631",72,"wave_fetch",3.76124662823147,"Semibalanus.balanoides_PA1_RUN1_RF",0.258
"1632",72,"wave_fetch",3.76124662823147,"Semibalanus.balanoides_allData_allRun_GAM",0.284507933073216
"1633",73,"wave_fetch",3.78396248817444,"Semibalanus.balanoides_PA1_RUN1_GLM",0.15035554921155
"1634",73,"wave_fetch",3.78396248817444,"Semibalanus.balanoides_PA1_RUN1_GAM",0.853947824135126
"1635",73,"wave_fetch",3.78396248817444,"Semibalanus.balanoides_PA1_allRun_MAXENT",0.0354777
"1636",73,"wave_fetch",3.78396248817444,"Semibalanus.balanoides_allData_allRun_GLM",0.0722952896873305
"1637",73,"wave_fetch",3.78396248817444,"Semibalanus.balanoides_PA1_RUN1_RF",0.27
"1638",73,"wave_fetch",3.78396248817444,"Semibalanus.balanoides_allData_allRun_GAM",0.277530754430682
"1639",74,"wave_fetch",3.8066783481174,"Semibalanus.balanoides_PA1_RUN1_GLM",0.148733866382738
"1640",74,"wave_fetch",3.8066783481174,"Semibalanus.balanoides_PA1_RUN1_GAM",0.849688916382778
"1641",74,"wave_fetch",3.8066783481174,"Semibalanus.balanoides_allData_allRun_GLM",0.0703236560965076
"1642",74,"wave_fetch",3.8066783481174,"Semibalanus.balanoides_PA1_allRun_MAXENT",0.0355777
"1643",74,"wave_fetch",3.8066783481174,"Semibalanus.balanoides_allData_allRun_GAM",0.270659954961949
"1644",74,"wave_fetch",3.8066783481174,"Semibalanus.balanoides_PA1_RUN1_RF",0.296
"1645",75,"wave_fetch",3.82939420806037,"Semibalanus.balanoides_PA1_RUN1_GLM",0.147365436478431
"1646",75,"wave_fetch",3.82939420806037,"Semibalanus.balanoides_allData_allRun_GLM",0.0684164391856984
"1647",75,"wave_fetch",3.82939420806037,"Semibalanus.balanoides_PA1_RUN1_GAM",0.845328312177199
"1648",75,"wave_fetch",3.82939420806037,"Semibalanus.balanoides_allData_allRun_GAM",0.263897122662725
"1649",75,"wave_fetch",3.82939420806037,"Semibalanus.balanoides_PA1_allRun_MAXENT",0.0344734
"1650",75,"wave_fetch",3.82939420806037,"Semibalanus.balanoides_PA1_RUN1_RF",0.29
"1651",76,"wave_fetch",3.85211006800334,"Semibalanus.balanoides_PA1_RUN1_GLM",0.146244723153025
"1652",76,"wave_fetch",3.85211006800334,"Semibalanus.balanoides_PA1_RUN1_GAM",0.84086489689489
"1653",76,"wave_fetch",3.85211006800334,"Semibalanus.balanoides_PA1_allRun_MAXENT",0.031726
"1654",76,"wave_fetch",3.85211006800334,"Semibalanus.balanoides_allData_allRun_GLM",0.0665714891292755
"1655",76,"wave_fetch",3.85211006800334,"Semibalanus.balanoides_PA1_RUN1_RF",0.302
"1656",76,"wave_fetch",3.85211006800334,"Semibalanus.balanoides_allData_allRun_GAM",0.25724366933566
"1657",77,"wave_fetch",3.8748259279463,"Semibalanus.balanoides_PA1_RUN1_GLM",0.145367186075453
"1658",77,"wave_fetch",3.8748259279463,"Semibalanus.balanoides_PA1_RUN1_GAM",0.836297622535539
"1659",77,"wave_fetch",3.8748259279463,"Semibalanus.balanoides_PA1_allRun_MAXENT",0.0291943
"1660",77,"wave_fetch",3.8748259279463,"Semibalanus.balanoides_PA1_RUN1_RF",0.292
"1661",77,"wave_fetch",3.8748259279463,"Semibalanus.balanoides_allData_allRun_GLM",0.064786721365431
"1662",77,"wave_fetch",3.8748259279463,"Semibalanus.balanoides_allData_allRun_GAM",0.250700833208287
"1663",78,"wave_fetch",3.89754178788927,"Semibalanus.balanoides_allData_allRun_GLM",0.0630601154859961
"1664",78,"wave_fetch",3.89754178788927,"Semibalanus.balanoides_PA1_RUN1_GLM",0.144729266495479
"1665",78,"wave_fetch",3.89754178788927,"Semibalanus.balanoides_allData_allRun_GAM",0.244269682006463
"1666",78,"wave_fetch",3.89754178788927,"Semibalanus.balanoides_PA1_RUN1_GAM",0.831625512745354
"1667",78,"wave_fetch",3.89754178788927,"Semibalanus.balanoides_PA1_allRun_MAXENT",0.0268618
"1668",78,"wave_fetch",3.89754178788927,"Semibalanus.balanoides_PA1_RUN1_RF",0.262
"1669",79,"wave_fetch",3.92025764783223,"Semibalanus.balanoides_PA1_RUN1_GLM",0.144328375550161
"1670",79,"wave_fetch",3.92025764783223,"Semibalanus.balanoides_PA1_RUN1_GAM",0.826847667918497
"1671",79,"wave_fetch",3.92025764783223,"Semibalanus.balanoides_PA1_allRun_MAXENT",0.0247133
"1672",79,"wave_fetch",3.92025764783223,"Semibalanus.balanoides_allData_allRun_GLM",0.0613897140537021
"1673",79,"wave_fetch",3.92025764783223,"Semibalanus.balanoides_PA1_RUN1_RF",0.234
"1674",79,"wave_fetch",3.92025764783223,"Semibalanus.balanoides_allData_allRun_GAM",0.237951116449081
"1675",80,"wave_fetch",3.9429735077752,"Semibalanus.balanoides_allData_allRun_GLM",0.0597736213584028
"1676",80,"wave_fetch",3.9429735077752,"Semibalanus.balanoides_PA1_RUN1_GLM",0.144162885549719
"1677",80,"wave_fetch",3.9429735077752,"Semibalanus.balanoides_PA1_allRun_MAXENT",0.0227346
"1678",80,"wave_fetch",3.9429735077752,"Semibalanus.balanoides_allData_allRun_GAM",0.231745874129127
"1679",80,"wave_fetch",3.9429735077752,"Semibalanus.balanoides_PA1_RUN1_RF",0.23
"1680",80,"wave_fetch",3.9429735077752,"Semibalanus.balanoides_PA1_RUN1_GAM",0.821963270361621
"1681",81,"wave_fetch",3.96568936771817,"Semibalanus.balanoides_allData_allRun_GLM",0.0582100021227835
"1682",81,"wave_fetch",3.96568936771817,"Semibalanus.balanoides_PA1_allRun_MAXENT",0.0209126
"1683",81,"wave_fetch",3.96568936771817,"Semibalanus.balanoides_allData_allRun_GAM",0.225654533745727
"1684",81,"wave_fetch",3.96568936771817,"Semibalanus.balanoides_PA1_RUN1_RF",0.236
"1685",81,"wave_fetch",3.96568936771817,"Semibalanus.balanoides_PA1_RUN1_GAM",0.816971589505069
"1686",81,"wave_fetch",3.96568936771817,"Semibalanus.balanoides_PA1_RUN1_GLM",0.144232124410021
"1687",82,"wave_fetch",3.98840522766113,"Semibalanus.balanoides_PA1_RUN1_GAM",0.811871987142854
"1688",82,"wave_fetch",3.98840522766113,"Semibalanus.balanoides_allData_allRun_GLM",0.0566970801671291
"1689",82,"wave_fetch",3.98840522766113,"Semibalanus.balanoides_PA1_allRun_MAXENT",0.0192352
"1690",82,"wave_fetch",3.98840522766113,"Semibalanus.balanoides_PA1_RUN1_GLM",0.144536373333857
"1691",82,"wave_fetch",3.98840522766113,"Semibalanus.balanoides_PA1_RUN1_RF",0.24
"1692",82,"wave_fetch",3.98840522766113,"Semibalanus.balanoides_allData_allRun_GAM",0.219677519651725
"1693",83,"wave_fetch",4.0111210876041,"Semibalanus.balanoides_allData_allRun_GLM",0.0552331370418539
"1694",83,"wave_fetch",4.0111210876041,"Semibalanus.balanoides_PA1_RUN1_GAM",0.806663922682168
"1695",83,"wave_fetch",4.0111210876041,"Semibalanus.balanoides_PA1_RUN1_GLM",0.145076867782516
"1696",83,"wave_fetch",4.0111210876041,"Semibalanus.balanoides_PA1_RUN1_RF",0.254
"1697",83,"wave_fetch",4.0111210876041,"Semibalanus.balanoides_allData_allRun_GAM",0.213815106681474
"1698",83,"wave_fetch",4.0111210876041,"Semibalanus.balanoides_PA1_allRun_MAXENT",0.0176911
"1699",84,"wave_fetch",4.03383694754706,"Semibalanus.balanoides_PA1_RUN1_GLM",0.145855801720333
"1700",84,"wave_fetch",4.03383694754706,"Semibalanus.balanoides_PA1_RUN1_RF",0.256
"1701",84,"wave_fetch",4.03383694754706,"Semibalanus.balanoides_PA1_allRun_MAXENT",0.01627
"1702",84,"wave_fetch",4.03383694754706,"Semibalanus.balanoides_allData_allRun_GLM",0.0538165106356631
"1703",84,"wave_fetch",4.03383694754706,"Semibalanus.balanoides_PA1_RUN1_GAM",0.801346958381687
"1704",84,"wave_fetch",4.03383694754706,"Semibalanus.balanoides_allData_allRun_GAM",0.208067425223941
"1705",85,"wave_fetch",4.05655280749003,"Semibalanus.balanoides_PA1_RUN1_GLM",0.146876335055307
"1706",85,"wave_fetch",4.05655280749003,"Semibalanus.balanoides_PA1_allRun_MAXENT",0.0149621
"1707",85,"wave_fetch",4.05655280749003,"Semibalanus.balanoides_PA1_RUN1_GAM",0.795920764556655
"1708",85,"wave_fetch",4.05655280749003,"Semibalanus.balanoides_allData_allRun_GAM",0.202434466506827
"1709",85,"wave_fetch",4.05655280749003,"Semibalanus.balanoides_PA1_RUN1_RF",0.212
"1710",85,"wave_fetch",4.05655280749003,"Semibalanus.balanoides_allData_allRun_GLM",0.0524455937664578
"1711",86,"wave_fetch",4.079268667433,"Semibalanus.balanoides_PA1_RUN1_GAM",0.790385124727349
"1712",86,"wave_fetch",4.079268667433,"Semibalanus.balanoides_PA1_RUN1_RF",0.194
"1713",86,"wave_fetch",4.079268667433,"Semibalanus.balanoides_PA1_RUN1_GLM",0.148142604135919
"1714",86,"wave_fetch",4.079268667433,"Semibalanus.balanoides_allData_allRun_GAM",0.196916088058283
"1715",86,"wave_fetch",4.079268667433,"Semibalanus.balanoides_PA1_allRun_MAXENT",0.0137587
"1716",86,"wave_fetch",4.079268667433,"Semibalanus.balanoides_allData_allRun_GLM",0.0511188327613774
"1717",87,"wave_fetch",4.10198452737596,"Semibalanus.balanoides_PA1_RUN1_GLM",0.149659735095464
"1718",87,"wave_fetch",4.10198452737596,"Semibalanus.balanoides_PA1_allRun_MAXENT",0.0126514
"1719",87,"wave_fetch",4.10198452737596,"Semibalanus.balanoides_allData_allRun_GLM",0.0498347260317197
"1720",87,"wave_fetch",4.10198452737596,"Semibalanus.balanoides_PA1_RUN1_RF",0.226
"1721",87,"wave_fetch",4.10198452737596,"Semibalanus.balanoides_PA1_RUN1_GAM",0.784739940686327
"1722",87,"wave_fetch",4.10198452737596,"Semibalanus.balanoides_allData_allRun_GAM",0.191512019313796
"1723",88,"wave_fetch",4.12470038731893,"Semibalanus.balanoides_PA1_RUN1_GAM",0.778985237458643
"1724",88,"wave_fetch",4.12470038731893,"Semibalanus.balanoides_PA1_RUN1_GLM",0.151433859757745
"1725",88,"wave_fetch",4.12470038731893,"Semibalanus.balanoides_allData_allRun_GAM",0.186221867337004
"1726",88,"wave_fetch",4.12470038731893,"Semibalanus.balanoides_PA1_RUN1_RF",0.22
"1727",88,"wave_fetch",4.12470038731893,"Semibalanus.balanoides_PA1_allRun_MAXENT",0.0116326
"1728",88,"wave_fetch",4.12470038731893,"Semibalanus.balanoides_allData_allRun_GLM",0.0485918226478622
"1729",89,"wave_fetch",4.1474162472619,"Semibalanus.balanoides_PA1_RUN1_GLM",0.153472133728991
"1730",89,"wave_fetch",4.1474162472619,"Semibalanus.balanoides_PA1_RUN1_GAM",0.773121168128204
"1731",89,"wave_fetch",4.1474162472619,"Semibalanus.balanoides_PA1_allRun_MAXENT",0.0106955
"1732",89,"wave_fetch",4.1474162472619,"Semibalanus.balanoides_allData_allRun_GLM",0.0473887209187491
"1733",89,"wave_fetch",4.1474162472619,"Semibalanus.balanoides_PA1_RUN1_RF",0.236
"1734",89,"wave_fetch",4.1474162472619,"Semibalanus.balanoides_allData_allRun_GAM",0.181045122624549
"1735",90,"wave_fetch",4.17013210720486,"Semibalanus.balanoides_PA1_RUN1_GLM",0.155782756197624
"1736",90,"wave_fetch",4.17013210720486,"Semibalanus.balanoides_PA1_allRun_MAXENT",0.00983353
"1737",90,"wave_fetch",4.17013210720486,"Semibalanus.balanoides_PA1_RUN1_RF",0.328
"1738",90,"wave_fetch",4.17013210720486,"Semibalanus.balanoides_PA1_RUN1_GAM",0.767148018502431
"1739",90,"wave_fetch",4.17013210720486,"Semibalanus.balanoides_allData_allRun_GAM",0.175981164966474
"1740",90,"wave_fetch",4.17013210720486,"Semibalanus.balanoides_allData_allRun_GLM",0.0462240669799888
"1741",91,"wave_fetch",4.19284796714783,"Semibalanus.balanoides_PA1_RUN1_GAM",0.761066211586634
"1742",91,"wave_fetch",4.19284796714783,"Semibalanus.balanoides_allData_allRun_GAM",0.171029269335255
"1743",91,"wave_fetch",4.19284796714783,"Semibalanus.balanoides_PA1_RUN1_RF",0.268
"1744",91,"wave_fetch",4.19284796714783,"Semibalanus.balanoides_PA1_RUN1_GLM",0.158374990842699
"1745",91,"wave_fetch",4.19284796714783,"Semibalanus.balanoides_PA1_allRun_MAXENT",0.00904067
"1746",91,"wave_fetch",4.19284796714783,"Semibalanus.balanoides_allData_allRun_GLM",0.0450965533941269
"1747",92,"wave_fetch",4.21556382709079,"Semibalanus.balanoides_PA1_RUN1_GLM",0.161259187110423
"1748",92,"wave_fetch",4.21556382709079,"Semibalanus.balanoides_allData_allRun_GLM",0.0440049177662252
"1749",92,"wave_fetch",4.21556382709079,"Semibalanus.balanoides_PA1_allRun_MAXENT",0.00831149
"1750",92,"wave_fetch",4.21556382709079,"Semibalanus.balanoides_PA1_RUN1_RF",0.25
"1751",92,"wave_fetch",4.21556382709079,"Semibalanus.balanoides_PA1_RUN1_GAM",0.754876311838794
"1752",92,"wave_fetch",4.21556382709079,"Semibalanus.balanoides_allData_allRun_GAM",0.166188611778116
"1753",93,"wave_fetch",4.23827968703376,"Semibalanus.balanoides_PA1_RUN1_GLM",0.164446800952836
"1754",93,"wave_fetch",4.23827968703376,"Semibalanus.balanoides_PA1_RUN1_GAM",0.748579029175005
"1755",93,"wave_fetch",4.23827968703376,"Semibalanus.balanoides_PA1_allRun_MAXENT",0.00764088
"1756",93,"wave_fetch",4.23827968703376,"Semibalanus.balanoides_allData_allRun_GAM",0.161458275288978
"1757",93,"wave_fetch",4.23827968703376,"Semibalanus.balanoides_PA1_RUN1_RF",0.25
"1758",93,"wave_fetch",4.23827968703376,"Semibalanus.balanoides_allData_allRun_GLM",0.0429479413774731
"1759",94,"wave_fetch",4.26099554697672,"Semibalanus.balanoides_PA1_RUN1_GAM",0.742175222695491
"1760",94,"wave_fetch",4.26099554697672,"Semibalanus.balanoides_PA1_RUN1_GLM",0.167950413930225
"1761",94,"wave_fetch",4.26099554697672,"Semibalanus.balanoides_PA1_RUN1_RF",0.25
"1762",94,"wave_fetch",4.26099554697672,"Semibalanus.balanoides_PA1_allRun_MAXENT",0.0070242
"1763",94,"wave_fetch",4.26099554697672,"Semibalanus.balanoides_allData_allRun_GLM",0.0419244478391926
"1764",94,"wave_fetch",4.26099554697672,"Semibalanus.balanoides_allData_allRun_GAM",0.156837255638069
"1765",95,"wave_fetch",4.28371140691969,"Semibalanus.balanoides_PA1_RUN1_GLM",0.171783749355968
"1766",95,"wave_fetch",4.28371140691969,"Semibalanus.balanoides_PA1_allRun_MAXENT",0.00645712
"1767",95,"wave_fetch",4.28371140691969,"Semibalanus.balanoides_PA1_RUN1_RF",0.25
"1768",95,"wave_fetch",4.28371140691969,"Semibalanus.balanoides_PA1_RUN1_GAM",0.735665904101064
"1769",95,"wave_fetch",4.28371140691969,"Semibalanus.balanoides_allData_allRun_GLM",0.0409333017692652
"1770",95,"wave_fetch",4.28371140691969,"Semibalanus.balanoides_allData_allRun_GAM",0.152324467138946
"1771",96,"wave_fetch",4.30642726686266,"Semibalanus.balanoides_PA1_RUN1_GAM",0.729052240769965
"1772",96,"wave_fetch",4.30642726686266,"Semibalanus.balanoides_allData_allRun_GAM",0.147918748334402
"1773",96,"wave_fetch",4.30642726686266,"Semibalanus.balanoides_PA1_RUN1_RF",0.25
"1774",96,"wave_fetch",4.30642726686266,"Semibalanus.balanoides_PA1_RUN1_GLM",0.17596168390662
"1775",96,"wave_fetch",4.30642726686266,"Semibalanus.balanoides_allData_allRun_GLM",0.0399734074927014
"1776",96,"wave_fetch",4.30642726686266,"Semibalanus.balanoides_PA1_allRun_MAXENT",0.00593568
"1777",97,"wave_fetch",4.32914312680562,"Semibalanus.balanoides_PA1_RUN1_GLM",0.180500252828755
"1778",97,"wave_fetch",4.32914312680562,"Semibalanus.balanoides_PA1_allRun_MAXENT",0.00545625
"1779",97,"wave_fetch",4.32914312680562,"Semibalanus.balanoides_PA1_RUN1_GAM",0.722335558465447
"1780",97,"wave_fetch",4.32914312680562,"Semibalanus.balanoides_PA1_RUN1_RF",0.25
"1781",97,"wave_fetch",4.32914312680562,"Semibalanus.balanoides_allData_allRun_GLM",0.0390437077678004
"1782",97,"wave_fetch",4.32914312680562,"Semibalanus.balanoides_allData_allRun_GAM",0.143618867584431
"1783",98,"wave_fetch",4.35185898674859,"Semibalanus.balanoides_PA1_RUN1_GLM",0.185416646546233
"1784",98,"wave_fetch",4.35185898674859,"Semibalanus.balanoides_PA1_RUN1_GAM",0.715517343645046
"1785",98,"wave_fetch",4.35185898674859,"Semibalanus.balanoides_PA1_RUN1_RF",0.25
"1786",98,"wave_fetch",4.35185898674859,"Semibalanus.balanoides_PA1_allRun_MAXENT",0.00501543
"1787",98,"wave_fetch",4.35185898674859,"Semibalanus.balanoides_allData_allRun_GAM",0.139423528541118
"1788",98,"wave_fetch",4.35185898674859,"Semibalanus.balanoides_allData_allRun_GLM",0.0381431825390956
"1789",99,"wave_fetch",4.37457484669156,"Semibalanus.balanoides_PA1_RUN1_GLM",0.190729196107464
"1790",99,"wave_fetch",4.37457484669156,"Semibalanus.balanoides_allData_allRun_GLM",0.0372708477180554
"1791",99,"wave_fetch",4.37457484669156,"Semibalanus.balanoides_allData_allRun_GAM",0.135331375496962
"1792",99,"wave_fetch",4.37457484669156,"Semibalanus.balanoides_PA1_allRun_MAXENT",0.00461015
"1793",99,"wave_fetch",4.37457484669156,"Semibalanus.balanoides_PA1_RUN1_GAM",0.708599245343374
"1794",99,"wave_fetch",4.37457484669156,"Semibalanus.balanoides_PA1_RUN1_RF",0.25
"1795",100,"wave_fetch",4.39729070663452,"Semibalanus.balanoides_PA1_RUN1_GLM",0.196457344513946
"1796",100,"wave_fetch",4.39729070663452,"Semibalanus.balanoides_allData_allRun_GAM",0.13134099859474
"1797",100,"wave_fetch",4.39729070663452,"Semibalanus.balanoides_PA1_allRun_MAXENT",0.00423754
"1798",100,"wave_fetch",4.39729070663452,"Semibalanus.balanoides_PA1_RUN1_GAM",0.701583076601387
"1799",100,"wave_fetch",4.39729070663452,"Semibalanus.balanoides_PA1_RUN1_RF",0.25
"1800",100,"wave_fetch",4.39729070663452,"Semibalanus.balanoides_allData_allRun_GLM",0.0364257539923058
